fips,year,quarter,quarter_num,period_index,total_ed_encounters,treat_and_release_ed,ed_encounters_requiring,ed_encounters_admitted_as,facility_count,component_gap,county_name,lat,lon,target_lag1,target_lag2,target_lag3,target_lag4,target_roll4,facility_count_lag1,acs_lag2_population,acs_lag2_median_income,acs_lag2_poverty_rate,acs_lag2_pct_under5,acs_lag2_pct_65plus,acs_source_year,acs_lag2_population_100k,weather_lag4_days_observed,weather_lag4_tavg_mean,weather_lag4_precip_total,weather_lag4_snowfall_total,weather_lag4_hot_days,weather_lag4_freeze_days,weather_lag4_wet_days,weather_source_year,is_covid,post_covid,quarter_Q2,quarter_Q3,quarter_Q4,is_nyc,is_downstate_non_nyc,region,facility_ed_encounters_per_100k_proxy
36001,2018,Q1,1,8073,42951.0,32334.0,287.0,10330.0,5,0.0,Albany County,42.58824,-73.97401,,,,,,,307891.0,60904.0,12.923933362091985,5.02483021588809,15.213500881805576,2016,3.07891,90,30.038888888888888,10.628,38.911,0,77,47,2017,0,0,0,0,0,0,0,upstate,13950.066744399803
36003,2018,Q1,1,8073,5290.0,2529.0,14.0,350.0,2,2397.0,Allegany County,42.247853,-78.026153,,,,,,,47700.0,44085.0,17.07094143289039,5.140461215932914,16.79245283018868,2016,0.477,90,30.049444444444443,11.423,27.01,0,71,60,2017,0,0,0,0,0,0,0,upstate,11090.146750524109
36005,2018,Q1,1,8073,210214.0,74434.0,704.0,12646.0,10,122430.0,Bronx County,40.848711,-73.852939,,,,,,,1436785.0,35302.0,30.529351975308995,7.47878075007743,11.26981420323848,2016,14.36785,90,36.72,10.788,27.645,0,52,41,2017,0,0,0,0,0,1,0,nyc,14630.859871170704
36007,2018,Q1,1,8073,23818.0,15775.0,113.0,3563.0,3,4367.0,Broome County,42.161977,-75.830283,,,,,,,197381.0,47744.0,17.424558030230198,5.182363044061992,17.586292500291314,2016,1.97381,90,30.095000000000002,12.255,40.074,0,71,57,2017,0,0,0,0,0,0,0,upstate,12067.017595411919
36009,2018,Q1,1,8073,8308.0,7137.0,55.0,1116.0,1,0.0,Cattaraugus County,42.239099,-78.662332,,,,,,,78506.0,43884.0,17.46267870777494,5.868341273278475,17.07130665172089,2016,0.78506,90,29.862222222222222,13.859,34.53,0,73,69,2017,0,0,0,0,0,0,0,upstate,10582.63062695845
36011,2018,Q1,1,8073,6118.0,5359.0,51.0,708.0,1,0.0,Cayuga County,43.008546,-76.574587,,,,,,,78783.0,53114.0,11.38972323535722,5.128009849840702,16.864044273510785,2016,0.78783,90,32.38111111111111,12.18,33.101,0,69,63,2017,0,0,0,0,0,0,0,upstate,7765.634718149855
36013,2018,Q1,1,8073,10725.0,7561.0,49.0,1380.0,5,1735.0,Chautauqua County,42.304216,-79.407595,,,,,,,131748.0,43211.0,19.39811025374095,5.364787321249658,18.046573762030544,2016,1.31748,90,32.218888888888884,14.76,39.247,0,65,69,2017,0,0,0,0,0,0,0,upstate,8140.541032880955
36015,2018,Q1,1,8073,9699.0,7819.0,57.0,1823.0,2,0.0,Chemung County,42.148697,-76.752471,,,,,,,87742.0,49578.0,15.936105636102008,5.891135374165167,16.79013471313624,2016,0.87742,90,31.3,11.384,29.102,0,69,51,2017,0,0,0,0,0,0,0,upstate,11053.99922500057
36017,2018,Q1,1,8073,4312.0,,,,1,,Chenango County,42.478024,-75.602241,,,,,,,49286.0,46979.0,15.38715127539457,5.242868157286044,18.836992249320296,2016,0.49286,90,28.031666666666666,13.666,44.786,0,78,59,2017,0,0,0,0,0,0,0,upstate,8748.934788783832
36019,2018,Q1,1,8073,10914.0,9282.0,87.0,1545.0,1,0.0,Clinton County,44.752712,-73.705643,,,,,,,81505.0,50502.0,16.136929291280754,4.796024783755598,15.122998589043618,2016,0.81505,90,22.36277777777778,10.82,57.105000000000004,0,82,62,2017,0,0,0,0,0,0,0,upstate,13390.589534384393
36021,2018,Q1,1,8073,6349.0,5301.0,50.0,998.0,1,0.0,Columbia County,42.247696,-73.626718,,,,,,,61860.0,59916.0,12.699340402438006,4.321047526673133,20.68703524086647,2016,0.6186,90,31.598333333333333,12.159,33.404,0,70,44,2017,0,0,0,0,0,0,0,upstate,10263.49822179114
36023,2018,Q1,1,8073,7444.0,6637.0,20.0,787.0,1,0.0,Cortland County,42.594039,-76.07624,,,,,,,48713.0,50910.0,13.751937984496124,4.834438445589473,15.178699731077947,2016,0.48713,90,28.304444444444446,13.279,45.801,0,76,65,2017,0,0,0,0,0,0,0,upstate,15281.34173629216
36025,2018,Q1,1,8073,5796.0,5748.0,0.0,48.0,4,0.0,Delaware County,42.193986,-74.966728,,,,,,,46480.0,46055.0,15.852524106636414,4.39328743545611,22.018072289156628,2016,0.4648,90,27.514444444444447,12.290000000000001,43.487,0,79,56,2017,0,0,0,0,0,0,0,upstate,12469.87951807229
36027,2018,Q1,1,8073,30906.0,24795.0,321.0,5790.0,3,0.0,Dutchess County,41.754825,-73.740014,,,,,,,295905.0,72706.0,9.153345937893892,4.709957587739308,15.468140112536119,2016,2.95905,90,32.718888888888884,10.946,33.073,0,69,42,2017,0,0,0,0,0,0,0,upstate,10444.5683580879
36029,2018,Q1,1,8073,100092.0,78535.0,613.0,18396.0,10,2548.0,Erie County,42.752759,-78.778192,,,,,,,922129.0,52744.0,14.740195022539087,5.380592086356681,16.53716562433239,2016,9.22129,90,33.28777777777778,11.855,25.77,0,60,66,2017,0,0,0,0,0,0,0,upstate,10854.446612133443
36031,2018,Q1,1,8073,4186.0,2545.0,0.0,0.0,3,1641.0,Essex County,44.109601,-73.778431,,,,,,,38598.0,53244.0,10.072540007752368,4.0623866521581435,21.083993989325872,2016,0.38598,90,18.997222222222224,13.45,73.416,0,88,64,2017,0,0,0,0,0,0,0,upstate,10845.121508886472
36033,2018,Q1,1,8073,6092.0,5422.0,48.0,622.0,2,0.0,Franklin County,44.594376,-74.31067,,,,,,,51007.0,49782.0,19.230429404488426,5.00127433489521,14.929323426196403,2016,0.51007,90,22.221111111111114,13.175,61.351,0,82,67,2017,0,0,0,0,0,0,0,upstate,11943.458740957123
36035,2018,Q1,1,8073,5648.0,5187.0,29.0,432.0,1,0.0,Fulton County,43.115609,-74.423678,,,,,,,54297.0,46090.0,16.70027705007633,5.022376926902039,17.88680774260088,2016,0.54297,90,25.704444444444444,14.448,58.837,0,80,53,2017,0,0,0,0,0,0,0,upstate,10402.047995285191
36037,2018,Q1,1,8073,5645.0,4847.0,27.0,771.0,1,0.0,Genesee County,43.00091,-78.192778,,,,,,,59053.0,52641.0,12.453375045120923,5.124210455014986,17.394543884307318,2016,0.59053,90,31.975,11.118,26.513,0,67,60,2017,0,0,0,0,0,0,0,upstate,9559.20952364825
36045,2018,Q1,1,8073,10860.0,9387.0,64.0,1409.0,3,0.0,Jefferson County,43.996389,-76.052968,,,,,,,117966.0,49911.0,14.578039560755299,8.172693827034909,12.172151297831578,2016,1.17966,90,30.015,11.456,33.125,0,68,53,2017,0,0,0,0,0,0,0,upstate,9206.042419002084
36047,2018,Q1,1,8073,252787.0,147486.0,1584.0,24956.0,15,78761.0,Kings County,40.635045,-73.95064,,,,,,,2606852.0,50640.0,22.730730154455898,7.436210417775922,12.18231798352956,2016,26.06852,90,37.62111111111111,9.69,25.108,0,48,38,2017,0,0,0,0,0,1,0,nyc,9697.021541690898
36049,2018,Q1,1,8073,2633.0,2394.0,28.0,211.0,1,0.0,Lewis County,43.782706,-75.444132,,,,,,,27107.0,49976.0,14.015024105841462,6.0353414247242405,16.60825616999299,2016,0.27107,90,27.98611111111111,12.468,50.493,0,71,61,2017,0,0,0,0,0,0,0,upstate,9713.358173165603
36051,2018,Q1,1,8073,3629.0,3208.0,23.0,398.0,1,0.0,Livingston County,42.729042,-77.778463,,,,,,,64622.0,52724.0,14.893508001844607,4.572746123611155,15.763981306675745,2016,0.64622,90,32.818888888888885,10.472,22.515,0,66,62,2017,0,0,0,0,0,0,0,upstate,5615.734579554951
36053,2018,Q1,1,8073,8126.0,5255.0,44.0,388.0,2,2439.0,Madison County,42.910026,-75.663575,,,,,,,72089.0,55858.0,11.858629350556154,4.680325708499216,15.903952059260082,2016,0.72089,90,27.97888888888889,14.385,54.291,0,76,67,2017,0,0,0,0,0,0,0,upstate,11272.17744732206
36055,2018,Q1,1,8073,85841.0,68278.0,606.0,16957.0,6,0.0,Monroe County,43.250347,-77.700518,,,,,,,749236.0,53568.0,14.856064806003989,5.632137270499548,15.491914430166196,2016,7.49236,90,33.471111111111114,10.458,23.485,0,64,59,2017,0,0,0,0,0,0,0,upstate,11457.137670907432
36057,2018,Q1,1,8073,13057.0,6517.0,31.0,948.0,2,5561.0,Montgomery County,42.900891,-74.435357,,,,,,,49667.0,44455.0,20.60663429088814,6.048281555157348,17.663639841343347,2016,0.49667,90,29.032777777777774,11.926,41.29,0,79,50,2017,0,0,0,0,0,0,0,upstate,26289.085308152295
36059,2018,Q1,1,8073,118200.0,67571.0,1176.0,24903.0,12,24550.0,Nassau County,40.729612,-73.589414,,,,,,,1356801.0,102044.0,6.00466868562513,5.443539620032709,16.408375288638496,2016,13.56801,90,36.53,9.399,26.402,0,51,42,2017,0,0,0,0,0,0,1,downstate_non_nyc,8711.668107555935
36061,2018,Q1,1,8073,296075.0,199726.0,1323.0,32582.0,17,62444.0,New York County,40.776642,-73.970187,,,,,,,1634989.0,75513.0,17.623616970493902,5.016792161904453,14.383705333797353,2016,16.34989,90,36.992222222222225,10.52,26.101,0,54,42,2017,0,0,0,0,0,1,0,nyc,18108.684523259788
36063,2018,Q1,1,8073,16945.0,14468.0,83.0,2394.0,5,0.0,Niagara County,43.272672,-78.812943,,,,,,,213374.0,50094.0,13.619868017686777,5.180106292238042,17.268739396552533,2016,2.13374,90,33.83722222222222,9.091000000000001,18.853,0,62,54,2017,0,0,0,0,0,0,0,upstate,7941.454910157751
36065,2018,Q1,1,8073,26615.0,21981.0,123.0,4511.0,3,0.0,Oneida County,43.242727,-75.434282,,,,,,,232858.0,49838.0,16.67338938113259,5.712494309836896,17.416193560023704,2016,2.32858,90,28.459444444444443,15.01,40.984,0,75,58,2017,0,0,0,0,0,0,0,upstate,11429.71252866554
36067,2018,Q1,1,8073,51460.0,39927.0,415.0,11118.0,5,0.0,Onondaga County,43.006516,-76.196134,,,,,,,468050.0,55717.0,15.1862559768709,5.736139301356693,15.333831855570986,2016,4.6805,90,31.095555555555556,13.311,40.018,0,71,67,2017,0,0,0,0,0,0,0,upstate,10994.551864117082
36069,2018,Q1,1,8073,13982.0,10134.0,97.0,1538.0,3,2213.0,Ontario County,42.856357,-77.303497,,,,,,,109450.0,58070.0,10.285207346307027,5.060758337140247,17.803563270899954,2016,1.0945,90,31.914444444444445,10.253,28.166,0,69,59,2017,0,0,0,0,0,0,0,upstate,12774.783005938783
36071,2018,Q1,1,8073,38402.0,30867.0,345.0,7190.0,4,0.0,Orange County,41.40241,-74.306252,,,,,,,376242.0,71910.0,12.647787687907336,6.568910435304937,12.540067297111964,2016,3.76242,90,33.85166666666667,10.873,32.575,0,68,43,2017,0,0,0,0,0,0,0,upstate,10206.728648050988
36073,2018,Q1,1,8073,1797.0,,,,1,,Orleans County,43.339906,-78.207028,,,,,,,41938.0,48731.0,15.57806943485046,4.928704277743336,16.216796222995853,2016,0.41938,90,33.38833333333333,9.984,23.507,0,62,58,2017,0,0,0,0,0,0,0,upstate,4284.896752348705
36075,2018,Q1,1,8073,6792.0,5969.0,24.0,799.0,2,0.0,Oswego County,43.461443,-76.209262,,,,,,,120513.0,49571.0,18.305008284968206,5.512268385983255,14.266510666899007,2016,1.20513,90,30.530000000000005,13.116,42.828,0,68,61,2017,0,0,0,0,0,0,0,upstate,5635.906499713724
36077,2018,Q1,1,8073,10648.0,9000.0,96.0,1552.0,2,0.0,Otsego County,42.629776,-75.028841,,,,,,,60979.0,49689.0,16.318703965878747,4.196526673116974,18.534249495728037,2016,0.60979,90,27.716111111111108,13.257,44.621,0,78,57,2017,0,0,0,0,0,0,0,upstate,17461.749126748553
36079,2018,Q1,1,8073,6750.0,5528.0,57.0,1165.0,1,0.0,Putnam County,41.427907,-73.743861,,,,,,,99408.0,97606.0,5.159810368557884,4.527804603251248,14.855947207468212,2016,0.99408,90,32.89388888888889,10.297,32.245,0,70,40,2017,0,0,0,0,0,0,0,upstate,6790.197971994206
36081,2018,Q1,1,8073,180453.0,116527.0,230.0,21656.0,10,42040.0,Queens County,40.654658,-73.841209,,,,,,,2310011.0,59758.0,14.626609960569537,6.2611823060582825,13.673224932695124,2016,23.10011,90,37.42111111111111,9.51,24.806,0,49,40,2017,0,0,0,0,0,1,0,nyc,7811.780982861121
36083,2018,Q1,1,8073,11272.0,9366.0,76.0,1830.0,2,0.0,Rensselaer County,42.710421,-73.513845,,,,,,,159959.0,61754.0,12.36653303753292,5.3757525365875,15.103245206584187,2016,1.59959,90,28.385555555555552,12.036,43.213,0,75,49,2017,0,0,0,0,0,0,0,upstate,7046.805743971893
36085,2018,Q1,1,8073,41458.0,14363.0,118.0,2260.0,3,24717.0,Richmond County,40.561263,-74.1399,,,,,,,473324.0,74021.0,12.940950100483176,5.793071976067134,14.536976785457743,2016,4.73324,90,37.846666666666664,11.551,24.913,0,46,40,2017,0,0,0,0,0,1,0,nyc,8758.905105171087
36087,2018,Q1,1,8073,23386.0,18998.0,182.0,4206.0,2,0.0,Rockland County,41.154628,-74.024662,,,,,,,322642.0,86134.0,14.509538713178049,7.482906751135935,14.865392602327038,2016,3.22642,90,35.075,10.805,29.849999999999998,0,56,44,2017,0,0,0,0,0,0,1,downstate_non_nyc,7248.281376882117
36089,2018,Q1,1,8073,14774.0,12524.0,104.0,1752.0,5,394.0,St. Lawrence County,44.488112,-75.074311,,,,,,,111529.0,46313.0,19.202050148233756,5.368110536273077,15.383442871360812,2016,1.11529,90,26.441666666666666,12.559,41.727,0,77,61,2017,0,0,0,0,0,0,0,upstate,13246.7788646899
36091,2018,Q1,1,8073,9153.0,7176.0,107.0,1870.0,1,0.0,Saratoga County,43.106135,-73.855387,,,,,,,224929.0,74080.0,6.43326277428508,5.2145343641771404,15.785425623196653,2016,2.24929,90,28.863888888888887,11.77,48.563,0,75,50,2017,0,0,0,0,0,0,0,upstate,4069.2840852002187
36093,2018,Q1,1,8073,16522.0,13675.0,46.0,2785.0,2,16.0,Schenectady County,42.817552,-74.043559,,,,,,,154845.0,59959.0,11.964956692887295,5.910426555587846,15.724757015079597,2016,1.54845,90,30.095555555555556,11.693999999999999,40.376,0,77,49,2017,0,0,0,0,0,0,0,upstate,10670.024863573251
36097,2018,Q1,1,8073,1705.0,1685.0,0.0,20.0,1,0.0,Schuyler County,42.419776,-76.938603,,,,,,,18336.0,47229.0,14.629101682598245,4.657504363001745,19.360820244328096,2016,0.18336,90,31.138333333333332,10.408,29.739,0,72,57,2017,0,0,0,0,0,0,0,upstate,9298.647469458987
36101,2018,Q1,1,8073,12173.0,6110.0,67.0,903.0,3,5093.0,Steuben County,42.266725,-77.385525,,,,,,,98151.0,48823.0,15.081009406207269,5.656590355676458,17.463907652494626,2016,0.98151,90,30.794444444444444,10.69,25.633,0,73,54,2017,0,0,0,0,0,0,0,upstate,12402.318876017565
36103,2018,Q1,1,8073,129416.0,84795.0,944.0,25528.0,11,18149.0,Suffolk County,40.943554,-72.692218,,,,,,,1498130.0,90128.0,7.254433420024059,5.402735410144647,15.249143932769519,2016,14.9813,90,37.04777777777778,9.213000000000001,30.261000000000003,0,49,38,2017,0,0,0,0,0,0,1,downstate_non_nyc,8638.502666657767
36105,2018,Q1,1,8073,6934.0,5306.0,27.0,793.0,2,808.0,Sullivan County,41.719993,-74.771577,,,,,,,75818.0,52027.0,17.11280546337182,5.71236381861827,16.7387691577198,2016,0.75818,90,30.32611111111111,10.802,35.333999999999996,0,75,47,2017,0,0,0,0,0,0,0,upstate,9145.585481020338
36109,2018,Q1,1,8073,6700.0,5671.0,48.0,981.0,1,0.0,Tompkins County,42.453006,-76.473483,,,,,,,104268.0,54133.0,20.07083955946649,4.230444623470288,12.176314880883876,2016,1.04268,90,31.572222222222223,12.508000000000001,35.166000000000004,0,70,61,2017,0,0,0,0,0,0,0,upstate,6425.74903134231
36111,2018,Q1,1,8073,12537.0,11022.0,62.0,1453.0,2,0.0,Ulster County,41.947212,-74.265458,,,,,,,180505.0,60393.0,13.018375135366778,4.522312401318523,17.37070995263289,2016,1.80505,90,32.07222222222222,11.666,42.552,0,70,46,2017,0,0,0,0,0,0,0,upstate,6945.513974682142
36113,2018,Q1,1,8073,10829.0,8245.0,122.0,2462.0,1,0.0,Warren County,43.555105,-73.838139,,,,,,,64911.0,57174.0,11.06145600575027,4.557008827471461,19.763984532667806,2016,0.64911,90,26.965,9.468,44.648,0,79,37,2017,0,0,0,0,0,0,0,upstate,16682.842661490347
36117,2018,Q1,1,8073,6384.0,5272.0,33.0,1079.0,1,0.0,Wayne County,43.218114,-77.049402,,,,,,,91874.0,51627.0,11.899812009288953,5.503189150358099,16.496506084419966,2016,0.91874,90,32.492222222222225,10.779,29.931,0,67,60,2017,0,0,0,0,0,0,0,upstate,6948.6470601040555
36119,2018,Q1,1,8073,82557.0,56761.0,420.0,14335.0,13,11041.0,Westchester County,41.152686,-73.745753,,,,,,,969229.0,86226.0,9.791088206496799,5.707732641099265,15.646869831587788,2016,9.69229,90,34.784444444444446,10.206,29.158,0,59,42,2017,0,0,0,0,0,0,1,downstate_non_nyc,8517.8012626531
36121,2018,Q1,1,8073,3243.0,2860.0,18.0,365.0,1,0.0,Wyoming County,42.701365,-78.228576,,,,,,,41239.0,53612.0,11.533729203445139,4.934649239797279,15.512015325298867,2016,0.41239,90,29.53833333333333,11.311,33.676,0,77,68,2017,0,0,0,0,0,0,0,upstate,7863.915225878416
36123,2018,Q1,1,8073,1962.0,1805.0,0.0,157.0,1,0.0,Yates County,42.638237,-77.104324,,,,,,,25106.0,50105.0,13.900406248691208,5.994582968214769,18.230701824265118,2016,0.25106,90,31.55388888888889,10.427,27.756,0,70,57,2017,0,0,0,0,0,0,0,upstate,7814.8649725165305
36001,2018,Q2,2,8074,41928.0,31370.0,357.0,10201.0,5,0.0,Albany County,42.58824,-73.97401,42951.0,,,,,5.0,307891.0,60904.0,12.923933362091985,5.02483021588809,15.213500881805576,2016,3.07891,91,56.417582417582416,13.399000000000001,1.8739999999999999,0,3,53,2017,0,0,1,0,0,0,0,upstate,13617.806301580753
36003,2018,Q2,2,8074,5125.0,2613.0,21.0,309.0,2,2182.0,Allegany County,42.247853,-78.026153,5290.0,,,,,2.0,47700.0,44085.0,17.07094143289039,5.140461215932914,16.79245283018868,2016,0.477,91,55.3587912087912,14.943999999999999,2.233,0,10,59,2017,0,0,1,0,0,0,0,upstate,10744.234800838574
36005,2018,Q2,2,8074,201587.0,74119.0,677.0,12849.0,10,113942.0,Bronx County,40.848711,-73.852939,210214.0,,,,,10.0,1436785.0,35302.0,30.529351975308995,7.47878075007743,11.26981420323848,2016,14.36785,91,60.51703296703297,12.169,0.0,2,0,52,2017,0,0,1,0,0,1,0,nyc,14030.422088203873
36007,2018,Q2,2,8074,24006.0,15725.0,191.0,3647.0,3,4443.0,Broome County,42.161977,-75.830283,23818.0,,,,,3.0,197381.0,47744.0,17.424558030230198,5.182363044061992,17.586292500291314,2016,1.97381,91,56.169230769230765,15.134,1.46,0,10,56,2017,0,0,1,0,0,0,0,upstate,12162.264858319697
36009,2018,Q2,2,8074,7998.0,6957.0,60.0,981.0,1,0.0,Cattaraugus County,42.239099,-78.662332,8308.0,,,,,1.0,78506.0,43884.0,17.46267870777494,5.868341273278475,17.07130665172089,2016,0.78506,91,54.99340659340659,18.733999999999998,4.712,0,8,55,2017,0,0,1,0,0,0,0,upstate,10187.756349833135
36011,2018,Q2,2,8074,6700.0,5720.0,72.0,908.0,1,0.0,Cayuga County,43.008546,-76.574587,6118.0,,,,,1.0,78783.0,53114.0,11.38972323535722,5.128009849840702,16.864044273510785,2016,0.78783,91,58.00879120879121,17.084,1.9020000000000001,0,2,62,2017,0,0,1,0,0,0,0,upstate,8504.372770775422
36013,2018,Q2,2,8074,10634.0,7507.0,63.0,1280.0,5,1784.0,Chautauqua County,42.304216,-79.407595,10725.0,,,,,5.0,131748.0,43211.0,19.39811025374095,5.364787321249658,18.046573762030544,2016,1.31748,91,57.06703296703297,15.523,7.054999999999999,0,2,59,2017,0,0,1,0,0,0,0,upstate,8071.469775632268
36015,2018,Q2,2,8074,9895.0,8253.0,44.0,1598.0,2,0.0,Chemung County,42.148697,-76.752471,9699.0,,,,,2.0,87742.0,49578.0,15.936105636102008,5.891135374165167,16.79013471313624,2016,0.87742,91,56.95714285714286,13.571,2.0119999999999996,0,4,51,2017,0,0,1,0,0,0,0,upstate,11277.381413690136
36017,2018,Q2,2,8074,4271.0,,,,1,,Chenango County,42.478024,-75.602241,4312.0,,,,,1.0,49286.0,46979.0,15.38715127539457,5.242868157286044,18.836992249320296,2016,0.49286,91,54.72582417582418,16.216,1.984,0,12,59,2017,0,0,1,0,0,0,0,upstate,8665.746865235564
36019,2018,Q2,2,8074,10736.0,9148.0,124.0,1464.0,1,0.0,Clinton County,44.752712,-73.705643,10914.0,,,,,1.0,81505.0,50502.0,16.136929291280754,4.796024783755598,15.122998589043618,2016,0.81505,91,50.98626373626374,15.699,6.752000000000001,0,17,67,2017,0,0,1,0,0,0,0,upstate,13172.198024661064
36021,2018,Q2,2,8074,6557.0,5496.0,53.0,1008.0,1,0.0,Columbia County,42.247696,-73.626718,6349.0,,,,,1.0,61860.0,59916.0,12.699340402438006,4.321047526673133,20.68703524086647,2016,0.6186,91,57.856043956043955,13.422,0.772,0,4,48,2017,0,0,1,0,0,0,0,upstate,10599.741351438732
36023,2018,Q2,2,8074,7305.0,6536.0,59.0,710.0,1,0.0,Cortland County,42.594039,-76.07624,7444.0,,,,,1.0,48713.0,50910.0,13.751937984496124,4.834438445589473,15.178699731077947,2016,0.48713,91,55.00164835164835,16.079,3.4730000000000003,0,11,61,2017,0,0,1,0,0,0,0,upstate,14995.996961796645
36025,2018,Q2,2,8074,6203.0,6148.0,0.0,55.0,4,0.0,Delaware County,42.193986,-74.966728,5796.0,,,,,4.0,46480.0,46055.0,15.852524106636414,4.39328743545611,22.018072289156628,2016,0.4648,91,53.51703296703297,16.169,1.6809999999999998,0,12,64,2017,0,0,1,0,0,0,0,upstate,13345.52495697074
36027,2018,Q2,2,8074,31029.0,25369.0,340.0,5320.0,3,0.0,Dutchess County,41.754825,-73.740014,30906.0,,,,,3.0,295905.0,72706.0,9.153345937893892,4.709957587739308,15.468140112536119,2016,2.95905,91,57.860989010989016,12.068,0.46900000000000003,0,2,55,2017,0,0,1,0,0,0,0,upstate,10486.135753028844
36029,2018,Q2,2,8074,97420.0,76106.0,703.0,18084.0,10,2527.0,Erie County,42.752759,-78.778192,100092.0,,,,,10.0,922129.0,52744.0,14.740195022539087,5.380592086356681,16.53716562433239,2016,9.22129,91,57.68681318681319,16.062,4.602,0,1,54,2017,0,0,1,0,0,0,0,upstate,10564.682381749191
36031,2018,Q2,2,8074,3940.0,2216.0,0.0,0.0,3,1724.0,Essex County,44.109601,-73.778431,4186.0,,,,,3.0,38598.0,53244.0,10.072540007752368,4.0623866521581435,21.083993989325872,2016,0.38598,91,47.66428571428571,15.67,10.059,0,21,67,2017,0,0,1,0,0,0,0,upstate,10207.782786672886
36033,2018,Q2,2,8074,6181.0,5581.0,49.0,551.0,2,0.0,Franklin County,44.594376,-74.31067,6092.0,,,,,2.0,51007.0,49782.0,19.230429404488426,5.00127433489521,14.929323426196403,2016,0.51007,91,51.066483516483515,17.714,8.545,0,16,67,2017,0,0,1,0,0,0,0,upstate,12117.944595839786
36035,2018,Q2,2,8074,5573.0,5175.0,30.0,368.0,1,0.0,Fulton County,43.115609,-74.423678,5648.0,,,,,1.0,54297.0,46090.0,16.70027705007633,5.022376926902039,17.88680774260088,2016,0.54297,91,53.31153846153847,19.549,2.811,0,9,56,2017,0,0,1,0,0,0,0,upstate,10263.918816877544
36037,2018,Q2,2,8074,5311.0,4589.0,24.0,698.0,1,0.0,Genesee County,43.00091,-78.192778,5645.0,,,,,1.0,59053.0,52641.0,12.453375045120923,5.124210455014986,17.394543884307318,2016,0.59053,91,57.3989010989011,15.307,6.119,0,2,55,2017,0,0,1,0,0,0,0,upstate,8993.615904357102
36045,2018,Q2,2,8074,10844.0,9293.0,80.0,1471.0,3,0.0,Jefferson County,43.996389,-76.052968,10860.0,,,,,3.0,117966.0,49911.0,14.578039560755299,8.172693827034909,12.172151297831578,2016,1.17966,91,55.425274725274726,19.722,0.883,0,3,56,2017,0,0,1,0,0,0,0,upstate,9192.47918891884
36047,2018,Q2,2,8074,246556.0,145573.0,1402.0,23654.0,15,75927.0,Kings County,40.635045,-73.95064,252787.0,,,,,15.0,2606852.0,50640.0,22.730730154455898,7.436210417775922,12.18231798352956,2016,26.06852,91,60.722527472527474,11.802999999999999,0.0,1,0,49,2017,0,0,1,0,0,1,0,nyc,9457.997615514805
36049,2018,Q2,2,8074,2641.0,2451.0,21.0,169.0,1,0.0,Lewis County,43.782706,-75.444132,2633.0,,,,,1.0,27107.0,49976.0,14.015024105841462,6.0353414247242405,16.60825616999299,2016,0.27107,91,55.392857142857146,15.817,3.472,0,7,59,2017,0,0,1,0,0,0,0,upstate,9742.870845169145
36051,2018,Q2,2,8074,3635.0,3212.0,37.0,386.0,1,0.0,Livingston County,42.729042,-77.778463,3629.0,,,,,1.0,64622.0,52724.0,14.893508001844607,4.572746123611155,15.763981306675745,2016,0.64622,91,58.106043956043955,15.149000000000001,3.527,0,3,58,2017,0,0,1,0,0,0,0,upstate,5625.019343257713
36053,2018,Q2,2,8074,8140.0,5287.0,34.0,390.0,2,2429.0,Madison County,42.910026,-75.663575,8126.0,,,,,2.0,72089.0,55858.0,11.858629350556154,4.680325708499216,15.903952059260082,2016,0.72089,91,54.75659340659341,16.686,4.244,0,8,60,2017,0,0,1,0,0,0,0,upstate,11291.59788594654
36055,2018,Q2,2,8074,86228.0,68660.0,656.0,16912.0,6,0.0,Monroe County,43.250347,-77.700518,85841.0,,,,,6.0,749236.0,53568.0,14.856064806003989,5.632137270499548,15.491914430166196,2016,7.49236,91,56.990659340659334,14.295,4.272,0,0,53,2017,0,0,1,0,0,0,0,upstate,11508.790287706412
36057,2018,Q2,2,8074,12616.0,6447.0,30.0,1060.0,2,5079.0,Montgomery County,42.900891,-74.435357,13057.0,,,,,2.0,49667.0,44455.0,20.60663429088814,6.048281555157348,17.663639841343347,2016,0.49667,91,55.83351648351649,16.879,1.351,0,6,51,2017,0,0,1,0,0,0,0,upstate,25401.171804216076
36059,2018,Q2,2,8074,116844.0,65785.0,1212.0,24984.0,12,24863.0,Nassau County,40.729612,-73.589414,118200.0,,,,,12.0,1356801.0,102044.0,6.00466868562513,5.443539620032709,16.408375288638496,2016,13.56801,91,60.21868131868131,11.273,0.0,1,0,48,2017,0,0,1,0,0,0,1,downstate_non_nyc,8611.727143479404
36061,2018,Q2,2,8074,281987.0,192518.0,1848.0,27898.0,17,59723.0,New York County,40.776642,-73.970187,296075.0,,,,,17.0,1634989.0,75513.0,17.623616970493902,5.016792161904453,14.383705333797353,2016,16.34989,91,61.04560439560439,11.105,0.0,2,0,49,2017,0,0,1,0,0,1,0,nyc,17247.0273500311
36063,2018,Q2,2,8074,16507.0,14025.0,115.0,2367.0,5,0.0,Niagara County,43.272672,-78.812943,16945.0,,,,,5.0,213374.0,50094.0,13.619868017686777,5.180106292238042,17.268739396552533,2016,2.13374,91,57.755494505494504,14.289,3.5280000000000005,0,0,52,2017,0,0,1,0,0,0,0,upstate,7736.181540393862
36065,2018,Q2,2,8074,26723.0,22032.0,116.0,4575.0,3,0.0,Oneida County,43.242727,-75.434282,26615.0,,,,,3.0,232858.0,49838.0,16.67338938113259,5.712494309836896,17.416193560023704,2016,2.32858,91,55.83956043956044,23.364,1.626,0,6,58,2017,0,0,1,0,0,0,0,upstate,11476.092726039045
36067,2018,Q2,2,8074,53852.0,42073.0,514.0,11265.0,5,0.0,Onondaga County,43.006516,-76.196134,51460.0,,,,,5.0,468050.0,55717.0,15.1862559768709,5.736139301356693,15.333831855570986,2016,4.6805,91,57.18571428571428,18.076,2.783,0,4,62,2017,0,0,1,0,0,0,0,upstate,11505.608375173593
36069,2018,Q2,2,8074,14208.0,10380.0,103.0,1498.0,3,2227.0,Ontario County,42.856357,-77.303497,13982.0,,,,,3.0,109450.0,58070.0,10.285207346307027,5.060758337140247,17.803563270899954,2016,1.0945,91,57.410989010989006,14.697,4.85,0,1,57,2017,0,0,1,0,0,0,0,upstate,12981.269986295112
36071,2018,Q2,2,8074,37984.0,30420.0,306.0,7258.0,4,0.0,Orange County,41.40241,-74.306252,38402.0,,,,,4.0,376242.0,71910.0,12.647787687907336,6.568910435304937,12.540067297111964,2016,3.76242,91,58.940109890109895,12.82,0.138,0,0,50,2017,0,0,1,0,0,0,0,upstate,10095.62994030438
36073,2018,Q2,2,8074,1860.0,,,,1,,Orleans County,43.339906,-78.207028,1797.0,,,,,1.0,41938.0,48731.0,15.57806943485046,4.928704277743336,16.216796222995853,2016,0.41938,91,56.973076923076924,14.824,3.72,0,0,55,2017,0,0,1,0,0,0,0,upstate,4435.118508274119
36075,2018,Q2,2,8074,6799.0,5929.0,33.0,837.0,2,0.0,Oswego County,43.461443,-76.209262,6792.0,,,,,2.0,120513.0,49571.0,18.305008284968206,5.512268385983255,14.266510666899007,2016,1.20513,91,55.998901098901094,19.227,1.543,0,4,61,2017,0,0,1,0,0,0,0,upstate,5641.715001701062
36077,2018,Q2,2,8074,11286.0,9658.0,133.0,1495.0,2,0.0,Otsego County,42.629776,-75.028841,10648.0,,,,,2.0,60979.0,49689.0,16.318703965878747,4.196526673116974,18.534249495728037,2016,0.60979,91,54.410989010989006,16.75,1.7919999999999998,0,11,57,2017,0,0,1,0,0,0,0,upstate,18508.010954590925
36079,2018,Q2,2,8074,6693.0,5495.0,74.0,1124.0,1,0.0,Putnam County,41.427907,-73.743861,6750.0,,,,,1.0,99408.0,97606.0,5.159810368557884,4.527804603251248,14.855947207468212,2016,0.99408,91,57.93516483516484,11.734,0.248,0,1,57,2017,0,0,1,0,0,0,0,upstate,6732.8585224529215
36081,2018,Q2,2,8074,167298.0,107598.0,201.0,18567.0,10,40932.0,Queens County,40.654658,-73.841209,180453.0,,,,,10.0,2310011.0,59758.0,14.626609960569537,6.2611823060582825,13.673224932695124,2016,23.10011,91,59.93076923076923,11.255,0.0,0,0,46,2017,0,0,1,0,0,1,0,nyc,7242.303175179686
36083,2018,Q2,2,8074,12029.0,10171.0,85.0,1773.0,2,0.0,Rensselaer County,42.710421,-73.513845,11272.0,,,,,2.0,159959.0,61754.0,12.36653303753292,5.3757525365875,15.103245206584187,2016,1.59959,91,55.08681318681318,15.676,1.488,0,5,60,2017,0,0,1,0,0,0,0,upstate,7520.052013328415
36085,2018,Q2,2,8074,40840.0,14418.0,153.0,2155.0,3,24114.0,Richmond County,40.561263,-74.1399,41458.0,,,,,3.0,473324.0,74021.0,12.940950100483176,5.793071976067134,14.536976785457743,2016,4.73324,91,60.927472527472524,12.184,0.0,1,0,49,2017,0,0,1,0,0,1,0,nyc,8628.339150349444
36087,2018,Q2,2,8074,21057.0,18427.0,191.0,2439.0,2,0.0,Rockland County,41.154628,-74.024662,23386.0,,,,,2.0,322642.0,86134.0,14.509538713178049,7.482906751135935,14.865392602327038,2016,3.22642,91,59.59065934065934,13.237,0.0,0,0,51,2017,0,0,1,0,0,0,1,downstate_non_nyc,6526.428673266345
36089,2018,Q2,2,8074,14502.0,12321.0,101.0,1641.0,5,439.0,St. Lawrence County,44.488112,-75.074311,14774.0,,,,,5.0,111529.0,46313.0,19.202050148233756,5.368110536273077,15.383442871360812,2016,1.11529,91,54.54010989010989,20.733,4.409,0,11,62,2017,0,0,1,0,0,0,0,upstate,13002.896107738796
36091,2018,Q2,2,8074,9390.0,7440.0,121.0,1829.0,1,0.0,Saratoga County,43.106135,-73.855387,9153.0,,,,,1.0,224929.0,74080.0,6.43326277428508,5.2145343641771404,15.785425623196653,2016,2.24929,91,56.12032967032967,17.665,2.701,0,5,57,2017,0,0,1,0,0,0,0,upstate,4174.6506675439805
36093,2018,Q2,2,8074,15454.0,12729.0,59.0,2652.0,2,14.0,Schenectady County,42.817552,-74.043559,16522.0,,,,,2.0,154845.0,59959.0,11.964956692887295,5.910426555587846,15.724757015079597,2016,1.54845,91,56.5521978021978,14.106,2.177,0,4,52,2017,0,0,1,0,0,0,0,upstate,9980.30288352869
36097,2018,Q2,2,8074,1778.0,1759.0,0.0,19.0,1,0.0,Schuyler County,42.419776,-76.938603,1705.0,,,,,1.0,18336.0,47229.0,14.629101682598245,4.657504363001745,19.360820244328096,2016,0.18336,91,56.871428571428574,13.211,2.7569999999999997,0,3,55,2017,0,0,1,0,0,0,0,upstate,9696.771378708552
36101,2018,Q2,2,8074,12453.0,6281.0,47.0,878.0,3,5247.0,Steuben County,42.266725,-77.385525,12173.0,,,,,3.0,98151.0,48823.0,15.081009406207269,5.656590355676458,17.463907652494626,2016,0.98151,91,56.190659340659344,13.955,2.0120000000000005,0,5,59,2017,0,0,1,0,0,0,0,upstate,12687.5936057707
36103,2018,Q2,2,8074,131658.0,86701.0,1081.0,26211.0,11,17665.0,Suffolk County,40.943554,-72.692218,129416.0,,,,,11.0,1498130.0,90128.0,7.254433420024059,5.402735410144647,15.249143932769519,2016,14.9813,91,59.989010989010985,11.02,0.0,1,0,48,2017,0,0,1,0,0,0,1,downstate_non_nyc,8788.155901023276
36105,2018,Q2,2,8074,7332.0,5599.0,33.0,781.0,2,919.0,Sullivan County,41.719993,-74.771577,6934.0,,,,,2.0,75818.0,52027.0,17.11280546337182,5.71236381861827,16.7387691577198,2016,0.75818,91,55.37637362637363,13.402000000000001,0.41400000000000003,0,6,60,2017,0,0,1,0,0,0,0,upstate,9670.526787834024
36109,2018,Q2,2,8074,6494.0,5501.0,73.0,920.0,1,0.0,Tompkins County,42.453006,-76.473483,6700.0,,,,,1.0,104268.0,54133.0,20.07083955946649,4.230444623470288,12.176314880883876,2016,1.04268,91,57.11978021978022,13.525,2.6180000000000003,0,3,57,2017,0,0,1,0,0,0,0,upstate,6228.181225304024
36111,2018,Q2,2,8074,12622.0,11238.0,92.0,1292.0,2,0.0,Ulster County,41.947212,-74.265458,12537.0,,,,,2.0,180505.0,60393.0,13.018375135366778,4.522312401318523,17.37070995263289,2016,1.80505,91,57.74120879120879,15.858,0.661,0,2,54,2017,0,0,1,0,0,0,0,upstate,6992.604082989391
36113,2018,Q2,2,8074,11232.0,8802.0,142.0,2288.0,1,0.0,Warren County,43.555105,-73.838139,10829.0,,,,,1.0,64911.0,57174.0,11.06145600575027,4.557008827471461,19.763984532667806,2016,0.64911,91,54.637362637362635,14.392,3.2800000000000002,0,6,55,2017,0,0,1,0,0,0,0,upstate,17303.692748532605
36117,2018,Q2,2,8074,6424.0,5398.0,39.0,987.0,1,0.0,Wayne County,43.218114,-77.049402,6384.0,,,,,1.0,91874.0,51627.0,11.899812009288953,5.503189150358099,16.496506084419966,2016,0.91874,91,57.52197802197802,14.975999999999999,3.6100000000000003,0,1,55,2017,0,0,1,0,0,0,0,upstate,6992.184948951825
36119,2018,Q2,2,8074,79762.0,54797.0,427.0,14225.0,13,10313.0,Westchester County,41.152686,-73.745753,82557.0,,,,,13.0,969229.0,86226.0,9.791088206496799,5.707732641099265,15.646869831587788,2016,9.69229,91,59.47582417582418,11.039,0.0,0,0,53,2017,0,0,1,0,0,0,1,downstate_non_nyc,8229.427720383936
36121,2018,Q2,2,8074,3242.0,2854.0,15.0,373.0,1,0.0,Wyoming County,42.701365,-78.228576,3243.0,,,,,1.0,41239.0,53612.0,11.533729203445139,4.934649239797279,15.512015325298867,2016,0.41239,91,55.392857142857146,16.888,5.292,0,8,57,2017,0,0,1,0,0,0,0,upstate,7861.490336817091
36123,2018,Q2,2,8074,1939.0,1811.0,0.0,128.0,1,0.0,Yates County,42.638237,-77.104324,1962.0,,,,,1.0,25106.0,50105.0,13.900406248691208,5.994582968214769,18.230701824265118,2016,0.25106,91,57.37307692307692,13.277,3.114,0,1,57,2017,0,0,1,0,0,0,0,upstate,7723.253405560424
36001,2018,Q3,3,8075,43614.0,32847.0,419.0,10348.0,5,0.0,Albany County,42.58824,-73.97401,41928.0,42951.0,,,,5.0,307891.0,60904.0,12.923933362091985,5.02483021588809,15.213500881805576,2016,3.07891,92,67.05489130434783,11.057,0.0,0,0,46,2017,0,0,0,1,0,0,0,upstate,14165.40269121215
36003,2018,Q3,3,8075,4969.0,2682.0,16.0,263.0,2,2008.0,Allegany County,42.247853,-78.026153,5125.0,5290.0,,,,2.0,47700.0,44085.0,17.07094143289039,5.140461215932914,16.79245283018868,2016,0.477,92,64.69945652173914,7.648,0.0,0,0,54,2017,0,0,0,1,0,0,0,upstate,10417.190775681342
36005,2018,Q3,3,8075,203191.0,75079.0,710.0,12629.0,10,114773.0,Bronx County,40.848711,-73.852939,201587.0,210214.0,,,,10.0,1436785.0,35302.0,30.529351975308995,7.47878075007743,11.26981420323848,2016,14.36785,92,71.77771739130435,11.762,0.0,4,0,40,2017,0,0,0,1,0,1,0,nyc,14142.06022473787
36007,2018,Q3,3,8075,24284.0,15722.0,121.0,3814.0,3,4627.0,Broome County,42.161977,-75.830283,24006.0,23818.0,,,,3.0,197381.0,47744.0,17.424558030230198,5.182363044061992,17.586292500291314,2016,1.97381,92,65.7804347826087,13.328999999999999,0.0,0,0,51,2017,0,0,0,1,0,0,0,upstate,12303.109215172686
36009,2018,Q3,3,8075,8480.0,7417.0,70.0,993.0,1,0.0,Cattaraugus County,42.239099,-78.662332,7998.0,8308.0,,,,1.0,78506.0,43884.0,17.46267870777494,5.868341273278475,17.07130665172089,2016,0.78506,92,64.22934782608696,8.077,0.0,0,0,54,2017,0,0,0,1,0,0,0,upstate,10801.722161363463
36011,2018,Q3,3,8075,6760.0,5922.0,64.0,774.0,1,0.0,Cayuga County,43.008546,-76.574587,6700.0,6118.0,,,,1.0,78783.0,53114.0,11.38972323535722,5.128009849840702,16.864044273510785,2016,0.78783,92,68.7570652173913,12.966,0.0,0,0,51,2017,0,0,0,1,0,0,0,upstate,8580.531332901768
36013,2018,Q3,3,8075,11512.0,7953.0,52.0,1289.0,5,2218.0,Chautauqua County,42.304216,-79.407595,10634.0,10725.0,,,,5.0,131748.0,43211.0,19.39811025374095,5.364787321249658,18.046573762030544,2016,1.31748,92,66.43423913043478,10.099,0.0,0,0,58,2017,0,0,0,1,0,0,0,upstate,8737.893554361357
36015,2018,Q3,3,8075,9870.0,8331.0,78.0,1461.0,2,0.0,Chemung County,42.148697,-76.752471,9895.0,9699.0,,,,2.0,87742.0,49578.0,15.936105636102008,5.891135374165167,16.79013471313624,2016,0.87742,92,66.91684782608696,7.327,0.0,0,0,46,2017,0,0,0,1,0,0,0,upstate,11248.888787581773
36017,2018,Q3,3,8075,4476.0,,,,1,,Chenango County,42.478024,-75.602241,4271.0,4312.0,,,,1.0,49286.0,46979.0,15.38715127539457,5.242868157286044,18.836992249320296,2016,0.49286,92,64.64728260869565,12.762,0.0,0,0,48,2017,0,0,0,1,0,0,0,upstate,9081.68648297691
36019,2018,Q3,3,8075,10971.0,9348.0,127.0,1496.0,1,0.0,Clinton County,44.752712,-73.705643,10736.0,10914.0,,,,1.0,81505.0,50502.0,16.136929291280754,4.796024783755598,15.122998589043618,2016,0.81505,92,62.9929347826087,9.113,0.0,0,0,49,2017,0,0,0,1,0,0,0,upstate,13460.523894239617
36021,2018,Q3,3,8075,6933.0,5905.0,57.0,971.0,1,0.0,Columbia County,42.247696,-73.626718,6557.0,6349.0,,,,1.0,61860.0,59916.0,12.699340402438006,4.321047526673133,20.68703524086647,2016,0.6186,92,68.44239130434782,9.362,0.0,0,0,39,2017,0,0,0,1,0,0,0,upstate,11207.56547041707
36023,2018,Q3,3,8075,7661.0,6882.0,50.0,729.0,1,0.0,Cortland County,42.594039,-76.07624,7305.0,7444.0,,,,1.0,48713.0,50910.0,13.751937984496124,4.834438445589473,15.178699731077947,2016,0.48713,92,64.9538043478261,9.818999999999999,0.0,0,0,55,2017,0,0,0,1,0,0,0,upstate,15726.80803892185
36025,2018,Q3,3,8075,6604.0,6533.0,0.0,71.0,4,0.0,Delaware County,42.193986,-74.966728,6203.0,5796.0,,,,4.0,46480.0,46055.0,15.852524106636414,4.39328743545611,22.018072289156628,2016,0.4648,92,63.233695652173914,11.213000000000001,0.0,0,0,49,2017,0,0,0,1,0,0,0,upstate,14208.261617900172
36027,2018,Q3,3,8075,31660.0,25780.0,348.0,5532.0,3,0.0,Dutchess County,41.754825,-73.740014,31029.0,30906.0,,,,3.0,295905.0,72706.0,9.153345937893892,4.709957587739308,15.468140112536119,2016,2.95905,92,68.4804347826087,11.617,0.0,0,0,49,2017,0,0,0,1,0,0,0,upstate,10699.379868538888
36029,2018,Q3,3,8075,99611.0,77882.0,886.0,18183.0,10,2660.0,Erie County,42.752759,-78.778192,97420.0,100092.0,,,,10.0,922129.0,52744.0,14.740195022539087,5.380592086356681,16.53716562433239,2016,9.22129,92,67.79402173913044,9.176,0.0,0,0,57,2017,0,0,0,1,0,0,0,upstate,10802.284712876397
36031,2018,Q3,3,8075,4820.0,2942.0,0.0,0.0,3,1878.0,Essex County,44.109601,-73.778431,3940.0,4186.0,,,,3.0,38598.0,53244.0,10.072540007752368,4.0623866521581435,21.083993989325872,2016,0.38598,92,59.623369565217395,10.654,0.0,0,0,46,2017,0,0,0,1,0,0,0,upstate,12487.693662884087
36033,2018,Q3,3,8075,6739.0,6131.0,48.0,560.0,2,0.0,Franklin County,44.594376,-74.31067,6181.0,6092.0,,,,2.0,51007.0,49782.0,19.230429404488426,5.00127433489521,14.929323426196403,2016,0.51007,92,61.898369565217386,14.088000000000001,0.0,0,0,57,2017,0,0,0,1,0,0,0,upstate,13211.912090497382
36035,2018,Q3,3,8075,5905.0,5490.0,41.0,374.0,1,0.0,Fulton County,43.115609,-74.423678,5573.0,5648.0,,,,1.0,54297.0,46090.0,16.70027705007633,5.022376926902039,17.88680774260088,2016,0.54297,92,64.5679347826087,12.237,0.0,0,0,50,2017,0,0,0,1,0,0,0,upstate,10875.370646628728
36037,2018,Q3,3,8075,5478.0,4780.0,37.0,661.0,1,0.0,Genesee County,43.00091,-78.192778,5311.0,5645.0,,,,1.0,59053.0,52641.0,12.453375045120923,5.124210455014986,17.394543884307318,2016,0.59053,92,67.6195652173913,9.762,0.0,0,0,56,2017,0,0,0,1,0,0,0,upstate,9276.412714002676
36045,2018,Q3,3,8075,11463.0,9933.0,87.0,1443.0,3,0.0,Jefferson County,43.996389,-76.052968,10844.0,10860.0,,,,3.0,117966.0,49911.0,14.578039560755299,8.172693827034909,12.172151297831578,2016,1.17966,92,67.29456521739131,13.113,0.0,0,0,40,2017,0,0,0,1,0,0,0,upstate,9717.206652764355
36047,2018,Q3,3,8075,248875.0,149327.0,1813.0,24076.0,15,73659.0,Kings County,40.635045,-73.95064,246556.0,252787.0,,,,15.0,2606852.0,50640.0,22.730730154455898,7.436210417775922,12.18231798352956,2016,26.06852,92,72.2375,14.309000000000001,0.0,2,0,43,2017,0,0,0,1,0,1,0,nyc,9546.955485006436
36049,2018,Q3,3,8075,2747.0,2540.0,27.0,180.0,1,0.0,Lewis County,43.782706,-75.444132,2641.0,2633.0,,,,1.0,27107.0,49976.0,14.015024105841462,6.0353414247242405,16.60825616999299,2016,0.27107,92,66.2554347826087,8.254999999999999,0.0,0,0,43,2017,0,0,0,1,0,0,0,upstate,10133.91374921607
36051,2018,Q3,3,8075,3836.0,3456.0,50.0,330.0,1,0.0,Livingston County,42.729042,-77.778463,3635.0,3629.0,,,,1.0,64622.0,52724.0,14.893508001844607,4.572746123611155,15.763981306675745,2016,0.64622,92,67.83532608695653,7.108,0.0,0,0,48,2017,0,0,0,1,0,0,0,upstate,5936.0589273003
36053,2018,Q3,3,8075,8364.0,5205.0,33.0,434.0,2,2692.0,Madison County,42.910026,-75.663575,8140.0,8126.0,,,,2.0,72089.0,55858.0,11.858629350556154,4.680325708499216,15.903952059260082,2016,0.72089,92,65.02282608695653,10.919,0.0,0,0,56,2017,0,0,0,1,0,0,0,upstate,11602.324903938188
36055,2018,Q3,3,8075,88349.0,70897.0,684.0,16768.0,6,0.0,Monroe County,43.250347,-77.700518,86228.0,85841.0,,,,6.0,749236.0,53568.0,14.856064806003989,5.632137270499548,15.491914430166196,2016,7.49236,92,68.36032608695652,9.137,0.0,0,0,52,2017,0,0,0,1,0,0,0,upstate,11791.87866039539
36057,2018,Q3,3,8075,13046.0,6552.0,27.0,1044.0,2,5423.0,Montgomery County,42.900891,-74.435357,12616.0,13057.0,,,,2.0,49667.0,44455.0,20.60663429088814,6.048281555157348,17.663639841343347,2016,0.49667,92,65.97010869565217,10.999,0.0,0,0,44,2017,0,0,0,1,0,0,0,upstate,26266.93780578654
36059,2018,Q3,3,8075,118183.0,66952.0,1229.0,25290.0,12,24712.0,Nassau County,40.729612,-73.589414,116844.0,118200.0,,,,12.0,1356801.0,102044.0,6.00466868562513,5.443539620032709,16.408375288638496,2016,13.56801,92,71.32826086956521,14.397,0.0,0,0,46,2017,0,0,0,1,0,0,1,downstate_non_nyc,8710.415160366185
36061,2018,Q3,3,8075,287114.0,193378.0,1932.0,31161.0,17,60643.0,New York County,40.776642,-73.970187,281987.0,296075.0,,,,17.0,1634989.0,75513.0,17.623616970493902,5.016792161904453,14.383705333797353,2016,16.34989,92,72.17826086956521,12.713,0.0,4,0,45,2017,0,0,0,1,0,1,0,nyc,17560.60744139563
36063,2018,Q3,3,8075,17098.0,14649.0,106.0,2343.0,5,0.0,Niagara County,43.272672,-78.812943,16507.0,16945.0,,,,5.0,213374.0,50094.0,13.619868017686777,5.180106292238042,17.268739396552533,2016,2.13374,92,68.97608695652174,8.464,0.0,0,0,48,2017,0,0,0,1,0,0,0,upstate,8013.159991376643
36065,2018,Q3,3,8075,26978.0,22414.0,112.0,4452.0,3,0.0,Oneida County,43.242727,-75.434282,26723.0,26615.0,,,,3.0,232858.0,49838.0,16.67338938113259,5.712494309836896,17.416193560023704,2016,2.32858,92,66.14619565217392,15.109,0.0,0,0,49,2017,0,0,0,1,0,0,0,upstate,11585.601525393158
36067,2018,Q3,3,8075,53612.0,41993.0,483.0,11136.0,5,0.0,Onondaga County,43.006516,-76.196134,53852.0,51460.0,,,,5.0,468050.0,55717.0,15.1862559768709,5.736139301356693,15.333831855570986,2016,4.6805,92,67.63804347826087,12.351,0.0,0,0,58,2017,0,0,0,1,0,0,0,upstate,11454.331802157889
36069,2018,Q3,3,8075,15407.0,11286.0,120.0,1620.0,3,2381.0,Ontario County,42.856357,-77.303497,14208.0,13982.0,,,,3.0,109450.0,58070.0,10.285207346307027,5.060758337140247,17.803563270899954,2016,1.0945,92,68.42717391304348,7.968,0.0,0,0,49,2017,0,0,0,1,0,0,0,upstate,14076.747373229786
36071,2018,Q3,3,8075,39872.0,32603.0,356.0,6913.0,4,0.0,Orange County,41.40241,-74.306252,37984.0,38402.0,,,,4.0,376242.0,71910.0,12.647787687907336,6.568910435304937,12.540067297111964,2016,3.76242,92,69.92065217391304,9.444,0.0,2,0,44,2017,0,0,0,1,0,0,0,upstate,10597.434629839307
36073,2018,Q3,3,8075,1950.0,,,,1,,Orleans County,43.339906,-78.207028,1860.0,1797.0,,,,1.0,41938.0,48731.0,15.57806943485046,4.928704277743336,16.216796222995853,2016,0.41938,92,68.61576086956521,9.544,0.0,0,0,53,2017,0,0,0,1,0,0,0,upstate,4649.721016738995
36075,2018,Q3,3,8075,7172.0,6350.0,45.0,777.0,2,0.0,Oswego County,43.461443,-76.209262,6799.0,6792.0,,,,2.0,120513.0,49571.0,18.305008284968206,5.512268385983255,14.266510666899007,2016,1.20513,92,67.00760869565217,13.283,0.0,0,0,45,2017,0,0,0,1,0,0,0,upstate,5951.22517902633
36077,2018,Q3,3,8075,12161.0,10362.0,132.0,1667.0,2,0.0,Otsego County,42.629776,-75.028841,11286.0,10648.0,,,,2.0,60979.0,49689.0,16.318703965878747,4.196526673116974,18.534249495728037,2016,0.60979,92,64.13804347826087,12.297,0.0,0,0,49,2017,0,0,0,1,0,0,0,upstate,19942.93117302678
36079,2018,Q3,3,8075,6939.0,5831.0,55.0,1053.0,1,0.0,Putnam County,41.427907,-73.743861,6693.0,6750.0,,,,1.0,99408.0,97606.0,5.159810368557884,4.527804603251248,14.855947207468212,2016,0.99408,92,68.67010869565217,10.336,0.0,0,0,49,2017,0,0,0,1,0,0,0,upstate,6980.323515210043
36081,2018,Q3,3,8075,169022.0,109331.0,341.0,18035.0,10,41315.0,Queens County,40.654658,-73.841209,167298.0,180453.0,,,,10.0,2310011.0,59758.0,14.626609960569537,6.2611823060582825,13.673224932695124,2016,23.10011,92,71.6054347826087,14.411,0.0,0,0,39,2017,0,0,0,1,0,1,0,nyc,7316.934854422771
36083,2018,Q3,3,8075,12919.0,11045.0,86.0,1788.0,2,0.0,Rensselaer County,42.710421,-73.513845,12029.0,11272.0,,,,2.0,159959.0,61754.0,12.36653303753292,5.3757525365875,15.103245206584187,2016,1.59959,92,65.86684782608695,11.797,0.0,0,0,47,2017,0,0,0,1,0,0,0,upstate,8076.444588925913
36085,2018,Q3,3,8075,40463.0,13935.0,103.0,2275.0,3,24150.0,Richmond County,40.561263,-74.1399,40840.0,41458.0,,,,3.0,473324.0,74021.0,12.940950100483176,5.793071976067134,14.536976785457743,2016,4.73324,92,72.1516304347826,13.552,0.0,3,0,38,2017,0,0,0,1,0,1,0,nyc,8548.68969247281
36087,2018,Q3,3,8075,22593.0,18948.0,170.0,3475.0,2,0.0,Rockland County,41.154628,-74.024662,21057.0,23386.0,,,,2.0,322642.0,86134.0,14.509538713178049,7.482906751135935,14.865392602327038,2016,3.22642,92,70.36684782608695,10.816,0.0,0,0,45,2017,0,0,0,1,0,0,1,downstate_non_nyc,7002.498124856653
36089,2018,Q3,3,8075,14961.0,12762.0,97.0,1661.0,5,441.0,St. Lawrence County,44.488112,-75.074311,14502.0,14774.0,,,,5.0,111529.0,46313.0,19.202050148233756,5.368110536273077,15.383442871360812,2016,1.11529,92,64.99510869565218,13.88,0.0,0,0,57,2017,0,0,0,1,0,0,0,upstate,13414.448260093786
36091,2018,Q3,3,8075,10277.0,8284.0,156.0,1837.0,1,0.0,Saratoga County,43.106135,-73.855387,9390.0,9153.0,,,,1.0,224929.0,74080.0,6.43326277428508,5.2145343641771404,15.785425623196653,2016,2.24929,92,67.5788043478261,11.101,0.0,0,0,43,2017,0,0,0,1,0,0,0,upstate,4568.997328045739
36093,2018,Q3,3,8075,14515.0,11946.0,41.0,2516.0,2,12.0,Schenectady County,42.817552,-74.043559,15454.0,16522.0,,,,2.0,154845.0,59959.0,11.964956692887295,5.910426555587846,15.724757015079597,2016,1.54845,92,67.0125,10.562,0.0,0,0,46,2017,0,0,0,1,0,0,0,upstate,9373.890019051309
36097,2018,Q3,3,8075,2026.0,1997.0,0.0,29.0,1,0.0,Schuyler County,42.419776,-76.938603,1778.0,1705.0,,,,1.0,18336.0,47229.0,14.629101682598245,4.657504363001745,19.360820244328096,2016,0.18336,92,67.1179347826087,6.828,0.0,0,0,44,2017,0,0,0,1,0,0,0,upstate,11049.301919720769
36101,2018,Q3,3,8075,12864.0,6505.0,56.0,819.0,3,5484.0,Steuben County,42.266725,-77.385525,12453.0,12173.0,,,,3.0,98151.0,48823.0,15.081009406207269,5.656590355676458,17.463907652494626,2016,0.98151,92,66.03260869565217,7.445,0.0,0,0,42,2017,0,0,0,1,0,0,0,upstate,13106.33615551548
36103,2018,Q3,3,8075,133081.0,87697.0,1097.0,26111.0,11,18176.0,Suffolk County,40.943554,-72.692218,131658.0,129416.0,,,,11.0,1498130.0,90128.0,7.254433420024059,5.402735410144647,15.249143932769519,2016,14.9813,92,71.7804347826087,9.802,0.0,1,0,48,2017,0,0,0,1,0,0,1,downstate_non_nyc,8883.140982424757
36105,2018,Q3,3,8075,8452.0,6659.0,28.0,727.0,2,1038.0,Sullivan County,41.719993,-74.771577,7332.0,6934.0,,,,2.0,75818.0,52027.0,17.11280546337182,5.71236381861827,16.7387691577198,2016,0.75818,92,65.54782608695652,11.257,0.0,0,0,49,2017,0,0,0,1,0,0,0,upstate,11147.748555751932
36109,2018,Q3,3,8075,7203.0,6295.0,80.0,828.0,1,0.0,Tompkins County,42.453006,-76.473483,6494.0,6700.0,,,,1.0,104268.0,54133.0,20.07083955946649,4.230444623470288,12.176314880883876,2016,1.04268,92,67.61576086956521,9.266,0.0,0,0,47,2017,0,0,0,1,0,0,0,upstate,6908.159742202785
36111,2018,Q3,3,8075,13569.0,12112.0,58.0,1399.0,2,0.0,Ulster County,41.947212,-74.265458,12622.0,12537.0,,,,2.0,180505.0,60393.0,13.018375135366778,4.522312401318523,17.37070995263289,2016,1.80505,92,68.04728260869565,10.416,0.0,0,0,48,2017,0,0,0,1,0,0,0,upstate,7517.243289659566
36113,2018,Q3,3,8075,12086.0,9612.0,134.0,2340.0,1,0.0,Warren County,43.555105,-73.838139,11232.0,10829.0,,,,1.0,64911.0,57174.0,11.06145600575027,4.557008827471461,19.763984532667806,2016,0.64911,92,66.50923913043479,8.078,0.0,0,0,43,2017,0,0,0,1,0,0,0,upstate,18619.34032752538
36117,2018,Q3,3,8075,6791.0,5645.0,37.0,1109.0,1,0.0,Wayne County,43.218114,-77.049402,6424.0,6384.0,,,,1.0,91874.0,51627.0,11.899812009288953,5.503189150358099,16.496506084419966,2016,0.91874,92,68.17445652173913,9.972,0.0,0,0,57,2017,0,0,0,1,0,0,0,upstate,7391.645079130113
36119,2018,Q3,3,8075,80864.0,55551.0,524.0,14011.0,13,10778.0,Westchester County,41.152686,-73.745753,79762.0,82557.0,,,,13.0,969229.0,86226.0,9.791088206496799,5.707732641099265,15.646869831587788,2016,9.69229,92,70.44347826086957,11.296,0.0,0,0,45,2017,0,0,0,1,0,0,1,downstate_non_nyc,8343.126340627448
36121,2018,Q3,3,8075,3682.0,3260.0,20.0,402.0,1,0.0,Wyoming County,42.701365,-78.228576,3242.0,3243.0,,,,1.0,41239.0,53612.0,11.533729203445139,4.934649239797279,15.512015325298867,2016,0.41239,92,65.50760869565217,7.127,0.0,0,0,53,2017,0,0,0,1,0,0,0,upstate,8928.441523800286
36123,2018,Q3,3,8075,2252.0,2099.0,0.0,153.0,1,0.0,Yates County,42.638237,-77.104324,1939.0,1962.0,,,,1.0,25106.0,50105.0,13.900406248691208,5.994582968214769,18.230701824265118,2016,0.25106,92,67.9320652173913,7.596,0.0,0,0,42,2017,0,0,0,1,0,0,0,upstate,8969.967338484825
36001,2018,Q4,4,8076,42173.0,31539.0,320.0,10314.0,5,0.0,Albany County,42.58824,-73.97401,43614.0,41928.0,42951.0,,,5.0,307891.0,60904.0,12.923933362091985,5.02483021588809,15.213500881805576,2016,3.07891,92,39.7195652173913,8.798,8.709999999999999,0,49,39,2017,0,0,0,0,1,0,0,upstate,13697.379916918651
36003,2018,Q4,4,8076,4721.0,2400.0,12.0,239.0,2,2070.0,Allegany County,42.247853,-78.026153,4969.0,5125.0,5290.0,,,2.0,47700.0,44085.0,17.07094143289039,5.140461215932914,16.79245283018868,2016,0.477,92,38.1445652173913,11.128,14.553,0,52,54,2017,0,0,0,0,1,0,0,upstate,9897.27463312369
36005,2018,Q4,4,8076,209253.0,76773.0,797.0,12684.0,10,118999.0,Bronx County,40.848711,-73.852939,203191.0,201587.0,210214.0,,,10.0,1436785.0,35302.0,30.529351975308995,7.47878075007743,11.26981420323848,2016,14.36785,92,46.99130434782609,8.557,4.189,0,26,37,2017,0,0,0,0,1,1,0,nyc,14563.974429020349
36007,2018,Q4,4,8076,23446.0,15064.0,131.0,3925.0,3,4326.0,Broome County,42.161977,-75.830283,24284.0,24006.0,23818.0,,,3.0,197381.0,47744.0,17.424558030230198,5.182363044061992,17.586292500291314,2016,1.97381,92,39.733695652173914,9.461,6.56,0,51,41,2017,0,0,0,0,1,0,0,upstate,11878.54960710504
36009,2018,Q4,4,8076,7547.0,6438.0,62.0,1047.0,1,0.0,Cattaraugus County,42.239099,-78.662332,8480.0,7998.0,8308.0,,,1.0,78506.0,43884.0,17.46267870777494,5.868341273278475,17.07130665172089,2016,0.78506,92,37.64619565217391,14.14,27.12,0,53,58,2017,0,0,0,0,1,0,0,upstate,9613.277966015336
36011,2018,Q4,4,8076,5593.0,4882.0,56.0,655.0,1,0.0,Cayuga County,43.008546,-76.574587,6760.0,6700.0,6118.0,,,1.0,78783.0,53114.0,11.38972323535722,5.128009849840702,16.864044273510785,2016,0.78783,92,41.97391304347826,13.026,15.959,0,39,54,2017,0,0,0,0,1,0,0,upstate,7099.247299544318
36013,2018,Q4,4,8076,10235.0,7351.0,50.0,1199.0,5,1635.0,Chautauqua County,42.304216,-79.407595,11512.0,10634.0,10725.0,,,5.0,131748.0,43211.0,19.39811025374095,5.364787321249658,18.046573762030544,2016,1.31748,92,40.37119565217392,16.8,40.351,0,41,64,2017,0,0,0,0,1,0,0,upstate,7768.6188784649485
36015,2018,Q4,4,8076,9322.0,7791.0,54.0,1477.0,2,0.0,Chemung County,42.148697,-76.752471,9870.0,9895.0,9699.0,,,2.0,87742.0,49578.0,15.936105636102008,5.891135374165167,16.79013471313624,2016,0.87742,92,40.444021739130434,9.784,5.734,0,50,39,2017,0,0,0,0,1,0,0,upstate,10624.330423286454
36017,2018,Q4,4,8076,4410.0,,,,1,,Chenango County,42.478024,-75.602241,4476.0,4271.0,4312.0,,,1.0,49286.0,46979.0,15.38715127539457,5.242868157286044,18.836992249320296,2016,0.49286,92,38.07554347826087,10.131,10.001999999999999,0,52,46,2017,0,0,0,0,1,0,0,upstate,8947.774215801648
36019,2018,Q4,4,8076,10480.0,8798.0,97.0,1585.0,1,0.0,Clinton County,44.752712,-73.705643,10971.0,10736.0,10914.0,,,1.0,81505.0,50502.0,16.136929291280754,4.796024783755598,15.122998589043618,2016,0.81505,92,33.95271739130435,9.813,19.1,0,56,49,2017,0,0,0,0,1,0,0,upstate,12858.106864609534
36021,2018,Q4,4,8076,6386.0,5382.0,37.0,967.0,1,0.0,Columbia County,42.247696,-73.626718,6933.0,6557.0,6349.0,,,1.0,61860.0,59916.0,12.699340402438006,4.321047526673133,20.68703524086647,2016,0.6186,92,41.7179347826087,9.583,6.394,0,44,38,2017,0,0,0,0,1,0,0,upstate,10323.310701584222
36023,2018,Q4,4,8076,7463.0,6677.0,47.0,739.0,1,0.0,Cortland County,42.594039,-76.07624,7661.0,7305.0,7444.0,,,1.0,48713.0,50910.0,13.751937984496124,4.834438445589473,15.178699731077947,2016,0.48713,92,38.25217391304348,10.442,13.617,0,52,55,2017,0,0,0,0,1,0,0,upstate,15320.34569827356
36025,2018,Q4,4,8076,5606.0,5541.0,0.0,65.0,4,0.0,Delaware County,42.193986,-74.966728,6604.0,6203.0,5796.0,,,4.0,46480.0,46055.0,15.852524106636414,4.39328743545611,22.018072289156628,2016,0.4648,92,37.57010869565217,9.382,9.177,0,53,46,2017,0,0,0,0,1,0,0,upstate,12061.101549053355
36027,2018,Q4,4,8076,30923.0,24903.0,298.0,5722.0,3,0.0,Dutchess County,41.754825,-73.740014,31660.0,31029.0,30906.0,,,3.0,295905.0,72706.0,9.153345937893892,4.709957587739308,15.468140112536119,2016,2.95905,92,42.25978260869565,8.883000000000001,5.678,0,45,36,2017,0,0,0,0,1,0,0,upstate,10450.313445193558
36029,2018,Q4,4,8076,94778.0,74092.0,802.0,17509.0,10,2375.0,Erie County,42.752759,-78.778192,99611.0,97420.0,100092.0,,,10.0,922129.0,52744.0,14.740195022539087,5.380592086356681,16.53716562433239,2016,9.22129,92,41.96032608695652,15.588,24.613,0,36,60,2017,0,0,0,0,1,0,0,upstate,10278.171492274942
36031,2018,Q4,4,8076,3497.0,2105.0,0.0,0.0,3,1392.0,Essex County,44.109601,-73.778431,4820.0,3940.0,4186.0,,,3.0,38598.0,53244.0,10.072540007752368,4.0623866521581435,21.083993989325872,2016,0.38598,92,29.715760869565216,15.103,37.401,0,62,57,2017,0,0,0,0,1,0,0,upstate,9060.054925125654
36033,2018,Q4,4,8076,5890.0,5254.0,46.0,590.0,2,0.0,Franklin County,44.594376,-74.31067,6739.0,6181.0,6092.0,,,2.0,51007.0,49782.0,19.230429404488426,5.00127433489521,14.929323426196403,2016,0.51007,92,32.98478260869565,12.931,29.409,0,57,60,2017,0,0,0,0,1,0,0,upstate,11547.43466583018
36035,2018,Q4,4,8076,5504.0,5110.0,30.0,364.0,1,0.0,Fulton County,43.115609,-74.423678,5905.0,5573.0,5648.0,,,1.0,54297.0,46090.0,16.70027705007633,5.022376926902039,17.88680774260088,2016,0.54297,92,36.38913043478261,14.423,18.435,0,51,51,2017,0,0,0,0,1,0,0,upstate,10136.83997274251
36037,2018,Q4,4,8076,4994.0,4235.0,30.0,729.0,1,0.0,Genesee County,43.00091,-78.192778,5478.0,5311.0,5645.0,,,1.0,59053.0,52641.0,12.453375045120923,5.124210455014986,17.394543884307318,2016,0.59053,92,40.488586956521736,13.937,22.294,0,46,61,2017,0,0,0,0,1,0,0,upstate,8456.809984251437
36045,2018,Q4,4,8076,11007.0,9622.0,80.0,1305.0,3,0.0,Jefferson County,43.996389,-76.052968,11463.0,10844.0,10860.0,,,3.0,117966.0,49911.0,14.578039560755299,8.172693827034909,12.172151297831578,2016,1.17966,92,40.59510869565217,17.7,22.382,0,42,57,2017,0,0,0,0,1,0,0,upstate,9330.654595391892
36047,2018,Q4,4,8076,248560.0,146554.0,1216.0,25748.0,15,75042.0,Kings County,40.635045,-73.95064,248875.0,246556.0,252787.0,,,15.0,2606852.0,50640.0,22.730730154455898,7.436210417775922,12.18231798352956,2016,26.06852,92,47.80869565217391,8.928,4.851,0,23,36,2017,0,0,0,0,1,1,0,nyc,9534.871945166047
36049,2018,Q4,4,8076,2391.0,2171.0,19.0,201.0,1,0.0,Lewis County,43.782706,-75.444132,2747.0,2641.0,2633.0,,,1.0,27107.0,49976.0,14.015024105841462,6.0353414247242405,16.60825616999299,2016,0.27107,92,38.05543478260869,16.136,31.834,0,50,55,2017,0,0,0,0,1,0,0,upstate,8820.599845058472
36051,2018,Q4,4,8076,3395.0,3040.0,24.0,331.0,1,0.0,Livingston County,42.729042,-77.778463,3836.0,3635.0,3629.0,,,1.0,64622.0,52724.0,14.893508001844607,4.572746123611155,15.763981306675745,2016,0.64622,92,41.07663043478261,11.713,14.139,0,44,55,2017,0,0,0,0,1,0,0,upstate,5253.628795147163
36053,2018,Q4,4,8076,7574.0,4663.0,40.0,433.0,2,2438.0,Madison County,42.910026,-75.663575,8364.0,8140.0,8126.0,,,2.0,72089.0,55858.0,11.858629350556154,4.680325708499216,15.903952059260082,2016,0.72089,92,38.05163043478261,11.586,23.538,0,51,57,2017,0,0,0,0,1,0,0,upstate,10506.45729584264
36055,2018,Q4,4,8076,84848.0,67290.0,650.0,16908.0,6,0.0,Monroe County,43.250347,-77.700518,88349.0,86228.0,85841.0,,,6.0,749236.0,53568.0,14.856064806003989,5.632137270499548,15.491914430166196,2016,7.49236,92,42.641304347826086,13.029,17.059,0,36,56,2017,0,0,0,0,1,0,0,upstate,11324.6026619116
36057,2018,Q4,4,8076,13144.0,6169.0,36.0,970.0,2,5969.0,Montgomery County,42.900891,-74.435357,13046.0,12616.0,13057.0,,,2.0,49667.0,44455.0,20.60663429088814,6.048281555157348,17.663639841343347,2016,0.49667,92,39.00923913043478,9.441,10.061,0,52,43,2017,0,0,0,0,1,0,0,upstate,26464.251917772363
36059,2018,Q4,4,8076,118321.0,67105.0,1138.0,25737.0,12,24341.0,Nassau County,40.729612,-73.589414,118183.0,116844.0,118200.0,,,12.0,1356801.0,102044.0,6.00466868562513,5.443539620032709,16.408375288638496,2016,13.56801,92,46.61684782608695,10.493,5.182,0,28,37,2017,0,0,0,0,1,0,1,downstate_non_nyc,8720.58614343592
36061,2018,Q4,4,8076,292272.0,194018.0,2226.0,35149.0,17,60879.0,New York County,40.776642,-73.970187,287114.0,281987.0,296075.0,,,17.0,1634989.0,75513.0,17.623616970493902,5.016792161904453,14.383705333797353,2016,16.34989,92,47.17663043478261,8.072,4.2170000000000005,0,28,36,2017,0,0,0,0,1,1,0,nyc,17876.083569981205
36063,2018,Q4,4,8076,15649.0,13358.0,78.0,2213.0,5,0.0,Niagara County,43.272672,-78.812943,17098.0,16507.0,16945.0,,,5.0,213374.0,50094.0,13.619868017686777,5.180106292238042,17.268739396552533,2016,2.13374,92,42.575,9.976,12.955,0,35,53,2017,0,0,0,0,1,0,0,upstate,7334.07069277419
36065,2018,Q4,4,8076,25180.0,20757.0,108.0,4315.0,3,0.0,Oneida County,43.242727,-75.434282,26978.0,26723.0,26615.0,,,3.0,232858.0,49838.0,16.67338938113259,5.712494309836896,17.416193560023704,2016,2.32858,92,38.98478260869565,18.715,19.708,0,49,51,2017,0,0,0,0,1,0,0,upstate,10813.457128378668
36067,2018,Q4,4,8076,56210.0,44510.0,434.0,11266.0,5,0.0,Onondaga County,43.006516,-76.196134,53612.0,53852.0,51460.0,,,5.0,468050.0,55717.0,15.1862559768709,5.736139301356693,15.333831855570986,2016,4.6805,92,40.84021739130435,12.578,18.825,0,42,57,2017,0,0,0,0,1,0,0,upstate,12009.40070505288
36069,2018,Q4,4,8076,14134.0,10182.0,105.0,1531.0,3,2316.0,Ontario County,42.856357,-77.303497,15407.0,14208.0,13982.0,,,3.0,109450.0,58070.0,10.285207346307027,5.060758337140247,17.803563270899954,2016,1.0945,92,41.169021739130436,11.03,14.414,0,41,56,2017,0,0,0,0,1,0,0,upstate,12913.659205116493
36071,2018,Q4,4,8076,37216.0,29643.0,346.0,7227.0,4,0.0,Orange County,41.40241,-74.306252,39872.0,37984.0,38402.0,,,4.0,376242.0,71910.0,12.647787687907336,6.568910435304937,12.540067297111964,2016,3.76242,92,43.839130434782604,7.634,5.87,0,42,34,2017,0,0,0,0,1,0,0,upstate,9891.505998798646
36073,2018,Q4,4,8076,1697.0,,,,1,,Orleans County,43.339906,-78.207028,1950.0,1860.0,1797.0,,,1.0,41938.0,48731.0,15.57806943485046,4.928704277743336,16.216796222995853,2016,0.41938,92,43.00706521739131,12.543,16.536,0,35,57,2017,0,0,0,0,1,0,0,upstate,4046.449520721065
36075,2018,Q4,4,8076,6388.0,5602.0,42.0,744.0,2,0.0,Oswego County,43.461443,-76.209262,7172.0,6799.0,6792.0,,,2.0,120513.0,49571.0,18.305008284968206,5.512268385983255,14.266510666899007,2016,1.20513,92,40.79836956521739,17.906,29.131,0,44,59,2017,0,0,0,0,1,0,0,upstate,5300.672956444532
36077,2018,Q4,4,8076,10525.0,8880.0,93.0,1552.0,2,0.0,Otsego County,42.629776,-75.028841,12161.0,11286.0,10648.0,,,2.0,60979.0,49689.0,16.318703965878747,4.196526673116974,18.534249495728037,2016,0.60979,92,37.921195652173914,9.285,12.073,0,52,47,2017,0,0,0,0,1,0,0,upstate,17260.040341756998
36079,2018,Q4,4,8076,6288.0,5304.0,45.0,939.0,1,0.0,Putnam County,41.427907,-73.743861,6939.0,6693.0,6750.0,,,1.0,99408.0,97606.0,5.159810368557884,4.527804603251248,14.855947207468212,2016,0.99408,92,42.84619565217391,9.514,5.844,0,43,39,2017,0,0,0,0,1,0,0,upstate,6325.446644133269
36081,2018,Q4,4,8076,171723.0,112302.0,319.0,17609.0,10,41493.0,Queens County,40.654658,-73.841209,169022.0,167298.0,180453.0,,,10.0,2310011.0,59758.0,14.626609960569537,6.2611823060582825,13.673224932695124,2016,23.10011,92,47.62445652173913,9.894,4.933,0,24,36,2017,0,0,0,0,1,1,0,nyc,7433.860704559415
36083,2018,Q4,4,8076,12457.0,10545.0,74.0,1838.0,2,0.0,Rensselaer County,42.710421,-73.513845,12919.0,12029.0,11272.0,,,2.0,159959.0,61754.0,12.36653303753292,5.3757525365875,15.103245206584187,2016,1.59959,92,38.63315217391305,10.211,10.033,0,49,44,2017,0,0,0,0,1,0,0,upstate,7787.620577773054
36085,2018,Q4,4,8076,41297.0,14431.0,131.0,2309.0,3,24426.0,Richmond County,40.561263,-74.1399,40463.0,40840.0,41458.0,,,3.0,473324.0,74021.0,12.940950100483176,5.793071976067134,14.536976785457743,2016,4.73324,92,47.98097826086956,8.427,4.658,0,20,35,2017,0,0,0,0,1,1,0,nyc,8724.890349950561
36087,2018,Q4,4,8076,21185.0,18498.0,168.0,2519.0,2,0.0,Rockland County,41.154628,-74.024662,22593.0,21057.0,23386.0,,,2.0,322642.0,86134.0,14.509538713178049,7.482906751135935,14.865392602327038,2016,3.22642,92,45.15326086956522,8.708,5.9270000000000005,0,31,39,2017,0,0,0,0,1,0,1,downstate_non_nyc,6566.101127565536
36089,2018,Q4,4,8076,13806.0,11723.0,106.0,1632.0,5,345.0,St. Lawrence County,44.488112,-75.074311,14961.0,14502.0,14774.0,,,5.0,111529.0,46313.0,19.202050148233756,5.368110536273077,15.383442871360812,2016,1.11529,92,36.18858695652174,16.856,24.994,0,52,56,2017,0,0,0,0,1,0,0,upstate,12378.84317083449
36091,2018,Q4,4,8076,9322.0,7257.0,137.0,1928.0,1,0.0,Saratoga County,43.106135,-73.855387,10277.0,9390.0,9153.0,,,1.0,224929.0,74080.0,6.43326277428508,5.2145343641771404,15.785425623196653,2016,2.24929,92,39.29130434782609,12.748000000000001,13.536,0,50,41,2017,0,0,0,0,1,0,0,upstate,4144.418905521298
36093,2018,Q4,4,8076,14503.0,11952.0,42.0,2483.0,2,26.0,Schenectady County,42.817552,-74.043559,14515.0,15454.0,16522.0,,,2.0,154845.0,59959.0,11.964956692887295,5.910426555587846,15.724757015079597,2016,1.54845,92,40.020108695652176,8.874,9.177999999999999,0,51,42,2017,0,0,0,0,1,0,0,upstate,9366.14033388227
36097,2018,Q4,4,8076,1704.0,1673.0,0.0,31.0,1,0.0,Schuyler County,42.419776,-76.938603,2026.0,1778.0,1705.0,,,1.0,18336.0,47229.0,14.629101682598245,4.657504363001745,19.360820244328096,2016,0.18336,92,40.43260869565218,8.7,8.767,0,49,48,2017,0,0,0,0,1,0,0,upstate,9293.193717277487
36101,2018,Q4,4,8076,11972.0,6211.0,38.0,828.0,3,4895.0,Steuben County,42.266725,-77.385525,12864.0,12453.0,12173.0,,,3.0,98151.0,48823.0,15.081009406207269,5.656590355676458,17.463907652494626,2016,0.98151,92,39.278260869565216,9.959,7.912,0,51,45,2017,0,0,0,0,1,0,0,upstate,12197.532373587635
36103,2018,Q4,4,8076,126161.0,85107.0,998.0,22154.0,11,17902.0,Suffolk County,40.943554,-72.692218,133081.0,131658.0,129416.0,,,11.0,1498130.0,90128.0,7.254433420024059,5.402735410144647,15.249143932769519,2016,14.9813,92,48.06521739130435,11.035,5.871,0,19,38,2017,0,0,0,0,1,0,1,downstate_non_nyc,8421.231802313552
36105,2018,Q4,4,8076,7476.0,5971.0,31.0,693.0,2,781.0,Sullivan County,41.719993,-74.771577,8452.0,7332.0,6934.0,,,2.0,75818.0,52027.0,17.11280546337182,5.71236381861827,16.7387691577198,2016,0.75818,92,40.00706521739131,9.371,6.725,0,51,40,2017,0,0,0,0,1,0,0,upstate,9860.45530085204
36109,2018,Q4,4,8076,6613.0,5659.0,53.0,901.0,1,0.0,Tompkins County,42.453006,-76.473483,7203.0,6494.0,6700.0,,,1.0,104268.0,54133.0,20.07083955946649,4.230444623470288,12.176314880883876,2016,1.04268,92,41.74782608695652,10.253,10.475,0,44,53,2017,0,0,0,0,1,0,0,upstate,6342.310200636821
36111,2018,Q4,4,8076,11987.0,10572.0,67.0,1348.0,2,0.0,Ulster County,41.947212,-74.265458,13569.0,12622.0,12537.0,,,2.0,180505.0,60393.0,13.018375135366778,4.522312401318523,17.37070995263289,2016,1.80505,92,41.90054347826087,12.493,7.774,0,44,36,2017,0,0,0,0,1,0,0,upstate,6640.81327387053
36113,2018,Q4,4,8076,10664.0,8445.0,117.0,2102.0,1,0.0,Warren County,43.555105,-73.838139,12086.0,11232.0,10829.0,,,1.0,64911.0,57174.0,11.06145600575027,4.557008827471461,19.763984532667806,2016,0.64911,92,38.22717391304348,10.394,14.359,0,50,42,2017,0,0,0,0,1,0,0,upstate,16428.648457118208
36117,2018,Q4,4,8076,6092.0,5051.0,29.0,1012.0,1,0.0,Wayne County,43.218114,-77.049402,6791.0,6424.0,6384.0,,,1.0,91874.0,51627.0,11.899812009288953,5.503189150358099,16.496506084419966,2016,0.91874,92,41.72119565217391,13.536,19.375,0,43,55,2017,0,0,0,0,1,0,0,upstate,6630.820471515336
36119,2018,Q4,4,8076,82107.0,56184.0,509.0,14612.0,13,10802.0,Westchester County,41.152686,-73.745753,80864.0,79762.0,82557.0,,,13.0,969229.0,86226.0,9.791088206496799,5.707732641099265,15.646869831587788,2016,9.69229,92,45.11032608695652,8.542,5.623,0,34,39,2017,0,0,0,0,1,0,1,downstate_non_nyc,8471.372606473806
36121,2018,Q4,4,8076,3210.0,2805.0,17.0,388.0,1,0.0,Wyoming County,42.701365,-78.228576,3682.0,3242.0,3243.0,,,1.0,41239.0,53612.0,11.533729203445139,4.934649239797279,15.512015325298867,2016,0.41239,92,37.97445652173913,13.819,26.156,0,50,61,2017,0,0,0,0,1,0,0,upstate,7783.893886854676
36123,2018,Q4,4,8076,1766.0,1622.0,0.0,144.0,1,0.0,Yates County,42.638237,-77.104324,2252.0,1939.0,1962.0,,,1.0,25106.0,50105.0,13.900406248691208,5.994582968214769,18.230701824265118,2016,0.25106,92,40.77173913043478,9.473,9.619,0,44,50,2017,0,0,0,0,1,0,0,upstate,7034.175097586234
36001,2019,Q1,1,8077,42924.0,23969.0,432.0,9525.0,5,8998.0,Albany County,42.58824,-73.97401,42173.0,43614.0,41928.0,42951.0,42666.5,5.0,308580.0,62293.0,12.407096210071863,5.0703221206818325,15.598872253548512,2017,3.0858,90,27.869444444444444,10.767,40.704,0,77,48,2018,0,0,0,0,0,0,0,upstate,13910.169161967722
36003,2019,Q1,1,8077,4899.0,2508.0,17.0,242.0,2,2132.0,Allegany County,42.247853,-78.026153,4721.0,4969.0,5125.0,5290.0,5026.25,2.0,47400.0,45359.0,16.505748211798586,5.185654008438818,17.360759493670884,2017,0.474,90,25.796111111111113,11.436,41.173,0,79,59,2018,0,0,0,0,0,0,0,upstate,10335.443037974685
36005,2019,Q1,1,8077,204316.0,123844.0,277.0,24156.0,10,56039.0,Bronx County,40.848711,-73.852939,209253.0,203191.0,201587.0,210214.0,206061.25,10.0,1455846.0,36593.0,29.734235179610984,7.4321047693231295,11.764774570936762,2017,14.55846,90,35.07722222222222,15.138,35.087,0,64,44,2018,0,0,0,0,0,1,0,nyc,14034.176691765477
36007,2019,Q1,1,8077,23825.0,15294.0,108.0,4170.0,3,4253.0,Broome County,42.161977,-75.830283,23446.0,24284.0,24006.0,23818.0,23888.5,3.0,196124.0,49064.0,17.098774395129848,5.225265648263344,17.893781485182846,2017,1.96124,90,26.699444444444442,10.709,41.066,0,79,55,2018,0,0,0,0,0,0,0,upstate,12147.926821806612
36009,2019,Q1,1,8077,7945.0,6737.0,49.0,1159.0,1,0.0,Cattaraugus County,42.239099,-78.662332,7547.0,8480.0,7998.0,8308.0,8083.25,1.0,78175.0,45571.0,16.90079365079365,5.795970578829549,17.66677326511033,2017,0.78175,90,25.568333333333335,14.116,52.2,0,80,60,2018,0,0,0,0,0,0,0,upstate,10163.095618803965
36011,2019,Q1,1,8077,6152.0,5270.0,53.0,829.0,1,0.0,Cayuga County,43.008546,-76.574587,5593.0,6760.0,6700.0,6118.0,6292.75,1.0,78319.0,54664.0,11.636781920292307,5.048583357805896,17.377647824921155,2017,0.78319,90,28.878333333333334,11.416,44.315,0,75,60,2018,0,0,0,0,0,0,0,upstate,7855.054329090004
36013,2019,Q1,1,8077,16611.0,15108.0,71.0,1432.0,5,0.0,Chautauqua County,42.304216,-79.407595,10235.0,11512.0,10634.0,10725.0,10776.5,5.0,130846.0,44304.0,18.49189513708225,5.413233877993977,18.517952402060438,2017,1.30846,90,27.781666666666666,13.943,58.426,0,75,58,2018,0,0,0,0,0,0,0,upstate,12695.076654999008
36015,2019,Q1,1,8077,11582.0,7863.0,58.0,1531.0,2,2130.0,Chemung County,42.148697,-76.752471,9322.0,9870.0,9895.0,9699.0,9696.5,2.0,86883.0,51251.0,15.806904980140542,5.871114026909752,17.262295270651336,2017,0.86883,90,27.51888888888889,9.948,29.104,0,79,49,2018,0,0,0,0,0,0,0,upstate,13330.570997778621
36017,2019,Q1,1,8077,4589.0,,,,1,,Chenango County,42.478024,-75.602241,4410.0,4476.0,4271.0,4312.0,4367.25,1.0,48763.0,48567.0,14.537986823450922,5.266287964235179,19.168221807517995,2017,0.48763,90,25.534444444444443,11.315,45.642,0,81,59,2018,0,0,0,0,0,0,0,upstate,9410.823780325247
36019,2019,Q1,1,8077,10447.0,8802.0,64.0,1581.0,1,0.0,Clinton County,44.752712,-73.705643,10480.0,10971.0,10736.0,10914.0,10775.25,1.0,81224.0,52759.0,15.707291794515129,4.884024426277947,15.431399586329164,2017,0.81224,90,21.346111111111114,10.869,52.582,0,87,62,2018,0,0,0,0,0,0,0,upstate,12861.961981680292
36021,2019,Q1,1,8077,6436.0,5418.0,49.0,969.0,1,0.0,Columbia County,42.247696,-73.626718,6386.0,6933.0,6557.0,6349.0,6556.25,1.0,61481.0,61093.0,11.40893470790378,4.284250418828582,21.58878352661798,2017,0.61481,90,29.745,11.741999999999999,38.113,0,76,46,2018,0,0,0,0,0,0,0,upstate,10468.27475154926
36023,2019,Q1,1,8077,7794.0,6978.0,51.0,765.0,1,0.0,Cortland County,42.594039,-76.07624,7463.0,7661.0,7305.0,7444.0,7468.25,1.0,48334.0,52451.0,14.696149890444039,5.056481979558903,15.432200935159516,2017,0.48334,90,25.707222222222224,11.342,45.255,0,83,60,2018,0,0,0,0,0,0,0,upstate,16125.294823519676
36025,2019,Q1,1,8077,3346.0,2104.0,0.0,0.0,4,1242.0,Delaware County,42.193986,-74.966728,5606.0,6604.0,6203.0,5796.0,6052.25,4.0,45950.0,47921.0,16.494916343439446,4.095756256800871,22.772578890097932,2017,0.4595,90,25.226666666666667,11.573,48.122,0,81,59,2018,0,0,0,0,0,0,0,upstate,7281.828073993471
36027,2019,Q1,1,8077,28458.0,23061.0,255.0,5142.0,3,0.0,Dutchess County,41.754825,-73.740014,30923.0,31660.0,31029.0,30906.0,31129.5,3.0,295685.0,75585.0,9.087487633876727,4.686744339415256,16.038013426450444,2017,2.95685,90,30.908333333333335,12.669,38.391,0,72,43,2018,0,0,0,0,0,0,0,upstate,9624.43140504253
36029,2019,Q1,1,8077,101552.0,74721.0,801.0,17473.0,10,8557.0,Erie County,42.752759,-78.778192,94778.0,99611.0,97420.0,100092.0,97975.25,10.0,923995.0,54006.0,14.89006367226886,5.445159335277788,16.863402940492104,2017,9.23995,90,29.546666666666663,10.514,41.613,0,72,56,2018,0,0,0,0,0,0,0,upstate,10990.535663071769
36031,2019,Q1,1,8077,3971.0,2364.0,0.0,0.0,3,1607.0,Essex County,44.109601,-73.778431,3497.0,4820.0,3940.0,4186.0,4110.75,3.0,38233.0,55294.0,8.896747214504224,4.022702900635577,21.384667695446343,2017,0.38233,90,18.189444444444444,12.935,56.912,0,89,65,2018,0,0,0,0,0,0,0,upstate,10386.315486621505
36033,2019,Q1,1,8077,6247.0,5557.0,54.0,636.0,2,0.0,Franklin County,44.594376,-74.31067,5890.0,6739.0,6181.0,6092.0,6225.5,2.0,51054.0,50733.0,19.378512396694212,4.85368433423434,15.491440435617191,2017,0.51054,90,20.912222222222223,12.818,58.755,0,86,70,2018,0,0,0,0,0,0,0,upstate,12236.063775610139
36035,2019,Q1,1,8077,5160.0,4768.0,37.0,355.0,1,0.0,Fulton County,43.115609,-74.423678,5504.0,5905.0,5573.0,5648.0,5657.5,1.0,53955.0,48033.0,16.026442398757435,5.041238068761005,18.166991011027708,2017,0.53955,90,24.205,13.402,47.569,0,84,53,2018,0,0,0,0,0,0,0,upstate,9563.525159855435
36037,2019,Q1,1,8077,5033.0,4288.0,30.0,715.0,1,0.0,Genesee County,43.00091,-78.192778,4994.0,5478.0,5311.0,5645.0,5357.0,1.0,58537.0,54033.0,12.757993241486872,5.0617558125629944,17.59741701829612,2017,0.58537,90,28.319444444444443,10.016,42.799,0,75,59,2018,0,0,0,0,0,0,0,upstate,8597.98076430292
36045,2019,Q1,1,8077,14895.0,9781.0,71.0,1292.0,3,3751.0,Jefferson County,43.996389,-76.052968,11007.0,11463.0,10844.0,10860.0,11043.5,3.0,116567.0,50322.0,14.762499658043279,8.091483867646932,12.220439747098236,2017,1.16567,90,27.482222222222223,10.545,39.329,0,77,55,2018,0,0,0,0,0,0,0,upstate,12778.058970377551
36047,2019,Q1,1,8077,247366.0,146914.0,1062.0,25019.0,15,74371.0,Kings County,40.635045,-73.95064,248560.0,248875.0,246556.0,252787.0,249194.5,15.0,2635121.0,52782.0,21.854477837692123,7.442997873721928,12.816906699920041,2017,26.35121,90,35.83111111111111,15.775,36.488,0,59,43,2018,0,0,0,0,0,1,0,nyc,9387.272918397295
36049,2019,Q1,1,8077,2644.0,2403.0,18.0,223.0,1,0.0,Lewis County,43.782706,-75.444132,2391.0,2747.0,2641.0,2633.0,2603.0,1.0,26845.0,51475.0,14.206474983020149,6.183646861612964,16.669770907059043,2017,0.26845,90,25.517222222222223,13.059000000000001,54.371,0,81,61,2018,0,0,0,0,0,0,0,upstate,9849.133916930528
36051,2019,Q1,1,8077,3530.0,3211.0,28.0,291.0,1,0.0,Livingston County,42.729042,-77.778463,3395.0,3836.0,3635.0,3629.0,3623.75,1.0,64373.0,53654.0,14.604926176111654,4.486352974072981,16.135646932720242,2017,0.64373,90,28.766666666666666,10.3,35.912,0,75,60,2018,0,0,0,0,0,0,0,upstate,5483.665511938235
36053,2019,Q1,1,8077,7409.0,4616.0,40.0,388.0,2,2365.0,Madison County,42.910026,-75.663575,7574.0,8364.0,8140.0,8126.0,8051.0,2.0,71760.0,58365.0,11.107607291948224,4.662764771460424,16.336399108138238,2017,0.7176,90,25.598333333333333,13.647,65.20700000000001,0,81,64,2018,0,0,0,0,0,0,0,upstate,10324.69342251951
36055,2019,Q1,1,8077,80628.0,63075.0,666.0,16887.0,6,0.0,Monroe County,43.250347,-77.700518,84848.0,88349.0,86228.0,85841.0,86316.5,6.0,748680.0,55272.0,14.839395550155668,5.631778596997382,15.850162953464764,2017,7.4868,90,30.14111111111111,9.19,36.214,0,72,58,2018,0,0,0,0,0,0,0,upstate,10769.354063151146
36057,2019,Q1,1,8077,12798.0,5978.0,26.0,911.0,2,5883.0,Montgomery County,42.900891,-74.435357,13144.0,13046.0,12616.0,13057.0,12965.75,2.0,49500.0,47449.0,19.58784174444536,6.16969696969697,17.882828282828285,2017,0.495,90,26.36111111111111,11.381,39.992000000000004,0,84,50,2018,0,0,0,0,0,0,0,upstate,25854.545454545452
36059,2019,Q1,1,8077,116592.0,61834.0,1011.0,25567.0,12,28180.0,Nassau County,40.729612,-73.589414,118321.0,118183.0,116844.0,118200.0,117887.0,12.0,1363069.0,105744.0,5.854446043036956,5.45203507672759,16.76789656282991,2017,13.63069,90,35.24388888888889,16.106,43.324,0,60,42,2018,0,0,0,0,0,0,1,downstate_non_nyc,8553.638884018344
36061,2019,Q1,1,8077,279944.0,205772.0,2115.0,39184.0,17,32873.0,New York County,40.776642,-73.970187,292272.0,287114.0,281987.0,296075.0,289362.0,17.0,1653877.0,79781.0,17.265972625378865,4.963912068430724,15.280338259737574,2017,16.53877,90,35.26277777777778,14.437999999999999,34.503,0,63,43,2018,0,0,0,0,0,1,0,nyc,16926.530812146248
36063,2019,Q1,1,8077,18916.0,13350.0,60.0,1768.0,4,3738.0,Niagara County,43.272672,-78.812943,15649.0,17098.0,16507.0,16945.0,16549.75,5.0,212675.0,51656.0,13.444130466018485,5.2140590102268725,17.687551428235572,2017,2.12675,90,30.305,9.023,28.44,0,74,55,2018,0,0,0,0,0,0,0,upstate,8894.322322792994
36065,2019,Q1,1,8077,25576.0,20925.0,144.0,4507.0,3,0.0,Oneida County,43.242727,-75.434282,25180.0,26978.0,26723.0,26615.0,26374.0,3.0,232324.0,51316.0,16.602357009600947,5.757476627468535,17.655946006439283,2017,2.32324,90,25.996111111111112,14.057,49.824,0,81,57,2018,0,0,0,0,0,0,0,upstate,11008.763623215853
36067,2019,Q1,1,8077,57552.0,45712.0,437.0,11403.0,5,0.0,Onondaga County,43.006516,-76.196134,56210.0,53612.0,53852.0,51460.0,53783.5,5.0,467669.0,57271.0,14.93747187682383,5.747013379120703,15.727148902321941,2017,4.67669,90,28.193333333333335,12.38,53.302,0,78,63,2018,0,0,0,0,0,0,0,upstate,12306.139598733293
36069,2019,Q1,1,8077,13856.0,9922.0,104.0,1501.0,3,2329.0,Ontario County,42.856357,-77.303497,14134.0,15407.0,14208.0,13982.0,14432.75,3.0,109491.0,61710.0,9.749361385252005,5.052470066032825,18.198756062142092,2017,1.09491,90,28.204444444444444,9.742,39.327,0,75,60,2018,0,0,0,0,0,0,0,upstate,12654.921409065586
36071,2019,Q1,1,8077,38295.0,28269.0,307.0,6957.0,4,2762.0,Orange County,41.40241,-74.306252,37216.0,39872.0,37984.0,38402.0,38368.5,4.0,378174.0,75146.0,12.244665285879872,6.564967448846298,12.960171772781843,2017,3.78174,90,32.51555555555556,12.951,33.954,0,71,46,2018,0,0,0,0,0,0,0,upstate,10126.291072363514
36073,2019,Q1,1,8077,1685.0,,,,1,,Orleans County,43.339906,-78.207028,1697.0,1950.0,1860.0,1797.0,1826.0,1.0,41584.0,49223.0,15.880656953096844,5.090900346287033,16.460657945363604,2017,0.41584,90,30.34722222222222,9.082,33.872,0,75,55,2018,0,0,0,0,0,0,0,upstate,4052.0392458637934
36075,2019,Q1,1,8077,6271.0,5412.0,32.0,827.0,2,0.0,Oswego County,43.461443,-76.209262,6388.0,7172.0,6799.0,6792.0,6787.75,2.0,119833.0,51755.0,18.334367543851982,5.442574249163419,14.758038269925647,2017,1.19833,90,27.863888888888887,12.594,49.304,0,80,60,2018,0,0,0,0,0,0,0,upstate,5233.116086553787
36077,2019,Q1,1,8077,10336.0,8653.0,85.0,1598.0,2,0.0,Otsego County,42.629776,-75.028841,10525.0,12161.0,11286.0,10648.0,11155.0,2.0,60750.0,51254.0,16.109094829135078,4.232098765432099,19.26255144032922,2017,0.6075,90,25.439444444444447,11.642,48.505,0,81,60,2018,0,0,0,0,0,0,0,upstate,17013.991769547327
36079,2019,Q1,1,8077,6274.0,5273.0,63.0,938.0,1,0.0,Putnam County,41.427907,-73.743861,6288.0,6939.0,6693.0,6750.0,6667.5,1.0,99464.0,99608.0,4.812212557233615,4.463926646826993,15.597603152899541,2017,0.99464,90,31.71333333333333,14.006,40.209,0,72,45,2018,0,0,0,0,0,0,0,upstate,6307.809860854179
36081,2019,Q1,1,8077,192874.0,164791.0,529.0,27554.0,10,0.0,Queens County,40.654658,-73.841209,171723.0,169022.0,167298.0,180453.0,172124.0,10.0,2339280.0,62008.0,13.709565164765333,6.259703840497931,14.313720460996546,2017,23.3928,90,35.61,15.643,37.673,0,58,43,2018,0,0,0,0,0,1,0,nyc,8245.015560343354
36083,2019,Q1,1,8077,12632.0,10648.0,99.0,1885.0,1,0.0,Rensselaer County,42.710421,-73.513845,12457.0,12919.0,12029.0,11272.0,12169.25,2.0,159800.0,63166.0,12.552377363883819,5.335419274092615,15.617021276595743,2017,1.598,90,26.52611111111111,12.315,46.379999999999995,0,76,52,2018,0,0,0,0,0,0,0,upstate,7904.881101376721
36085,2019,Q1,1,8077,40470.0,14378.0,110.0,1994.0,3,23988.0,Richmond County,40.561263,-74.1399,41297.0,40463.0,40840.0,41458.0,41014.5,3.0,475948.0,76244.0,12.916871367229621,5.777311807172212,15.063410288518913,2017,4.75948,90,36.11555555555556,15.883,34.394999999999996,0,57,43,2018,0,0,0,0,0,1,0,nyc,8503.029742745006
36087,2019,Q1,1,8077,20989.0,18317.0,191.0,2481.0,2,0.0,Rockland County,41.154628,-74.024662,21185.0,22593.0,21057.0,23386.0,22055.25,2.0,325027.0,88571.0,14.219463403520926,7.60490666929209,15.102745310389597,2017,3.25027,90,33.40277777777778,13.678,35.387,0,66,47,2018,0,0,0,0,0,0,1,downstate_non_nyc,6457.617367172573
36089,2019,Q1,1,8077,14226.0,12061.0,101.0,1652.0,5,412.0,St. Lawrence County,44.488112,-75.074311,13806.0,14961.0,14502.0,14774.0,14510.75,5.0,110817.0,48330.0,19.374690027226997,5.365602750480522,15.771045958652552,2017,1.10817,90,24.229999999999997,11.298,47.016,0,83,62,2018,0,0,0,0,0,0,0,upstate,12837.38054630607
36091,2019,Q1,1,8077,9295.0,7131.0,147.0,2017.0,1,0.0,Saratoga County,43.106135,-73.855387,9322.0,10277.0,9390.0,9153.0,9535.5,1.0,226632.0,77548.0,6.59609742509132,5.20094249708779,16.489727840728584,2017,2.26632,90,27.109444444444442,10.229000000000001,38.775,0,79,42,2018,0,0,0,0,0,0,0,upstate,4101.36256133291
36093,2019,Q1,1,8077,14163.0,11561.0,58.0,2520.0,2,24.0,Schenectady County,42.817552,-74.043559,14503.0,14515.0,15454.0,16522.0,15248.5,2.0,155239.0,61315.0,12.351832876078406,5.924413323971424,16.18150078266415,2017,1.55239,90,27.826666666666668,10.342,37.729,0,82,44,2018,0,0,0,0,0,0,0,upstate,9123.351735066575
36097,2019,Q1,1,8077,1726.0,1697.0,0.0,29.0,1,0.0,Schuyler County,42.419776,-76.938603,1704.0,2026.0,1778.0,1705.0,1803.25,1.0,18112.0,47810.0,15.288135593220339,4.930432862190813,19.368374558303884,2017,0.18112,90,27.58722222222222,9.653,35.936,0,80,55,2018,0,0,0,0,0,0,0,upstate,9529.59363957597
36101,2019,Q1,1,8077,10069.0,6295.0,48.0,961.0,3,2765.0,Steuben County,42.266725,-77.385525,11972.0,12864.0,12453.0,12173.0,12365.5,3.0,97539.0,50157.0,14.527809662944799,5.677728908436626,17.930263791919128,2017,0.97539,90,26.607777777777777,9.368,33.681,0,78,52,2018,0,0,0,0,0,0,0,upstate,10323.050267072658
36103,2019,Q1,1,8077,109321.0,81847.0,1102.0,24746.0,11,1626.0,Suffolk County,40.943554,-72.692218,126161.0,133081.0,131658.0,129416.0,130079.0,11.0,1497595.0,92838.0,7.185322935058903,5.405667086228252,15.618174473071825,2017,14.97595,90,36.120000000000005,16.561,35.03,0,55,45,2018,0,0,0,0,0,0,1,downstate_non_nyc,7299.770632247037
36105,2019,Q1,1,8077,6858.0,5235.0,37.0,750.0,2,836.0,Sullivan County,41.719993,-74.771577,7476.0,8452.0,7332.0,6934.0,7548.5,2.0,75783.0,53877.0,15.879304672077211,5.6107570299407525,17.46565852499901,2017,0.75783,90,27.450555555555557,13.51,42.691,0,78,48,2018,0,0,0,0,0,0,0,upstate,9049.522980087882
36109,2019,Q1,1,8077,7039.0,5840.0,44.0,1155.0,2,0.0,Tompkins County,42.453006,-76.473483,6613.0,7203.0,6494.0,6700.0,6752.5,1.0,104415.0,56200.0,20.358718609357204,4.20724991619978,12.728056313748024,2017,1.04415,90,28.421666666666663,11.116999999999999,37.979,0,78,63,2018,0,0,0,0,0,0,0,upstate,6741.3685773116895
36111,2019,Q1,1,8077,12415.0,10880.0,88.0,1447.0,3,0.0,Ulster County,41.947212,-74.265458,11987.0,13569.0,12622.0,12537.0,12678.75,2.0,180129.0,61652.0,13.159894869369971,4.477901948048343,17.998767549922555,2017,1.80129,90,30.069444444444443,14.502,46.96,0,73,45,2018,0,0,0,0,0,0,0,upstate,6892.282752915965
36113,2019,Q1,1,8077,10838.0,8605.0,117.0,2116.0,1,0.0,Warren County,43.555105,-73.838139,10664.0,12086.0,11232.0,10829.0,11202.75,1.0,64701.0,60222.0,9.92643021851323,4.485247523222207,20.288712693775985,2017,0.64701,90,25.186666666666667,8.64,35.525,0,85,43,2018,0,0,0,0,0,0,0,upstate,16750.900295204094
36117,2019,Q1,1,8077,6446.0,5295.0,40.0,1111.0,1,0.0,Wayne County,43.218114,-77.049402,6092.0,6791.0,6424.0,6384.0,6422.75,1.0,91442.0,53693.0,11.701041227271718,5.5270007217689905,17.196692985717725,2017,0.91442,90,29.11,10.63,43.518,0,75,56,2018,0,0,0,0,0,0,0,upstate,7049.277137420441
36119,2019,Q1,1,8077,91370.0,64986.0,523.0,15995.0,13,9866.0,Westchester County,41.152686,-73.745753,82107.0,80864.0,79762.0,82557.0,81322.5,13.0,975321.0,89968.0,9.435918444521477,5.699969548487113,16.02139193147692,2017,9.75321,90,33.550555555555555,13.906,35.911,0,65,47,2018,0,0,0,0,0,0,1,downstate_non_nyc,9368.197752329746
36121,2019,Q1,1,8077,3361.0,2981.0,11.0,369.0,1,0.0,Wyoming County,42.701365,-78.228576,3210.0,3682.0,3242.0,3243.0,3344.25,1.0,40886.0,55459.0,11.421306209850107,5.133786626229027,16.06173262241354,2017,0.40886,90,26.037222222222223,11.234,48.286,0,81,62,2018,0,0,0,0,0,0,0,upstate,8220.41774690603
36123,2019,Q1,1,8077,1841.0,1712.0,0.0,129.0,1,0.0,Yates County,42.638237,-77.104324,1766.0,2252.0,1939.0,1962.0,1979.75,1.0,25083.0,51758.0,13.086699383415127,6.047920902603357,18.988956663875932,2017,0.25083,90,27.961111111111112,9.123,35.993,0,79,56,2018,0,0,0,0,0,0,0,upstate,7339.632420364391
36001,2019,Q2,2,8078,43926.0,24896.0,438.0,9591.0,5,9001.0,Albany County,42.58824,-73.97401,42924.0,42173.0,43614.0,41928.0,42659.75,5.0,308580.0,62293.0,12.407096210071863,5.0703221206818325,15.598872253548512,2017,3.0858,91,54.96538461538462,10.343,2.867,2,20,47,2018,0,0,1,0,0,0,0,upstate,14234.882364378767
36003,2019,Q2,2,8078,5096.0,2660.0,18.0,245.0,2,2173.0,Allegany County,42.247853,-78.026153,4899.0,4721.0,4969.0,5125.0,4928.5,2.0,47400.0,45359.0,16.505748211798586,5.185654008438818,17.360759493670884,2017,0.474,91,54.19395604395604,10.959999999999999,7.027,0,23,52,2018,0,0,1,0,0,0,0,upstate,10751.054852320676
36005,2019,Q2,2,8078,205847.0,123830.0,187.0,25029.0,10,56801.0,Bronx County,40.848711,-73.852939,204316.0,209253.0,203191.0,201587.0,204586.75,10.0,1455846.0,36593.0,29.734235179610984,7.4321047693231295,11.764774570936762,2017,14.55846,91,59.71758241758242,11.850999999999999,3.8579999999999997,0,7,48,2018,0,0,1,0,0,1,0,nyc,14139.338913593883
36007,2019,Q2,2,8078,25048.0,16119.0,173.0,4258.0,3,4498.0,Broome County,42.161977,-75.830283,23825.0,23446.0,24284.0,24006.0,23890.25,3.0,196124.0,49064.0,17.098774395129848,5.225265648263344,17.893781485182846,2017,1.96124,91,54.80824175824176,10.461,4.4670000000000005,1,20,51,2018,0,0,1,0,0,0,0,upstate,12771.511900634292
36009,2019,Q2,2,8078,7949.0,6744.0,68.0,1137.0,1,0.0,Cattaraugus County,42.239099,-78.662332,7945.0,7547.0,8480.0,7998.0,7992.5,1.0,78175.0,45571.0,16.90079365079365,5.795970578829549,17.66677326511033,2017,0.78175,91,53.92197802197802,12.421,7.994,0,23,53,2018,0,0,1,0,0,0,0,upstate,10168.212344099777
36011,2019,Q2,2,8078,6035.0,5307.0,61.0,667.0,1,0.0,Cayuga County,43.008546,-76.574587,6152.0,5593.0,6760.0,6700.0,6301.25,1.0,78319.0,54664.0,11.636781920292307,5.048583357805896,17.377647824921155,2017,0.78319,91,56.839010989010994,10.267,3.915,2,21,52,2018,0,0,1,0,0,0,0,upstate,7705.665291947038
36013,2019,Q2,2,8078,16829.0,15442.0,81.0,1306.0,5,0.0,Chautauqua County,42.304216,-79.407595,16611.0,10235.0,11512.0,10634.0,12248.0,5.0,130846.0,44304.0,18.49189513708225,5.413233877993977,18.517952402060438,2017,1.30846,91,55.822527472527476,13.946,8.488,0,22,53,2018,0,0,1,0,0,0,0,upstate,12861.684728612261
36015,2019,Q2,2,8078,11923.0,8251.0,70.0,1493.0,2,2109.0,Chemung County,42.148697,-76.752471,11582.0,9322.0,9870.0,9895.0,10167.25,2.0,86883.0,51251.0,15.806904980140542,5.871114026909752,17.262295270651336,2017,0.86883,91,55.847802197802196,8.801,3.585,3,20,49,2018,0,0,1,0,0,0,0,upstate,13723.052841177216
36017,2019,Q2,2,8078,4397.0,,,,1,,Chenango County,42.478024,-75.602241,4589.0,4410.0,4476.0,4271.0,4436.5,1.0,48763.0,48567.0,14.537986823450922,5.266287964235179,19.168221807517995,2017,0.48763,91,53.50659340659341,10.102,7.1129999999999995,0,21,55,2018,0,0,1,0,0,0,0,upstate,9017.082624120747
36019,2019,Q2,2,8078,10518.0,8913.0,80.0,1525.0,1,0.0,Clinton County,44.752712,-73.705643,10447.0,10480.0,10971.0,10736.0,10658.5,1.0,81224.0,52759.0,15.707291794515129,4.884024426277947,15.431399586329164,2017,0.81224,91,50.136263736263736,11.06,12.653,0,24,55,2018,0,0,1,0,0,0,0,upstate,12949.374569092877
36021,2019,Q2,2,8078,6700.0,5662.0,45.0,993.0,1,0.0,Columbia County,42.247696,-73.626718,6436.0,6386.0,6933.0,6557.0,6578.0,1.0,61481.0,61093.0,11.40893470790378,4.284250418828582,21.58878352661798,2017,0.61481,91,56.284065934065936,10.008000000000001,2.371,1,18,46,2018,0,0,1,0,0,0,0,upstate,10897.675704689254
36023,2019,Q2,2,8078,7277.0,6415.0,56.0,806.0,1,0.0,Cortland County,42.594039,-76.07624,7794.0,7463.0,7661.0,7305.0,7555.75,1.0,48334.0,52451.0,14.696149890444039,5.056481979558903,15.432200935159516,2017,0.48334,91,53.751098901098906,11.297,7.746,0,21,51,2018,0,0,1,0,0,0,0,upstate,15055.65440476683
36025,2019,Q2,2,8078,3662.0,2366.0,0.0,0.0,4,1296.0,Delaware County,42.193986,-74.966728,3346.0,5606.0,6604.0,6203.0,5439.75,4.0,45950.0,47921.0,16.494916343439446,4.095756256800871,22.772578890097932,2017,0.4595,91,52.104945054945055,11.816,10.803,0,22,53,2018,0,0,1,0,0,0,0,upstate,7969.532100108814
36027,2019,Q2,2,8078,31546.0,25636.0,299.0,5611.0,3,0.0,Dutchess County,41.754825,-73.740014,28458.0,30923.0,31660.0,31029.0,30517.5,3.0,295685.0,75585.0,9.087487633876727,4.686744339415256,16.038013426450444,2017,2.95685,91,56.72472527472527,11.28,3.087,1,17,49,2018,0,0,1,0,0,0,0,upstate,10668.786039197119
36029,2019,Q2,2,8078,105148.0,77766.0,969.0,17323.0,10,9090.0,Erie County,42.752759,-78.778192,101552.0,94778.0,99611.0,97420.0,98340.25,10.0,923995.0,54006.0,14.89006367226886,5.445159335277788,16.863402940492104,2017,9.23995,91,55.78681318681319,10.859,7.332,0,18,48,2018,0,0,1,0,0,0,0,upstate,11379.715258199449
36031,2019,Q2,2,8078,3928.0,2294.0,0.0,0.0,3,1634.0,Essex County,44.109601,-73.778431,3971.0,3497.0,4820.0,3940.0,4057.0,3.0,38233.0,55294.0,8.896747214504224,4.022702900635577,21.384667695446343,2017,0.38233,91,46.247252747252745,12.32,18.877,0,28,51,2018,0,0,1,0,0,0,0,upstate,10273.847200062773
36033,2019,Q2,2,8078,6316.0,5650.0,58.0,608.0,2,0.0,Franklin County,44.594376,-74.31067,6247.0,5890.0,6739.0,6181.0,6264.25,2.0,51054.0,50733.0,19.378512396694212,4.85368433423434,15.491440435617191,2017,0.51054,91,49.65934065934066,13.067,17.005,0,23,58,2018,0,0,1,0,0,0,0,upstate,12371.214792180828
36035,2019,Q2,2,8078,5425.0,5038.0,35.0,352.0,1,0.0,Fulton County,43.115609,-74.423678,5160.0,5504.0,5905.0,5573.0,5535.5,1.0,53955.0,48033.0,16.026442398757435,5.041238068761005,18.166991011027708,2017,0.53955,91,52.34120879120879,12.283,8.903,0,21,48,2018,0,0,1,0,0,0,0,upstate,10054.675192289871
36037,2019,Q2,2,8078,5260.0,4475.0,36.0,749.0,1,0.0,Genesee County,43.00091,-78.192778,5033.0,4994.0,5478.0,5311.0,5204.0,1.0,58537.0,54033.0,12.757993241486872,5.0617558125629944,17.59741701829612,2017,0.58537,91,56.18296703296703,10.488,6.917000000000001,0,20,50,2018,0,0,1,0,0,0,0,upstate,8985.769684131405
36045,2019,Q2,2,8078,15058.0,9800.0,96.0,1373.0,3,3789.0,Jefferson County,43.996389,-76.052968,14895.0,11007.0,11463.0,10844.0,12052.25,3.0,116567.0,50322.0,14.762499658043279,8.091483867646932,12.220439747098236,2017,1.16567,91,53.99175824175824,8.784,3.1430000000000002,0,18,44,2018,0,0,1,0,0,0,0,upstate,12917.892714061441
36047,2019,Q2,2,8078,247111.0,146508.0,819.0,25188.0,15,74596.0,Kings County,40.635045,-73.95064,247366.0,248560.0,248875.0,246556.0,247839.25,15.0,2635121.0,52782.0,21.854477837692123,7.442997873721928,12.816906699920041,2017,26.35121,91,59.62197802197802,12.600999999999999,3.5269999999999997,0,7,50,2018,0,0,1,0,0,1,0,nyc,9377.595943412085
36049,2019,Q2,2,8078,2790.0,2522.0,27.0,241.0,1,0.0,Lewis County,43.782706,-75.444132,2644.0,2391.0,2747.0,2641.0,2605.75,1.0,26845.0,51475.0,14.206474983020149,6.183646861612964,16.669770907059043,2017,0.26845,91,54.54450549450549,8.094,5.954000000000001,1,20,52,2018,0,0,1,0,0,0,0,upstate,10392.9968336748
36051,2019,Q2,2,8078,3775.0,3473.0,44.0,258.0,1,0.0,Livingston County,42.729042,-77.778463,3530.0,3395.0,3836.0,3635.0,3599.0,1.0,64373.0,53654.0,14.604926176111654,4.486352974072981,16.135646932720242,2017,0.64373,91,56.767582417582425,10.042,4.466,2,20,48,2018,0,0,1,0,0,0,0,upstate,5864.2598605005205
36053,2019,Q2,2,8078,7871.0,5057.0,38.0,358.0,2,2418.0,Madison County,42.910026,-75.663575,7409.0,7574.0,8364.0,8140.0,7871.75,2.0,71760.0,58365.0,11.107607291948224,4.662764771460424,16.336399108138238,2017,0.7176,91,53.41318681318682,9.378,11.520999999999999,0,22,57,2018,0,0,1,0,0,0,0,upstate,10968.50613154961
36055,2019,Q2,2,8078,82906.0,65198.0,723.0,16985.0,6,0.0,Monroe County,43.250347,-77.700518,80628.0,84848.0,88349.0,86228.0,85013.25,6.0,748680.0,55272.0,14.839395550155668,5.631778596997382,15.850162953464764,2017,7.4868,91,55.293406593406594,9.56,4.989,1,17,44,2018,0,0,1,0,0,0,0,upstate,11073.622909654325
36057,2019,Q2,2,8078,12538.0,6074.0,29.0,834.0,2,5601.0,Montgomery County,42.900891,-74.435357,12798.0,13144.0,13046.0,12616.0,12901.0,2.0,49500.0,47449.0,19.58784174444536,6.16969696969697,17.882828282828285,2017,0.495,91,54.46373626373626,11.246,2.731,2,22,45,2018,0,0,1,0,0,0,0,upstate,25329.29292929293
36059,2019,Q2,2,8078,118976.0,63248.0,918.0,25773.0,12,29037.0,Nassau County,40.729612,-73.589414,116592.0,118321.0,118183.0,116844.0,117485.0,12.0,1363069.0,105744.0,5.854446043036956,5.45203507672759,16.76789656282991,2017,13.63069,91,59.059890109890105,11.329,3.583,0,7,48,2018,0,0,1,0,0,0,1,downstate_non_nyc,8728.538320510554
36061,2019,Q2,2,8078,273967.0,198575.0,1943.0,39984.0,17,33465.0,New York County,40.776642,-73.970187,279944.0,292272.0,287114.0,281987.0,285329.25,17.0,1653877.0,79781.0,17.265972625378865,4.963912068430724,15.280338259737574,2017,16.53877,91,60.06373626373627,11.603,3.858,0,7,50,2018,0,0,1,0,0,1,0,nyc,16565.13755255076
36063,2019,Q2,2,8078,19726.0,14095.0,78.0,1700.0,4,3853.0,Niagara County,43.272672,-78.812943,18916.0,15649.0,17098.0,16507.0,17042.5,4.0,212675.0,51656.0,13.444130466018485,5.2140590102268725,17.687551428235572,2017,2.12675,91,56.06318681318681,9.858,4.769,1,18,42,2018,0,0,1,0,0,0,0,upstate,9275.185141648055
36065,2019,Q2,2,8078,25096.0,20580.0,107.0,4409.0,3,0.0,Oneida County,43.242727,-75.434282,25576.0,25180.0,26978.0,26723.0,26114.25,3.0,232324.0,51316.0,16.602357009600947,5.757476627468535,17.655946006439283,2017,2.32324,91,54.67472527472527,10.978,3.418,2,22,45,2018,0,0,1,0,0,0,0,upstate,10802.155610268419
36067,2019,Q2,2,8078,57786.0,46084.0,443.0,11259.0,5,0.0,Onondaga County,43.006516,-76.196134,57552.0,56210.0,53612.0,53852.0,55306.5,5.0,467669.0,57271.0,14.93747187682383,5.747013379120703,15.727148902321941,2017,4.67669,91,55.871428571428574,9.865,7.302,2,21,51,2018,0,0,1,0,0,0,0,upstate,12356.174987010043
36069,2019,Q2,2,8078,14603.0,10471.0,123.0,1551.0,3,2458.0,Ontario County,42.856357,-77.303497,13856.0,14134.0,15407.0,14208.0,14401.25,3.0,109491.0,61710.0,9.749361385252005,5.052470066032825,18.198756062142092,2017,1.09491,91,56.53021978021978,9.358,4.2989999999999995,2,19,47,2018,0,0,1,0,0,0,0,upstate,13337.16926505375
36071,2019,Q2,2,8078,38907.0,28895.0,343.0,6804.0,4,2865.0,Orange County,41.40241,-74.306252,38295.0,37216.0,39872.0,37984.0,38341.75,4.0,378174.0,75146.0,12.244665285879872,6.564967448846298,12.960171772781843,2017,3.78174,91,57.81043956043956,11.794,3.169,2,14,51,2018,0,0,1,0,0,0,0,upstate,10288.12134097003
36073,2019,Q2,2,8078,1758.0,,,,1,,Orleans County,43.339906,-78.207028,1685.0,1697.0,1950.0,1860.0,1798.0,1.0,41584.0,49223.0,15.880656953096844,5.090900346287033,16.460657945363604,2017,0.41584,91,55.20934065934066,9.554,4.438,1,17,43,2018,0,0,1,0,0,0,0,upstate,4227.587533666795
36075,2019,Q2,2,8078,6545.0,5701.0,33.0,811.0,2,0.0,Oswego County,43.461443,-76.209262,6271.0,6388.0,7172.0,6799.0,6657.5,2.0,119833.0,51755.0,18.334367543851982,5.442574249163419,14.758038269925647,2017,1.19833,91,54.464285714285715,8.703,3.802,1,19,44,2018,0,0,1,0,0,0,0,upstate,5461.767626613704
36077,2019,Q2,2,8078,11027.0,9372.0,109.0,1546.0,2,0.0,Otsego County,42.629776,-75.028841,10336.0,10525.0,12161.0,11286.0,11077.0,2.0,60750.0,51254.0,16.109094829135078,4.232098765432099,19.26255144032922,2017,0.6075,91,52.93021978021978,10.307,7.774000000000001,0,22,52,2018,0,0,1,0,0,0,0,upstate,18151.44032921811
36079,2019,Q2,2,8078,6700.0,5714.0,73.0,913.0,1,0.0,Putnam County,41.427907,-73.743861,6274.0,6288.0,6939.0,6693.0,6548.5,1.0,99464.0,99608.0,4.812212557233615,4.463926646826993,15.597603152899541,2017,0.99464,91,57.02527472527473,11.404,4.134,0,14,52,2018,0,0,1,0,0,0,0,upstate,6736.105525617309
36081,2019,Q2,2,8078,189912.0,162425.0,528.0,26959.0,10,0.0,Queens County,40.654658,-73.841209,192874.0,171723.0,169022.0,167298.0,175229.25,10.0,2339280.0,62008.0,13.709565164765333,6.259703840497931,14.313720460996546,2017,23.3928,91,58.785714285714285,11.347999999999999,3.4450000000000003,0,7,50,2018,0,0,1,0,0,1,0,nyc,8118.395403713963
36083,2019,Q2,2,8078,12539.0,10698.0,57.0,1784.0,1,0.0,Rensselaer County,42.710421,-73.513845,12632.0,12457.0,12919.0,12029.0,12509.25,1.0,159800.0,63166.0,12.552377363883819,5.335419274092615,15.617021276595743,2017,1.598,91,53.956593406593406,11.066,6.503,0,21,48,2018,0,0,1,0,0,0,0,upstate,7846.683354192741
36085,2019,Q2,2,8078,40845.0,14189.0,203.0,1968.0,3,24485.0,Richmond County,40.561263,-74.1399,40470.0,41297.0,40463.0,40840.0,40767.5,3.0,475948.0,76244.0,12.916871367229621,5.777311807172212,15.063410288518913,2017,4.75948,91,59.793956043956044,12.809000000000001,3.5,0,5,47,2018,0,0,1,0,0,1,0,nyc,8581.819862674074
36087,2019,Q2,2,8078,21682.0,18699.0,230.0,2753.0,2,0.0,Rockland County,41.154628,-74.024662,20989.0,21185.0,22593.0,21057.0,21456.0,2.0,325027.0,88571.0,14.219463403520926,7.60490666929209,15.102745310389597,2017,3.25027,91,58.63186813186813,12.539,4.079,2,9,49,2018,0,0,1,0,0,0,1,downstate_non_nyc,6670.830423318678
36089,2019,Q2,2,8078,14840.0,12703.0,123.0,1609.0,5,405.0,St. Lawrence County,44.488112,-75.074311,14226.0,13806.0,14961.0,14502.0,14373.75,5.0,110817.0,48330.0,19.374690027226997,5.365602750480522,15.771045958652552,2017,1.10817,91,53.36648351648352,12.093,9.648,0,22,51,2018,0,0,1,0,0,0,0,upstate,13391.447160634198
36091,2019,Q2,2,8078,9869.0,7744.0,133.0,1992.0,1,0.0,Saratoga County,43.106135,-73.855387,9295.0,9322.0,10277.0,9390.0,9571.0,1.0,226632.0,77548.0,6.59609742509132,5.20094249708779,16.489727840728584,2017,2.26632,91,55.17692307692308,11.108,5.403,2,21,48,2018,0,0,1,0,0,0,0,upstate,4354.636591478697
36093,2019,Q2,2,8078,13775.0,11204.0,60.0,2498.0,2,13.0,Schenectady County,42.817552,-74.043559,14163.0,14503.0,14515.0,15454.0,14658.75,2.0,155239.0,61315.0,12.351832876078406,5.924413323971424,16.18150078266415,2017,1.55239,91,55.120879120879124,10.516,2.618,2,21,45,2018,0,0,1,0,0,0,0,upstate,8873.414541448992
36097,2019,Q2,2,8078,1933.0,1908.0,0.0,25.0,1,0.0,Schuyler County,42.419776,-76.938603,1726.0,1704.0,2026.0,1778.0,1808.5,1.0,18112.0,47810.0,15.288135593220339,4.930432862190813,19.368374558303884,2017,0.18112,91,55.51813186813187,9.465,4.2170000000000005,2,20,50,2018,0,0,1,0,0,0,0,upstate,10672.482332155476
36101,2019,Q2,2,8078,10292.0,6450.0,70.0,924.0,3,2848.0,Steuben County,42.266725,-77.385525,10069.0,11972.0,12864.0,12453.0,11839.5,3.0,97539.0,50157.0,14.527809662944799,5.677728908436626,17.930263791919128,2017,0.97539,91,55.08571428571429,9.812,4.493,1,23,51,2018,0,0,1,0,0,0,0,upstate,10551.67676519136
36103,2019,Q2,2,8078,113732.0,85527.0,1130.0,25075.0,11,2000.0,Suffolk County,40.943554,-72.692218,109321.0,126161.0,133081.0,131658.0,125055.25,11.0,1497595.0,92838.0,7.185322935058903,5.405667086228252,15.618174473071825,2017,14.97595,91,58.70384615384616,10.102,3.445,0,5,43,2018,0,0,1,0,0,0,1,downstate_non_nyc,7594.309542967225
36105,2019,Q2,2,8078,7584.0,5938.0,59.0,742.0,2,845.0,Sullivan County,41.719993,-74.771577,6858.0,7476.0,8452.0,7332.0,7529.5,2.0,75783.0,53877.0,15.879304672077211,5.6107570299407525,17.46565852499901,2017,0.75783,91,54.25879120879121,11.053,6.589,0,21,52,2018,0,0,1,0,0,0,0,upstate,10007.521475792724
36109,2019,Q2,2,8078,6437.0,5415.0,59.0,963.0,2,0.0,Tompkins County,42.453006,-76.473483,7039.0,6613.0,7203.0,6494.0,6837.25,2.0,104415.0,56200.0,20.358718609357204,4.20724991619978,12.728056313748024,2017,1.04415,91,55.81208791208791,9.812,4.63,2,19,48,2018,0,0,1,0,0,0,0,upstate,6164.82306182062
36111,2019,Q2,2,8078,12744.0,11314.0,70.0,1360.0,3,0.0,Ulster County,41.947212,-74.265458,12415.0,11987.0,13569.0,12622.0,12648.25,3.0,180129.0,61652.0,13.159894869369971,4.477901948048343,17.998767549922555,2017,1.80129,91,56.5945054945055,12.621,8.269,1,18,51,2018,0,0,1,0,0,0,0,upstate,7074.929633762471
36113,2019,Q2,2,8078,11206.0,9104.0,107.0,1995.0,1,0.0,Warren County,43.555105,-73.838139,10838.0,10664.0,12086.0,11232.0,11205.0,1.0,64701.0,60222.0,9.92643021851323,4.485247523222207,20.288712693775985,2017,0.64701,91,54.10934065934066,9.075,4.825,2,22,43,2018,0,0,1,0,0,0,0,upstate,17319.670484227445
36117,2019,Q2,2,8078,6587.0,5453.0,34.0,1100.0,1,0.0,Wayne County,43.218114,-77.049402,6446.0,6092.0,6791.0,6424.0,6438.25,1.0,91442.0,53693.0,11.701041227271718,5.5270007217689905,17.196692985717725,2017,0.91442,91,56.175824175824175,8.181000000000001,2.976,3,18,47,2018,0,0,1,0,0,0,0,upstate,7203.473239867894
36119,2019,Q2,2,8078,92199.0,65380.0,609.0,16382.0,13,9828.0,Westchester County,41.152686,-73.745753,91370.0,82107.0,80864.0,79762.0,83525.75,13.0,975321.0,89968.0,9.435918444521477,5.699969548487113,16.02139193147692,2017,9.75321,91,58.53241758241758,10.28,4.051,0,9,51,2018,0,0,1,0,0,0,1,downstate_non_nyc,9453.19540951133
36121,2019,Q2,2,8078,3656.0,3315.0,22.0,319.0,1,0.0,Wyoming County,42.701365,-78.228576,3361.0,3210.0,3682.0,3242.0,3373.75,1.0,40886.0,55459.0,11.421306209850107,5.133786626229027,16.06173262241354,2017,0.40886,91,54.34395604395605,9.7,8.708,0,22,50,2018,0,0,1,0,0,0,0,upstate,8941.936115051607
36123,2019,Q2,2,8078,2005.0,1915.0,0.0,90.0,1,0.0,Yates County,42.638237,-77.104324,1841.0,1766.0,2252.0,1939.0,1949.5,1.0,25083.0,51758.0,13.086699383415127,6.047920902603357,18.988956663875932,2017,0.25083,91,56.315384615384616,9.33,4.107,2,19,48,2018,0,0,1,0,0,0,0,upstate,7993.461707132321
36001,2019,Q3,3,8079,43800.0,24527.0,361.0,9859.0,5,9053.0,Albany County,42.58824,-73.97401,43926.0,42924.0,42173.0,43614.0,43159.25,5.0,308580.0,62293.0,12.407096210071863,5.0703221206818325,15.598872253548512,2017,3.0858,92,69.88967391304348,18.763,0.0,4,0,55,2018,0,0,0,1,0,0,0,upstate,14194.050165273187
36003,2019,Q3,3,8079,5051.0,2658.0,14.0,245.0,2,2134.0,Allegany County,42.247853,-78.026153,5096.0,4899.0,4721.0,4969.0,4921.25,2.0,47400.0,45359.0,16.505748211798586,5.185654008438818,17.360759493670884,2017,0.474,92,67.2625,16.002,0.0,0,0,68,2018,0,0,0,1,0,0,0,upstate,10656.118143459915
36005,2019,Q3,3,8079,195312.0,115557.0,157.0,24590.0,10,55008.0,Bronx County,40.848711,-73.852939,205847.0,204316.0,209253.0,203191.0,205651.75,10.0,1455846.0,36593.0,29.734235179610984,7.4321047693231295,11.764774570936762,2017,14.55846,92,74.12826086956522,21.762,0.0,7,0,58,2018,0,0,0,1,0,1,0,nyc,13415.704683050268
36007,2019,Q3,3,8079,25671.0,16532.0,270.0,4176.0,3,4693.0,Broome County,42.161977,-75.830283,25048.0,23825.0,23446.0,24284.0,24150.75,3.0,196124.0,49064.0,17.098774395129848,5.225265648263344,17.893781485182846,2017,1.96124,92,68.52228260869565,20.8,0.0,2,0,61,2018,0,0,0,1,0,0,0,upstate,13089.168077338825
36009,2019,Q3,3,8079,8130.0,6912.0,43.0,1175.0,1,0.0,Cattaraugus County,42.239099,-78.662332,7949.0,7945.0,7547.0,8480.0,7980.25,1.0,78175.0,45571.0,16.90079365079365,5.795970578829549,17.66677326511033,2017,0.78175,92,67.03152173913043,15.286,0.0,0,0,66,2018,0,0,0,1,0,0,0,upstate,10399.74416373521
36011,2019,Q3,3,8079,5713.0,5285.0,48.0,380.0,1,0.0,Cayuga County,43.008546,-76.574587,6035.0,6152.0,5593.0,6760.0,6135.0,1.0,78319.0,54664.0,11.636781920292307,5.048583357805896,17.377647824921155,2017,0.78319,92,71.7483695652174,14.658,0.0,9,0,55,2018,0,0,0,1,0,0,0,upstate,7294.526232459557
36013,2019,Q3,3,8079,18727.0,17027.0,86.0,1614.0,5,0.0,Chautauqua County,42.304216,-79.407595,16829.0,16611.0,10235.0,11512.0,13796.75,5.0,130846.0,44304.0,18.49189513708225,5.413233877993977,18.517952402060438,2017,1.30846,92,69.52826086956522,14.765,0.0,0,0,60,2018,0,0,0,1,0,0,0,upstate,14312.244929153356
36015,2019,Q3,3,8079,12420.0,8679.0,71.0,1629.0,2,2041.0,Chemung County,42.148697,-76.752471,11923.0,11582.0,9322.0,9870.0,10674.25,2.0,86883.0,51251.0,15.806904980140542,5.871114026909752,17.262295270651336,2017,0.86883,92,69.2070652173913,22.283,0.0,3,0,61,2018,0,0,0,1,0,0,0,upstate,14295.086495632057
36017,2019,Q3,3,8079,4465.0,,,,1,,Chenango County,42.478024,-75.602241,4397.0,4589.0,4410.0,4476.0,4468.0,1.0,48763.0,48567.0,14.537986823450922,5.266287964235179,19.168221807517995,2017,0.48763,92,67.60217391304347,21.534,0.0,2,0,60,2018,0,0,0,1,0,0,0,upstate,9156.532616943174
36019,2019,Q3,3,8079,10279.0,8683.0,101.0,1495.0,1,0.0,Clinton County,44.752712,-73.705643,10518.0,10447.0,10480.0,10971.0,10604.0,1.0,81224.0,52759.0,15.707291794515129,4.884024426277947,15.431399586329164,2017,0.81224,92,67.17282608695652,7.849,0.0,2,0,49,2018,0,0,0,1,0,0,0,upstate,12655.126563577269
36021,2019,Q3,3,8079,6831.0,5892.0,59.0,880.0,1,0.0,Columbia County,42.247696,-73.626718,6700.0,6436.0,6386.0,6933.0,6613.75,1.0,61481.0,61093.0,11.40893470790378,4.284250418828582,21.58878352661798,2017,0.61481,92,71.67826086956521,18.168,0.0,8,0,52,2018,0,0,0,1,0,0,0,upstate,11110.749662497357
36023,2019,Q3,3,8079,7468.0,6725.0,41.0,702.0,1,0.0,Cortland County,42.594039,-76.07624,7277.0,7794.0,7463.0,7661.0,7548.75,1.0,48334.0,52451.0,14.696149890444039,5.056481979558903,15.432200935159516,2017,0.48334,92,67.67554347826086,18.782,0.0,2,0,63,2018,0,0,0,1,0,0,0,upstate,15450.821367981132
36025,2019,Q3,3,8079,3908.0,2368.0,0.0,0.0,4,1540.0,Delaware County,42.193986,-74.966728,3662.0,3346.0,5606.0,6604.0,4804.5,4.0,45950.0,47921.0,16.494916343439446,4.095756256800871,22.772578890097932,2017,0.4595,92,66.44782608695652,22.554000000000002,0.0,0,0,60,2018,0,0,0,1,0,0,0,upstate,8504.896626768226
36027,2019,Q3,3,8079,31407.0,25527.0,304.0,5576.0,3,0.0,Dutchess County,41.754825,-73.740014,31546.0,28458.0,30923.0,31660.0,30646.75,3.0,295685.0,75585.0,9.087487633876727,4.686744339415256,16.038013426450444,2017,2.95685,92,71.09619565217392,17.528,0.0,9,0,53,2018,0,0,0,1,0,0,0,upstate,10621.776552750394
36029,2019,Q3,3,8079,106356.0,78959.0,1104.0,16436.0,10,9857.0,Erie County,42.752759,-78.778192,105148.0,101552.0,94778.0,99611.0,100272.25,10.0,923995.0,54006.0,14.89006367226886,5.445159335277788,16.863402940492104,2017,9.23995,92,71.13423913043479,11.999,0.0,0,0,57,2018,0,0,0,1,0,0,0,upstate,11510.451896384722
36031,2019,Q3,3,8079,5032.0,3092.0,0.0,0.0,3,1940.0,Essex County,44.109601,-73.778431,3928.0,3971.0,3497.0,4820.0,4054.0,3.0,38233.0,55294.0,8.896747214504224,4.022702900635577,21.384667695446343,2017,0.38233,92,62.810869565217395,11.095,0.0,0,0,51,2018,0,0,0,1,0,0,0,upstate,13161.405068919521
36033,2019,Q3,3,8079,7036.0,6367.0,70.0,599.0,2,0.0,Franklin County,44.594376,-74.31067,6316.0,6247.0,5890.0,6739.0,6298.0,2.0,51054.0,50733.0,19.378512396694212,4.85368433423434,15.491440435617191,2017,0.51054,92,66.32663043478261,9.737,0.0,3,0,55,2018,0,0,0,1,0,0,0,upstate,13781.486269440202
36035,2019,Q3,3,8079,5849.0,5507.0,32.0,310.0,1,0.0,Fulton County,43.115609,-74.423678,5425.0,5160.0,5504.0,5905.0,5498.5,1.0,53955.0,48033.0,16.026442398757435,5.041238068761005,18.166991011027708,2017,0.53955,92,68.01358695652173,16.65,0.0,2,0,53,2018,0,0,0,1,0,0,0,upstate,10840.515244184968
36037,2019,Q3,3,8079,5369.0,4650.0,20.0,699.0,1,0.0,Genesee County,43.00091,-78.192778,5260.0,5033.0,4994.0,5478.0,5191.25,1.0,58537.0,54033.0,12.757993241486872,5.0617558125629944,17.59741701829612,2017,0.58537,92,70.98532608695652,11.003,0.0,4,0,56,2018,0,0,0,1,0,0,0,upstate,9171.976698498385
36045,2019,Q3,3,8079,14826.0,9366.0,74.0,1426.0,3,3960.0,Jefferson County,43.996389,-76.052968,15058.0,14895.0,11007.0,11463.0,13105.75,3.0,116567.0,50322.0,14.762499658043279,8.091483867646932,12.220439747098236,2017,1.16567,92,71.00815217391305,11.612,0.0,2,0,50,2018,0,0,0,1,0,0,0,upstate,12718.86554513713
36047,2019,Q3,3,8079,239904.0,144032.0,1009.0,25484.0,15,69379.0,Kings County,40.635045,-73.95064,247111.0,247366.0,248560.0,248875.0,247978.0,15.0,2635121.0,52782.0,21.854477837692123,7.442997873721928,12.816906699920041,2017,26.35121,92,73.94347826086957,22.276,0.0,2,0,56,2018,0,0,0,1,0,1,0,nyc,9104.098066085011
36049,2019,Q3,3,8079,2795.0,2529.0,22.0,244.0,1,0.0,Lewis County,43.782706,-75.444132,2790.0,2644.0,2391.0,2747.0,2643.0,1.0,26845.0,51475.0,14.206474983020149,6.183646861612964,16.669770907059043,2017,0.26845,92,70.2038043478261,7.904,0.0,4,0,54,2018,0,0,0,1,0,0,0,upstate,10411.622276029057
36051,2019,Q3,3,8079,3956.0,3573.0,35.0,348.0,1,0.0,Livingston County,42.729042,-77.778463,3775.0,3530.0,3395.0,3836.0,3634.0,1.0,64373.0,53654.0,14.604926176111654,4.486352974072981,16.135646932720242,2017,0.64373,92,70.88152173913043,13.583,0.0,4,0,57,2018,0,0,0,1,0,0,0,upstate,6145.433644540413
36053,2019,Q3,3,8079,8160.0,5117.0,47.0,387.0,2,2609.0,Madison County,42.910026,-75.663575,7871.0,7409.0,7574.0,8364.0,7804.5,2.0,71760.0,58365.0,11.107607291948224,4.662764771460424,16.336399108138238,2017,0.7176,92,68.12717391304348,14.053,0.0,3,0,60,2018,0,0,0,1,0,0,0,upstate,11371.237458193978
36055,2019,Q3,3,8079,82197.0,64546.0,687.0,16964.0,6,0.0,Monroe County,43.250347,-77.700518,82906.0,80628.0,84848.0,88349.0,84182.75,6.0,748680.0,55272.0,14.839395550155668,5.631778596997382,15.850162953464764,2017,7.4868,92,72.05923913043478,10.222,0.0,5,0,54,2018,0,0,0,1,0,0,0,upstate,10978.922904311588
36057,2019,Q3,3,8079,12233.0,5989.0,38.0,787.0,2,5419.0,Montgomery County,42.900891,-74.435357,12538.0,12798.0,13144.0,13046.0,12881.5,2.0,49500.0,47449.0,19.58784174444536,6.16969696969697,17.882828282828285,2017,0.495,92,70.24239130434783,15.264,0.0,9,0,52,2018,0,0,0,1,0,0,0,upstate,24713.13131313131
36059,2019,Q3,3,8079,120903.0,65040.0,957.0,25625.0,12,29281.0,Nassau County,40.729612,-73.589414,118976.0,116592.0,118321.0,118183.0,118018.0,12.0,1363069.0,105744.0,5.854446043036956,5.45203507672759,16.76789656282991,2017,13.63069,92,73.41358695652174,21.513,0.0,4,0,58,2018,0,0,0,1,0,0,1,downstate_non_nyc,8869.910474084585
36061,2019,Q3,3,8079,267927.0,193260.0,1057.0,40038.0,17,33572.0,New York County,40.776642,-73.970187,273967.0,279944.0,292272.0,287114.0,283324.25,17.0,1653877.0,79781.0,17.265972625378865,4.963912068430724,15.280338259737574,2017,16.53877,92,74.11902173913043,23.735,0.0,6,0,60,2018,0,0,0,1,0,1,0,nyc,16199.935061676291
36063,2019,Q3,3,8079,20100.0,14428.0,89.0,1643.0,4,3940.0,Niagara County,43.272672,-78.812943,19726.0,18916.0,15649.0,17098.0,17847.25,4.0,212675.0,51656.0,13.444130466018485,5.2140590102268725,17.687551428235572,2017,2.12675,92,72.61576086956522,9.766,0.0,4,0,54,2018,0,0,0,1,0,0,0,upstate,9451.040319736689
36065,2019,Q3,3,8079,23149.0,18897.0,105.0,4147.0,3,0.0,Oneida County,43.242727,-75.434282,25096.0,25576.0,25180.0,26978.0,25707.5,3.0,232324.0,51316.0,16.602357009600947,5.757476627468535,17.655946006439283,2017,2.32324,92,70.14402173913044,16.889,0.0,5,0,55,2018,0,0,0,1,0,0,0,upstate,9964.101857750384
36067,2019,Q3,3,8079,58233.0,46431.0,499.0,11303.0,5,0.0,Onondaga County,43.006516,-76.196134,57786.0,57552.0,56210.0,53612.0,56290.0,5.0,467669.0,57271.0,14.93747187682383,5.747013379120703,15.727148902321941,2017,4.67669,92,70.7804347826087,15.751,0.0,5,0,57,2018,0,0,0,1,0,0,0,upstate,12451.755408205376
36069,2019,Q3,3,8079,15362.0,11310.0,123.0,1521.0,3,2408.0,Ontario County,42.856357,-77.303497,14603.0,13856.0,14134.0,15407.0,14500.0,3.0,109491.0,61710.0,9.749361385252005,5.052470066032825,18.198756062142092,2017,1.09491,92,71.07989130434783,12.829,0.0,5,0,55,2018,0,0,0,1,0,0,0,upstate,14030.376925957386
36071,2019,Q3,3,8079,39793.0,29455.0,360.0,6956.0,4,3022.0,Orange County,41.40241,-74.306252,38907.0,38295.0,37216.0,39872.0,38572.5,4.0,378174.0,75146.0,12.244665285879872,6.564967448846298,12.960171772781843,2017,3.78174,92,72.42336956521739,23.466,0.0,14,0,54,2018,0,0,0,1,0,0,0,upstate,10522.405030488611
36073,2019,Q3,3,8079,1815.0,,,,1,,Orleans County,43.339906,-78.207028,1758.0,1685.0,1697.0,1950.0,1772.5,1.0,41584.0,49223.0,15.880656953096844,5.090900346287033,16.460657945363604,2017,0.41584,92,72.43532608695652,10.027,0.0,4,0,52,2018,0,0,0,1,0,0,0,upstate,4364.659484417083
36075,2019,Q3,3,8079,6882.0,6080.0,32.0,770.0,2,0.0,Oswego County,43.461443,-76.209262,6545.0,6271.0,6388.0,7172.0,6594.0,2.0,119833.0,51755.0,18.334367543851982,5.442574249163419,14.758038269925647,2017,1.19833,92,70.65869565217392,13.991999999999999,0.0,5,0,51,2018,0,0,0,1,0,0,0,upstate,5742.992330993967
36077,2019,Q3,3,8079,11423.0,9715.0,134.0,1574.0,2,0.0,Otsego County,42.629776,-75.028841,11027.0,10336.0,10525.0,12161.0,11012.25,2.0,60750.0,51254.0,16.109094829135078,4.232098765432099,19.26255144032922,2017,0.6075,92,67.7141304347826,17.087,0.0,3,0,59,2018,0,0,0,1,0,0,0,upstate,18803.29218106996
36079,2019,Q3,3,8079,6899.0,5910.0,60.0,929.0,1,0.0,Putnam County,41.427907,-73.743861,6700.0,6274.0,6288.0,6939.0,6550.25,1.0,99464.0,99608.0,4.812212557233615,4.463926646826993,15.597603152899541,2017,0.99464,92,71.17608695652174,20.649,0.0,4,0,57,2018,0,0,0,1,0,0,0,upstate,6936.177913616986
36081,2019,Q3,3,8079,188915.0,159411.0,494.0,29010.0,10,0.0,Queens County,40.654658,-73.841209,189912.0,192874.0,171723.0,169022.0,180882.75,10.0,2339280.0,62008.0,13.709565164765333,6.259703840497931,14.313720460996546,2017,23.3928,92,73.45,21.517,0.0,0,0,55,2018,0,0,0,1,0,1,0,nyc,8075.775452275914
36083,2019,Q3,3,8079,12515.0,10644.0,99.0,1772.0,1,0.0,Rensselaer County,42.710421,-73.513845,12539.0,12632.0,12457.0,12919.0,12636.75,1.0,159800.0,63166.0,12.552377363883819,5.335419274092615,15.617021276595743,2017,1.598,92,69.03097826086957,19.876,0.0,3,0,54,2018,0,0,0,1,0,0,0,upstate,7831.6645807259065
36085,2019,Q3,3,8079,40658.0,13754.0,203.0,1887.0,3,24814.0,Richmond County,40.561263,-74.1399,40845.0,40470.0,41297.0,40463.0,40768.75,3.0,475948.0,76244.0,12.916871367229621,5.777311807172212,15.063410288518913,2017,4.75948,92,73.95815217391304,22.411,0.0,2,0,55,2018,0,0,0,1,0,1,0,nyc,8542.529856202778
36087,2019,Q3,3,8079,21530.0,18623.0,197.0,2710.0,2,0.0,Rockland County,41.154628,-74.024662,21682.0,20989.0,21185.0,22593.0,21612.25,2.0,325027.0,88571.0,14.219463403520926,7.60490666929209,15.102745310389597,2017,3.25027,92,72.65597826086957,22.872999999999998,0.0,6,0,60,2018,0,0,0,1,0,0,1,downstate_non_nyc,6624.06507767047
36089,2019,Q3,3,8079,14736.0,12585.0,112.0,1611.0,5,428.0,St. Lawrence County,44.488112,-75.074311,14840.0,14226.0,13806.0,14961.0,14458.25,5.0,110817.0,48330.0,19.374690027226997,5.365602750480522,15.771045958652552,2017,1.10817,92,69.57663043478261,11.276,0.0,3,0,53,2018,0,0,0,1,0,0,0,upstate,13297.598743875036
36091,2019,Q3,3,8079,10570.0,8380.0,144.0,2046.0,1,0.0,Saratoga County,43.106135,-73.855387,9869.0,9295.0,9322.0,10277.0,9690.75,1.0,226632.0,77548.0,6.59609742509132,5.20094249708779,16.489727840728584,2017,2.26632,92,70.8766304347826,15.675,0.0,6,0,49,2018,0,0,0,1,0,0,0,upstate,4663.948603904127
36093,2019,Q3,3,8079,11397.0,10169.0,46.0,1166.0,2,16.0,Schenectady County,42.817552,-74.043559,13775.0,14163.0,14503.0,14515.0,14239.0,2.0,155239.0,61315.0,12.351832876078406,5.924413323971424,16.18150078266415,2017,1.55239,92,70.51032608695652,17.44,0.0,8,0,51,2018,0,0,0,1,0,0,0,upstate,7341.582978504113
36097,2019,Q3,3,8079,2181.0,2161.0,0.0,20.0,1,0.0,Schuyler County,42.419776,-76.938603,1933.0,1726.0,1704.0,2026.0,1847.25,1.0,18112.0,47810.0,15.288135593220339,4.930432862190813,19.368374558303884,2017,0.18112,92,69.47989130434782,17.379,0.0,3,0,60,2018,0,0,0,1,0,0,0,upstate,12041.740282685512
36101,2019,Q3,3,8079,10354.0,6677.0,50.0,839.0,3,2788.0,Steuben County,42.266725,-77.385525,10292.0,10069.0,11972.0,12864.0,11299.25,3.0,97539.0,50157.0,14.527809662944799,5.677728908436626,17.930263791919128,2017,0.97539,92,68.37391304347825,18.691,0.0,3,0,63,2018,0,0,0,1,0,0,0,upstate,10615.24108305396
36103,2019,Q3,3,8079,116461.0,87836.0,1195.0,25185.0,11,2245.0,Suffolk County,40.943554,-72.692218,113732.0,109321.0,126161.0,133081.0,120573.75,11.0,1497595.0,92838.0,7.185322935058903,5.405667086228252,15.618174473071825,2017,14.97595,92,73.81304347826087,15.94,0.0,3,0,51,2018,0,0,0,1,0,0,1,downstate_non_nyc,7776.535044521382
36105,2019,Q3,3,8079,8510.0,6663.0,51.0,807.0,2,989.0,Sullivan County,41.719993,-74.771577,7584.0,6858.0,7476.0,8452.0,7592.5,2.0,75783.0,53877.0,15.879304672077211,5.6107570299407525,17.46565852499901,2017,0.75783,92,68.52445652173913,19.016,0.0,2,0,58,2018,0,0,0,1,0,0,0,upstate,11229.431402821214
36109,2019,Q3,3,8079,5781.0,4817.0,57.0,907.0,2,0.0,Tompkins County,42.453006,-76.473483,6437.0,7039.0,6613.0,7203.0,6823.0,2.0,104415.0,56200.0,20.358718609357204,4.20724991619978,12.728056313748024,2017,1.04415,92,70.0891304347826,19.28,0.0,4,0,55,2018,0,0,0,1,0,0,0,upstate,5536.560838959919
36111,2019,Q3,3,8079,13762.0,12281.0,79.0,1402.0,3,0.0,Ulster County,41.947212,-74.265458,12744.0,12415.0,11987.0,13569.0,12678.75,3.0,180129.0,61652.0,13.159894869369971,4.477901948048343,17.998767549922555,2017,1.80129,92,70.79836956521739,24.32,0.0,2,0,58,2018,0,0,0,1,0,0,0,upstate,7640.080164770803
36113,2019,Q3,3,8079,12281.0,10073.0,146.0,2062.0,1,0.0,Warren County,43.555105,-73.838139,11206.0,10838.0,10664.0,12086.0,11198.5,1.0,64701.0,60222.0,9.92643021851323,4.485247523222207,20.288712693775985,2017,0.64701,92,70.2820652173913,10.053,0.0,9,0,45,2018,0,0,0,1,0,0,0,upstate,18981.159487488603
36117,2019,Q3,3,8079,6717.0,5626.0,39.0,1052.0,1,0.0,Wayne County,43.218114,-77.049402,6587.0,6446.0,6092.0,6791.0,6479.0,1.0,91442.0,53693.0,11.701041227271718,5.5270007217689905,17.196692985717725,2017,0.91442,92,71.6413043478261,12.404,0.0,11,0,53,2018,0,0,0,1,0,0,0,upstate,7345.639859145687
36119,2019,Q3,3,8079,90810.0,64268.0,595.0,16292.0,13,9655.0,Westchester County,41.152686,-73.745753,92199.0,91370.0,82107.0,80864.0,86635.0,13.0,975321.0,89968.0,9.435918444521477,5.699969548487113,16.02139193147692,2017,9.75321,92,72.7179347826087,21.407,0.0,8,0,54,2018,0,0,0,1,0,0,1,downstate_non_nyc,9310.780758334948
36121,2019,Q3,3,8079,3774.0,3406.0,36.0,332.0,1,0.0,Wyoming County,42.701365,-78.228576,3656.0,3361.0,3210.0,3682.0,3477.25,1.0,40886.0,55459.0,11.421306209850107,5.133786626229027,16.06173262241354,2017,0.40886,92,68.31358695652175,11.888,0.0,1,0,61,2018,0,0,0,1,0,0,0,upstate,9230.543462309837
36123,2019,Q3,3,8079,2314.0,2236.0,0.0,78.0,1,0.0,Yates County,42.638237,-77.104324,2005.0,1841.0,1766.0,2252.0,1966.0,1.0,25083.0,51758.0,13.086699383415127,6.047920902603357,18.988956663875932,2017,0.25083,92,70.38152173913043,15.18,0.0,5,0,59,2018,0,0,0,1,0,0,0,upstate,9225.371765737751
36001,2019,Q4,4,8080,42718.0,24180.0,323.0,9757.0,5,8458.0,Albany County,42.58824,-73.97401,43800.0,43926.0,42924.0,42173.0,43205.75,5.0,308580.0,62293.0,12.407096210071863,5.0703221206818325,15.598872253548512,2017,3.0858,92,38.13206521739131,13.58,18.409,0,53,49,2018,0,0,0,0,1,0,0,upstate,13843.411757080823
36003,2019,Q4,4,8080,5172.0,2594.0,10.0,281.0,2,2287.0,Allegany County,42.247853,-78.026153,5051.0,5096.0,4899.0,4721.0,4941.75,2.0,47400.0,45359.0,16.505748211798586,5.185654008438818,17.360759493670884,2017,0.474,92,37.23804347826087,12.453,26.073,0,55,65,2018,0,0,0,0,1,0,0,upstate,10911.392405063292
36005,2019,Q4,4,8080,200700.0,120395.0,141.0,24348.0,10,55816.0,Bronx County,40.848711,-73.852939,195312.0,205847.0,204316.0,209253.0,203682.0,10.0,1455846.0,36593.0,29.734235179610984,7.4321047693231295,11.764774570936762,2017,14.55846,92,45.89673913043478,17.963,7.386,0,27,50,2018,0,0,0,0,1,1,0,nyc,13785.798772672384
36007,2019,Q4,4,8080,24226.0,15595.0,227.0,4033.0,3,4371.0,Broome County,42.161977,-75.830283,25671.0,25048.0,23825.0,23446.0,24497.5,3.0,196124.0,49064.0,17.098774395129848,5.225265648263344,17.893781485182846,2017,1.96124,92,38.589130434782604,14.297,21.774,0,51,59,2018,0,0,0,0,1,0,0,upstate,12352.389304725582
36009,2019,Q4,4,8080,7718.0,6516.0,59.0,1143.0,1,0.0,Cattaraugus County,42.239099,-78.662332,8130.0,7949.0,7945.0,7547.0,7892.75,1.0,78175.0,45571.0,16.90079365079365,5.795970578829549,17.66677326511033,2017,0.78175,92,36.65054347826087,15.858,36.486,0,56,71,2018,0,0,0,0,1,0,0,upstate,9872.72145826671
36011,2019,Q4,4,8080,5981.0,5127.0,63.0,791.0,1,0.0,Cayuga County,43.008546,-76.574587,5713.0,6035.0,6152.0,5593.0,5873.25,1.0,78319.0,54664.0,11.636781920292307,5.048583357805896,17.377647824921155,2017,0.78319,92,40.25597826086957,15.132,22.546,0,43,63,2018,0,0,0,0,1,0,0,upstate,7636.71650557336
36013,2019,Q4,4,8080,16604.0,14827.0,76.0,1701.0,5,0.0,Chautauqua County,42.304216,-79.407595,18727.0,16829.0,16611.0,10235.0,15600.5,5.0,130846.0,44304.0,18.49189513708225,5.413233877993977,18.517952402060438,2017,1.30846,92,39.05163043478261,18.197,37.51,0,45,74,2018,0,0,0,0,1,0,0,upstate,12689.72685447014
36015,2019,Q4,4,8080,11340.0,7794.0,62.0,1670.0,2,1814.0,Chemung County,42.148697,-76.752471,12420.0,11923.0,11582.0,9322.0,11311.75,2.0,86883.0,51251.0,15.806904980140542,5.871114026909752,17.262295270651336,2017,0.86883,92,38.94347826086957,13.069,22.793,0,52,58,2018,0,0,0,0,1,0,0,upstate,13052.035496011877
36017,2019,Q4,4,8080,4308.0,,,,1,,Chenango County,42.478024,-75.602241,4465.0,4397.0,4589.0,4410.0,4465.25,1.0,48763.0,48567.0,14.537986823450922,5.266287964235179,19.168221807517995,2017,0.48763,92,36.77445652173913,15.092,29.541,0,56,62,2018,0,0,0,0,1,0,0,upstate,8834.567192338454
36019,2019,Q4,4,8080,9571.0,8000.0,118.0,1453.0,1,0.0,Clinton County,44.752712,-73.705643,10279.0,10518.0,10447.0,10480.0,10431.0,1.0,81224.0,52759.0,15.707291794515129,4.884024426277947,15.431399586329164,2017,0.81224,92,30.575,13.359,37.429,0,65,64,2018,0,0,0,0,1,0,0,upstate,11783.463015857382
36021,2019,Q4,4,8080,6185.0,5272.0,52.0,861.0,1,0.0,Columbia County,42.247696,-73.626718,6831.0,6700.0,6436.0,6386.0,6588.25,1.0,61481.0,61093.0,11.40893470790378,4.284250418828582,21.58878352661798,2017,0.61481,92,40.014673913043474,15.241,15.903,0,43,49,2018,0,0,0,0,1,0,0,upstate,10060.018542313885
36023,2019,Q4,4,8080,7172.0,6468.0,43.0,661.0,1,0.0,Cortland County,42.594039,-76.07624,7468.0,7277.0,7794.0,7463.0,7500.5,1.0,48334.0,52451.0,14.696149890444039,5.056481979558903,15.432200935159516,2017,0.48334,92,36.47282608695652,15.199,32.434,0,53,67,2018,0,0,0,0,1,0,0,upstate,14838.416021847976
36025,2019,Q4,4,8080,3544.0,2184.0,0.0,0.0,4,1360.0,Delaware County,42.193986,-74.966728,3908.0,3662.0,3346.0,5606.0,4130.5,4.0,45950.0,47921.0,16.494916343439446,4.095756256800871,22.772578890097932,2017,0.4595,92,36.10923913043479,14.288,25.355,0,59,60,2018,0,0,0,0,1,0,0,upstate,7712.731229597389
36027,2019,Q4,4,8080,29542.0,23700.0,261.0,5581.0,3,0.0,Dutchess County,41.754825,-73.740014,31407.0,31546.0,28458.0,30923.0,30583.5,3.0,295685.0,75585.0,9.087487633876727,4.686744339415256,16.038013426450444,2017,2.95685,92,41.494565217391305,15.676,11.519,0,42,51,2018,0,0,0,0,1,0,0,upstate,9991.03775977814
36029,2019,Q4,4,8080,102260.0,75842.0,1004.0,16600.0,10,8814.0,Erie County,42.752759,-78.778192,106356.0,105148.0,101552.0,94778.0,101958.5,10.0,923995.0,54006.0,14.89006367226886,5.445159335277788,16.863402940492104,2017,9.23995,92,40.82934782608696,15.674,23.619,0,40,62,2018,0,0,0,0,1,0,0,upstate,11067.159454326053
36031,2019,Q4,4,8080,3764.0,2249.0,0.0,0.0,3,1515.0,Essex County,44.109601,-73.778431,5032.0,3928.0,3971.0,3497.0,4107.0,3.0,38233.0,55294.0,8.896747214504224,4.022702900635577,21.384667695446343,2017,0.38233,92,27.37336956521739,16.265,53.135,0,73,67,2018,0,0,0,0,1,0,0,upstate,9844.898386210865
36033,2019,Q4,4,8080,5979.0,5333.0,51.0,595.0,2,0.0,Franklin County,44.594376,-74.31067,7036.0,6316.0,6247.0,5890.0,6372.25,2.0,51054.0,50733.0,19.378512396694212,4.85368433423434,15.491440435617191,2017,0.51054,92,30.60326086956522,14.77,38.282000000000004,0,68,68,2018,0,0,0,0,1,0,0,upstate,11711.129392408038
36035,2019,Q4,4,8080,5292.0,4944.0,37.0,311.0,1,0.0,Fulton County,43.115609,-74.423678,5849.0,5425.0,5160.0,5504.0,5484.5,1.0,53955.0,48033.0,16.026442398757435,5.041238068761005,18.166991011027708,2017,0.53955,92,33.95869565217391,17.676,32.772,0,59,58,2018,0,0,0,0,1,0,0,upstate,9808.173477898248
36037,2019,Q4,4,8080,5075.0,4356.0,32.0,687.0,1,0.0,Genesee County,43.00091,-78.192778,5369.0,5260.0,5033.0,4994.0,5164.0,1.0,58537.0,54033.0,12.757993241486872,5.0617558125629944,17.59741701829612,2017,0.58537,92,39.15,14.211,23.316,0,47,67,2018,0,0,0,0,1,0,0,upstate,8669.730256077353
36045,2019,Q4,4,8080,13927.0,9072.0,62.0,1394.0,3,3399.0,Jefferson County,43.996389,-76.052968,14826.0,15058.0,14895.0,11007.0,13946.5,3.0,116567.0,50322.0,14.762499658043279,8.091483867646932,12.220439747098236,2017,1.16567,92,38.87663043478261,15.850999999999999,20.339,0,40,63,2018,0,0,0,0,1,0,0,upstate,11947.635265555431
36047,2019,Q4,4,8080,237721.0,144217.0,948.0,26614.0,15,65942.0,Kings County,40.635045,-73.95064,239904.0,247111.0,247366.0,248560.0,245735.25,15.0,2635121.0,52782.0,21.854477837692123,7.442997873721928,12.816906699920041,2017,26.35121,92,46.76467391304348,16.938,6.092,0,22,49,2018,0,0,0,0,1,1,0,nyc,9021.255570427316
36049,2019,Q4,4,8080,2604.0,2357.0,11.0,236.0,1,0.0,Lewis County,43.782706,-75.444132,2795.0,2790.0,2644.0,2391.0,2655.0,1.0,26845.0,51475.0,14.206474983020149,6.183646861612964,16.669770907059043,2017,0.26845,92,36.03804347826087,16.173,33.265,0,56,63,2018,0,0,0,0,1,0,0,upstate,9700.13037809648
36051,2019,Q4,4,8080,3512.0,3177.0,33.0,302.0,1,0.0,Livingston County,42.729042,-77.778463,3956.0,3775.0,3530.0,3395.0,3664.0,1.0,64373.0,53654.0,14.604926176111654,4.486352974072981,16.135646932720242,2017,0.64373,92,39.80978260869565,12.706,20.753,0,49,61,2018,0,0,0,0,1,0,0,upstate,5455.703478166312
36053,2019,Q4,4,8080,7718.0,4956.0,38.0,334.0,2,2390.0,Madison County,42.910026,-75.663575,8160.0,7871.0,7409.0,7574.0,7753.5,2.0,71760.0,58365.0,11.107607291948224,4.662764771460424,16.336399108138238,2017,0.7176,92,36.255434782608695,16.584,37.868,0,55,74,2018,0,0,0,0,1,0,0,upstate,10755.295429208472
36055,2019,Q4,4,8080,81411.0,63510.0,731.0,17170.0,6,0.0,Monroe County,43.250347,-77.700518,82197.0,82906.0,80628.0,84848.0,82644.75,6.0,748680.0,55272.0,14.839395550155668,5.631778596997382,15.850162953464764,2017,7.4868,92,41.120652173913044,13.554,16.759,0,37,67,2018,0,0,0,0,1,0,0,upstate,10873.938131110755
36057,2019,Q4,4,8080,12377.0,5565.0,25.0,816.0,2,5971.0,Montgomery County,42.900891,-74.435357,12233.0,12538.0,12798.0,13144.0,12678.25,2.0,49500.0,47449.0,19.58784174444536,6.16969696969697,17.882828282828285,2017,0.495,92,37.40271739130435,16.001,23.098,0,53,54,2018,0,0,0,0,1,0,0,upstate,25004.040404040406
36059,2019,Q4,4,8080,118366.0,62776.0,942.0,25490.0,12,29158.0,Nassau County,40.729612,-73.589414,120903.0,118976.0,116592.0,118321.0,118698.0,12.0,1363069.0,105744.0,5.854446043036956,5.45203507672759,16.76789656282991,2017,13.63069,92,45.78097826086957,18.474,5.954,0,29,46,2018,0,0,0,0,1,0,1,downstate_non_nyc,8683.786367381255
36061,2019,Q4,4,8080,269942.0,194943.0,782.0,40824.0,17,33393.0,New York County,40.776642,-73.970187,267927.0,273967.0,279944.0,292272.0,278527.5,17.0,1653877.0,79781.0,17.265972625378865,4.963912068430724,15.280338259737574,2017,16.53877,92,46.08043478260869,17.799,6.285,0,25,48,2018,0,0,0,0,1,1,0,nyc,16321.769998615373
36063,2019,Q4,4,8080,18554.0,13284.0,68.0,1553.0,4,3649.0,Niagara County,43.272672,-78.812943,20100.0,19726.0,18916.0,15649.0,18597.75,4.0,212675.0,51656.0,13.444130466018485,5.2140590102268725,17.687551428235572,2017,2.12675,92,41.3945652173913,12.075,11.161,0,35,60,2018,0,0,0,0,1,0,0,upstate,8724.109556835549
36065,2019,Q4,4,8080,25759.0,21251.0,142.0,4366.0,3,0.0,Oneida County,43.242727,-75.434282,23149.0,25096.0,25576.0,25180.0,24750.25,3.0,232324.0,51316.0,16.602357009600947,5.757476627468535,17.655946006439283,2017,2.32324,92,37.46630434782609,19.947,27.616,0,54,64,2018,0,0,0,0,1,0,0,upstate,11087.532928152063
36067,2019,Q4,4,8080,57252.0,45508.0,479.0,11265.0,5,0.0,Onondaga County,43.006516,-76.196134,58233.0,57786.0,57552.0,56210.0,57445.25,5.0,467669.0,57271.0,14.93747187682383,5.747013379120703,15.727148902321941,2017,4.67669,92,39.091847826086955,15.204,26.431,0,46,70,2018,0,0,0,0,1,0,0,upstate,12241.991665045149
36069,2019,Q4,4,8080,14635.0,10766.0,141.0,1444.0,3,2284.0,Ontario County,42.856357,-77.303497,15362.0,14603.0,13856.0,14134.0,14488.75,3.0,109491.0,61710.0,9.749361385252005,5.052470066032825,18.198756062142092,2017,1.09491,92,39.37010869565218,12.619,24.062,0,47,60,2018,0,0,0,0,1,0,0,upstate,13366.395411495008
36071,2019,Q4,4,8080,36442.0,26564.0,308.0,6751.0,4,2819.0,Orange County,41.40241,-74.306252,39793.0,38907.0,38295.0,37216.0,38552.75,4.0,378174.0,75146.0,12.244665285879872,6.564967448846298,12.960171772781843,2017,3.78174,92,42.71739130434783,15.469000000000001,10.086,0,38,47,2018,0,0,0,0,1,0,0,upstate,9636.304981304902
36073,2019,Q4,4,8080,1675.0,,,,1,,Orleans County,43.339906,-78.207028,1815.0,1758.0,1685.0,1697.0,1738.75,1.0,41584.0,49223.0,15.880656953096844,5.090900346287033,16.460657945363604,2017,0.41584,92,41.3125,14.29,15.325,0,36,68,2018,0,0,0,0,1,0,0,upstate,4027.991535205849
36075,2019,Q4,4,8080,6359.0,5572.0,31.0,756.0,2,0.0,Oswego County,43.461443,-76.209262,6882.0,6545.0,6271.0,6388.0,6521.5,2.0,119833.0,51755.0,18.334367543851982,5.442574249163419,14.758038269925647,2017,1.19833,92,39.104891304347824,18.202,23.783,0,41,69,2018,0,0,0,0,1,0,0,upstate,5306.551617667921
36077,2019,Q4,4,8080,10461.0,8927.0,118.0,1416.0,2,0.0,Otsego County,42.629776,-75.028841,11423.0,11027.0,10336.0,10525.0,10827.75,2.0,60750.0,51254.0,16.109094829135078,4.232098765432099,19.26255144032922,2017,0.6075,92,36.71739130434783,14.331,29.736,0,57,66,2018,0,0,0,0,1,0,0,upstate,17219.753086419754
36079,2019,Q4,4,8080,6126.0,5159.0,60.0,907.0,1,0.0,Putnam County,41.427907,-73.743861,6899.0,6700.0,6274.0,6288.0,6540.25,1.0,99464.0,99608.0,4.812212557233615,4.463926646826993,15.597603152899541,2017,0.99464,92,41.80652173913043,15.066,11.108,0,39,53,2018,0,0,0,0,1,0,0,upstate,6159.0123059599455
36081,2019,Q4,4,8080,189471.0,158800.0,473.0,30198.0,10,0.0,Queens County,40.654658,-73.841209,188915.0,189912.0,192874.0,171723.0,185856.0,10.0,2339280.0,62008.0,13.709565164765333,6.259703840497931,14.313720460996546,2017,23.3928,92,46.69836956521739,16.839,5.623,0,22,46,2018,0,0,0,0,1,1,0,nyc,8099.543449266442
36083,2019,Q4,4,8080,11745.0,9915.0,68.0,1762.0,1,0.0,Rensselaer County,42.710421,-73.513845,12515.0,12539.0,12632.0,12457.0,12535.75,1.0,159800.0,63166.0,12.552377363883819,5.335419274092615,15.617021276595743,2017,1.598,92,36.99945652173913,15.858,20.231,0,55,57,2018,0,0,0,0,1,0,0,upstate,7349.812265331665
36085,2019,Q4,4,8080,39960.0,13414.0,167.0,1823.0,3,24556.0,Richmond County,40.561263,-74.1399,40658.0,40845.0,40470.0,41297.0,40817.5,3.0,475948.0,76244.0,12.916871367229621,5.777311807172212,15.063410288518913,2017,4.75948,92,47.07717391304348,17.081,4.41,0,20,48,2018,0,0,0,0,1,1,0,nyc,8395.875179641474
36087,2019,Q4,4,8080,21132.0,18256.0,140.0,2736.0,2,0.0,Rockland County,41.154628,-74.024662,21530.0,21682.0,20989.0,21185.0,21346.5,2.0,325027.0,88571.0,14.219463403520926,7.60490666929209,15.102745310389597,2017,3.25027,92,43.948913043478264,16.798000000000002,9.645,0,31,49,2018,0,0,0,0,1,0,1,downstate_non_nyc,6501.613712091611
36089,2019,Q4,4,8080,14543.0,12492.0,117.0,1518.0,5,416.0,St. Lawrence County,44.488112,-75.074311,14736.0,14840.0,14226.0,13806.0,14402.0,5.0,110817.0,48330.0,19.374690027226997,5.365602750480522,15.771045958652552,2017,1.10817,92,34.85108695652174,14.181,23.536,0,57,59,2018,0,0,0,0,1,0,0,upstate,13123.437739696978
36091,2019,Q4,4,8080,9474.0,7361.0,136.0,1977.0,1,0.0,Saratoga County,43.106135,-73.855387,10570.0,9869.0,9295.0,9322.0,9764.0,1.0,226632.0,77548.0,6.59609742509132,5.20094249708779,16.489727840728584,2017,2.26632,92,37.53804347826087,16.053,22.380000000000003,0,50,53,2018,0,0,0,0,1,0,0,upstate,4180.345229270359
36093,2019,Q4,4,8080,10707.0,9938.0,28.0,726.0,2,15.0,Schenectady County,42.817552,-74.043559,11397.0,13775.0,14163.0,14503.0,13459.5,2.0,155239.0,61315.0,12.351832876078406,5.924413323971424,16.18150078266415,2017,1.55239,92,38.231521739130436,14.992,17.944,0,54,51,2018,0,0,0,0,1,0,0,upstate,6897.107041400678
36097,2019,Q4,4,8080,1806.0,1777.0,0.0,29.0,1,0.0,Schuyler County,42.419776,-76.938603,2181.0,1933.0,1726.0,1704.0,1886.0,1.0,18112.0,47810.0,15.288135593220339,4.930432862190813,19.368374558303884,2017,0.18112,92,38.95163043478261,11.459,22.52,0,47,62,2018,0,0,0,0,1,0,0,upstate,9971.289752650177
36101,2019,Q4,4,8080,9854.0,6311.0,53.0,860.0,3,2630.0,Steuben County,42.266725,-77.385525,10354.0,10292.0,10069.0,11972.0,10671.75,3.0,97539.0,50157.0,14.527809662944799,5.677728908436626,17.930263791919128,2017,0.97539,92,38.08315217391304,11.959,23.895,0,55,62,2018,0,0,0,0,1,0,0,upstate,10102.625616420099
36103,2019,Q4,4,8080,109303.0,81891.0,1158.0,24666.0,11,1588.0,Suffolk County,40.943554,-72.692218,116461.0,113732.0,109321.0,126161.0,116418.75,11.0,1497595.0,92838.0,7.185322935058903,5.405667086228252,15.618174473071825,2017,14.97595,92,46.97934782608696,19.507,3.7479999999999998,0,24,46,2018,0,0,0,0,1,0,1,downstate_non_nyc,7298.568705157269
36105,2019,Q4,4,8080,7341.0,5689.0,54.0,740.0,2,858.0,Sullivan County,41.719993,-74.771577,8510.0,7584.0,6858.0,7476.0,7607.0,2.0,75783.0,53877.0,15.879304672077211,5.6107570299407525,17.46565852499901,2017,0.75783,92,38.920108695652175,16.080000000000002,13.149,0,47,55,2018,0,0,0,0,1,0,0,upstate,9686.869086734492
36109,2019,Q4,4,8080,7465.0,6461.0,63.0,941.0,2,0.0,Tompkins County,42.453006,-76.473483,5781.0,6437.0,7039.0,6613.0,6467.5,2.0,104415.0,56200.0,20.358718609357204,4.20724991619978,12.728056313748024,2017,1.04415,92,40.30869565217392,13.789,23.04,0,43,62,2018,0,0,0,0,1,0,0,upstate,7149.3559354498875
36111,2019,Q4,4,8080,11919.0,10404.0,44.0,1471.0,3,0.0,Ulster County,41.947212,-74.265458,13762.0,12744.0,12415.0,11987.0,12727.0,3.0,180129.0,61652.0,13.159894869369971,4.477901948048343,17.998767549922555,2017,1.80129,92,40.69728260869565,18.682,18.434,0,41,54,2018,0,0,0,0,1,0,0,upstate,6616.924537414853
36113,2019,Q4,4,8080,10408.0,8320.0,133.0,1955.0,1,0.0,Warren County,43.555105,-73.838139,12281.0,11206.0,10838.0,10664.0,11247.25,1.0,64701.0,60222.0,9.92643021851323,4.485247523222207,20.288712693775985,2017,0.64701,92,36.2195652173913,14.816,26.238,0,55,48,2018,0,0,0,0,1,0,0,upstate,16086.30469389963
36117,2019,Q4,4,8080,6136.0,5017.0,54.0,1065.0,1,0.0,Wayne County,43.218114,-77.049402,6717.0,6587.0,6446.0,6092.0,6460.5,1.0,91442.0,53693.0,11.701041227271718,5.5270007217689905,17.196692985717725,2017,0.91442,92,40.17771739130435,14.781,21.106,0,42,68,2018,0,0,0,0,1,0,0,upstate,6710.2644299118565
36119,2019,Q4,4,8080,90666.0,65027.0,497.0,15749.0,13,9393.0,Westchester County,41.152686,-73.745753,90810.0,92199.0,91370.0,82107.0,89121.5,13.0,975321.0,89968.0,9.435918444521477,5.699969548487113,16.02139193147692,2017,9.75321,92,44.057065217391305,16.084,9.728,0,31,49,2018,0,0,0,0,1,0,1,downstate_non_nyc,9296.016388450571
36121,2019,Q4,4,8080,3211.0,2851.0,11.0,349.0,1,0.0,Wyoming County,42.701365,-78.228576,3774.0,3656.0,3361.0,3210.0,3500.25,1.0,40886.0,55459.0,11.421306209850107,5.133786626229027,16.06173262241354,2017,0.40886,92,36.57934782608696,14.562,33.845,0,56,70,2018,0,0,0,0,1,0,0,upstate,7853.544000391333
36123,2019,Q4,4,8080,1928.0,1860.0,0.0,68.0,1,0.0,Yates County,42.638237,-77.104324,2314.0,2005.0,1841.0,1766.0,1981.5,1.0,25083.0,51758.0,13.086699383415127,6.047920902603357,18.988956663875932,2017,0.25083,92,39.341847826086955,11.703,20.67,0,47,62,2018,0,0,0,0,1,0,0,upstate,7686.480883466889
36001,2020,Q1,1,8081,34404.0,24739.0,296.0,9369.0,5,0.0,Albany County,42.58824,-73.97401,42718.0,43800.0,43926.0,42924.0,43342.0,5.0,307426.0,64535.0,11.972953790343873,5.068862100147678,16.074112144060685,2018,3.07426,90,25.83888888888889,9.409,33.265,0,86,44,2019,1,0,0,0,0,0,0,upstate,11190.98579820835
36003,2020,Q1,1,8081,2760.0,,,,2,,Allegany County,42.247853,-78.026153,5172.0,5051.0,5096.0,4899.0,5054.5,2.0,47025.0,47033.0,17.020364415862808,5.156831472620946,17.95640616693248,2018,0.47025,90,25.197222222222223,8.801,31.283,0,83,57,2019,1,0,0,0,0,0,0,upstate,5869.2185007974485
36005,2020,Q1,1,8081,187164.0,130740.0,148.0,25245.0,11,31031.0,Bronx County,40.848711,-73.852939,200700.0,195312.0,205847.0,204316.0,201543.75,10.0,1437872.0,38085.0,29.051309999308515,7.377777715958027,12.133903435076279,2018,14.37872,90,34.23166666666667,12.212,18.438,0,71,37,2019,1,0,0,0,0,1,0,nyc,13016.73584296794
36007,2020,Q1,1,8081,23544.0,14968.0,203.0,4030.0,3,4343.0,Broome County,42.161977,-75.830283,24226.0,25671.0,25048.0,23825.0,24692.5,3.0,194402.0,50859.0,16.994643941365254,5.246345202209854,18.323371158732936,2018,1.94402,90,26.782777777777774,9.143,30.563,0,84,52,2019,1,0,0,0,0,0,0,upstate,12110.98651248444
36009,2020,Q1,1,8081,7082.0,5976.0,50.0,1056.0,1,0.0,Cattaraugus County,42.239099,-78.662332,7718.0,8130.0,7949.0,7945.0,7935.5,1.0,77686.0,47240.0,16.5151898228852,5.715315500862446,18.157711814226502,2018,0.77686,90,24.78777777777778,11.73,38.748,0,83,59,2019,1,0,0,0,0,0,0,upstate,9116.185670519784
36011,2020,Q1,1,8081,5948.0,5025.0,66.0,857.0,1,0.0,Cayuga County,43.008546,-76.574587,5981.0,5713.0,6035.0,6152.0,5970.25,1.0,77868.0,56579.0,11.685954473497462,5.0534237427441315,17.798068526223865,2018,0.77868,90,27.326666666666668,9.004,33.398,0,81,57,2019,1,0,0,0,0,0,0,upstate,7638.56783274259
36013,2020,Q1,1,8081,13027.0,11489.0,82.0,1456.0,4,0.0,Chautauqua County,42.304216,-79.407595,16604.0,18727.0,16829.0,16611.0,17192.75,5.0,129656.0,45332.0,18.732771266906322,5.431295119392855,19.02572962300241,2018,1.29656,90,27.11611111111111,12.766,40.043,0,79,61,2019,1,0,0,0,0,0,0,upstate,10047.356080705867
36015,2020,Q1,1,8081,8498.0,7084.0,68.0,1346.0,2,0.0,Chemung County,42.148697,-76.752471,11340.0,12420.0,11923.0,11582.0,11816.25,2.0,85740.0,53299.0,14.82470124445433,5.919057616048519,17.866806624679263,2018,0.8574,90,27.216111111111108,7.9,24.251,0,84,49,2019,1,0,0,0,0,0,0,upstate,9911.359925355728
36017,2020,Q1,1,8081,4103.0,,,,1,,Chenango County,42.478024,-75.602241,4308.0,4465.0,4397.0,4589.0,4439.75,1.0,48348.0,50595.0,14.296833911854423,5.369405146024655,19.731943410275502,2018,0.48348,90,24.327222222222222,10.031,38.942,0,84,55,2019,1,0,0,0,0,0,0,upstate,8486.390336725408
36019,2020,Q1,1,8081,9019.0,7425.0,88.0,1506.0,1,0.0,Clinton County,44.752712,-73.705643,9571.0,10279.0,10518.0,10447.0,10203.75,1.0,80794.0,55178.0,15.31046758403505,4.882788325865782,15.908359531648388,2018,0.80794,90,17.502222222222223,9.687,52.171,0,88,63,2019,1,0,0,0,0,0,0,upstate,11162.957645369706
36021,2020,Q1,1,8081,5950.0,5045.0,51.0,854.0,1,0.0,Columbia County,42.247696,-73.626718,6185.0,6831.0,6700.0,6436.0,6538.0,1.0,60919.0,63032.0,11.904278707931676,4.221999704525682,22.28697122408444,2018,0.60919,90,28.16277777777778,8.969999999999999,27.147,0,80,42,2019,1,0,0,0,0,0,0,upstate,9767.067745695103
36023,2020,Q1,1,8081,6789.0,6040.0,41.0,708.0,1,0.0,Cortland County,42.594039,-76.07624,7172.0,7468.0,7277.0,7794.0,7427.75,1.0,48123.0,54489.0,15.46340805966126,5.251127319576917,15.682729671882466,2018,0.48123,90,24.18888888888889,9.887,41.174,0,85,62,2019,1,0,0,0,0,0,0,upstate,14107.599276853063
36025,2020,Q1,1,8081,2824.0,2015.0,0.0,0.0,4,809.0,Delaware County,42.193986,-74.966728,3544.0,3908.0,3662.0,3346.0,3615.0,4.0,45502.0,48827.0,16.225487923601133,3.9448815436684104,23.284690782822732,2018,0.45502,90,23.916666666666668,9.694,35.004,0,85,53,2019,1,0,0,0,0,0,0,upstate,6206.320601292251
36027,2020,Q1,1,8081,28715.0,23162.0,241.0,5312.0,3,0.0,Dutchess County,41.754825,-73.740014,29542.0,31407.0,31546.0,28458.0,30238.25,3.0,293894.0,78028.0,9.134107518197911,4.638066785984062,16.5706002844563,2018,2.93894,90,30.218333333333334,10.556000000000001,23.207,0,78,37,2019,1,0,0,0,0,0,0,upstate,9770.52951063989
36029,2020,Q1,1,8081,89586.0,64543.0,877.0,15903.0,10,8263.0,Erie County,42.752759,-78.778192,102260.0,106356.0,105148.0,101552.0,103829.0,10.0,919866.0,55673.0,14.543746669234247,5.460795376717913,17.234249336316378,2018,9.19866,90,28.618333333333336,11.531,35.665,0,79,62,2019,1,0,0,0,0,0,0,upstate,9739.027206136545
36031,2020,Q1,1,8081,2300.0,2300.0,0.0,0.0,3,0.0,Essex County,44.109601,-73.778431,3764.0,5032.0,3928.0,3971.0,4173.75,3.0,37751.0,56196.0,9.466966753083957,3.9601599957617015,22.044449153664804,2018,0.37751,90,15.182777777777778,12.718,69.146,0,88,66,2019,1,0,0,0,0,0,0,upstate,6092.553839633387
36033,2020,Q1,1,8081,5607.0,5089.0,44.0,474.0,2,0.0,Franklin County,44.594376,-74.31067,5979.0,7036.0,6316.0,6247.0,6394.5,2.0,50692.0,51696.0,18.198574315471564,4.858754833109761,15.941371419553382,2018,0.50692,90,17.523333333333333,12.233,63.388,0,87,65,2019,1,0,0,0,0,0,0,upstate,11060.916909966068
36035,2020,Q1,1,8081,4864.0,4528.0,23.0,313.0,1,0.0,Fulton County,43.115609,-74.423678,5292.0,5849.0,5425.0,5160.0,5431.5,1.0,53743.0,50248.0,15.455047303599642,4.981113819474164,18.571720968312153,2018,0.53743,90,21.44222222222222,12.486,50.765,0,86,58,2019,1,0,0,0,0,0,0,upstate,9050.48099287349
36037,2020,Q1,1,8081,4922.0,4177.0,23.0,722.0,2,0.0,Genesee County,43.00091,-78.192778,5075.0,5369.0,5260.0,5033.0,5184.25,1.0,58112.0,59338.0,11.357442348008385,5.128028634361233,17.98767896475771,2018,0.58112,90,27.17222222222222,10.01,34.063,0,80,58,2019,1,0,0,0,0,0,0,upstate,8469.851321585902
36045,2020,Q1,1,8081,13542.0,8597.0,82.0,1405.0,3,3458.0,Jefferson County,43.996389,-76.052968,13927.0,14826.0,15058.0,14895.0,14676.5,3.0,114448.0,52268.0,14.243337195828506,7.931986579057739,12.77348664895848,2018,1.14448,90,25.08666666666667,12.255,43.294000000000004,0,81,59,2019,1,0,0,0,0,0,0,upstate,11832.447923947993
36047,2020,Q1,1,8081,244785.0,129201.0,588.0,25849.0,15,89147.0,Kings County,40.635045,-73.95064,237721.0,239904.0,247111.0,247366.0,243025.5,15.0,2600747.0,56015.0,21.1409109400377,7.449513543608817,13.209589398738132,2018,26.00747,90,35.02055555555555,11.394,15.985000000000001,0,64,37,2019,1,0,0,0,0,1,0,nyc,9412.103522564863
36049,2020,Q1,1,8081,2448.0,2227.0,30.0,191.0,1,0.0,Lewis County,43.782706,-75.444132,2604.0,2795.0,2790.0,2644.0,2708.25,1.0,26719.0,52380.0,14.068599583096455,6.216550020584602,17.29106628242075,2018,0.26719,90,23.01166666666667,13.178,61.487,0,85,63,2019,1,0,0,0,0,0,0,upstate,9162.019536659307
36051,2020,Q1,1,8081,3280.0,2907.0,23.0,350.0,1,0.0,Livingston County,42.729042,-77.778463,3512.0,3956.0,3775.0,3530.0,3693.25,1.0,63907.0,56071.0,13.62279605719839,4.387625768695135,16.763421847371962,2018,0.63907,90,27.646666666666665,8.458,27.534,0,80,58,2019,1,0,0,0,0,0,0,upstate,5132.458103181185
36053,2020,Q1,1,8081,7368.0,4704.0,52.0,357.0,2,2255.0,Madison County,42.910026,-75.663575,7718.0,8160.0,7871.0,7409.0,7789.5,2.0,71359.0,60228.0,9.896785698094389,4.651130200815595,17.015372973275973,2018,0.71359,90,23.58666666666667,11.496,51.953,0,84,64,2019,1,0,0,0,0,0,0,upstate,10325.25680012332
36055,2020,Q1,1,8081,74620.0,58076.0,685.0,15859.0,5,0.0,Monroe County,43.250347,-77.700518,81411.0,82197.0,82906.0,80628.0,81785.5,6.0,744248.0,57479.0,14.737866936290306,5.588862852167558,16.34280508647655,2018,7.44248,90,28.64388888888889,8.609,28.718,0,79,59,2019,1,0,0,0,0,0,0,upstate,10026.227816534274
36057,2020,Q1,1,8081,6172.0,5308.0,24.0,840.0,2,0.0,Montgomery County,42.900891,-74.435357,12377.0,12233.0,12538.0,12798.0,12486.5,2.0,49426.0,45837.0,19.931008840783278,6.138469631368106,18.138226844171086,2018,0.49426,90,24.645555555555553,10.574,37.122,0,85,51,2019,1,0,0,0,0,0,0,upstate,12487.354833488447
36059,2020,Q1,1,8081,114410.0,72778.0,813.0,26566.0,12,14253.0,Nassau County,40.729612,-73.589414,118366.0,120903.0,118976.0,116592.0,118709.25,12.0,1356564.0,111240.0,5.717257427252851,5.472723734375968,17.114120675471263,2018,13.56564,90,34.305,12.711,16.178,0,69,38,2019,1,0,0,0,0,0,1,downstate_non_nyc,8433.80776727084
36061,2020,Q1,1,8081,270183.0,175777.0,572.0,37838.0,19,55996.0,New York County,40.776642,-73.970187,269942.0,267927.0,273967.0,279944.0,272945.0,17.0,1632480.0,82459.0,16.61305845565466,4.8942100362638445,15.765093599921592,2018,16.3248,90,34.50555555555555,12.082,18.496,0,67,38,2019,1,0,0,0,0,1,0,nyc,16550.4630990885
36063,2020,Q1,1,8081,13895.0,8838.0,82.0,1533.0,4,3442.0,Niagara County,43.272672,-78.812943,18554.0,20100.0,19726.0,18916.0,19324.0,4.0,211704.0,54085.0,13.445155955540173,5.2327778407587955,18.138533046139894,2018,2.11704,90,28.87611111111111,8.784,25.353,0,78,52,2019,1,0,0,0,0,0,0,upstate,6563.409288440464
36065,2020,Q1,1,8081,23781.0,19595.0,140.0,4046.0,4,0.0,Oneida County,43.242727,-75.434282,25759.0,23149.0,25096.0,25576.0,24895.0,3.0,230782.0,53844.0,16.13642602250892,5.702784445927326,18.04733471414582,2018,2.30782,90,24.110555555555553,12.343,43.073,0,85,64,2019,1,0,0,0,0,0,0,upstate,10304.529816016848
36067,2020,Q1,1,8081,53882.0,42940.0,489.0,10453.0,6,0.0,Onondaga County,43.006516,-76.196134,57252.0,58233.0,57786.0,57552.0,57705.75,5.0,464242.0,59225.0,14.6326287652463,5.7261083658953735,16.16290641518863,2018,4.64242,90,26.41,9.805,38.445,0,81,61,2019,1,0,0,0,0,0,0,upstate,11606.446637744968
36069,2020,Q1,1,8081,14084.0,10348.0,115.0,1462.0,3,2159.0,Ontario County,42.856357,-77.303497,14635.0,15362.0,14603.0,13856.0,14614.0,3.0,109472.0,63359.0,9.61467786164589,5.030510084770535,18.790192926045016,2018,1.09472,90,26.787222222222223,7.981,29.544,0,81,58,2019,1,0,0,0,0,0,0,upstate,12865.390236772872
36071,2020,Q1,1,8081,36820.0,29549.0,332.0,6939.0,4,0.0,Orange County,41.40241,-74.306252,36442.0,39793.0,38907.0,38295.0,38359.25,4.0,378227.0,76716.0,11.816570825339017,6.570657303682709,13.339079441710929,2018,3.78227,90,31.615555555555556,11.103,23.84,0,77,37,2019,1,0,0,0,0,0,0,upstate,9734.894653210902
36075,2020,Q1,1,8081,6146.0,5314.0,34.0,798.0,2,0.0,Oswego County,43.461443,-76.209262,6359.0,6882.0,6545.0,6271.0,6514.25,2.0,119104.0,53597.0,17.940123342746794,5.475047017732402,15.312667920472864,2018,1.19104,90,25.806111111111115,11.568,46.356,0,82,65,2019,1,0,0,0,0,0,0,upstate,5160.196131112305
36077,2020,Q1,1,8081,9561.0,2969.0,78.0,810.0,2,5704.0,Otsego County,42.629776,-75.028841,10461.0,11423.0,11027.0,10336.0,10811.75,2.0,60244.0,53121.0,15.363539039393226,4.236106500232388,19.953854325741982,2018,0.60244,90,23.842222222222226,10.926,43.186,0,85,59,2019,1,0,0,0,0,0,0,upstate,15870.460128809507
36079,2020,Q1,1,8081,5956.0,4963.0,56.0,937.0,1,0.0,Putnam County,41.427907,-73.743861,6126.0,6899.0,6700.0,6274.0,6499.75,1.0,99070.0,102186.0,5.3157064738771584,4.459473099828404,16.203694357524984,2018,0.9907,90,30.64111111111111,12.044,24.556,0,79,37,2019,1,0,0,0,0,0,0,upstate,6011.910770162511
36081,2020,Q1,1,8081,193781.0,103277.0,359.0,21015.0,10,69130.0,Queens County,40.654658,-73.841209,189471.0,188915.0,189912.0,192874.0,190293.0,10.0,2298513.0,64987.0,12.990045065662079,6.299290019242876,14.820712347504669,2018,22.98513,90,34.775555555555556,11.647,15.766,0,66,38,2019,1,0,0,0,0,1,0,nyc,8430.711507831367
36083,2020,Q1,1,8081,10629.0,8943.0,79.0,1607.0,1,0.0,Rensselaer County,42.710421,-73.513845,11745.0,12515.0,12539.0,12632.0,12357.75,1.0,159431.0,65851.0,12.011791194346474,5.318288162277098,16.01884200688699,2018,1.59431,90,24.321666666666665,10.164,35.032000000000004,0,84,45,2019,1,0,0,0,0,0,0,upstate,6666.833928157008
36085,2020,Q1,1,8081,39246.0,13046.0,145.0,2179.0,3,23876.0,Richmond County,40.561263,-74.1399,39960.0,40658.0,40845.0,40470.0,40483.25,3.0,474101.0,79267.0,12.824451618278893,5.770078527571129,15.466113760570005,2018,4.74101,90,35.157777777777774,11.622,16.426000000000002,0,62,37,2019,1,0,0,0,0,1,0,nyc,8277.982961436488
36087,2020,Q1,1,8081,21742.0,18829.0,147.0,2766.0,2,0.0,Rockland County,41.154628,-74.024662,21132.0,21530.0,21682.0,20989.0,21333.25,2.0,323686.0,91108.0,14.288488827769408,7.744542550496469,15.337394882694957,2018,3.23686,90,32.51611111111111,13.098,22.958000000000002,0,75,41,2019,1,0,0,0,0,0,1,downstate_non_nyc,6717.003515752922
36089,2020,Q1,1,8081,14971.0,10374.0,89.0,1226.0,5,3282.0,St. Lawrence County,44.488112,-75.074311,14543.0,14736.0,14840.0,14226.0,14586.25,5.0,109558.0,49305.0,17.688986431743363,5.306778144909545,16.323773708903047,2018,1.09558,90,20.86777777777778,12.183,52.536,0,85,63,2019,1,0,0,0,0,0,0,upstate,13664.908085215138
36091,2020,Q1,1,8081,8965.0,6998.0,123.0,1844.0,1,0.0,Saratoga County,43.106135,-73.855387,9474.0,10570.0,9869.0,9295.0,9802.0,1.0,227377.0,80839.0,6.174038341060017,5.179943441948834,17.036463670467988,2018,2.27377,90,24.359444444444442,10.915000000000001,40.516,0,85,44,2019,1,0,0,0,0,0,0,upstate,3942.7910474674222
36093,2020,Q1,1,8081,12765.0,10434.0,18.0,2298.0,2,15.0,Schenectady County,42.817552,-74.043559,10707.0,11397.0,13775.0,14163.0,12510.5,2.0,154883.0,63785.0,11.404776744864535,5.821813885319886,16.473725328150927,2018,1.54883,90,25.841111111111108,9.667,32.63,0,85,43,2019,1,0,0,0,0,0,0,upstate,8241.705028957344
36097,2020,Q1,1,8081,1703.0,,,,1,,Schuyler County,42.419776,-76.938603,1806.0,2181.0,1933.0,1726.0,1911.5,1.0,17992.0,51479.0,13.865879950073753,5.085593597154291,20.031124944419744,2018,0.17992,90,26.930555555555557,7.736,28.967,0,82,53,2019,1,0,0,0,0,0,0,upstate,9465.317919075145
36101,2020,Q1,1,8081,9132.0,5878.0,56.0,755.0,3,2443.0,Steuben County,42.266725,-77.385525,9854.0,10354.0,10292.0,10069.0,10142.25,3.0,96927.0,51789.0,13.97664258107881,5.584615225891651,18.456157726949147,2018,0.96927,90,25.845000000000002,7.5120000000000005,26.986,0,81,53,2019,1,0,0,0,0,0,0,upstate,9421.52341452846
36103,2020,Q1,1,8081,125091.0,80905.0,1132.0,24547.0,11,18507.0,Suffolk County,40.943554,-72.692218,109303.0,116461.0,113732.0,109321.0,112204.25,11.0,1487901.0,96675.0,7.116249821900242,5.3919582015201275,16.072238677170052,2018,14.87901,90,34.81666666666667,12.575,15.848,0,64,31,2019,1,0,0,0,0,0,1,downstate_non_nyc,8407.212576643204
36105,2020,Q1,1,8081,7060.0,5563.0,34.0,765.0,2,698.0,Sullivan County,41.719993,-74.771577,7341.0,8510.0,7584.0,6858.0,7573.25,2.0,75211.0,56256.0,14.664113830769018,5.62284772174283,18.018640890295305,2018,0.75211,90,27.157222222222224,9.697,27.616,0,84,45,2019,1,0,0,0,0,0,0,upstate,9386.924784938374
36109,2020,Q1,1,8081,7014.0,6038.0,73.0,903.0,2,0.0,Tompkins County,42.453006,-76.473483,7465.0,5781.0,6437.0,7039.0,6680.5,2.0,102962.0,58743.0,19.60586607512968,4.131621374876168,13.170878576562226,2018,1.02962,90,27.679444444444446,8.626,30.783,0,82,51,2019,1,0,0,0,0,0,0,upstate,6812.221984809929
36111,2020,Q1,1,8081,11473.0,10109.0,50.0,1314.0,2,0.0,Ulster County,41.947212,-74.265458,11919.0,13762.0,12744.0,12415.0,12710.0,3.0,179303.0,63348.0,13.90565850642495,4.433835462875691,18.59143461068694,2018,1.79303,90,28.61333333333333,11.193,34.726,0,78,43,2019,1,0,0,0,0,0,0,upstate,6398.66594535507
36113,2020,Q1,1,8081,9904.0,7944.0,106.0,1854.0,1,0.0,Warren County,43.555105,-73.838139,10408.0,12281.0,11206.0,10838.0,11183.25,1.0,64480.0,59813.0,10.494946468835243,4.398263027295286,20.925868486352357,2018,0.6448,90,22.47222222222222,9.507,41.973,0,86,45,2019,1,0,0,0,0,0,0,upstate,15359.801488833746
36117,2020,Q1,1,8081,5743.0,4704.0,50.0,989.0,1,0.0,Wayne County,43.218114,-77.049402,6136.0,6717.0,6587.0,6446.0,6471.5,1.0,90856.0,55765.0,11.303843105738427,5.483402306947257,17.723650611957385,2018,0.90856,90,27.581666666666667,8.649000000000001,30.375999999999998,0,81,62,2019,1,0,0,0,0,0,0,upstate,6320.9914590120625
36119,2020,Q1,1,8081,87602.0,47004.0,452.0,12469.0,13,27677.0,Westchester County,41.152686,-73.745753,90666.0,90810.0,92199.0,91370.0,91261.25,13.0,968815.0,92758.0,9.221958696063638,5.667748744600362,16.40168659651223,2018,9.68815,90,32.635555555555555,11.653,20.618000000000002,0,74,37,2019,1,0,0,0,0,0,1,downstate_non_nyc,9042.18039563797
36121,2020,Q1,1,8081,3288.0,2854.0,17.0,417.0,1,0.0,Wyoming County,42.701365,-78.228576,3211.0,3774.0,3656.0,3361.0,3500.5,1.0,40565.0,57914.0,10.937667058697743,5.105386416861827,16.649821274497718,2018,0.40565,90,24.57111111111111,10.745000000000001,40.292,0,82,61,2019,1,0,0,0,0,0,0,upstate,8105.509675828916
36123,2020,Q1,1,8081,1824.0,1750.0,0.0,74.0,1,0.0,Yates County,42.638237,-77.104324,1928.0,2314.0,2005.0,1841.0,2022.0,1.0,25009.0,54343.0,11.418132952588921,6.041824943020513,19.492982526290536,2018,0.25009,90,26.558333333333334,7.339,26.902,0,81,56,2019,1,0,0,0,0,0,0,upstate,7293.37438522132
36001,2020,Q2,2,8082,22985.0,14633.0,257.0,8095.0,5,0.0,Albany County,42.58824,-73.97401,34404.0,42718.0,43800.0,43926.0,41212.0,5.0,307426.0,64535.0,11.972953790343873,5.068862100147678,16.074112144060685,2018,3.07426,91,55.55329670329671,14.426,0.772,0,8,56,2019,1,0,1,0,0,0,0,upstate,7476.595993832661
36003,2020,Q2,2,8082,1966.0,,,,2,,Allegany County,42.247853,-78.026153,2760.0,5172.0,5051.0,5096.0,4519.75,2.0,47025.0,47033.0,17.020364415862808,5.156831472620946,17.95640616693248,2018,0.47025,91,53.988461538461536,17.347,2.287,0,10,63,2019,1,0,1,0,0,0,0,upstate,4180.754917597023
36005,2020,Q2,2,8082,98633.0,62889.0,83.0,18834.0,11,16827.0,Bronx County,40.848711,-73.852939,187164.0,200700.0,195312.0,205847.0,197255.75,11.0,1437872.0,38085.0,29.051309999308515,7.377777715958027,12.133903435076279,2018,14.37872,91,60.517582417582425,17.312,0.0,0,2,62,2019,1,0,1,0,0,1,0,nyc,6859.6509285944785
36007,2020,Q2,2,8082,16028.0,9489.0,172.0,3353.0,3,3014.0,Broome County,42.161977,-75.830283,23544.0,24226.0,25671.0,25048.0,24622.25,3.0,194402.0,50859.0,16.994643941365254,5.246345202209854,18.323371158732936,2018,1.94402,91,55.48186813186813,16.169,1.268,0,9,64,2019,1,0,1,0,0,0,0,upstate,8244.77114432979
36009,2020,Q2,2,8082,5022.0,4087.0,51.0,884.0,1,0.0,Cattaraugus County,42.239099,-78.662332,7082.0,7718.0,8130.0,7949.0,7719.75,1.0,77686.0,47240.0,16.5151898228852,5.715315500862446,18.157711814226502,2018,0.77686,91,53.54560439560439,16.547,1.9840000000000002,0,12,62,2019,1,0,1,0,0,0,0,upstate,6464.485235434957
36011,2020,Q2,2,8082,4541.0,3675.0,81.0,785.0,1,0.0,Cayuga County,43.008546,-76.574587,5948.0,5981.0,5713.0,6035.0,5919.25,1.0,77868.0,56579.0,11.685954473497462,5.0534237427441315,17.798068526223865,2018,0.77868,91,56.059890109890105,15.945,1.433,0,7,57,2019,1,0,1,0,0,0,0,upstate,5831.66384137258
36013,2020,Q2,2,8082,9903.0,8670.0,100.0,1133.0,4,0.0,Chautauqua County,42.304216,-79.407595,13027.0,16604.0,18727.0,16829.0,16296.75,4.0,129656.0,45332.0,18.732771266906322,5.431295119392855,19.02572962300241,2018,1.29656,91,55.260989010989015,17.154,1.5150000000000001,0,5,58,2019,1,0,1,0,0,0,0,upstate,7637.903375084839
36015,2020,Q2,2,8082,5804.0,4731.0,64.0,1009.0,2,0.0,Chemung County,42.148697,-76.752471,8498.0,11340.0,12420.0,11923.0,11045.25,2.0,85740.0,53299.0,14.82470124445433,5.919057616048519,17.866806624679263,2018,0.8574,91,55.76978021978022,16.913,1.406,0,9,61,2019,1,0,1,0,0,0,0,upstate,6769.302542570563
36017,2020,Q2,2,8082,2520.0,,,,1,,Chenango County,42.478024,-75.602241,4103.0,4308.0,4465.0,4397.0,4318.25,1.0,48348.0,50595.0,14.296833911854423,5.369405146024655,19.731943410275502,2018,0.48348,91,53.973076923076924,15.996,2.481,0,12,59,2019,1,0,1,0,0,0,0,upstate,5212.211466865227
36019,2020,Q2,2,8082,6872.0,5286.0,77.0,1509.0,1,0.0,Clinton County,44.752712,-73.705643,9019.0,9571.0,10279.0,10518.0,9846.75,1.0,80794.0,55178.0,15.31046758403505,4.882788325865782,15.908359531648388,2018,0.80794,91,48.84120879120879,17.406,4.715,0,21,57,2019,1,0,1,0,0,0,0,upstate,8505.58209768052
36021,2020,Q2,2,8082,4068.0,3273.0,50.0,745.0,1,0.0,Columbia County,42.247696,-73.626718,5950.0,6185.0,6831.0,6700.0,6416.5,1.0,60919.0,63032.0,11.904278707931676,4.221999704525682,22.28697122408444,2018,0.60919,91,56.95439560439561,14.421,0.799,0,5,59,2019,1,0,1,0,0,0,0,upstate,6677.71959487188
36023,2020,Q2,2,8082,4275.0,3720.0,50.0,505.0,1,0.0,Cortland County,42.594039,-76.07624,6789.0,7172.0,7468.0,7277.0,7176.5,1.0,48123.0,54489.0,15.46340805966126,5.251127319576917,15.682729671882466,2018,0.48123,91,53.88021978021978,18.072,3.142,0,11,60,2019,1,0,1,0,0,0,0,upstate,8883.486066953432
36025,2020,Q2,2,8082,1804.0,1259.0,0.0,0.0,4,545.0,Delaware County,42.193986,-74.966728,2824.0,3544.0,3908.0,3662.0,3484.5,4.0,45502.0,48827.0,16.225487923601133,3.9448815436684104,23.284690782822732,2018,0.45502,91,53.01593406593406,16.986,3.003,0,11,60,2019,1,0,1,0,0,0,0,upstate,3964.6608940266365
36027,2020,Q2,2,8082,18201.0,13609.0,183.0,4409.0,3,0.0,Dutchess County,41.754825,-73.740014,28715.0,29542.0,31407.0,31546.0,30302.5,3.0,293894.0,78028.0,9.134107518197911,4.638066785984062,16.5706002844563,2018,2.93894,91,57.5021978021978,14.632,0.744,0,5,60,2019,1,0,1,0,0,0,0,upstate,6193.04919460758
36029,2020,Q2,2,8082,62924.0,42119.0,674.0,13961.0,10,6170.0,Erie County,42.752759,-78.778192,89586.0,102260.0,106356.0,105148.0,100837.5,10.0,919866.0,55673.0,14.543746669234247,5.460795376717913,17.234249336316378,2018,9.19866,91,55.25054945054945,15.343,0.8,0,5,56,2019,1,0,1,0,0,0,0,upstate,6840.561560053313
36031,2020,Q2,2,8082,1428.0,1428.0,0.0,0.0,3,0.0,Essex County,44.109601,-73.778431,2300.0,3764.0,5032.0,3928.0,3756.0,3.0,37751.0,56196.0,9.466966753083957,3.9601599957617015,22.044449153664804,2018,0.37751,91,46.004945054945054,19.089,10.446,0,25,65,2019,1,0,1,0,0,0,0,upstate,3782.6812534767296
36033,2020,Q2,2,8082,3464.0,3070.0,44.0,350.0,2,0.0,Franklin County,44.594376,-74.31067,5607.0,5979.0,7036.0,6316.0,6234.5,2.0,50692.0,51696.0,18.198574315471564,4.858754833109761,15.941371419553382,2018,0.50692,91,49.06153846153847,17.494,6.229,0,19,57,2019,1,0,1,0,0,0,0,upstate,6833.4253925668745
36035,2020,Q2,2,8082,3261.0,2916.0,30.0,315.0,1,0.0,Fulton County,43.115609,-74.423678,4864.0,5292.0,5849.0,5425.0,5357.5,1.0,53743.0,50248.0,15.455047303599642,4.981113819474164,18.571720968312153,2018,0.53743,91,52.681868131868136,19.903,4.382,0,12,64,2019,1,0,1,0,0,0,0,upstate,6067.7669650000935
36037,2020,Q2,2,8082,4494.0,3892.0,37.0,565.0,2,0.0,Genesee County,43.00091,-78.192778,4922.0,5075.0,5369.0,5260.0,5156.5,2.0,58112.0,59338.0,11.357442348008385,5.128028634361233,17.98767896475771,2018,0.58112,91,55.279670329670324,14.233,1.2959999999999998,0,9,57,2019,1,0,1,0,0,0,0,upstate,7733.342511013217
36045,2020,Q2,2,8082,9087.0,5719.0,97.0,1225.0,3,2046.0,Jefferson County,43.996389,-76.052968,13542.0,13927.0,14826.0,15058.0,14338.25,3.0,114448.0,52268.0,14.243337195828506,7.931986579057739,12.77348664895848,2018,1.14448,91,53.08461538461538,17.077,0.524,0,8,53,2019,1,0,1,0,0,0,0,upstate,7939.850412414372
36047,2020,Q2,2,8082,120049.0,56534.0,267.0,19952.0,15,43296.0,Kings County,40.635045,-73.95064,244785.0,237721.0,239904.0,247111.0,242380.25,15.0,2600747.0,56015.0,21.1409109400377,7.449513543608817,13.209589398738132,2018,26.00747,91,60.5510989010989,16.582,0.0,0,2,60,2019,1,0,1,0,0,1,0,nyc,4615.94303482807
36049,2020,Q2,2,8082,2034.0,1824.0,35.0,175.0,1,0.0,Lewis County,43.782706,-75.444132,2448.0,2604.0,2795.0,2790.0,2659.25,1.0,26719.0,52380.0,14.068599583096455,6.216550020584602,17.29106628242075,2018,0.26719,91,53.79835164835164,17.61,4.74,0,10,61,2019,1,0,1,0,0,0,0,upstate,7612.560350312511
36051,2020,Q2,2,8082,2567.0,2240.0,36.0,291.0,1,0.0,Livingston County,42.729042,-77.778463,3280.0,3512.0,3956.0,3775.0,3630.75,1.0,63907.0,56071.0,13.62279605719839,4.387625768695135,16.763421847371962,2018,0.63907,91,56.20989010989011,14.370000000000001,0.772,0,6,56,2019,1,0,1,0,0,0,0,upstate,4016.7743752640554
36053,2020,Q2,2,8082,5218.0,3348.0,37.0,400.0,2,1433.0,Madison County,42.910026,-75.663575,7368.0,7718.0,8160.0,7871.0,7779.25,2.0,71359.0,60228.0,9.896785698094389,4.651130200815595,17.015372973275973,2018,0.71359,91,53.425274725274726,16.919,4.354,0,11,62,2019,1,0,1,0,0,0,0,upstate,7312.322201824577
36055,2020,Q2,2,8082,55512.0,40805.0,548.0,14159.0,5,0.0,Monroe County,43.250347,-77.700518,74620.0,81411.0,82197.0,82906.0,80283.5,5.0,744248.0,57479.0,14.737866936290306,5.588862852167558,16.34280508647655,2018,7.44248,91,53.856043956043955,13.164,1.02,0,5,57,2019,1,0,1,0,0,0,0,upstate,7458.804054562458
36057,2020,Q2,2,8082,4079.0,3346.0,30.0,703.0,2,0.0,Montgomery County,42.900891,-74.435357,6172.0,12377.0,12233.0,12538.0,10830.0,2.0,49426.0,45837.0,19.931008840783278,6.138469631368106,18.138226844171086,2018,0.49426,91,55.00164835164835,15.165,1.24,0,10,58,2019,1,0,1,0,0,0,0,upstate,8252.741472099704
36059,2020,Q2,2,8082,69332.0,38381.0,676.0,21843.0,12,8432.0,Nassau County,40.729612,-73.589414,114410.0,118366.0,120903.0,118976.0,118163.75,12.0,1356564.0,111240.0,5.717257427252851,5.472723734375968,17.114120675471263,2018,13.56564,91,59.99340659340659,18.291,0.0,0,2,61,2019,1,0,1,0,0,0,1,downstate_non_nyc,5110.85359776612
36061,2020,Q2,2,8082,142370.0,81210.0,412.0,29870.0,19,30878.0,New York County,40.776642,-73.970187,270183.0,269942.0,267927.0,273967.0,270504.75,19.0,1632480.0,82459.0,16.61305845565466,4.8942100362638445,15.765093599921592,2018,16.3248,91,61.02142857142857,16.363,0.0,0,2,61,2019,1,0,1,0,0,1,0,nyc,8721.086935215133
36063,2020,Q2,2,8082,10213.0,6427.0,69.0,1391.0,4,2326.0,Niagara County,43.272672,-78.812943,13895.0,18554.0,20100.0,19726.0,18068.75,4.0,211704.0,54085.0,13.445155955540173,5.2327778407587955,18.138533046139894,2018,2.11704,91,54.940109890109895,13.23,0.221,0,5,50,2019,1,0,1,0,0,0,0,upstate,4824.188489589238
36065,2020,Q2,2,8082,17654.0,14117.0,98.0,3439.0,4,0.0,Oneida County,43.242727,-75.434282,23781.0,25759.0,23149.0,25096.0,24446.25,4.0,230782.0,53844.0,16.13642602250892,5.702784445927326,18.04733471414582,2018,2.30782,91,54.55329670329671,22.625,3.252,0,11,63,2019,1,0,1,0,0,0,0,upstate,7649.643386399287
36067,2020,Q2,2,8082,36961.0,27751.0,440.0,8770.0,6,0.0,Onondaga County,43.006516,-76.196134,53882.0,57252.0,58233.0,57786.0,56788.25,6.0,464242.0,59225.0,14.6326287652463,5.7261083658953735,16.16290641518863,2018,4.64242,91,55.38296703296704,16.673000000000002,2.425,0,8,57,2019,1,0,1,0,0,0,0,upstate,7961.580382645258
36069,2020,Q2,2,8082,10614.0,6881.0,83.0,1260.0,3,2390.0,Ontario County,42.856357,-77.303497,14084.0,14635.0,15362.0,14603.0,14671.0,3.0,109472.0,63359.0,9.61467786164589,5.030510084770535,18.790192926045016,2018,1.09472,91,55.60824175824176,13.696,1.075,0,8,59,2019,1,0,1,0,0,0,0,upstate,9695.629932768195
36071,2020,Q2,2,8082,24838.0,18708.0,342.0,5788.0,4,0.0,Orange County,41.40241,-74.306252,36820.0,36442.0,39793.0,38907.0,37990.5,4.0,378227.0,76716.0,11.816570825339017,6.570657303682709,13.339079441710929,2018,3.78227,91,58.71208791208792,15.539,0.496,0,5,60,2019,1,0,1,0,0,0,0,upstate,6566.955822825975
36075,2020,Q2,2,8082,4564.0,3788.0,24.0,752.0,2,0.0,Oswego County,43.461443,-76.209262,6146.0,6359.0,6882.0,6545.0,6483.0,2.0,119104.0,53597.0,17.940123342746794,5.475047017732402,15.312667920472864,2018,1.19104,91,53.67307692307692,16.987,1.792,0,8,61,2019,1,0,1,0,0,0,0,upstate,3831.945190757657
36077,2020,Q2,2,8082,7137.0,2312.0,93.0,684.0,2,4048.0,Otsego County,42.629776,-75.028841,9561.0,10461.0,11423.0,11027.0,10618.0,2.0,60244.0,53121.0,15.363539039393226,4.236106500232388,19.953854325741982,2018,0.60244,91,53.63461538461539,14.764,2.371,0,13,62,2019,1,0,1,0,0,0,0,upstate,11846.822920124827
36079,2020,Q2,2,8082,3594.0,2830.0,50.0,714.0,1,0.0,Putnam County,41.427907,-73.743861,5956.0,6126.0,6899.0,6700.0,6420.25,1.0,99070.0,102186.0,5.3157064738771584,4.459473099828404,16.203694357524984,2018,0.9907,91,57.565934065934066,17.417,0.524,0,4,57,2019,1,0,1,0,0,0,0,upstate,3627.7379630564246
36081,2020,Q2,2,8082,96370.0,40861.0,196.0,16044.0,10,39269.0,Queens County,40.654658,-73.841209,193781.0,189471.0,188915.0,189912.0,190519.75,10.0,2298513.0,64987.0,12.990045065662079,6.299290019242876,14.820712347504669,2018,22.98513,91,59.69505494505494,17.079,0.0,0,2,60,2019,1,0,1,0,0,1,0,nyc,4192.710678599599
36083,2020,Q2,2,8082,7601.0,6119.0,63.0,1419.0,1,0.0,Rensselaer County,42.710421,-73.513845,10629.0,11745.0,12515.0,12539.0,11857.0,1.0,159431.0,65851.0,12.011791194346474,5.318288162277098,16.01884200688699,2018,1.59431,91,54.348351648351645,15.18,1.682,0,11,63,2019,1,0,1,0,0,0,0,upstate,4767.579705327069
36085,2020,Q2,2,8082,21296.0,6456.0,103.0,1765.0,3,12972.0,Richmond County,40.561263,-74.1399,39246.0,39960.0,40658.0,40845.0,40177.25,3.0,474101.0,79267.0,12.824451618278893,5.770078527571129,15.466113760570005,2018,4.74101,91,60.948351648351654,15.062,0.0,0,1,58,2019,1,0,1,0,0,1,0,nyc,4491.869875828146
36087,2020,Q2,2,8082,13110.0,9415.0,134.0,3561.0,2,0.0,Rockland County,41.154628,-74.024662,21742.0,21132.0,21530.0,21682.0,21521.5,2.0,323686.0,91108.0,14.288488827769408,7.744542550496469,15.337394882694957,2018,3.23686,91,59.44725274725275,16.463,0.22,0,3,59,2019,1,0,1,0,0,0,1,downstate_non_nyc,4050.2215109705085
36089,2020,Q2,2,8082,10350.0,6778.0,82.0,1145.0,5,2345.0,St. Lawrence County,44.488112,-75.074311,14971.0,14543.0,14736.0,14840.0,14772.5,5.0,109558.0,49305.0,17.688986431743363,5.306778144909545,16.323773708903047,2018,1.09558,91,52.34340659340659,16.121,1.736,0,13,56,2019,1,0,1,0,0,0,0,upstate,9447.050877160957
36091,2020,Q2,2,8082,6602.0,4956.0,123.0,1523.0,1,0.0,Saratoga County,43.106135,-73.855387,8965.0,9474.0,10570.0,9869.0,9719.5,1.0,227377.0,80839.0,6.174038341060017,5.179943441948834,17.036463670467988,2018,2.27377,91,55.49395604395604,17.275,2.426,0,7,60,2019,1,0,1,0,0,0,0,upstate,2903.54785224539
36093,2020,Q2,2,8082,8797.0,6816.0,39.0,1932.0,2,10.0,Schenectady County,42.817552,-74.043559,12765.0,10707.0,11397.0,13775.0,12161.0,2.0,154883.0,63785.0,11.404776744864535,5.821813885319886,16.473725328150927,2018,1.54883,91,55.716483516483514,14.241999999999999,0.9650000000000001,0,8,59,2019,1,0,1,0,0,0,0,upstate,5679.771182118116
36097,2020,Q2,2,8082,1256.0,,,,1,,Schuyler County,42.419776,-76.938603,1703.0,1806.0,2181.0,1933.0,1905.75,1.0,17992.0,51479.0,13.865879950073753,5.085593597154291,20.031124944419744,2018,0.17992,91,55.29725274725275,15.347,1.516,0,9,57,2019,1,0,1,0,0,0,0,upstate,6980.880391285016
36101,2020,Q2,2,8082,6660.0,4138.0,56.0,650.0,3,1816.0,Steuben County,42.266725,-77.385525,9132.0,9854.0,10354.0,10292.0,9908.0,3.0,96927.0,51789.0,13.97664258107881,5.584615225891651,18.456157726949147,2018,0.96927,91,54.74945054945055,15.848,2.37,0,9,61,2019,1,0,1,0,0,0,0,upstate,6871.150453434027
36103,2020,Q2,2,8082,81114.0,48689.0,840.0,20711.0,11,10874.0,Suffolk County,40.943554,-72.692218,125091.0,109303.0,116461.0,113732.0,116146.75,11.0,1487901.0,96675.0,7.116249821900242,5.3919582015201275,16.072238677170052,2018,14.87901,91,59.330219780219785,16.117,0.0,0,1,63,2019,1,0,1,0,0,0,1,downstate_non_nyc,5451.572382839987
36105,2020,Q2,2,8082,6072.0,4752.0,45.0,709.0,2,566.0,Sullivan County,41.719993,-74.771577,7060.0,7341.0,8510.0,7584.0,7623.75,2.0,75211.0,56256.0,14.664113830769018,5.62284772174283,18.018640890295305,2018,0.75211,91,55.28901098901099,17.896,1.461,0,9,59,2019,1,0,1,0,0,0,0,upstate,8073.287152145298
36109,2020,Q2,2,8082,4632.0,3896.0,51.0,685.0,2,0.0,Tompkins County,42.453006,-76.473483,7014.0,7465.0,5781.0,6437.0,6674.25,2.0,102962.0,58743.0,19.60586607512968,4.131621374876168,13.170878576562226,2018,1.02962,91,55.52417582417582,16.298000000000002,1.02,0,9,58,2019,1,0,1,0,0,0,0,upstate,4498.747110584488
36111,2020,Q2,2,8082,7181.0,6085.0,37.0,1059.0,2,0.0,Ulster County,41.947212,-74.265458,11473.0,11919.0,13762.0,12744.0,12474.5,2.0,179303.0,63348.0,13.90565850642495,4.433835462875691,18.59143461068694,2018,1.79303,91,57.29945054945055,18.753,1.682,0,6,58,2019,1,0,1,0,0,0,0,upstate,4004.9525105547596
36113,2020,Q2,2,8082,7936.0,6183.0,118.0,1635.0,1,0.0,Warren County,43.555105,-73.838139,9904.0,10408.0,12281.0,11206.0,10949.75,1.0,64480.0,59813.0,10.494946468835243,4.398263027295286,20.925868486352357,2018,0.6448,91,53.83351648351649,14.484,1.709,0,10,56,2019,1,0,1,0,0,0,0,upstate,12307.692307692309
36117,2020,Q2,2,8082,3997.0,3148.0,35.0,814.0,1,0.0,Wayne County,43.218114,-77.049402,5743.0,6136.0,6717.0,6587.0,6295.75,1.0,90856.0,55765.0,11.303843105738427,5.483402306947257,17.723650611957385,2018,0.90856,91,55.100549450549444,14.73,1.709,0,7,55,2019,1,0,1,0,0,0,0,upstate,4399.269173197147
36119,2020,Q2,2,8082,52000.0,27354.0,433.0,10344.0,13,13869.0,Westchester County,41.152686,-73.745753,87602.0,90666.0,90810.0,92199.0,90319.25,13.0,968815.0,92758.0,9.221958696063638,5.667748744600362,16.40168659651223,2018,9.68815,91,59.27307692307693,15.985,0.22,0,3,60,2019,1,0,1,0,0,0,1,downstate_non_nyc,5367.381801479127
36121,2020,Q2,2,8082,2135.0,1781.0,25.0,329.0,1,0.0,Wyoming County,42.701365,-78.228576,3288.0,3211.0,3774.0,3656.0,3482.25,1.0,40565.0,57914.0,10.937667058697743,5.105386416861827,16.649821274497718,2018,0.40565,91,53.58351648351649,13.908,2.453,0,12,61,2019,1,0,1,0,0,0,0,upstate,5263.157894736842
36123,2020,Q2,2,8082,1245.0,1201.0,0.0,44.0,1,0.0,Yates County,42.638237,-77.104324,1824.0,1928.0,2314.0,2005.0,2017.75,1.0,25009.0,54343.0,11.418132952588921,6.041824943020513,19.492982526290536,2018,0.25009,91,55.73076923076923,14.233,1.295,0,7,58,2019,1,0,1,0,0,0,0,upstate,4978.207845175737
36001,2020,Q3,3,8083,29054.0,19234.0,386.0,9434.0,5,0.0,Albany County,42.58824,-73.97401,22985.0,34404.0,42718.0,43800.0,35976.75,5.0,307426.0,64535.0,11.972953790343873,5.068862100147678,16.074112144060685,2018,3.07426,92,69.03858695652174,8.138,0.0,1,0,39,2019,1,0,0,1,0,0,0,upstate,9450.729606474404
36003,2020,Q3,3,8083,2454.0,,,,2,,Allegany County,42.247853,-78.026153,1966.0,2760.0,5172.0,5051.0,3737.25,2.0,47025.0,47033.0,17.020364415862808,5.156831472620946,17.95640616693248,2018,0.47025,92,65.7304347826087,10.322,0.0,0,0,57,2019,1,0,0,1,0,0,0,upstate,5218.500797448166
36005,2020,Q3,3,8083,142216.0,92142.0,135.0,22217.0,11,27722.0,Bronx County,40.848711,-73.852939,98633.0,187164.0,200700.0,195312.0,170452.25,11.0,1437872.0,38085.0,29.051309999308515,7.377777715958027,12.133903435076279,2018,14.37872,92,73.63695652173914,10.285,0.0,4,0,47,2019,1,0,0,1,0,1,0,nyc,9890.727408281125
36007,2020,Q3,3,8083,20638.0,12419.0,197.0,4091.0,3,3931.0,Broome County,42.161977,-75.830283,16028.0,23544.0,24226.0,25671.0,22367.25,3.0,194402.0,50859.0,16.994643941365254,5.246345202209854,18.323371158732936,2018,1.94402,92,67.39347826086956,10.879,0.0,0,0,49,2019,1,0,0,1,0,0,0,upstate,10616.145924424645
36009,2020,Q3,3,8083,6568.0,5466.0,45.0,1057.0,1,0.0,Cattaraugus County,42.239099,-78.662332,5022.0,7082.0,7718.0,8130.0,6988.0,1.0,77686.0,47240.0,16.5151898228852,5.715315500862446,18.157711814226502,2018,0.77686,92,65.56847826086957,13.373000000000001,0.0,0,0,57,2019,1,0,0,1,0,0,0,upstate,8454.547794969492
36011,2020,Q3,3,8083,5639.0,4550.0,80.0,1009.0,1,0.0,Cayuga County,43.008546,-76.574587,4541.0,5948.0,5981.0,5713.0,5545.75,1.0,77868.0,56579.0,11.685954473497462,5.0534237427441315,17.798068526223865,2018,0.77868,92,69.55,10.585,0.0,1,0,54,2019,1,0,0,1,0,0,0,upstate,7241.742435917194
36013,2020,Q3,3,8083,12929.0,11590.0,100.0,1239.0,4,0.0,Chautauqua County,42.304216,-79.407595,9903.0,13027.0,16604.0,18727.0,14565.25,4.0,129656.0,45332.0,18.732771266906322,5.431295119392855,19.02572962300241,2018,1.29656,92,68.12010869565218,16.344,0.0,0,0,63,2019,1,0,0,1,0,0,0,upstate,9971.771456777935
36015,2020,Q3,3,8083,7849.0,6585.0,58.0,1206.0,2,0.0,Chemung County,42.148697,-76.752471,5804.0,8498.0,11340.0,12420.0,9515.5,2.0,85740.0,53299.0,14.82470124445433,5.919057616048519,17.866806624679263,2018,0.8574,92,67.90326086956522,8.347,0.0,1,0,48,2019,1,0,0,1,0,0,0,upstate,9154.420340564497
36017,2020,Q3,3,8083,3337.0,,,,1,,Chenango County,42.478024,-75.602241,2520.0,4103.0,4308.0,4465.0,3849.0,1.0,48348.0,50595.0,14.296833911854423,5.369405146024655,19.731943410275502,2018,0.48348,92,66.00489130434782,9.885,0.0,0,0,47,2019,1,0,0,1,0,0,0,upstate,6902.043517829072
36019,2020,Q3,3,8083,8350.0,6841.0,98.0,1411.0,1,0.0,Clinton County,44.752712,-73.705643,6872.0,9019.0,9571.0,10279.0,8935.25,1.0,80794.0,55178.0,15.31046758403505,4.882788325865782,15.908359531648388,2018,0.80794,92,64.1445652173913,8.533,0.0,0,0,41,2019,1,0,0,1,0,0,0,upstate,10334.92586083125
36021,2020,Q3,3,8083,5492.0,4647.0,59.0,786.0,1,0.0,Columbia County,42.247696,-73.626718,4068.0,5950.0,6185.0,6831.0,5758.5,1.0,60919.0,63032.0,11.904278707931676,4.221999704525682,22.28697122408444,2018,0.60919,92,70.1858695652174,7.695,0.0,4,0,39,2019,1,0,0,1,0,0,0,upstate,9015.249757875212
36023,2020,Q3,3,8083,5540.0,4946.0,48.0,546.0,1,0.0,Cortland County,42.594039,-76.07624,4275.0,6789.0,7172.0,7468.0,6426.0,1.0,48123.0,54489.0,15.46340805966126,5.251127319576917,15.682729671882466,2018,0.48123,92,66.02717391304348,10.321,0.0,0,0,54,2019,1,0,0,1,0,0,0,upstate,11512.166739396962
36025,2020,Q3,3,8083,2535.0,1671.0,0.0,0.0,4,864.0,Delaware County,42.193986,-74.966728,1804.0,2824.0,3544.0,3908.0,3020.0,4.0,45502.0,48827.0,16.225487923601133,3.9448815436684104,23.284690782822732,2018,0.45502,92,64.79782608695652,11.206,0.0,0,0,51,2019,1,0,0,1,0,0,0,upstate,5571.183684233661
36027,2020,Q3,3,8083,25167.0,19749.0,277.0,5141.0,3,0.0,Dutchess County,41.754825,-73.740014,18201.0,28715.0,29542.0,31407.0,26966.25,3.0,293894.0,78028.0,9.134107518197911,4.638066785984062,16.5706002844563,2018,2.93894,92,70.22880434782608,8.761,0.0,3,0,43,2019,1,0,0,1,0,0,0,upstate,8563.291526877038
36029,2020,Q3,3,8083,83550.0,58282.0,934.0,16055.0,10,8279.0,Erie County,42.752759,-78.778192,62924.0,89586.0,102260.0,106356.0,90281.5,10.0,919866.0,55673.0,14.543746669234247,5.460795376717913,17.234249336316378,2018,9.19866,92,69.15108695652174,13.030000000000001,0.0,0,0,55,2019,1,0,0,1,0,0,0,upstate,9082.844675202692
36031,2020,Q3,3,8083,2341.0,2341.0,0.0,0.0,3,0.0,Essex County,44.109601,-73.778431,1428.0,2300.0,3764.0,5032.0,3131.0,3.0,37751.0,56196.0,9.466966753083957,3.9601599957617015,22.044449153664804,2018,0.37751,92,60.37934782608695,9.481,0.0,0,0,43,2019,1,0,0,1,0,0,0,upstate,6201.160234165983
36033,2020,Q3,3,8083,5654.0,5149.0,62.0,443.0,2,0.0,Franklin County,44.594376,-74.31067,3464.0,5607.0,5979.0,7036.0,5521.5,2.0,50692.0,51696.0,18.198574315471564,4.858754833109761,15.941371419553382,2018,0.50692,92,62.845652173913045,13.799,0.0,0,0,51,2019,1,0,0,1,0,0,0,upstate,11153.633709461059
36035,2020,Q3,3,8083,4284.0,3875.0,33.0,376.0,1,0.0,Fulton County,43.115609,-74.423678,3261.0,4864.0,5292.0,5849.0,4816.5,1.0,53743.0,50248.0,15.455047303599642,4.981113819474164,18.571720968312153,2018,0.53743,92,65.71304347826087,11.491,0.0,0,0,50,2019,1,0,0,1,0,0,0,upstate,7971.270677111437
36037,2020,Q3,3,8083,4421.0,3730.0,43.0,648.0,2,0.0,Genesee County,43.00091,-78.192778,4494.0,4922.0,5075.0,5369.0,4965.0,2.0,58112.0,59338.0,11.357442348008385,5.128028634361233,17.98767896475771,2018,0.58112,92,68.77173913043478,9.41,0.0,0,0,53,2019,1,0,0,1,0,0,0,upstate,7607.723017621146
36045,2020,Q3,3,8083,11579.0,7463.0,59.0,949.0,3,3108.0,Jefferson County,43.996389,-76.052968,9087.0,13542.0,13927.0,14826.0,12845.5,3.0,114448.0,52268.0,14.243337195828506,7.931986579057739,12.77348664895848,2018,1.14448,92,68.15597826086957,10.942,0.0,0,0,46,2019,1,0,0,1,0,0,0,upstate,10117.258492940025
36047,2020,Q3,3,8083,169229.0,87498.0,537.0,20306.0,15,60888.0,Kings County,40.635045,-73.95064,120049.0,244785.0,237721.0,239904.0,210614.75,15.0,2600747.0,56015.0,21.1409109400377,7.449513543608817,13.209589398738132,2018,26.00747,92,74.06195652173913,8.897,0.0,3,0,40,2019,1,0,0,1,0,1,0,nyc,6506.938198909775
36049,2020,Q3,3,8083,2543.0,2306.0,43.0,194.0,1,0.0,Lewis County,43.782706,-75.444132,2034.0,2448.0,2604.0,2795.0,2470.25,1.0,26719.0,52380.0,14.068599583096455,6.216550020584602,17.29106628242075,2018,0.26719,92,66.80271739130436,10.328,0.0,0,0,53,2019,1,0,0,1,0,0,0,upstate,9517.571765410383
36051,2020,Q3,3,8083,3247.0,2893.0,50.0,304.0,1,0.0,Livingston County,42.729042,-77.778463,2567.0,3280.0,3512.0,3956.0,3328.75,1.0,63907.0,56071.0,13.62279605719839,4.387625768695135,16.763421847371962,2018,0.63907,92,68.67717391304348,9.365,0.0,1,0,53,2019,1,0,0,1,0,0,0,upstate,5080.820567386984
36053,2020,Q3,3,8083,7067.0,4539.0,51.0,383.0,2,2094.0,Madison County,42.910026,-75.663575,5218.0,7368.0,7718.0,8160.0,7116.0,2.0,71359.0,60228.0,9.896785698094389,4.651130200815595,17.015372973275973,2018,0.71359,92,66.125,11.527000000000001,0.0,0,0,60,2019,1,0,0,1,0,0,0,upstate,9903.445956361496
36055,2020,Q3,3,8083,71890.0,54810.0,711.0,16369.0,5,0.0,Monroe County,43.250347,-77.700518,55512.0,74620.0,81411.0,82197.0,73435.0,5.0,744248.0,57479.0,14.737866936290306,5.588862852167558,16.34280508647655,2018,7.44248,92,69.90869565217392,9.447000000000001,0.0,3,0,48,2019,1,0,0,1,0,0,0,upstate,9659.414603734238
36057,2020,Q3,3,8083,5086.0,4372.0,34.0,680.0,2,0.0,Montgomery County,42.900891,-74.435357,4079.0,6172.0,12377.0,12233.0,8715.25,2.0,49426.0,45837.0,19.931008840783278,6.138469631368106,18.138226844171086,2018,0.49426,92,67.55978260869566,10.297,0.0,2,0,41,2019,1,0,0,1,0,0,0,upstate,10290.130700441063
36059,2020,Q3,3,8083,88726.0,53561.0,1011.0,23321.0,12,10833.0,Nassau County,40.729612,-73.589414,69332.0,114410.0,118366.0,120903.0,105752.75,12.0,1356564.0,111240.0,5.717257427252851,5.472723734375968,17.114120675471263,2018,13.56564,92,72.92173913043479,8.745000000000001,0.0,2,0,49,2019,1,0,0,1,0,0,1,downstate_non_nyc,6540.494956375077
36061,2020,Q3,3,8083,198976.0,123680.0,730.0,32759.0,19,41807.0,New York County,40.776642,-73.970187,142370.0,270183.0,269942.0,267927.0,237605.5,19.0,1632480.0,82459.0,16.61305845565466,4.8942100362638445,15.765093599921592,2018,16.3248,92,73.82336956521739,10.633,0.0,5,0,45,2019,1,0,0,1,0,1,0,nyc,12188.571988630794
36063,2020,Q3,3,8083,13771.0,9017.0,84.0,1506.0,4,3164.0,Niagara County,43.272672,-78.812943,10213.0,13895.0,18554.0,20100.0,15690.5,4.0,211704.0,54085.0,13.445155955540173,5.2327778407587955,18.138533046139894,2018,2.11704,92,70.46358695652174,10.202,0.0,0,0,49,2019,1,0,0,1,0,0,0,upstate,6504.836942145638
36065,2020,Q3,3,8083,22261.0,18531.0,148.0,3582.0,4,0.0,Oneida County,43.242727,-75.434282,17654.0,23781.0,25759.0,23149.0,22585.75,4.0,230782.0,53844.0,16.13642602250892,5.702784445927326,18.04733471414582,2018,2.30782,92,67.18478260869566,14.118,0.0,0,0,53,2019,1,0,0,1,0,0,0,upstate,9645.899593555823
36067,2020,Q3,3,8083,50256.0,38951.0,638.0,10667.0,6,0.0,Onondaga County,43.006516,-76.196134,36961.0,53882.0,57252.0,58233.0,51582.0,6.0,464242.0,59225.0,14.6326287652463,5.7261083658953735,16.16290641518863,2018,4.64242,92,68.4983695652174,11.383000000000001,0.0,0,0,54,2019,1,0,0,1,0,0,0,upstate,10825.38848273099
36069,2020,Q3,3,8083,13306.0,9757.0,79.0,1418.0,3,2052.0,Ontario County,42.856357,-77.303497,10614.0,14084.0,14635.0,15362.0,13673.75,3.0,109472.0,63359.0,9.61467786164589,5.030510084770535,18.790192926045016,2018,1.09472,92,69.07663043478261,8.585,0.0,1,0,52,2019,1,0,0,1,0,0,0,upstate,12154.706226249635
36071,2020,Q3,3,8083,32075.0,25053.0,430.0,6592.0,4,0.0,Orange County,41.40241,-74.306252,24838.0,36820.0,36442.0,39793.0,34473.25,4.0,378227.0,76716.0,11.816570825339017,6.570657303682709,13.339079441710929,2018,3.78227,92,71.59891304347826,6.3950000000000005,0.0,8,0,43,2019,1,0,0,1,0,0,0,upstate,8480.357034267781
36075,2020,Q3,3,8083,5917.0,5047.0,32.0,838.0,2,0.0,Oswego County,43.461443,-76.209262,4564.0,6146.0,6359.0,6882.0,5987.75,2.0,119104.0,53597.0,17.940123342746794,5.475047017732402,15.312667920472864,2018,1.19104,92,67.94782608695652,14.479000000000001,0.0,0,0,52,2019,1,0,0,1,0,0,0,upstate,4967.927189682966
36077,2020,Q3,3,8083,9376.0,3043.0,104.0,991.0,2,5238.0,Otsego County,42.629776,-75.028841,7137.0,9561.0,10461.0,11423.0,9645.5,2.0,60244.0,53121.0,15.363539039393226,4.236106500232388,19.953854325741982,2018,0.60244,92,65.43097826086957,10.751,0.0,0,0,49,2019,1,0,0,1,0,0,0,upstate,15563.375605869465
36079,2020,Q3,3,8083,4930.0,4124.0,63.0,743.0,1,0.0,Putnam County,41.427907,-73.743861,3594.0,5956.0,6126.0,6899.0,5643.75,1.0,99070.0,102186.0,5.3157064738771584,4.459473099828404,16.203694357524984,2018,0.9907,92,70.63152173913043,9.091,0.0,1,0,44,2019,1,0,0,1,0,0,0,upstate,4976.279398405168
36081,2020,Q3,3,8083,137167.0,67391.0,376.0,17026.0,10,52374.0,Queens County,40.654658,-73.841209,96370.0,193781.0,189471.0,188915.0,167134.25,10.0,2298513.0,64987.0,12.990045065662079,6.299290019242876,14.820712347504669,2018,22.98513,92,73.26739130434783,9.193,0.0,2,0,40,2019,1,0,0,1,0,1,0,nyc,5967.640818215951
36083,2020,Q3,3,8083,10208.0,8558.0,103.0,1547.0,1,0.0,Rensselaer County,42.710421,-73.513845,7601.0,10629.0,11745.0,12515.0,10622.5,1.0,159431.0,65851.0,12.011791194346474,5.318288162277098,16.01884200688699,2018,1.59431,92,67.31576086956522,9.89,0.0,0,0,45,2019,1,0,0,1,0,0,0,upstate,6402.769850280059
36085,2020,Q3,3,8083,28892.0,9402.0,140.0,1735.0,3,17615.0,Richmond County,40.561263,-74.1399,21296.0,39246.0,39960.0,40658.0,35290.0,3.0,474101.0,79267.0,12.824451618278893,5.770078527571129,15.466113760570005,2018,4.74101,92,73.87771739130434,9.346,0.0,3,0,42,2019,1,0,0,1,0,1,0,nyc,6094.060126428757
36087,2020,Q3,3,8083,17503.0,13442.0,171.0,3890.0,2,0.0,Rockland County,41.154628,-74.024662,13110.0,21742.0,21132.0,21530.0,19378.5,2.0,323686.0,91108.0,14.288488827769408,7.744542550496469,15.337394882694957,2018,3.23686,92,72.3929347826087,10.527000000000001,0.0,8,0,46,2019,1,0,0,1,0,0,1,downstate_non_nyc,5407.40099973431
36089,2020,Q3,3,8083,14170.0,9765.0,101.0,1241.0,5,3063.0,St. Lawrence County,44.488112,-75.074311,10350.0,14971.0,14543.0,14736.0,13650.0,5.0,109558.0,49305.0,17.688986431743363,5.306778144909545,16.323773708903047,2018,1.09558,92,66.275,12.909,0.0,0,0,51,2019,1,0,0,1,0,0,0,upstate,12933.788495591376
36091,2020,Q3,3,8083,8465.0,6439.0,161.0,1865.0,1,0.0,Saratoga County,43.106135,-73.855387,6602.0,8965.0,9474.0,10570.0,8902.75,1.0,227377.0,80839.0,6.174038341060017,5.179943441948834,17.036463670467988,2018,2.27377,92,68.99184782608695,10.044,0.0,0,0,43,2019,1,0,0,1,0,0,0,upstate,3722.891937179222
36093,2020,Q3,3,8083,10687.0,9197.0,44.0,1432.0,2,14.0,Schenectady County,42.817552,-74.043559,8797.0,12765.0,10707.0,11397.0,10916.5,2.0,154883.0,63785.0,11.404776744864535,5.821813885319886,16.473725328150927,2018,1.54883,92,69.13097826086957,9.809000000000001,0.0,4,0,41,2019,1,0,0,1,0,0,0,upstate,6900.047132351517
36097,2020,Q3,3,8083,1817.0,,,,1,,Schuyler County,42.419776,-76.938603,1256.0,1703.0,1806.0,2181.0,1736.5,1.0,17992.0,51479.0,13.865879950073753,5.085593597154291,20.031124944419744,2018,0.17992,92,67.95597826086956,9.544,0.0,0,0,54,2019,1,0,0,1,0,0,0,upstate,10098.932859048466
36101,2020,Q3,3,8083,8929.0,5657.0,86.0,770.0,3,2416.0,Steuben County,42.266725,-77.385525,6660.0,9132.0,9854.0,10354.0,9000.0,3.0,96927.0,51789.0,13.97664258107881,5.584615225891651,18.456157726949147,2018,0.96927,92,66.8125,9.927,0.0,0,0,48,2019,1,0,0,1,0,0,0,upstate,9212.08744725412
36103,2020,Q3,3,8083,115162.0,75802.0,1341.0,23519.0,11,14500.0,Suffolk County,40.943554,-72.692218,81114.0,125091.0,109303.0,116461.0,107992.25,11.0,1487901.0,96675.0,7.116249821900242,5.3919582015201275,16.072238677170052,2018,14.87901,92,73.43097826086957,7.888,0.0,2,0,38,2019,1,0,0,1,0,0,1,downstate_non_nyc,7739.8966732329645
36105,2020,Q3,3,8083,7491.0,5860.0,69.0,738.0,2,824.0,Sullivan County,41.719993,-74.771577,6072.0,7060.0,7341.0,8510.0,7245.75,2.0,75211.0,56256.0,14.664113830769018,5.62284772174283,18.018640890295305,2018,0.75211,92,67.34021739130435,7.7,0.0,0,0,42,2019,1,0,0,1,0,0,0,upstate,9959.979258353165
36109,2020,Q3,3,8083,6182.0,5239.0,69.0,874.0,2,0.0,Tompkins County,42.453006,-76.473483,4632.0,7014.0,7465.0,5781.0,6223.0,2.0,102962.0,58743.0,19.60586607512968,4.131621374876168,13.170878576562226,2018,1.02962,92,68.39728260869565,10.563,0.0,2,0,52,2019,1,0,0,1,0,0,0,upstate,6004.156873409607
36111,2020,Q3,3,8083,10129.0,8765.0,58.0,1306.0,2,0.0,Ulster County,41.947212,-74.265458,7181.0,11473.0,11919.0,13762.0,11083.75,2.0,179303.0,63348.0,13.90565850642495,4.433835462875691,18.59143461068694,2018,1.79303,92,69.77554347826087,6.574,0.0,1,0,46,2019,1,0,0,1,0,0,0,upstate,5649.096780310425
36113,2020,Q3,3,8083,10937.0,8621.0,133.0,2183.0,1,0.0,Warren County,43.555105,-73.838139,7936.0,9904.0,10408.0,12281.0,10132.25,1.0,64480.0,59813.0,10.494946468835243,4.398263027295286,20.925868486352357,2018,0.6448,92,67.70217391304348,9.128,0.0,1,0,44,2019,1,0,0,1,0,0,0,upstate,16961.848635235732
36117,2020,Q3,3,8083,5307.0,4336.0,47.0,924.0,1,0.0,Wayne County,43.218114,-77.049402,3997.0,5743.0,6136.0,6717.0,5648.25,1.0,90856.0,55765.0,11.303843105738427,5.483402306947257,17.723650611957385,2018,0.90856,92,69.325,10.111,0.0,4,0,54,2019,1,0,0,1,0,0,0,upstate,5841.111208946025
36119,2020,Q3,3,8083,69939.0,40506.0,573.0,11220.0,13,17640.0,Westchester County,41.152686,-73.745753,52000.0,87602.0,90666.0,90810.0,80269.5,13.0,968815.0,92758.0,9.221958696063638,5.667748744600362,16.40168659651223,2018,9.68815,92,72.4,10.389,0.0,8,0,48,2019,1,0,0,1,0,0,1,downstate_non_nyc,7219.025304108627
36121,2020,Q3,3,8083,3035.0,2654.0,32.0,349.0,1,0.0,Wyoming County,42.701365,-78.228576,2135.0,3288.0,3211.0,3774.0,3102.0,1.0,40565.0,57914.0,10.937667058697743,5.105386416861827,16.649821274497718,2018,0.40565,92,66.36358695652174,10.147,0.0,0,0,57,2019,1,0,0,1,0,0,0,upstate,7481.819302354246
36123,2020,Q3,3,8083,1724.0,1663.0,0.0,61.0,1,0.0,Yates County,42.638237,-77.104324,1245.0,1824.0,1928.0,2314.0,1827.75,1.0,25009.0,54343.0,11.418132952588921,6.041824943020513,19.492982526290536,2018,0.25009,92,68.63097826086957,9.138,0.0,2,0,55,2019,1,0,0,1,0,0,0,upstate,6893.518333399976
36001,2020,Q4,4,8084,26805.0,17320.0,341.0,9144.0,5,0.0,Albany County,42.58824,-73.97401,29054.0,22985.0,34404.0,42718.0,32290.25,5.0,307426.0,64535.0,11.972953790343873,5.068862100147678,16.074112144060685,2018,3.07426,92,38.618478260869566,16.082,22.572,0,50,42,2019,1,0,0,0,1,0,0,upstate,8719.171442883817
36003,2020,Q4,4,8084,2336.0,,,,2,,Allegany County,42.247853,-78.026153,2454.0,1966.0,2760.0,5172.0,3088.0,2.0,47025.0,47033.0,17.020364415862808,5.156831472620946,17.95640616693248,2018,0.47025,92,37.9804347826087,10.641,16.067,0,54,52,2019,1,0,0,0,1,0,0,upstate,4967.570441254652
36005,2020,Q4,4,8084,137389.0,90683.0,156.0,21173.0,11,25377.0,Bronx County,40.848711,-73.852939,142216.0,98633.0,187164.0,200700.0,157178.25,11.0,1437872.0,38085.0,29.051309999308515,7.377777715958027,12.133903435076279,2018,14.37872,92,45.414130434782614,14.977,8.901,0,35,42,2019,1,0,0,0,1,1,0,nyc,9555.022978401415
36007,2020,Q4,4,8084,19133.0,11094.0,208.0,3865.0,3,3966.0,Broome County,42.161977,-75.830283,20638.0,16028.0,23544.0,24226.0,21109.0,3.0,194402.0,50859.0,16.994643941365254,5.246345202209854,18.323371158732936,2018,1.94402,92,38.46304347826087,13.79,17.668,0,50,45,2019,1,0,0,0,1,0,0,upstate,9841.976934393679
36009,2020,Q4,4,8084,5552.0,4518.0,44.0,990.0,1,0.0,Cattaraugus County,42.239099,-78.662332,6568.0,5022.0,7082.0,7718.0,6597.5,1.0,77686.0,47240.0,16.5151898228852,5.715315500862446,18.157711814226502,2018,0.77686,92,37.69782608695652,12.704,23.317,0,55,53,2019,1,0,0,0,1,0,0,upstate,7146.718842519887
36011,2020,Q4,4,8084,5332.0,4261.0,71.0,1000.0,1,0.0,Cayuga County,43.008546,-76.574587,5639.0,4541.0,5948.0,5981.0,5527.25,1.0,77868.0,56579.0,11.685954473497462,5.0534237427441315,17.798068526223865,2018,0.77868,92,40.75978260869565,13.928,19.87,0,42,50,2019,1,0,0,0,1,0,0,upstate,6847.485488262187
36013,2020,Q4,4,8084,11576.0,10170.0,80.0,1326.0,4,0.0,Chautauqua County,42.304216,-79.407595,12929.0,9903.0,13027.0,16604.0,13115.75,4.0,129656.0,45332.0,18.732771266906322,5.431295119392855,19.02572962300241,2018,1.29656,92,40.4,15.317,32.303,0,43,55,2019,1,0,0,0,1,0,0,upstate,8928.240883568827
36015,2020,Q4,4,8084,7053.0,5808.0,50.0,1195.0,2,0.0,Chemung County,42.148697,-76.752471,7849.0,5804.0,8498.0,11340.0,8372.75,2.0,85740.0,53299.0,14.82470124445433,5.919057616048519,17.866806624679263,2018,0.8574,92,39.02336956521739,11.812,14.801,0,49,43,2019,1,0,0,0,1,0,0,upstate,8226.032190342898
36017,2020,Q4,4,8084,3213.0,,,,1,,Chenango County,42.478024,-75.602241,3337.0,2520.0,4103.0,4308.0,3567.0,1.0,48348.0,50595.0,14.296833911854423,5.369405146024655,19.731943410275502,2018,0.48348,92,37.0375,15.84,20.806,0,53,49,2019,1,0,0,0,1,0,0,upstate,6645.5696202531635
36019,2020,Q4,4,8084,8246.0,6110.0,98.0,2038.0,1,0.0,Clinton County,44.752712,-73.705643,8350.0,6872.0,9019.0,9571.0,8453.0,1.0,80794.0,55178.0,15.31046758403505,4.882788325865782,15.908359531648388,2018,0.80794,92,32.71467391304348,13.18,22.738,0,58,52,2019,1,0,0,0,1,0,0,upstate,10206.203430947842
36021,2020,Q4,4,8084,5052.0,4217.0,58.0,777.0,1,0.0,Columbia County,42.247696,-73.626718,5492.0,4068.0,5950.0,6185.0,5423.75,1.0,60919.0,63032.0,11.904278707931676,4.221999704525682,22.28697122408444,2018,0.60919,92,40.04347826086956,16.386,21.0,0,42,41,2019,1,0,0,0,1,0,0,upstate,8292.979201891036
36023,2020,Q4,4,8084,5102.0,4422.0,44.0,636.0,1,0.0,Cortland County,42.594039,-76.07624,5540.0,4275.0,6789.0,7172.0,5944.0,1.0,48123.0,54489.0,15.46340805966126,5.251127319576917,15.682729671882466,2018,0.48123,92,37.17445652173913,14.956999999999999,23.591,0,50,46,2019,1,0,0,0,1,0,0,upstate,10601.999044116119
36025,2020,Q4,4,8084,2065.0,1374.0,0.0,0.0,4,691.0,Delaware County,42.193986,-74.966728,2535.0,1804.0,2824.0,3544.0,2676.75,4.0,45502.0,48827.0,16.225487923601133,3.9448815436684104,23.284690782822732,2018,0.45502,92,36.50923913043478,14.637,21.964,0,56,49,2019,1,0,0,0,1,0,0,upstate,4538.2620544151905
36027,2020,Q4,4,8084,23403.0,17500.0,258.0,5645.0,3,0.0,Dutchess County,41.754825,-73.740014,25167.0,18201.0,28715.0,29542.0,25406.25,3.0,293894.0,78028.0,9.134107518197911,4.638066785984062,16.5706002844563,2018,2.93894,92,40.993478260869566,15.021,13.395999999999999,0,40,40,2019,1,0,0,0,1,0,0,upstate,7963.0751223230145
36029,2020,Q4,4,8084,73137.0,50660.0,705.0,15166.0,10,6606.0,Erie County,42.752759,-78.778192,83550.0,62924.0,89586.0,102260.0,84580.0,10.0,919866.0,55673.0,14.543746669234247,5.460795376717913,17.234249336316378,2018,9.19866,92,41.783152173913045,14.331,22.267,0,37,55,2019,1,0,0,0,1,0,0,upstate,7950.831969004181
36031,2020,Q4,4,8084,1664.0,1664.0,0.0,0.0,3,0.0,Essex County,44.109601,-73.778431,2341.0,1428.0,2300.0,3764.0,2458.25,3.0,37751.0,56196.0,9.466966753083957,3.9601599957617015,22.044449153664804,2018,0.37751,92,28.92554347826087,17.715,36.82,0,68,54,2019,1,0,0,0,1,0,0,upstate,4407.830256152155
36033,2020,Q4,4,8084,4754.0,4233.0,56.0,465.0,2,0.0,Franklin County,44.594376,-74.31067,5654.0,3464.0,5607.0,5979.0,5176.0,2.0,50692.0,51696.0,18.198574315471564,4.858754833109761,15.941371419553382,2018,0.50692,92,32.36141304347826,15.975,25.495,0,58,54,2019,1,0,0,0,1,0,0,upstate,9378.205634025093
36035,2020,Q4,4,8084,3607.0,3245.0,28.0,334.0,1,0.0,Fulton County,43.115609,-74.423678,4284.0,3261.0,4864.0,5292.0,4425.25,1.0,53743.0,50248.0,15.455047303599642,4.981113819474164,18.571720968312153,2018,0.53743,92,35.43369565217392,20.262,28.992,0,56,46,2019,1,0,0,0,1,0,0,upstate,6711.571739575386
36037,2020,Q4,4,8084,4147.0,3345.0,35.0,767.0,2,0.0,Genesee County,43.00091,-78.192778,4421.0,4494.0,4922.0,5075.0,4728.0,2.0,58112.0,59338.0,11.357442348008385,5.128028634361233,17.98767896475771,2018,0.58112,92,39.909239130434784,14.19,22.435,0,44,51,2019,1,0,0,0,1,0,0,upstate,7136.219713656387
36045,2020,Q4,4,8084,10754.0,7082.0,45.0,1288.0,3,2339.0,Jefferson County,43.996389,-76.052968,11579.0,9087.0,13542.0,13927.0,12033.75,3.0,114448.0,52268.0,14.243337195828506,7.931986579057739,12.77348664895848,2018,1.14448,92,39.75054347826087,15.982,22.296,0,41,52,2019,1,0,0,0,1,0,0,upstate,9396.40710191528
36047,2020,Q4,4,8084,165726.0,84669.0,491.0,19241.0,15,61325.0,Kings County,40.635045,-73.95064,169229.0,120049.0,244785.0,237721.0,192946.0,15.0,2600747.0,56015.0,21.1409109400377,7.449513543608817,13.209589398738132,2018,26.00747,92,46.40489130434783,14.355,6.809,1,26,44,2019,1,0,0,0,1,1,0,nyc,6372.246127747143
36049,2020,Q4,4,8084,2109.0,1850.0,27.0,232.0,1,0.0,Lewis County,43.782706,-75.444132,2543.0,2034.0,2448.0,2604.0,2407.25,1.0,26719.0,52380.0,14.068599583096455,6.216550020584602,17.29106628242075,2018,0.26719,92,37.18641304347826,16.86,27.422,0,49,50,2019,1,0,0,0,1,0,0,upstate,7893.259478273887
36051,2020,Q4,4,8084,2735.0,2356.0,39.0,340.0,1,0.0,Livingston County,42.729042,-77.778463,3247.0,2567.0,3280.0,3512.0,3151.5,1.0,63907.0,56071.0,13.62279605719839,4.387625768695135,16.763421847371962,2018,0.63907,92,40.45108695652174,10.249,17.116,0,43,50,2019,1,0,0,0,1,0,0,upstate,4279.6563756708965
36053,2020,Q4,4,8084,6241.0,4045.0,43.0,464.0,2,1689.0,Madison County,42.910026,-75.663575,7067.0,5218.0,7368.0,7718.0,6842.75,2.0,71359.0,60228.0,9.896785698094389,4.651130200815595,17.015372973275973,2018,0.71359,92,36.91304347826087,16.14,28.081,0,50,51,2019,1,0,0,0,1,0,0,upstate,8745.918524643002
36055,2020,Q4,4,8084,77599.0,59844.0,596.0,17159.0,5,0.0,Monroe County,43.250347,-77.700518,71890.0,55512.0,74620.0,81411.0,70858.25,5.0,744248.0,57479.0,14.737866936290306,5.588862852167558,16.34280508647655,2018,7.44248,92,41.44728260869565,13.149,20.613,0,36,51,2019,1,0,0,0,1,0,0,upstate,10426.497619073212
36057,2020,Q4,4,8084,4755.0,3975.0,30.0,750.0,2,0.0,Montgomery County,42.900891,-74.435357,5086.0,4079.0,6172.0,12377.0,6928.5,2.0,49426.0,45837.0,19.931008840783278,6.138469631368106,18.138226844171086,2018,0.49426,92,37.71467391304348,16.633,24.25,0,53,44,2019,1,0,0,0,1,0,0,upstate,9620.442681989236
36059,2020,Q4,4,8084,92664.0,55355.0,1032.0,24640.0,12,11637.0,Nassau County,40.729612,-73.589414,88726.0,69332.0,114410.0,118366.0,97708.5,12.0,1356564.0,111240.0,5.717257427252851,5.472723734375968,17.114120675471263,2018,13.56564,92,45.61141304347826,15.796,7.138,0,33,43,2019,1,0,0,0,1,0,1,downstate_non_nyc,6830.787194706627
36061,2020,Q4,4,8084,206140.0,122420.0,769.0,32923.0,19,50028.0,New York County,40.776642,-73.970187,198976.0,142370.0,270183.0,269942.0,220367.75,19.0,1632480.0,82459.0,16.61305845565466,4.8942100362638445,15.765093599921592,2018,16.3248,92,45.65054347826087,14.498,8.324,0,34,42,2019,1,0,0,0,1,1,0,nyc,12627.413505831619
36063,2020,Q4,4,8084,12118.0,7711.0,55.0,1462.0,4,2890.0,Niagara County,43.272672,-78.812943,13771.0,10213.0,13895.0,18554.0,14108.25,4.0,211704.0,54085.0,13.445155955540173,5.2327778407587955,18.138533046139894,2018,2.11704,92,41.834782608695654,11.03,18.768,0,35,48,2019,1,0,0,0,1,0,0,upstate,5724.029777425084
36065,2020,Q4,4,8084,22810.0,19619.0,133.0,3058.0,4,0.0,Oneida County,43.242727,-75.434282,22261.0,17654.0,23781.0,25759.0,22363.75,4.0,230782.0,53844.0,16.13642602250892,5.702784445927326,18.04733471414582,2018,2.30782,92,37.50054347826087,19.095,26.043,0,49,49,2019,1,0,0,0,1,0,0,upstate,9883.78643048418
36067,2020,Q4,4,8084,51131.0,39812.0,545.0,10774.0,6,0.0,Onondaga County,43.006516,-76.196134,50256.0,36961.0,53882.0,57252.0,49587.75,6.0,464242.0,59225.0,14.6326287652463,5.7261083658953735,16.16290641518863,2018,4.64242,92,39.72282608695652,15.177,23.343,0,44,51,2019,1,0,0,0,1,0,0,upstate,11013.867767242085
36069,2020,Q4,4,8084,12164.0,8726.0,83.0,1466.0,3,1889.0,Ontario County,42.856357,-77.303497,13306.0,10614.0,14084.0,14635.0,13159.75,3.0,109472.0,63359.0,9.61467786164589,5.030510084770535,18.790192926045016,2018,1.09472,92,40.18152173913043,11.635,17.889,0,42,47,2019,1,0,0,0,1,0,0,upstate,11111.517100263081
36071,2020,Q4,4,8084,30403.0,23659.0,364.0,6380.0,4,0.0,Orange County,41.40241,-74.306252,32075.0,24838.0,36820.0,36442.0,32543.75,4.0,378227.0,76716.0,11.816570825339017,6.570657303682709,13.339079441710929,2018,3.78227,92,42.35054347826087,15.05,12.402,0,36,42,2019,1,0,0,0,1,0,0,upstate,8038.2944633778125
36075,2020,Q4,4,8084,5334.0,4491.0,32.0,811.0,2,0.0,Oswego County,43.461443,-76.209262,5917.0,4564.0,6146.0,6359.0,5746.5,2.0,119104.0,53597.0,17.940123342746794,5.475047017732402,15.312667920472864,2018,1.19104,92,39.63315217391305,15.891,22.85,0,46,51,2019,1,0,0,0,1,0,0,upstate,4478.439011284256
36077,2020,Q4,4,8084,8209.0,2460.0,74.0,981.0,2,4694.0,Otsego County,42.629776,-75.028841,9376.0,7137.0,9561.0,10461.0,9133.75,2.0,60244.0,53121.0,15.363539039393226,4.236106500232388,19.953854325741982,2018,0.60244,92,36.957608695652176,15.954,23.427,0,54,48,2019,1,0,0,0,1,0,0,upstate,13626.253236836863
36079,2020,Q4,4,8084,4688.0,3832.0,58.0,798.0,1,0.0,Putnam County,41.427907,-73.743861,4930.0,3594.0,5956.0,6126.0,5151.5,1.0,99070.0,102186.0,5.3157064738771584,4.459473099828404,16.203694357524984,2018,0.9907,92,41.525,15.894,10.527,0,38,41,2019,1,0,0,0,1,0,0,upstate,4732.007671343495
36081,2020,Q4,4,8084,139457.0,68678.0,380.0,17672.0,10,52727.0,Queens County,40.654658,-73.841209,137167.0,96370.0,193781.0,189471.0,154197.25,10.0,2298513.0,64987.0,12.990045065662079,6.299290019242876,14.820712347504669,2018,22.98513,92,46.373369565217395,14.523,6.420999999999999,1,25,42,2019,1,0,0,0,1,1,0,nyc,6067.2704483289845
36083,2020,Q4,4,8084,9671.0,7948.0,108.0,1615.0,1,0.0,Rensselaer County,42.710421,-73.513845,10208.0,7601.0,10629.0,11745.0,10045.75,1.0,159431.0,65851.0,12.011791194346474,5.318288162277098,16.01884200688699,2018,1.59431,92,37.56086956521739,16.536,24.858,0,52,47,2019,1,0,0,0,1,0,0,upstate,6065.947024104471
36085,2020,Q4,4,8084,27991.0,9386.0,161.0,1768.0,3,16676.0,Richmond County,40.561263,-74.1399,28892.0,21296.0,39246.0,39960.0,32348.5,3.0,474101.0,79267.0,12.824451618278893,5.770078527571129,15.466113760570005,2018,4.74101,92,46.50326086956522,14.181000000000001,5.869000000000001,0,24,47,2019,1,0,0,0,1,1,0,nyc,5904.016232828027
36087,2020,Q4,4,8084,16445.0,12243.0,131.0,4071.0,2,0.0,Rockland County,41.154628,-74.024662,17503.0,13110.0,21742.0,21132.0,18371.75,2.0,323686.0,91108.0,14.288488827769408,7.744542550496469,15.337394882694957,2018,3.23686,92,43.61521739130435,17.47,11.273,0,35,42,2019,1,0,0,0,1,0,1,downstate_non_nyc,5080.541018147216
36089,2020,Q4,4,8084,12510.0,8392.0,73.0,1217.0,5,2828.0,St. Lawrence County,44.488112,-75.074311,14170.0,10350.0,14971.0,14543.0,13508.5,5.0,109558.0,49305.0,17.688986431743363,5.306778144909545,16.323773708903047,2018,1.09558,92,35.97282608695652,15.385,21.886,0,54,51,2019,1,0,0,0,1,0,0,upstate,11418.6093210902
36091,2020,Q4,4,8084,7931.0,5861.0,151.0,1919.0,1,0.0,Saratoga County,43.106135,-73.855387,8465.0,6602.0,8965.0,9474.0,8376.5,1.0,227377.0,80839.0,6.174038341060017,5.179943441948834,17.036463670467988,2018,2.27377,92,38.30217391304348,16.619,23.59,0,47,47,2019,1,0,0,0,1,0,0,upstate,3488.0396873914246
36093,2020,Q4,4,8084,12166.0,9910.0,60.0,2180.0,2,16.0,Schenectady County,42.817552,-74.043559,10687.0,8797.0,12765.0,10707.0,10739.0,2.0,154883.0,63785.0,11.404776744864535,5.821813885319886,16.473725328150927,2018,1.54883,92,38.56739130434782,15.568,24.005,0,49,45,2019,1,0,0,0,1,0,0,upstate,7854.961487057973
36097,2020,Q4,4,8084,1381.0,,,,1,,Schuyler County,42.419776,-76.938603,1817.0,1256.0,1703.0,1806.0,1645.5,1.0,17992.0,51479.0,13.865879950073753,5.085593597154291,20.031124944419744,2018,0.17992,92,39.31358695652174,10.936,16.646,0,46,44,2019,1,0,0,0,1,0,0,upstate,7675.633614939974
36101,2020,Q4,4,8084,8477.0,5186.0,59.0,782.0,3,2450.0,Steuben County,42.266725,-77.385525,8929.0,6660.0,9132.0,9854.0,8643.75,3.0,96927.0,51789.0,13.97664258107881,5.584615225891651,18.456157726949147,2018,0.96927,92,38.42717391304348,10.983,12.983,0,51,42,2019,1,0,0,0,1,0,0,upstate,8745.757116180219
36103,2020,Q4,4,8084,108758.0,68566.0,1201.0,23145.0,11,15846.0,Suffolk County,40.943554,-72.692218,115162.0,81114.0,125091.0,109303.0,107667.5,11.0,1487901.0,96675.0,7.116249821900242,5.3919582015201275,16.072238677170052,2018,14.87901,92,46.72608695652174,18.625,7.303,0,20,45,2019,1,0,0,0,1,0,1,downstate_non_nyc,7309.491693331747
36105,2020,Q4,4,8084,6568.0,5279.0,29.0,643.0,2,617.0,Sullivan County,41.719993,-74.771577,7491.0,6072.0,7060.0,7341.0,6991.0,2.0,75211.0,56256.0,14.664113830769018,5.62284772174283,18.018640890295305,2018,0.75211,92,39.06032608695652,15.159,13.202,0,49,45,2019,1,0,0,0,1,0,0,upstate,8732.76515403332
36109,2020,Q4,4,8084,5604.0,4526.0,49.0,1029.0,2,0.0,Tompkins County,42.453006,-76.473483,6182.0,4632.0,7014.0,7465.0,6323.25,2.0,102962.0,58743.0,19.60586607512968,4.131621374876168,13.170878576562226,2018,1.02962,92,40.44782608695652,13.165000000000001,21.0,0,42,47,2019,1,0,0,0,1,0,0,upstate,5442.784716691594
36111,2020,Q4,4,8084,9148.0,7975.0,64.0,1109.0,2,0.0,Ulster County,41.947212,-74.265458,10129.0,7181.0,11473.0,11919.0,10175.5,2.0,179303.0,63348.0,13.90565850642495,4.433835462875691,18.59143461068694,2018,1.79303,92,41.07663043478261,19.323,18.851,0,40,45,2019,1,0,0,0,1,0,0,upstate,5101.978215646141
36113,2020,Q4,4,8084,9324.0,7251.0,106.0,1967.0,1,0.0,Warren County,43.555105,-73.838139,10937.0,7936.0,9904.0,10408.0,9796.25,1.0,64480.0,59813.0,10.494946468835243,4.398263027295286,20.925868486352357,2018,0.6448,92,37.10380434782609,14.138,19.625,0,53,44,2019,1,0,0,0,1,0,0,upstate,14460.29776674938
36117,2020,Q4,4,8084,4749.0,3815.0,35.0,899.0,1,0.0,Wayne County,43.218114,-77.049402,5307.0,3997.0,5743.0,6136.0,5295.75,1.0,90856.0,55765.0,11.303843105738427,5.483402306947257,17.723650611957385,2018,0.90856,92,40.61141304347826,12.963,21.358999999999998,0,42,50,2019,1,0,0,0,1,0,0,upstate,5226.952540283525
36119,2020,Q4,4,8084,70169.0,38827.0,565.0,12100.0,13,18677.0,Westchester County,41.152686,-73.745753,69939.0,52000.0,87602.0,90666.0,75051.75,13.0,968815.0,92758.0,9.221958696063638,5.667748744600362,16.40168659651223,2018,9.68815,92,43.66304347826087,16.034,8.929,0,35,41,2019,1,0,0,0,1,0,1,downstate_non_nyc,7242.765646692093
36121,2020,Q4,4,8084,2841.0,2403.0,23.0,415.0,1,0.0,Wyoming County,42.701365,-78.228576,3035.0,2135.0,3288.0,3211.0,2917.25,1.0,40565.0,57914.0,10.937667058697743,5.105386416861827,16.649821274497718,2018,0.40565,92,37.488586956521736,11.885,25.244,0,52,51,2019,1,0,0,0,1,0,0,upstate,7003.574510045606
36123,2020,Q4,4,8084,1412.0,1334.0,0.0,78.0,1,0.0,Yates County,42.638237,-77.104324,1724.0,1245.0,1824.0,1928.0,1680.25,1.0,25009.0,54343.0,11.418132952588921,6.041824943020513,19.492982526290536,2018,0.25009,92,39.82934782608696,11.189,15.461,0,43,48,2019,1,0,0,0,1,0,0,upstate,5645.967451717382
36001,2021,Q1,1,8085,33062.0,23981.0,369.0,8712.0,5,0.0,Albany County,42.58824,-73.97401,26805.0,29054.0,22985.0,34404.0,28312.0,5.0,306968.0,66252.0,11.873645453015467,5.075447603659013,16.51344765578171,2019,3.06968,91,32.778571428571425,8.805,19.431,0,74,42,2020,1,0,0,0,0,0,0,upstate,10770.503765864845
36003,2021,Q1,1,8085,2178.0,,,,2,,Allegany County,42.247853,-78.026153,2336.0,2454.0,1966.0,2760.0,2379.0,2.0,46688.0,48412.0,16.88227684346701,5.157642220699109,18.411583276216586,2019,0.46688,91,31.20054945054945,11.503,36.655,0,76,61,2020,1,0,0,0,0,0,0,upstate,4665.0102810143935
36005,2021,Q1,1,8085,151201.0,101751.0,224.0,24273.0,10,24953.0,Bronx County,40.848711,-73.852939,137389.0,142216.0,98633.0,187164.0,141350.5,11.0,1435068.0,40088.0,28.005464383318063,7.308782580337657,12.519337062773332,2019,14.35068,91,39.9543956043956,9.719,4.271,0,43,43,2020,1,0,0,0,0,1,0,nyc,10536.155777984039
36007,2021,Q1,1,8085,16164.0,11508.0,196.0,4460.0,3,0.0,Broome County,42.161977,-75.830283,19133.0,20638.0,16028.0,23544.0,19835.75,3.0,193188.0,52226.0,17.41052207040511,5.231173778909663,18.69008427024453,2019,1.93188,91,33.01483516483516,9.747,28.662,0,74,59,2020,1,0,0,0,0,0,0,upstate,8366.979315485434
36009,2021,Q1,1,8085,5866.0,4796.0,38.0,1032.0,1,0.0,Cattaraugus County,42.239099,-78.662332,5552.0,6568.0,5022.0,7082.0,6056.0,1.0,77121.0,48703.0,16.502631261800506,5.704023547412508,18.706966973975963,2019,0.77121,91,30.795604395604396,14.114,44.62,0,76,61,2020,1,0,0,0,0,0,0,upstate,7606.229172339571
36011,2021,Q1,1,8085,5025.0,3950.0,71.0,1004.0,1,0.0,Cayuga County,43.008546,-76.574587,5332.0,5639.0,4541.0,5948.0,5365.0,1.0,77425.0,58377.0,12.096752052274661,5.024216984178237,18.355828220858896,2019,0.77425,91,33.621428571428574,10.618,33.484,0,66,51,2020,1,0,0,0,0,0,0,upstate,6490.1517597675165
36013,2021,Q1,1,8085,11118.0,9695.0,83.0,1340.0,3,0.0,Chautauqua County,42.304216,-79.407595,11576.0,12929.0,9903.0,13027.0,11858.75,4.0,128496.0,46820.0,18.198511488836168,5.449975096501058,19.578041339808244,2019,1.28496,91,32.88461538461539,13.62,42.054,0,69,58,2020,1,0,0,0,0,0,0,upstate,8652.409413522599
36015,2021,Q1,1,8085,6673.0,5470.0,53.0,1150.0,3,0.0,Chemung County,42.148697,-76.752471,7053.0,7849.0,5804.0,8498.0,7301.0,2.0,84895.0,54940.0,13.872659549288056,5.816596972731021,18.392131456505094,2019,0.84895,91,33.356043956043955,9.257,27.673,0,73,51,2020,1,0,0,0,0,0,0,upstate,7860.2980151952415
36017,2021,Q1,1,8085,2243.0,,,,1,,Chenango County,42.478024,-75.602241,3213.0,3337.0,2520.0,4103.0,3293.25,1.0,47909.0,52002.0,13.534537725823592,5.335114487883279,20.19871005447828,2019,0.47909,91,30.164835164835164,10.996,36.929,0,78,56,2020,1,0,0,0,0,0,0,upstate,4681.7925650712805
36019,2021,Q1,1,8085,7997.0,5925.0,99.0,1973.0,1,0.0,Clinton County,44.752712,-73.705643,8246.0,8350.0,6872.0,9019.0,8121.75,1.0,80583.0,56365.0,15.000619178006797,4.8620676817691075,16.40296340419195,2019,0.80583,91,24.073076923076925,9.926,41.945,0,87,51,2020,1,0,0,0,0,0,0,upstate,9923.929364754353
36021,2021,Q1,1,8085,4832.0,4048.0,57.0,727.0,1,0.0,Columbia County,42.247696,-73.626718,5052.0,5492.0,4068.0,5950.0,5140.5,1.0,60371.0,66787.0,11.57254828298697,4.23547729870302,23.083931026486226,2019,0.60371,91,34.73351648351648,8.655,15.568999999999999,0,72,43,2020,1,0,0,0,0,0,0,upstate,8003.842904705902
36023,2021,Q1,1,8085,4628.0,3973.0,56.0,599.0,1,0.0,Cortland County,42.594039,-76.07624,5102.0,5540.0,4275.0,6789.0,5426.5,1.0,47865.0,56023.0,16.401281068158237,4.963961140708242,16.020056408649328,2019,0.47865,91,30.25,11.67,42.027,0,77,58,2020,1,0,0,0,0,0,0,upstate,9668.860336362686
36025,2021,Q1,1,8085,3008.0,2057.0,0.0,13.0,4,938.0,Delaware County,42.193986,-74.966728,2065.0,2535.0,1804.0,2824.0,2307.0,4.0,44995.0,49544.0,16.580298731446526,3.8937659739971107,23.975997333037004,2019,0.44995,91,30.334615384615383,9.856,28.498,0,77,54,2020,1,0,0,0,0,0,0,upstate,6685.187243027003
36027,2021,Q1,1,8085,22874.0,17127.0,232.0,5515.0,3,0.0,Dutchess County,41.754825,-73.740014,23403.0,25167.0,18201.0,28715.0,23871.5,3.0,293754.0,81219.0,9.041098855118781,4.608277674516772,17.08095889758097,2019,2.93754,91,36.347252747252746,8.873,12.293,0,67,43,2020,1,0,0,0,0,0,0,upstate,7786.787584169067
36029,2021,Q1,1,8085,73781.0,50268.0,794.0,16087.0,10,6632.0,Erie County,42.752759,-78.778192,73137.0,83550.0,62924.0,89586.0,77299.25,10.0,919355.0,58121.0,14.199538872757772,5.476665705848122,17.593203931016856,2019,9.19355,91,34.136263736263736,13.039,31.333000000000002,0,62,55,2020,1,0,0,0,0,0,0,upstate,8025.300346438536
36031,2021,Q1,1,8085,1616.0,1616.0,0.0,0.0,3,0.0,Essex County,44.109601,-73.778431,1664.0,2341.0,1428.0,2300.0,1933.25,3.0,37459.0,56763.0,9.872959300988732,3.9456472409834755,22.758215649109694,2019,0.37459,91,21.293956043956044,13.059000000000001,59.31,0,88,53,2020,1,0,0,0,0,0,0,upstate,4314.050028030647
36033,2021,Q1,1,8085,4515.0,4014.0,48.0,453.0,2,0.0,Franklin County,44.594376,-74.31067,4754.0,5654.0,3464.0,5607.0,4869.75,2.0,50477.0,50407.0,17.779015370906663,4.923034253224241,16.571904035501316,2019,0.50477,91,23.948901098901096,11.966,47.017,0,87,50,2020,1,0,0,0,0,0,0,upstate,8944.667868534185
36035,2021,Q1,1,8085,3732.0,3332.0,25.0,375.0,1,0.0,Fulton County,43.115609,-74.423678,3607.0,4284.0,3261.0,4864.0,4004.0,1.0,53646.0,50482.0,14.902259940879183,5.051634791037542,19.03403795250345,2019,0.53646,91,27.83681318681319,13.776,47.761,0,79,46,2020,1,0,0,0,0,0,0,upstate,6956.7162509786385
36037,2021,Q1,1,8085,4592.0,3805.0,39.0,748.0,2,0.0,Genesee County,43.00091,-78.192778,4147.0,4421.0,4494.0,4922.0,4496.0,2.0,57808.0,60524.0,10.873346334264482,5.132507611403266,18.324453362856353,2019,0.57808,91,32.714835164835165,11.982,34.038000000000004,0,71,53,2020,1,0,0,0,0,0,0,upstate,7943.537226681428
36043,2021,Q1,1,8085,2734.0,,,,1,,Herkimer County,43.571009,-74.841097,,,,,,,62057.0,54646.0,13.637259086581082,5.100149862223439,20.115377797831027,2019,0.62057,91,24.42967032967033,14.246,61.213,0,84,52,2020,1,0,0,0,0,0,0,upstate,4405.627084776899
36045,2021,Q1,1,8085,10977.0,7161.0,51.0,1318.0,3,2447.0,Jefferson County,43.996389,-76.052968,10754.0,11579.0,9087.0,13542.0,11240.5,3.0,112842.0,52685.0,14.017671468764409,7.903085730490421,13.224685843923362,2019,1.12842,91,30.66813186813187,11.782,30.730999999999998,0,71,45,2020,1,0,0,0,0,0,0,upstate,9727.760940075505
36047,2021,Q1,1,8085,144051.0,104497.0,495.0,22111.0,15,16948.0,Kings County,40.635045,-73.95064,165726.0,169229.0,120049.0,244785.0,174947.25,15.0,2589974.0,60231.0,19.9502132741986,7.373008377690278,13.602221489482133,2019,25.89974,91,40.66318681318681,9.831,2.537,0,38,45,2020,1,0,0,0,0,1,0,nyc,5561.87050526376
36049,2021,Q1,1,8085,2093.0,1773.0,24.0,296.0,1,0.0,Lewis County,43.782706,-75.444132,2109.0,2543.0,2034.0,2448.0,2283.5,1.0,26572.0,54524.0,13.47544727826418,6.35255155803101,17.894776456420292,2019,0.26572,91,29.173626373626377,12.771,51.238,0,75,48,2020,1,0,0,0,0,0,0,upstate,7876.712328767123
36051,2021,Q1,1,8085,2745.0,2376.0,31.0,338.0,1,0.0,Livingston County,42.729042,-77.778463,2735.0,3247.0,2567.0,3280.0,2957.25,1.0,63591.0,59510.0,13.17511135857461,4.307213284898807,17.18639430108034,2019,0.63591,91,33.63901098901099,10.731,30.976,0,70,56,2020,1,0,0,0,0,0,0,upstate,4316.648582346558
36053,2021,Q1,1,8085,6208.0,3986.0,54.0,432.0,2,1736.0,Madison County,42.910026,-75.663575,6241.0,7067.0,5218.0,7368.0,6473.5,2.0,71205.0,61633.0,9.777919069894182,4.720174145074082,17.625166771996348,2019,0.71205,91,29.57857142857143,12.362,48.671,0,77,57,2020,1,0,0,0,0,0,0,upstate,8718.488870163612
36055,2021,Q1,1,8085,65785.0,48270.0,566.0,16949.0,6,0.0,Monroe County,43.250347,-77.700518,77599.0,71890.0,55512.0,74620.0,69905.25,5.0,743341.0,60075.0,14.391967688149446,5.5541131190126745,16.862247609105378,2019,7.43341,91,33.934065934065934,10.39,26.070999999999998,0,59,48,2020,1,0,0,0,0,0,0,upstate,8849.908722914517
36057,2021,Q1,1,8085,8177.0,3814.0,22.0,703.0,2,3638.0,Montgomery County,42.900891,-74.435357,4755.0,5086.0,4079.0,6172.0,5023.0,2.0,49302.0,49462.0,19.774163472495598,6.301975579084012,18.295403837572515,2019,0.49302,91,31.048351648351648,11.084,27.121000000000002,0,75,45,2020,1,0,0,0,0,0,0,upstate,16585.534055413573
36059,2021,Q1,1,8085,96713.0,63703.0,967.0,24778.0,12,7265.0,Nassau County,40.729612,-73.589414,92664.0,88726.0,69332.0,114410.0,91283.0,12.0,1356509.0,116100.0,5.556719059237463,5.471987285008798,17.470064702851214,2019,13.56509,91,40.05769230769231,10.197,3.776,0,45,45,2020,1,0,0,0,0,0,1,downstate_non_nyc,7129.55092815455
36061,2021,Q1,1,8085,225706.0,146649.0,915.0,39289.0,18,38853.0,New York County,40.776642,-73.970187,206140.0,198976.0,142370.0,270183.0,204417.25,19.0,1631993.0,86553.0,15.83353999796806,4.826797663960568,16.198353791958667,2019,16.31993,91,40.24175824175824,9.857,4.051,0,42,42,2020,1,0,0,0,0,1,0,nyc,13830.083830016427
36063,2021,Q1,1,8085,11363.0,9790.0,69.0,1504.0,4,0.0,Niagara County,43.272672,-78.812943,12118.0,13771.0,10213.0,13895.0,12499.25,4.0,210820.0,55522.0,13.455732827119169,5.264680770325396,18.602125035575373,2019,2.1082,91,34.14230769230769,9.918000000000001,25.162,0,58,49,2020,1,0,0,0,0,0,0,upstate,5389.906081016981
36065,2021,Q1,1,8085,20290.0,16233.0,116.0,3941.0,4,0.0,Oneida County,43.242727,-75.434282,22810.0,22261.0,17654.0,23781.0,21626.5,4.0,229959.0,56027.0,15.472338863266103,5.6601394161567935,18.383711879074095,2019,2.29959,91,30.264835164835162,13.378,40.955999999999996,0,76,52,2020,1,0,0,0,0,0,0,upstate,8823.311981701087
36067,2021,Q1,1,8085,46976.0,35672.0,545.0,10759.0,4,0.0,Onondaga County,43.006516,-76.196134,51131.0,50256.0,36961.0,53882.0,48057.5,6.0,462872.0,61359.0,14.111935302828474,5.69639122694827,16.59918940873503,2019,4.62872,91,32.37802197802198,11.379,41.563,0,70,53,2020,1,0,0,0,0,0,0,upstate,10148.810038196305
36069,2021,Q1,1,8085,11953.0,8399.0,95.0,1541.0,3,1918.0,Ontario County,42.856357,-77.303497,12164.0,13306.0,10614.0,14084.0,12542.0,3.0,109511.0,64944.0,8.664140842946543,4.963884906539069,19.3651779273315,2019,1.09511,91,33.07252747252747,9.797,32.794,0,71,56,2020,1,0,0,0,0,0,0,upstate,10914.885262667676
36071,2021,Q1,1,8085,30427.0,23650.0,374.0,6403.0,4,0.0,Orange County,41.40241,-74.306252,30403.0,32075.0,24838.0,36820.0,31034.0,4.0,380085.0,79944.0,11.64923233119657,6.617730244550561,13.668258415880658,2019,3.80085,91,37.78846153846154,9.418,9.729,0,62,43,2020,1,0,0,0,0,0,0,upstate,8005.314600681426
36073,2021,Q1,1,8085,1273.0,,,,1,,Orleans County,43.339906,-78.207028,,,,,,,40904.0,52620.0,13.720496731339757,5.043516526501075,17.35282612947389,2019,0.40904,91,33.96098901098901,10.197,27.202,0,59,49,2020,1,0,0,0,0,0,0,upstate,3112.1650694308623
36075,2021,Q1,1,8085,5254.0,4403.0,38.0,813.0,2,0.0,Oswego County,43.461443,-76.209262,5334.0,5917.0,4564.0,6146.0,5490.25,2.0,118339.0,55967.0,17.00054860459766,5.462273637600453,15.775019224431505,2019,1.18339,91,31.614835164835164,12.618,38.474000000000004,0,73,50,2020,1,0,0,0,0,0,0,upstate,4439.787390462991
36077,2021,Q1,1,8085,8047.0,2483.0,86.0,911.0,2,4567.0,Otsego County,42.629776,-75.028841,8209.0,9376.0,7137.0,9561.0,8570.75,2.0,59972.0,54028.0,14.86626921183613,4.233642366437671,20.56459681184553,2019,0.59972,91,29.96153846153846,10.738,36.049,0,79,55,2020,1,0,0,0,0,0,0,upstate,13417.928366571066
36079,2021,Q1,1,8085,4703.0,3845.0,51.0,807.0,1,0.0,Putnam County,41.427907,-73.743861,4688.0,4930.0,3594.0,5956.0,4792.0,1.0,98787.0,104486.0,4.980886221637619,4.446941399171956,16.7066516849383,2019,0.98787,91,36.402747252747254,9.646,10.886,0,61,44,2020,1,0,0,0,0,0,0,upstate,4760.747871683521
36081,2021,Q1,1,8085,145101.0,70338.0,412.0,18568.0,10,55783.0,Queens County,40.654658,-73.841209,139457.0,137167.0,96370.0,193781.0,141693.75,10.0,2287388.0,68666.0,12.232498310795116,6.255125934034803,15.323766671854536,2019,22.87388,91,40.47527472527472,9.872,2.398,0,37,45,2020,1,0,0,0,0,1,0,nyc,6343.523704767184
36083,2021,Q1,1,8085,9612.0,7873.0,114.0,1625.0,1,0.0,Rensselaer County,42.710421,-73.513845,9671.0,10208.0,7601.0,10629.0,9527.25,1.0,159185.0,68991.0,11.708763810579148,5.205264315105067,16.52605459057072,2019,1.59185,91,30.953846153846158,9.818999999999999,27.836,0,76,49,2020,1,0,0,0,0,0,0,upstate,6038.257373496247
36085,2021,Q1,1,8085,17221.0,13890.0,160.0,3171.0,3,0.0,Richmond County,40.561263,-74.1399,27991.0,28892.0,21296.0,39246.0,29356.25,3.0,474893.0,82783.0,11.650988673449799,5.743188465612254,15.886104869939125,2019,4.74893,91,40.65824175824176,10.138,2.646,0,34,43,2020,1,0,0,0,0,1,0,nyc,3626.2905538721357
36087,2021,Q1,1,8085,17720.0,13268.0,125.0,4327.0,2,0.0,Rockland County,41.154628,-74.024662,16445.0,17503.0,13110.0,21742.0,17200.0,2.0,324422.0,93024.0,13.870528407032099,7.907293586748125,15.538711924592045,2019,3.24422,91,38.385714285714286,10.209999999999999,7.277,0,51,45,2020,1,0,0,0,0,0,1,downstate_non_nyc,5462.02168780169
36089,2021,Q1,1,8085,12017.0,8058.0,75.0,1183.0,5,2701.0,St. Lawrence County,44.488112,-75.074311,12510.0,14170.0,10350.0,14971.0,13000.25,5.0,108913.0,50940.0,17.867417329167566,5.206908266230845,16.89238199296686,2019,1.08913,91,27.517582417582418,11.667,37.868,0,79,45,2020,1,0,0,0,0,0,0,upstate,11033.577258913077
36091,2021,Q1,1,8085,7697.0,5771.0,112.0,1814.0,1,0.0,Saratoga County,43.106135,-73.855387,7931.0,8465.0,6602.0,8965.0,7990.75,1.0,228502.0,84291.0,5.844282844087264,5.122055824456679,17.588905129933217,2019,2.28502,91,30.896703296703297,11.459,34.558,0,73,40,2020,1,0,0,0,0,0,0,upstate,3368.4606699284905
36093,2021,Q1,1,8085,11112.0,9101.0,42.0,1969.0,2,0.0,Schenectady County,42.817552,-74.043559,12166.0,10687.0,8797.0,12765.0,11103.75,2.0,154859.0,65499.0,11.44934934072272,5.84725459934521,16.82498272622192,2019,1.54859,91,32.63406593406593,9.521,21.388,0,73,39,2020,1,0,0,0,0,0,0,upstate,7175.559702697293
36095,2021,Q1,1,8085,1880.0,1859.0,0.0,21.0,1,0.0,Schoharie County,42.591294,-74.438172,,,,,,,31222.0,57714.0,12.103746397694524,4.2149766190506694,20.98840561142784,2019,0.31222,91,29.337912087912088,9.198,27.228,0,82,49,2020,1,0,0,0,0,0,0,upstate,6021.395170072385
36101,2021,Q1,1,8085,8158.0,5065.0,80.0,721.0,3,2292.0,Steuben County,42.266725,-77.385525,8477.0,8929.0,6660.0,9132.0,8299.5,3.0,96422.0,53663.0,13.693033665164103,5.531932546514281,18.928252888344986,2019,0.96422,91,31.973076923076924,9.506,29.629,0,77,57,2020,1,0,0,0,0,0,0,upstate,8460.724730870548
36103,2021,Q1,1,8085,89190.0,63243.0,1199.0,23500.0,11,1248.0,Suffolk County,40.943554,-72.692218,108758.0,115162.0,81114.0,125091.0,107531.25,11.0,1483832.0,101031.0,6.8741834877627,5.377899923980612,16.50260945983103,2019,14.83832,91,40.26318681318681,9.305,2.949,0,34,38,2020,1,0,0,0,0,0,1,downstate_non_nyc,6010.788283309701
36105,2021,Q1,1,8085,5760.0,5095.0,24.0,641.0,2,0.0,Sullivan County,41.719993,-74.771577,6568.0,7491.0,6072.0,7060.0,6797.75,2.0,75116.0,57426.0,15.151807361692748,5.667234677032855,18.541988391288143,2019,0.75116,91,33.56318681318681,10.023,17.505,0,74,44,2020,1,0,0,0,0,0,0,upstate,7668.13994355397
36109,2021,Q1,1,8085,5833.0,4789.0,54.0,990.0,1,0.0,Tompkins County,42.453006,-76.473483,5604.0,6182.0,4632.0,7014.0,5858.0,2.0,102642.0,60240.0,18.893626570915618,4.014925663958223,13.927047407494008,2019,1.02642,91,33.30824175824176,9.946,32.33,0,72,58,2020,1,0,0,0,0,0,0,upstate,5682.858868689231
36111,2021,Q1,1,8085,8856.0,7555.0,52.0,1249.0,2,0.0,Ulster County,41.947212,-74.265458,9148.0,10129.0,7181.0,11473.0,9482.75,2.0,178665.0,64304.0,13.791469194312796,4.397055942686032,19.172193770464276,2019,1.78665,91,35.65604395604395,12.041,19.433,0,68,41,2020,1,0,0,0,0,0,0,upstate,4956.762656368063
36113,2021,Q1,1,8085,9139.0,7114.0,119.0,1906.0,1,0.0,Warren County,43.555105,-73.838139,9324.0,10937.0,7936.0,9904.0,9525.25,1.0,64276.0,61024.0,9.473035731210313,4.326653805463937,21.605264795569106,2019,0.64276,91,28.697802197802197,9.238,32.772999999999996,0,78,38,2020,1,0,0,0,0,0,0,upstate,14218.370776028378
36117,2021,Q1,1,8085,4628.0,3658.0,41.0,929.0,1,0.0,Wayne County,43.218114,-77.049402,4749.0,5307.0,3997.0,5743.0,4949.0,1.0,90519.0,59449.0,11.615873122542926,5.483931550282261,18.372938278151548,2019,0.90519,91,33.340109890109886,10.637,31.088,0,68,51,2020,1,0,0,0,0,0,0,upstate,5112.738762027861
36119,2021,Q1,1,8085,69131.0,36511.0,516.0,12629.0,13,19475.0,Westchester County,41.152686,-73.745753,70169.0,69939.0,52000.0,87602.0,69927.5,13.0,968890.0,96610.0,8.839909277870884,5.630257304750797,16.74194180969976,2019,9.6889,91,38.2956043956044,9.391,7.054,0,51,43,2020,1,0,0,0,0,0,1,downstate_non_nyc,7135.072092807233
36121,2021,Q1,1,8085,2647.0,2222.0,21.0,404.0,1,0.0,Wyoming County,42.701365,-78.228576,2841.0,3035.0,2135.0,3288.0,2824.75,1.0,40305.0,58052.0,10.473476778866639,5.160650043418931,17.357647934499443,2019,0.40305,91,30.62197802197802,12.826,44.426,0,77,58,2020,1,0,0,0,0,0,0,upstate,6567.423396600918
36123,2021,Q1,1,8085,1306.0,1233.0,0.0,73.0,1,0.0,Yates County,42.638237,-77.104324,1412.0,1724.0,1245.0,1824.0,1551.25,1.0,25011.0,56563.0,11.906160819204297,5.981368197992883,20.11115109351885,2019,0.25011,91,32.9456043956044,9.41,33.047,0,73,56,2020,1,0,0,0,0,0,0,upstate,5221.702450921594
36001,2021,Q2,2,8086,36834.0,26695.0,451.0,9688.0,5,0.0,Albany County,42.58824,-73.97401,33062.0,26805.0,29054.0,22985.0,27976.5,5.0,306968.0,66252.0,11.873645453015467,5.075447603659013,16.51344765578171,2019,3.06968,91,55.065934065934066,10.658,5.348,1,14,47,2020,1,0,1,0,0,0,0,upstate,11999.296343592818
36003,2021,Q2,2,8086,2772.0,,,,2,,Allegany County,42.247853,-78.026153,2178.0,2336.0,2454.0,1966.0,2233.5,2.0,46688.0,48412.0,16.88227684346701,5.157642220699109,18.411583276216586,2019,0.46688,91,52.26593406593406,9.727,8.984,0,27,56,2020,1,0,1,0,0,0,0,upstate,5937.285812200137
36005,2021,Q2,2,8086,165672.0,114358.0,255.0,25858.0,10,25201.0,Bronx County,40.848711,-73.852939,151201.0,137389.0,142216.0,98633.0,132359.75,10.0,1435068.0,40088.0,28.005464383318063,7.308782580337657,12.519337062773332,2019,14.35068,91,58.917582417582416,11.105,0.08299999999999999,0,1,41,2020,1,0,1,0,0,1,0,nyc,11544.54004967012
36007,2021,Q2,2,8086,22543.0,17035.0,251.0,5257.0,3,0.0,Broome County,42.161977,-75.830283,16164.0,19133.0,20638.0,16028.0,17990.75,3.0,193188.0,52226.0,17.41052207040511,5.231173778909663,18.69008427024453,2019,1.93188,91,53.535714285714285,9.952,6.726,0,23,56,2020,1,0,1,0,0,0,0,upstate,11668.944240843117
36009,2021,Q2,2,8086,7038.0,5824.0,62.0,1152.0,1,0.0,Cattaraugus County,42.239099,-78.662332,5866.0,5552.0,6568.0,5022.0,5752.0,1.0,77121.0,48703.0,16.502631261800506,5.704023547412508,18.706966973975963,2019,0.77121,91,51.776923076923076,11.156,9.479,0,25,52,2020,1,0,1,0,0,0,0,upstate,9125.919010386275
36011,2021,Q2,2,8086,5975.0,4888.0,75.0,1012.0,1,0.0,Cayuga County,43.008546,-76.574587,5025.0,5332.0,5639.0,4541.0,5134.25,1.0,77425.0,58377.0,12.096752052274661,5.024216984178237,18.355828220858896,2019,0.77425,91,55.9010989010989,10.493,4.492,3,12,51,2020,1,0,1,0,0,0,0,upstate,7717.145624798191
36013,2021,Q2,2,8086,13203.0,11752.0,109.0,1342.0,3,0.0,Chautauqua County,42.304216,-79.407595,11118.0,11576.0,12929.0,9903.0,11381.5,3.0,128496.0,46820.0,18.198511488836168,5.449975096501058,19.578041339808244,2019,1.28496,91,53.81978021978022,12.083,9.261,0,18,58,2020,1,0,1,0,0,0,0,upstate,10275.028016436308
36015,2021,Q2,2,8086,8130.0,6899.0,51.0,1180.0,3,0.0,Chemung County,42.148697,-76.752471,6673.0,7053.0,7849.0,5804.0,6844.75,3.0,84895.0,54940.0,13.872659549288056,5.816596972731021,18.392131456505094,2019,0.84895,91,54.32912087912088,9.93,5.98,0,22,55,2020,1,0,1,0,0,0,0,upstate,9576.53572059603
36017,2021,Q2,2,8086,5213.0,,,,1,,Chenango County,42.478024,-75.602241,2243.0,3213.0,3337.0,2520.0,2828.25,1.0,47909.0,52002.0,13.534537725823592,5.335114487883279,20.19871005447828,2019,0.47909,91,52.26483516483517,10.112,8.159,0,24,57,2020,1,0,1,0,0,0,0,upstate,10881.045315076499
36019,2021,Q2,2,8086,8411.0,6746.0,92.0,1573.0,1,0.0,Clinton County,44.752712,-73.705643,7997.0,8246.0,8350.0,6872.0,7866.25,1.0,80583.0,56365.0,15.000619178006797,4.8620676817691075,16.40296340419195,2019,0.80583,91,50.793956043956044,7.119,6.726,1,30,40,2020,1,0,1,0,0,0,0,upstate,10437.685367881564
36021,2021,Q2,2,8086,5475.0,4652.0,72.0,751.0,1,0.0,Columbia County,42.247696,-73.626718,4832.0,5052.0,5492.0,4068.0,4861.0,1.0,60371.0,66787.0,11.57254828298697,4.23547729870302,23.083931026486226,2019,0.60371,91,56.52582417582418,9.365,3.666,3,9,42,2020,1,0,1,0,0,0,0,upstate,9068.923821039903
36023,2021,Q2,2,8086,5805.0,5086.0,75.0,644.0,1,0.0,Cortland County,42.594039,-76.07624,4628.0,5102.0,5540.0,4275.0,4886.25,1.0,47865.0,56023.0,16.401281068158237,4.963961140708242,16.020056408649328,2019,0.47865,91,52.254945054945054,10.052,8.956,0,24,58,2020,1,0,1,0,0,0,0,upstate,12127.859605139454
36025,2021,Q2,2,8086,4191.0,2939.0,0.0,27.0,4,1225.0,Delaware County,42.193986,-74.966728,3008.0,2065.0,2535.0,1804.0,2353.0,4.0,44995.0,49544.0,16.580298731446526,3.8937659739971107,23.975997333037004,2019,0.44995,91,51.15274725274725,11.239,11.518,0,26,54,2020,1,0,1,0,0,0,0,upstate,9314.36826314035
36027,2021,Q2,2,8086,27092.0,21399.0,284.0,5409.0,3,0.0,Dutchess County,41.754825,-73.740014,22874.0,23403.0,25167.0,18201.0,22411.25,3.0,293754.0,81219.0,9.041098855118781,4.608277674516772,17.08095889758097,2019,2.93754,91,56.393956043956045,10.206,3.3340000000000005,2,10,45,2020,1,0,1,0,0,0,0,upstate,9222.682925168678
36029,2021,Q2,2,8086,84468.0,58807.0,902.0,16977.0,10,7782.0,Erie County,42.752759,-78.778192,73781.0,73137.0,83550.0,62924.0,73348.0,10.0,919355.0,58121.0,14.199538872757772,5.476665705848122,17.593203931016856,2019,9.19355,91,54.82747252747253,10.899000000000001,5.347,0,14,51,2020,1,0,1,0,0,0,0,upstate,9187.745756535833
36031,2021,Q2,2,8086,2063.0,2063.0,0.0,0.0,3,0.0,Essex County,44.109601,-73.778431,1616.0,1664.0,2341.0,1428.0,1762.25,3.0,37459.0,56763.0,9.872959300988732,3.9456472409834755,22.758215649109694,2019,0.37459,91,46.31428571428572,10.137,14.879999999999999,0,36,51,2020,1,0,1,0,0,0,0,upstate,5507.354707813876
36033,2021,Q2,2,8086,5542.0,5071.0,58.0,413.0,2,0.0,Franklin County,44.594376,-74.31067,4515.0,4754.0,5654.0,3464.0,4596.75,2.0,50477.0,50407.0,17.779015370906663,4.923034253224241,16.571904035501316,2019,0.50477,91,50.39065934065934,7.774,7.608,1,33,50,2020,1,0,1,0,0,0,0,upstate,10979.257879826455
36035,2021,Q2,2,8086,4431.0,4079.0,28.0,324.0,1,0.0,Fulton County,43.115609,-74.423678,3732.0,3607.0,4284.0,3261.0,3721.0,1.0,53646.0,50482.0,14.902259940879183,5.051634791037542,19.03403795250345,2019,0.53646,91,52.26703296703297,11.998000000000001,8.735999999999999,0,22,47,2020,1,0,1,0,0,0,0,upstate,8259.702494128174
36037,2021,Q2,2,8086,5219.0,4425.0,37.0,757.0,2,0.0,Genesee County,43.00091,-78.192778,4592.0,4147.0,4421.0,4494.0,4413.5,2.0,57808.0,60524.0,10.873346334264482,5.132507611403266,18.324453362856353,2019,0.57808,91,54.87802197802198,9.296,5.21,1,19,54,2020,1,0,1,0,0,0,0,upstate,9028.16219208414
36043,2021,Q2,2,8086,3221.0,,,,1,,Herkimer County,43.571009,-74.841097,2734.0,,,,,1.0,62057.0,54646.0,13.637259086581082,5.100149862223439,20.115377797831027,2019,0.62057,91,49.1087912087912,10.632,10.969,0,31,54,2020,1,0,1,0,0,0,0,upstate,5190.389480638768
36045,2021,Q2,2,8086,12917.0,8224.0,54.0,1361.0,3,3278.0,Jefferson County,43.996389,-76.052968,10977.0,10754.0,11579.0,9087.0,10599.25,3.0,112842.0,52685.0,14.017671468764409,7.903085730490421,13.224685843923362,2019,1.12842,91,54.080219780219785,6.702,1.929,0,15,45,2020,1,0,1,0,0,0,0,upstate,11446.978961734105
36047,2021,Q2,2,8086,162279.0,120548.0,714.0,23234.0,15,17783.0,Kings County,40.635045,-73.95064,144051.0,165726.0,169229.0,120049.0,149763.75,15.0,2589974.0,60231.0,19.9502132741986,7.373008377690278,13.602221489482133,2019,25.89974,91,58.90054945054945,10.674,0.08299999999999999,0,0,42,2020,1,0,1,0,0,1,0,nyc,6265.661354129423
36049,2021,Q2,2,8086,2510.0,2276.0,35.0,199.0,1,0.0,Lewis County,43.782706,-75.444132,2093.0,2109.0,2543.0,2034.0,2194.75,1.0,26572.0,54524.0,13.47544727826418,6.35255155803101,17.894776456420292,2019,0.26572,91,54.02527472527473,8.266,3.6390000000000002,0,20,49,2020,1,0,1,0,0,0,0,upstate,9446.033418636158
36051,2021,Q2,2,8086,3421.0,3053.0,37.0,331.0,1,0.0,Livingston County,42.729042,-77.778463,2745.0,2735.0,3247.0,2567.0,2823.5,1.0,63591.0,59510.0,13.17511135857461,4.307213284898807,17.18639430108034,2019,0.63591,91,55.092307692307685,9.645,4.521,1,17,55,2020,1,0,1,0,0,0,0,upstate,5379.692094793289
36053,2021,Q2,2,8086,7454.0,4786.0,71.0,434.0,2,2163.0,Madison County,42.910026,-75.663575,6208.0,6241.0,7067.0,5218.0,6183.5,2.0,71205.0,61633.0,9.777919069894182,4.720174145074082,17.625166771996348,2019,0.71205,91,52.315934065934066,11.568,12.044,0,25,57,2020,1,0,1,0,0,0,0,upstate,10468.365985534723
36055,2021,Q2,2,8086,75445.0,56779.0,735.0,17931.0,6,0.0,Monroe County,43.250347,-77.700518,65785.0,77599.0,71890.0,55512.0,67696.5,6.0,743341.0,60075.0,14.391967688149446,5.5541131190126745,16.862247609105378,2019,7.43341,91,54.52582417582418,7.08,2.124,1,9,47,2020,1,0,1,0,0,0,0,upstate,10149.446889112802
36057,2021,Q2,2,8086,9004.0,4631.0,43.0,637.0,2,3693.0,Montgomery County,42.900891,-74.435357,8177.0,4755.0,5086.0,4079.0,5524.25,2.0,49302.0,49462.0,19.774163472495598,6.301975579084012,18.295403837572515,2019,0.49302,91,54.512637362637356,8.971,5.319,1,19,46,2020,1,0,1,0,0,0,0,upstate,18262.950793071275
36059,2021,Q2,2,8086,98731.0,66956.0,1080.0,23396.0,12,7299.0,Nassau County,40.729612,-73.589414,96713.0,92664.0,88726.0,69332.0,86858.75,12.0,1356509.0,116100.0,5.556719059237463,5.471987285008798,17.470064702851214,2019,13.56509,91,58.22637362637363,12.609,0.111,0,2,45,2020,1,0,1,0,0,0,1,downstate_non_nyc,7278.315145715952
36061,2021,Q2,2,8086,236410.0,163372.0,1059.0,40903.0,18,31076.0,New York County,40.776642,-73.970187,225706.0,206140.0,198976.0,142370.0,193298.0,18.0,1631993.0,86553.0,15.83353999796806,4.826797663960568,16.198353791958667,2019,16.31993,91,59.0510989010989,11.142,0.055,0,1,41,2020,1,0,1,0,0,1,0,nyc,14485.968996190548
36063,2021,Q2,2,8086,13206.0,11745.0,62.0,1399.0,4,0.0,Niagara County,43.272672,-78.812943,11363.0,12118.0,13771.0,10213.0,11866.25,4.0,210820.0,55522.0,13.455732827119169,5.264680770325396,18.602125035575373,2019,2.1082,91,55.427472527472524,7.442,0.964,1,8,41,2020,1,0,1,0,0,0,0,upstate,6264.111564367707
36065,2021,Q2,2,8086,23304.0,19180.0,135.0,3989.0,4,0.0,Oneida County,43.242727,-75.434282,20290.0,22810.0,22261.0,17654.0,20753.75,4.0,229959.0,56027.0,15.472338863266103,5.6601394161567935,18.383711879074095,2019,2.29959,91,54.29945054945055,11.149000000000001,5.127,2,20,50,2020,1,0,1,0,0,0,0,upstate,10133.980405202667
36067,2021,Q2,2,8086,53782.0,41454.0,545.0,11783.0,4,0.0,Onondaga County,43.006516,-76.196134,46976.0,51131.0,50256.0,36961.0,46331.0,4.0,462872.0,61359.0,14.111935302828474,5.69639122694827,16.59918940873503,2019,4.62872,91,55.02197802197802,9.993,6.1450000000000005,0,15,52,2020,1,0,1,0,0,0,0,upstate,11619.194939421699
36069,2021,Q2,2,8086,14057.0,10115.0,160.0,1573.0,3,2209.0,Ontario County,42.856357,-77.303497,11953.0,12164.0,13306.0,10614.0,12009.25,3.0,109511.0,64944.0,8.664140842946543,4.963884906539069,19.3651779273315,2019,1.09511,91,55.02362637362637,8.532,5.4030000000000005,2,17,50,2020,1,0,1,0,0,0,0,upstate,12836.153445772572
36071,2021,Q2,2,8086,35216.0,28468.0,350.0,6398.0,4,0.0,Orange County,41.40241,-74.306252,30427.0,30403.0,32075.0,24838.0,29435.75,4.0,380085.0,79944.0,11.64923233119657,6.617730244550561,13.668258415880658,2019,3.80085,91,57.60934065934066,10.246,1.213,2,6,44,2020,1,0,1,0,0,0,0,upstate,9265.295920649329
36073,2021,Q2,2,8086,1505.0,,,,1,,Orleans County,43.339906,-78.207028,1273.0,,,,,1.0,40904.0,52620.0,13.720496731339757,5.043516526501075,17.35282612947389,2019,0.40904,91,54.715934065934064,6.579,1.82,1,7,45,2020,1,0,1,0,0,0,0,upstate,3679.346763152748
36075,2021,Q2,2,8086,6105.0,5260.0,32.0,813.0,2,0.0,Oswego County,43.461443,-76.209262,5254.0,5334.0,5917.0,4564.0,5267.25,2.0,118339.0,55967.0,17.00054860459766,5.462273637600453,15.775019224431505,2019,1.18339,91,54.279120879120875,9.983,3.499,0,11,52,2020,1,0,1,0,0,0,0,upstate,5158.9078832844625
36077,2021,Q2,2,8086,8895.0,3192.0,63.0,659.0,2,4981.0,Otsego County,42.629776,-75.028841,8047.0,8209.0,9376.0,7137.0,8192.25,2.0,59972.0,54028.0,14.86626921183613,4.233642366437671,20.56459681184553,2019,0.59972,91,52.176373626373625,9.256,10.886,0,23,54,2020,1,0,1,0,0,0,0,upstate,14831.921563396252
36079,2021,Q2,2,8086,5177.0,4395.0,68.0,714.0,1,0.0,Putnam County,41.427907,-73.743861,4703.0,4688.0,4930.0,3594.0,4478.75,1.0,98787.0,104486.0,4.980886221637619,4.446941399171956,16.7066516849383,2019,0.98787,91,56.1956043956044,11.734,1.4889999999999999,1,8,40,2020,1,0,1,0,0,0,0,upstate,5240.56809094314
36081,2021,Q2,2,8086,164504.0,82513.0,452.0,18004.0,10,63535.0,Queens County,40.654658,-73.841209,145101.0,139457.0,137167.0,96370.0,129523.75,10.0,2287388.0,68666.0,12.232498310795116,6.255125934034803,15.323766671854536,2019,22.87388,91,58.09505494505494,11.567,0.08299999999999999,0,0,43,2020,1,0,1,0,0,1,0,nyc,7191.7838163005135
36083,2021,Q2,2,8086,10537.0,8871.0,75.0,1591.0,1,0.0,Rensselaer County,42.710421,-73.513845,9612.0,9671.0,10208.0,7601.0,9273.0,1.0,159185.0,68991.0,11.708763810579148,5.205264315105067,16.52605459057072,2019,1.59185,91,53.738461538461536,9.28,6.920999999999999,0,17,43,2020,1,0,1,0,0,0,0,upstate,6619.342274711813
36085,2021,Q2,2,8086,19381.0,15986.0,213.0,3182.0,3,0.0,Richmond County,40.561263,-74.1399,17221.0,27991.0,28892.0,21296.0,23850.0,3.0,474893.0,82783.0,11.650988673449799,5.743188465612254,15.886104869939125,2019,4.74893,91,58.78186813186813,10.273,0.08299999999999999,0,0,44,2020,1,0,1,0,0,1,0,nyc,4081.129854514596
36087,2021,Q2,2,8086,19934.0,15441.0,130.0,4363.0,2,0.0,Rockland County,41.154628,-74.024662,17720.0,16445.0,17503.0,13110.0,16194.5,2.0,324422.0,93024.0,13.870528407032099,7.907293586748125,15.538711924592045,2019,3.24422,91,57.751098901098906,12.539,0.386,0,3,45,2020,1,0,1,0,0,0,1,downstate_non_nyc,6144.466158275333
36089,2021,Q2,2,8086,14645.0,9932.0,89.0,1258.0,5,3366.0,St. Lawrence County,44.488112,-75.074311,12017.0,12510.0,14170.0,10350.0,12261.75,5.0,108913.0,50940.0,17.867417329167566,5.206908266230845,16.89238199296686,2019,1.08913,91,53.43736263736264,6.74,3.336,0,24,45,2020,1,0,1,0,0,0,0,upstate,13446.512353897147
36091,2021,Q2,2,8086,9090.0,6918.0,148.0,2024.0,1,0.0,Saratoga County,43.106135,-73.855387,7697.0,7931.0,8465.0,6602.0,7673.75,1.0,228502.0,84291.0,5.844282844087264,5.122055824456679,17.588905129933217,2019,2.28502,91,55.48681318681319,11.221,3.445,1,13,39,2020,1,0,1,0,0,0,0,upstate,3978.08334281538
36093,2021,Q2,2,8086,12166.0,10716.0,61.0,1389.0,2,0.0,Schenectady County,42.817552,-74.043559,11112.0,12166.0,10687.0,8797.0,10690.5,2.0,154859.0,65499.0,11.44934934072272,5.84725459934521,16.82498272622192,2019,1.54859,91,55.47637362637363,8.812,4.465,1,12,43,2020,1,0,1,0,0,0,0,upstate,7856.178846563648
36095,2021,Q2,2,8086,2495.0,2485.0,0.0,10.0,1,0.0,Schoharie County,42.591294,-74.438172,1880.0,,,,,1.0,31222.0,57714.0,12.103746397694524,4.2149766190506694,20.98840561142784,2019,0.31222,91,50.82967032967033,8.752,11.298,0,29,54,2020,1,0,1,0,0,0,0,upstate,7991.16007943117
36101,2021,Q2,2,8086,10107.0,6529.0,79.0,828.0,3,2671.0,Steuben County,42.266725,-77.385525,8158.0,8477.0,8929.0,6660.0,8056.0,3.0,96422.0,53663.0,13.693033665164103,5.531932546514281,18.928252888344986,2019,0.96422,91,53.38186813186813,10.304,6.090000000000001,0,23,56,2020,1,0,1,0,0,0,0,upstate,10482.047665470536
36103,2021,Q2,2,8086,103123.0,76279.0,1507.0,23678.0,11,1659.0,Suffolk County,40.943554,-72.692218,89190.0,108758.0,115162.0,81114.0,98556.0,11.0,1483832.0,101031.0,6.8741834877627,5.377899923980612,16.50260945983103,2019,14.83832,91,58.098351648351645,11.952,0.22100000000000003,0,0,42,2020,1,0,1,0,0,0,1,downstate_non_nyc,6949.77598542153
36105,2021,Q2,2,8086,6546.0,5846.0,37.0,663.0,2,0.0,Sullivan County,41.719993,-74.771577,5760.0,6568.0,7491.0,6072.0,6472.75,2.0,75116.0,57426.0,15.151807361692748,5.667234677032855,18.541988391288143,2019,0.75116,91,53.504945054945054,11.321,6.67,0,19,47,2020,1,0,1,0,0,0,0,upstate,8714.521540018106
36109,2021,Q2,2,8086,7481.0,6416.0,60.0,1005.0,1,0.0,Tompkins County,42.453006,-76.473483,5833.0,5604.0,6182.0,4632.0,5562.75,1.0,102642.0,60240.0,18.893626570915618,4.014925663958223,13.927047407494008,2019,1.02642,91,54.41208791208791,10.48,6.282,0,19,54,2020,1,0,1,0,0,0,0,upstate,7288.4394302527235
36111,2021,Q2,2,8086,10643.0,9274.0,55.0,1314.0,2,0.0,Ulster County,41.947212,-74.265458,8856.0,9148.0,10129.0,7181.0,8828.5,2.0,178665.0,64304.0,13.791469194312796,4.397055942686032,19.172193770464276,2019,1.78665,91,55.907692307692315,14.227,5.4030000000000005,0,10,47,2020,1,0,1,0,0,0,0,upstate,5956.958553717852
36113,2021,Q2,2,8086,10476.0,8161.0,137.0,2178.0,1,0.0,Warren County,43.555105,-73.838139,9139.0,9324.0,10937.0,7936.0,9334.0,1.0,64276.0,61024.0,9.473035731210313,4.326653805463937,21.605264795569106,2019,0.64276,91,54.503296703296705,7.413,3.032,3,16,35,2020,1,0,1,0,0,0,0,upstate,16298.462878835024
36117,2021,Q2,2,8086,5389.0,4368.0,38.0,983.0,1,0.0,Wayne County,43.218114,-77.049402,4628.0,4749.0,5307.0,3997.0,4670.25,1.0,90519.0,59449.0,11.615873122542926,5.483931550282261,18.372938278151548,2019,0.90519,91,55.3456043956044,7.914,3.224,3,10,49,2020,1,0,1,0,0,0,0,upstate,5953.446237806427
36119,2021,Q2,2,8086,79255.0,45199.0,601.0,12936.0,13,20519.0,Westchester County,41.152686,-73.745753,69131.0,70169.0,69939.0,52000.0,65309.75,13.0,968890.0,96610.0,8.839909277870884,5.630257304750797,16.74194180969976,2019,9.6889,91,57.91868131868132,11.504,0.35900000000000004,1,2,43,2020,1,0,1,0,0,0,1,downstate_non_nyc,8179.979151400056
36121,2021,Q2,2,8086,3284.0,2870.0,25.0,389.0,1,0.0,Wyoming County,42.701365,-78.228576,2647.0,2841.0,3035.0,2135.0,2664.5,1.0,40305.0,58052.0,10.473476778866639,5.160650043418931,17.357647934499443,2019,0.40305,91,52.36483516483516,10.528,7.6049999999999995,0,23,55,2020,1,0,1,0,0,0,0,upstate,8147.872472397966
36123,2021,Q2,2,8086,1729.0,1672.0,0.0,57.0,1,0.0,Yates County,42.638237,-77.104324,1306.0,1412.0,1724.0,1245.0,1421.75,1.0,25011.0,56563.0,11.906160819204297,5.981368197992883,20.11115109351885,2019,0.25011,91,54.613736263736264,10.217,5.4030000000000005,0,18,52,2020,1,0,1,0,0,0,0,upstate,6912.958298348726
36001,2021,Q3,3,8087,41275.0,31159.0,431.0,9685.0,5,0.0,Albany County,42.58824,-73.97401,36834.0,33062.0,26805.0,29054.0,31438.75,5.0,306968.0,66252.0,11.873645453015467,5.075447603659013,16.51344765578171,2019,3.06968,92,69.68369565217391,12.894,0.0,3,0,48,2020,1,0,0,1,0,0,0,upstate,13446.026947434262
36003,2021,Q3,3,8087,2933.0,,,,2,,Allegany County,42.247853,-78.026153,2772.0,2178.0,2336.0,2454.0,2435.0,2.0,46688.0,48412.0,16.88227684346701,5.157642220699109,18.411583276216586,2019,0.46688,92,66.89565217391304,8.668,0.0,0,0,46,2020,1,0,0,1,0,0,0,upstate,6282.128169979438
36005,2021,Q3,3,8087,176052.0,123080.0,214.0,25790.0,10,26968.0,Bronx County,40.848711,-73.852939,165672.0,151201.0,137389.0,142216.0,149119.5,10.0,1435068.0,40088.0,28.005464383318063,7.308782580337657,12.519337062773332,2019,14.35068,92,74.23097826086956,13.115,0.0,14,0,45,2020,1,0,0,1,0,1,0,nyc,12267.850722056377
36007,2021,Q3,3,8087,23618.0,18720.0,265.0,4633.0,3,0.0,Broome County,42.161977,-75.830283,22543.0,16164.0,19133.0,20638.0,19619.5,3.0,193188.0,52226.0,17.41052207040511,5.231173778909663,18.69008427024453,2019,1.93188,92,68.40380434782608,11.572000000000001,0.0,2,0,44,2020,1,0,0,1,0,0,0,upstate,12225.397022589395
36009,2021,Q3,3,8087,7087.0,5960.0,50.0,1077.0,1,0.0,Cattaraugus County,42.239099,-78.662332,7038.0,5866.0,5552.0,6568.0,6256.0,1.0,77121.0,48703.0,16.502631261800506,5.704023547412508,18.706966973975963,2019,0.77121,92,66.27771739130435,9.489,0.0,0,0,50,2020,1,0,0,1,0,0,0,upstate,9189.455530918945
36011,2021,Q3,3,8087,6668.0,5544.0,64.0,1060.0,1,0.0,Cayuga County,43.008546,-76.574587,5975.0,5025.0,5332.0,5639.0,5492.75,1.0,77425.0,58377.0,12.096752052274661,5.024216984178237,18.355828220858896,2019,0.77425,92,71.28478260869565,8.787,0.0,10,0,45,2020,1,0,0,1,0,0,0,upstate,8612.205360025831
36013,2021,Q3,3,8087,14440.0,12981.0,93.0,1366.0,3,0.0,Chautauqua County,42.304216,-79.407595,13203.0,11118.0,11576.0,12929.0,12206.5,3.0,128496.0,46820.0,18.198511488836168,5.449975096501058,19.578041339808244,2019,1.28496,92,68.59239130434783,9.370000000000001,0.0,1,0,48,2020,1,0,0,1,0,0,0,upstate,11237.703897397585
36015,2021,Q3,3,8087,8810.0,7554.0,70.0,1186.0,3,0.0,Chemung County,42.148697,-76.752471,8130.0,6673.0,7053.0,7849.0,7426.25,3.0,84895.0,54940.0,13.872659549288056,5.816596972731021,18.392131456505094,2019,0.84895,92,69.4804347826087,7.907,0.0,5,0,42,2020,1,0,0,1,0,0,0,upstate,10377.525178161259
36017,2021,Q3,3,8087,4090.0,,,,1,,Chenango County,42.478024,-75.602241,5213.0,2243.0,3213.0,3337.0,3501.5,1.0,47909.0,52002.0,13.534537725823592,5.335114487883279,20.19871005447828,2019,0.47909,92,67.06358695652175,11.66,0.0,1,0,41,2020,1,0,0,1,0,0,0,upstate,8537.018096808533
36019,2021,Q3,3,8087,9248.0,7186.0,95.0,1967.0,1,0.0,Clinton County,44.752712,-73.705643,8411.0,7997.0,8246.0,8350.0,8251.0,1.0,80583.0,56365.0,15.000619178006797,4.8620676817691075,16.40296340419195,2019,0.80583,92,64.38478260869564,11.042,0.0,0,0,56,2020,1,0,0,1,0,0,0,upstate,11476.365982899619
36021,2021,Q3,3,8087,5989.0,5121.0,63.0,805.0,1,0.0,Columbia County,42.247696,-73.626718,5475.0,4832.0,5052.0,5492.0,5212.75,1.0,60371.0,66787.0,11.57254828298697,4.23547729870302,23.083931026486226,2019,0.60371,92,71.62989130434782,8.661,0.0,8,0,39,2020,1,0,0,1,0,0,0,upstate,9920.325984330226
36023,2021,Q3,3,8087,6468.0,5744.0,58.0,666.0,1,0.0,Cortland County,42.594039,-76.07624,5805.0,4628.0,5102.0,5540.0,5268.75,1.0,47865.0,56023.0,16.401281068158237,4.963961140708242,16.020056408649328,2019,0.47865,92,67.30380434782609,11.15,0.0,0,0,50,2020,1,0,0,1,0,0,0,upstate,13513.005327483548
36025,2021,Q3,3,8087,4918.0,3387.0,0.0,23.0,4,1508.0,Delaware County,42.193986,-74.966728,4191.0,3008.0,2065.0,2535.0,2949.75,4.0,44995.0,49544.0,16.580298731446526,3.8937659739971107,23.975997333037004,2019,0.44995,92,65.4929347826087,14.933,0.0,0,0,46,2020,1,0,0,1,0,0,0,upstate,10930.10334481609
36027,2021,Q3,3,8087,28395.0,22674.0,256.0,5465.0,3,0.0,Dutchess County,41.754825,-73.740014,27092.0,22874.0,23403.0,25167.0,24634.0,3.0,293754.0,81219.0,9.041098855118781,4.608277674516772,17.08095889758097,2019,2.93754,92,71.88315217391305,10.485,0.0,14,0,34,2020,1,0,0,1,0,0,0,upstate,9666.251353173064
36029,2021,Q3,3,8087,89218.0,62220.0,993.0,17228.0,10,8777.0,Erie County,42.752759,-78.778192,84468.0,73781.0,73137.0,83550.0,78734.0,10.0,919355.0,58121.0,14.199538872757772,5.476665705848122,17.593203931016856,2019,9.19355,92,69.79239130434782,9.027000000000001,0.0,2,0,43,2020,1,0,0,1,0,0,0,upstate,9704.412332559239
36031,2021,Q3,3,8087,2776.0,2776.0,0.0,0.0,3,0.0,Essex County,44.109601,-73.778431,2063.0,1616.0,1664.0,2341.0,1921.0,3.0,37459.0,56763.0,9.872959300988732,3.9456472409834755,22.758215649109694,2019,0.37459,92,60.62934782608695,12.893,0.0,0,1,57,2020,1,0,0,1,0,0,0,upstate,7410.769107557597
36033,2021,Q3,3,8087,6794.0,6291.0,61.0,442.0,2,0.0,Franklin County,44.594376,-74.31067,5542.0,4515.0,4754.0,5654.0,5116.25,2.0,50477.0,50407.0,17.779015370906663,4.923034253224241,16.571904035501316,2019,0.50477,92,63.612500000000004,13.072,0.0,0,0,52,2020,1,0,0,1,0,0,0,upstate,13459.595459318105
36035,2021,Q3,3,8087,4979.0,4499.0,30.0,450.0,1,0.0,Fulton County,43.115609,-74.423678,4431.0,3732.0,3607.0,4284.0,4013.5,1.0,53646.0,50482.0,14.902259940879183,5.051634791037542,19.03403795250345,2019,0.53646,92,66.43423913043478,15.295,0.0,0,0,43,2020,1,0,0,1,0,0,0,upstate,9281.213883607352
36037,2021,Q3,3,8087,6135.0,5302.0,35.0,798.0,2,0.0,Genesee County,43.00091,-78.192778,5219.0,4592.0,4147.0,4421.0,4594.75,2.0,57808.0,60524.0,10.873346334264482,5.132507611403266,18.324453362856353,2019,0.57808,92,70.16684782608696,7.255,0.0,4,0,43,2020,1,0,0,1,0,0,0,upstate,10612.717962911707
36043,2021,Q3,3,8087,3699.0,,,,1,,Herkimer County,43.571009,-74.841097,3221.0,2734.0,,,,1.0,62057.0,54646.0,13.637259086581082,5.100149862223439,20.115377797831027,2019,0.62057,92,62.92010869565217,14.903,0.0,0,0,54,2020,1,0,0,1,0,0,0,upstate,5960.649080683887
36045,2021,Q3,3,8087,12250.0,7822.0,47.0,1394.0,3,2987.0,Jefferson County,43.996389,-76.052968,12917.0,10977.0,10754.0,11579.0,11556.75,3.0,112842.0,52685.0,14.017671468764409,7.903085730490421,13.224685843923362,2019,1.12842,92,69.29347826086956,11.203,0.0,3,0,46,2020,1,0,0,1,0,0,0,upstate,10855.886992431895
36047,2021,Q3,3,8087,175218.0,130653.0,646.0,24036.0,15,19883.0,Kings County,40.635045,-73.95064,162279.0,144051.0,165726.0,169229.0,160321.25,15.0,2589974.0,60231.0,19.9502132741986,7.373008377690278,13.602221489482133,2019,25.89974,92,74.5054347826087,11.947,0.0,9,0,42,2020,1,0,0,1,0,1,0,nyc,6765.241658796575
36049,2021,Q3,3,8087,2911.0,2671.0,30.0,210.0,1,0.0,Lewis County,43.782706,-75.444132,2510.0,2093.0,2109.0,2543.0,2313.75,1.0,26572.0,54524.0,13.47544727826418,6.35255155803101,17.894776456420292,2019,0.26572,92,68.25217391304348,10.463000000000001,0.0,1,0,50,2020,1,0,0,1,0,0,0,upstate,10955.140749661297
36051,2021,Q3,3,8087,3769.0,3385.0,48.0,336.0,1,0.0,Livingston County,42.729042,-77.778463,3421.0,2745.0,2735.0,3247.0,3037.0,1.0,63591.0,59510.0,13.17511135857461,4.307213284898807,17.18639430108034,2019,0.63591,92,70.49565217391304,6.011,0.0,4,0,45,2020,1,0,0,1,0,0,0,upstate,5926.939346762906
36053,2021,Q3,3,8087,8420.0,5206.0,59.0,468.0,2,2687.0,Madison County,42.910026,-75.663575,7454.0,6208.0,6241.0,7067.0,6742.5,2.0,71205.0,61633.0,9.777919069894182,4.720174145074082,17.625166771996348,2019,0.71205,92,67.29130434782608,11.11,0.0,0,0,43,2020,1,0,0,1,0,0,0,upstate,11825.012288462889
36055,2021,Q3,3,8087,76113.0,57874.0,737.0,17502.0,6,0.0,Monroe County,43.250347,-77.700518,75445.0,65785.0,77599.0,71890.0,72679.75,6.0,743341.0,60075.0,14.391967688149446,5.5541131190126745,16.862247609105378,2019,7.43341,92,71.03967391304347,6.77,0.0,3,0,46,2020,1,0,0,1,0,0,0,upstate,10239.31143311078
36057,2021,Q3,3,8087,11122.0,5104.0,29.0,698.0,2,5291.0,Montgomery County,42.900891,-74.435357,9004.0,8177.0,4755.0,5086.0,6755.5,2.0,49302.0,49462.0,19.774163472495598,6.301975579084012,18.295403837572515,2019,0.49302,92,68.72934782608696,12.099,0.0,3,0,39,2020,1,0,0,1,0,0,0,upstate,22558.92255892256
36059,2021,Q3,3,8087,111843.0,77791.0,1000.0,24631.0,12,8421.0,Nassau County,40.729612,-73.589414,98731.0,96713.0,92664.0,88726.0,94208.5,12.0,1356509.0,116100.0,5.556719059237463,5.471987285008798,17.470064702851214,2019,13.56509,92,73.46521739130435,13.158999999999999,0.0,7,0,53,2020,1,0,0,1,0,0,1,downstate_non_nyc,8244.913966660008
36061,2021,Q3,3,8087,250167.0,176621.0,1019.0,41388.0,18,31139.0,New York County,40.776642,-73.970187,236410.0,225706.0,206140.0,198976.0,216808.0,18.0,1631993.0,86553.0,15.83353999796806,4.826797663960568,16.198353791958667,2019,16.31993,92,74.24782608695652,13.584,0.0,12,0,46,2020,1,0,0,1,0,1,0,nyc,15328.926043187685
36063,2021,Q3,3,8087,13817.0,12379.0,64.0,1374.0,4,0.0,Niagara County,43.272672,-78.812943,13206.0,11363.0,12118.0,13771.0,12614.5,4.0,210820.0,55522.0,13.455732827119169,5.264680770325396,18.602125035575373,2019,2.1082,92,71.68097826086957,7.739,0.0,5,0,44,2020,1,0,0,1,0,0,0,upstate,6553.932264491034
36065,2021,Q3,3,8087,26472.0,21973.0,171.0,4328.0,4,0.0,Oneida County,43.242727,-75.434282,23304.0,20290.0,22810.0,22261.0,22166.25,4.0,229959.0,56027.0,15.472338863266103,5.6601394161567935,18.383711879074095,2019,2.29959,92,68.63804347826087,13.526,0.0,2,0,43,2020,1,0,0,1,0,0,0,upstate,11511.617288299218
36067,2021,Q3,3,8087,54541.0,42155.0,552.0,11834.0,4,0.0,Onondaga County,43.006516,-76.196134,53782.0,46976.0,51131.0,50256.0,50536.25,4.0,462872.0,61359.0,14.111935302828474,5.69639122694827,16.59918940873503,2019,4.62872,92,70.23097826086956,10.349,0.0,2,0,49,2020,1,0,0,1,0,0,0,upstate,11783.17115746902
36069,2021,Q3,3,8087,16159.0,11931.0,151.0,1699.0,3,2378.0,Ontario County,42.856357,-77.303497,14057.0,11953.0,12164.0,13306.0,12870.0,3.0,109511.0,64944.0,8.664140842946543,4.963884906539069,19.3651779273315,2019,1.09511,92,70.88586956521739,6.679,0.0,6,0,47,2020,1,0,0,1,0,0,0,upstate,14755.595328323181
36071,2021,Q3,3,8087,38044.0,30991.0,368.0,6685.0,4,0.0,Orange County,41.40241,-74.306252,35216.0,30427.0,30403.0,32075.0,32030.25,4.0,380085.0,79944.0,11.64923233119657,6.617730244550561,13.668258415880658,2019,3.80085,92,72.88586956521739,11.427,0.0,18,0,36,2020,1,0,0,1,0,0,0,upstate,10009.340016049042
36073,2021,Q3,3,8087,1757.0,,,,1,,Orleans County,43.339906,-78.207028,1505.0,1273.0,,,,1.0,40904.0,52620.0,13.720496731339757,5.043516526501075,17.35282612947389,2019,0.40904,92,71.23804347826086,7.774,0.0,1,0,45,2020,1,0,0,1,0,0,0,upstate,4295.423430471348
36075,2021,Q3,3,8087,6831.0,5852.0,40.0,939.0,2,0.0,Oswego County,43.461443,-76.209262,6105.0,5254.0,5334.0,5917.0,5652.5,2.0,118339.0,55967.0,17.00054860459766,5.462273637600453,15.775019224431505,2019,1.18339,92,69.35489130434782,10.822000000000001,0.0,4,0,49,2020,1,0,0,1,0,0,0,upstate,5772.399631566939
36077,2021,Q3,3,8087,8610.0,3466.0,43.0,800.0,2,4301.0,Otsego County,42.629776,-75.028841,8895.0,8047.0,8209.0,9376.0,8631.75,2.0,59972.0,54028.0,14.86626921183613,4.233642366437671,20.56459681184553,2019,0.59972,92,66.53423913043478,13.806000000000001,0.0,0,0,43,2020,1,0,0,1,0,0,0,upstate,14356.699793236843
36079,2021,Q3,3,8087,5401.0,4663.0,64.0,674.0,1,0.0,Putnam County,41.427907,-73.743861,5177.0,4703.0,4688.0,4930.0,4874.5,1.0,98787.0,104486.0,4.980886221637619,4.446941399171956,16.7066516849383,2019,0.98787,92,71.70271739130435,9.92,0.0,8,0,42,2020,1,0,0,1,0,0,0,upstate,5467.318574306336
36081,2021,Q3,3,8087,177209.0,89846.0,537.0,18410.0,10,68416.0,Queens County,40.654658,-73.841209,164504.0,145101.0,139457.0,137167.0,146557.25,10.0,2287388.0,68666.0,12.232498310795116,6.255125934034803,15.323766671854536,2019,22.87388,92,73.84184782608695,11.457,0.0,6,0,45,2020,1,0,0,1,0,1,0,nyc,7747.220847534393
36083,2021,Q3,3,8087,12452.0,10742.0,107.0,1603.0,1,0.0,Rensselaer County,42.710421,-73.513845,10537.0,9612.0,9671.0,10208.0,10007.0,1.0,159185.0,68991.0,11.708763810579148,5.205264315105067,16.52605459057072,2019,1.59185,92,68.61358695652174,10.528,0.0,2,0,46,2020,1,0,0,1,0,0,0,upstate,7822.345070201338
36085,2021,Q3,3,8087,21242.0,17533.0,131.0,3578.0,3,0.0,Richmond County,40.561263,-74.1399,19381.0,17221.0,27991.0,28892.0,23371.25,3.0,474893.0,82783.0,11.650988673449799,5.743188465612254,15.886104869939125,2019,4.74893,92,74.19076086956522,11.469,0.0,8,0,43,2020,1,0,0,1,0,1,0,nyc,4473.007603818123
36087,2021,Q3,3,8087,21873.0,17222.0,160.0,4491.0,2,0.0,Rockland County,41.154628,-74.024662,19934.0,17720.0,16445.0,17503.0,17900.5,2.0,324422.0,93024.0,13.870528407032099,7.907293586748125,15.538711924592045,2019,3.24422,92,73.19836956521739,12.123,0.0,12,0,42,2020,1,0,0,1,0,0,1,downstate_non_nyc,6742.144490817515
36089,2021,Q3,3,8087,16826.0,11533.0,88.0,1439.0,5,3766.0,St. Lawrence County,44.488112,-75.074311,14645.0,12017.0,12510.0,14170.0,13335.5,5.0,108913.0,50940.0,17.867417329167566,5.206908266230845,16.89238199296686,2019,1.08913,92,67.3391304347826,13.184,0.0,2,0,47,2020,1,0,0,1,0,0,0,upstate,15449.02812336452
36091,2021,Q3,3,8087,9843.0,7622.0,126.0,2095.0,1,0.0,Saratoga County,43.106135,-73.855387,9090.0,7697.0,7931.0,8465.0,8295.75,1.0,228502.0,84291.0,5.844282844087264,5.122055824456679,17.588905129933217,2019,2.28502,92,69.5625,13.81,0.0,2,0,45,2020,1,0,0,1,0,0,0,upstate,4307.620939860482
36093,2021,Q3,3,8087,12223.0,11240.0,65.0,918.0,2,0.0,Schenectady County,42.817552,-74.043559,12166.0,11112.0,12166.0,10687.0,11532.75,2.0,154859.0,65499.0,11.44934934072272,5.84725459934521,16.82498272622192,2019,1.54859,92,70.0070652173913,12.701,0.0,4,0,36,2020,1,0,0,1,0,0,0,upstate,7892.986523224352
36095,2021,Q3,3,8087,3028.0,3013.0,0.0,15.0,1,0.0,Schoharie County,42.591294,-74.438172,2495.0,1880.0,,,,1.0,31222.0,57714.0,12.103746397694524,4.2149766190506694,20.98840561142784,2019,0.31222,92,65.3875,13.963000000000001,0.0,0,0,41,2020,1,0,0,1,0,0,0,upstate,9698.289667542118
36101,2021,Q3,3,8087,11389.0,7472.0,68.0,779.0,3,3070.0,Steuben County,42.266725,-77.385525,10107.0,8158.0,8477.0,8929.0,8917.75,3.0,96422.0,53663.0,13.693033665164103,5.531932546514281,18.928252888344986,2019,0.96422,92,68.63152173913043,6.795,0.0,2,0,41,2020,1,0,0,1,0,0,0,upstate,11811.619754827736
36103,2021,Q3,3,8087,116463.0,87518.0,1392.0,25515.0,11,2038.0,Suffolk County,40.943554,-72.692218,103123.0,89190.0,108758.0,115162.0,104058.25,11.0,1483832.0,101031.0,6.8741834877627,5.377899923980612,16.50260945983103,2019,14.83832,92,74.18152173913043,10.677,0.0,9,0,49,2020,1,0,0,1,0,0,1,downstate_non_nyc,7848.799594563266
36105,2021,Q3,3,8087,7925.0,7046.0,45.0,834.0,2,0.0,Sullivan County,41.719993,-74.771577,6546.0,5760.0,6568.0,7491.0,6591.25,2.0,75116.0,57426.0,15.151807361692748,5.667234677032855,18.541988391288143,2019,0.75116,92,68.54673913043479,13.116,0.0,1,0,41,2020,1,0,0,1,0,0,0,upstate,10550.348793865489
36109,2021,Q3,3,8087,8519.0,7392.0,66.0,1061.0,1,0.0,Tompkins County,42.453006,-76.473483,7481.0,5833.0,5604.0,6182.0,6275.0,1.0,102642.0,60240.0,18.893626570915618,4.014925663958223,13.927047407494008,2019,1.02642,92,69.8983695652174,10.607,0.0,6,0,47,2020,1,0,0,1,0,0,0,upstate,8299.721361625845
36111,2021,Q3,3,8087,10929.0,9790.0,29.0,1110.0,2,0.0,Ulster County,41.947212,-74.265458,10643.0,8856.0,9148.0,10129.0,9694.0,2.0,178665.0,64304.0,13.791469194312796,4.397055942686032,19.172193770464276,2019,1.78665,92,70.57717391304348,13.834,0.0,2,0,43,2020,1,0,0,1,0,0,0,upstate,6117.034673830913
36113,2021,Q3,3,8087,11119.0,8798.0,113.0,2208.0,1,0.0,Warren County,43.555105,-73.838139,10476.0,9139.0,9324.0,10937.0,9969.0,1.0,64276.0,61024.0,9.473035731210313,4.326653805463937,21.605264795569106,2019,0.64276,92,68.0054347826087,11.475999999999999,0.0,1,0,37,2020,1,0,0,1,0,0,0,upstate,17298.836268591698
36117,2021,Q3,3,8087,6012.0,4985.0,30.0,997.0,1,0.0,Wayne County,43.218114,-77.049402,5389.0,4628.0,4749.0,5307.0,5018.25,1.0,90519.0,59449.0,11.615873122542926,5.483931550282261,18.372938278151548,2019,0.90519,92,70.74891304347825,7.91,0.0,7,0,47,2020,1,0,0,1,0,0,0,upstate,6641.699532694794
36119,2021,Q3,3,8087,87645.0,50470.0,550.0,13778.0,13,22847.0,Westchester County,41.152686,-73.745753,79255.0,69131.0,70169.0,69939.0,72123.5,13.0,968890.0,96610.0,8.839909277870884,5.630257304750797,16.74194180969976,2019,9.6889,92,73.31847826086957,11.964,0.0,14,0,42,2020,1,0,0,1,0,0,1,downstate_non_nyc,9045.918525322792
36121,2021,Q3,3,8087,3681.0,3302.0,14.0,365.0,1,0.0,Wyoming County,42.701365,-78.228576,3284.0,2647.0,2841.0,3035.0,2951.75,1.0,40305.0,58052.0,10.473476778866639,5.160650043418931,17.357647934499443,2019,0.40305,92,67.7108695652174,8.535,0.0,0,0,49,2020,1,0,0,1,0,0,0,upstate,9132.86192780052
36123,2021,Q3,3,8087,2088.0,2042.0,0.0,46.0,1,0.0,Yates County,42.638237,-77.104324,1729.0,1306.0,1412.0,1724.0,1542.75,1.0,25011.0,56563.0,11.906160819204297,5.981368197992883,20.11115109351885,2019,0.25011,92,70.48315217391304,5.963,0.0,4,0,42,2020,1,0,0,1,0,0,0,upstate,8348.326736236057
36001,2021,Q4,4,8088,39044.0,29458.0,382.0,9204.0,5,0.0,Albany County,42.58824,-73.97401,41275.0,36834.0,33062.0,26805.0,34494.0,5.0,306968.0,66252.0,11.873645453015467,5.075447603659013,16.51344765578171,2019,3.06968,92,41.729891304347824,12.369,15.735,0,41,47,2020,1,0,0,0,1,0,0,upstate,12719.241093534178
36003,2021,Q4,4,8088,2668.0,,,,2,,Allegany County,42.247853,-78.026153,2933.0,2772.0,2178.0,2336.0,2554.75,2.0,46688.0,48412.0,16.88227684346701,5.157642220699109,18.411583276216586,2019,0.46688,92,40.040217391304346,10.023,15.433,0,44,55,2020,1,0,0,0,1,0,0,upstate,5714.5305003427
36005,2021,Q4,4,8088,190068.0,134883.0,180.0,25144.0,10,29861.0,Bronx County,40.848711,-73.852939,176052.0,165672.0,151201.0,137389.0,157578.5,10.0,1435068.0,40088.0,28.005464383318063,7.308782580337657,12.519337062773332,2019,14.35068,92,47.83423913043478,14.983,8.874,0,22,39,2020,1,0,0,0,1,1,0,nyc,13244.529179105102
36007,2021,Q4,4,8088,22477.0,17614.0,211.0,4652.0,3,0.0,Broome County,42.161977,-75.830283,23618.0,22543.0,16164.0,19133.0,20364.5,3.0,193188.0,52226.0,17.41052207040511,5.231173778909663,18.69008427024453,2019,1.93188,92,41.645108695652176,11.747,20.45,0,43,48,2020,1,0,0,0,1,0,0,upstate,11634.78062819637
36009,2021,Q4,4,8088,5548.0,4475.0,42.0,1031.0,1,0.0,Cattaraugus County,42.239099,-78.662332,7087.0,7038.0,5866.0,5552.0,6385.75,1.0,77121.0,48703.0,16.502631261800506,5.704023547412508,18.706966973975963,2019,0.77121,92,39.618478260869566,12.091,22.323999999999998,0,46,58,2020,1,0,0,0,1,0,0,upstate,7193.8901207193885
36011,2021,Q4,4,8088,6251.0,5150.0,61.0,1040.0,1,0.0,Cayuga County,43.008546,-76.574587,6668.0,5975.0,5025.0,5332.0,5750.0,1.0,77425.0,58377.0,12.096752052274661,5.024216984178237,18.355828220858896,2019,0.77425,92,44.06195652173913,11.649000000000001,11.025,0,22,58,2020,1,0,0,0,1,0,0,upstate,8073.619631901841
36013,2021,Q4,4,8088,12547.0,11088.0,83.0,1376.0,3,0.0,Chautauqua County,42.304216,-79.407595,14440.0,13203.0,11118.0,11576.0,12584.25,3.0,128496.0,46820.0,18.198511488836168,5.449975096501058,19.578041339808244,2019,1.28496,92,42.308152173913044,16.349,34.613,0,30,58,2020,1,0,0,0,1,0,0,upstate,9764.506288133483
36015,2021,Q4,4,8088,7809.0,6566.0,79.0,1164.0,3,0.0,Chemung County,42.148697,-76.752471,8810.0,8130.0,6673.0,7053.0,7666.5,3.0,84895.0,54940.0,13.872659549288056,5.816596972731021,18.392131456505094,2019,0.84895,92,42.011413043478264,11.326,15.792,0,39,48,2020,1,0,0,0,1,0,0,upstate,9198.421579598327
36017,2021,Q4,4,8088,5356.0,,,,1,,Chenango County,42.478024,-75.602241,4090.0,5213.0,2243.0,3213.0,3689.75,1.0,47909.0,52002.0,13.534537725823592,5.335114487883279,20.19871005447828,2019,0.47909,92,40.238586956521736,12.783,21.251,0,47,54,2020,1,0,0,0,1,0,0,upstate,11179.527854891565
36019,2021,Q4,4,8088,7911.0,6411.0,91.0,1409.0,1,0.0,Clinton County,44.752712,-73.705643,9248.0,8411.0,7997.0,8246.0,8475.5,1.0,80583.0,56365.0,15.000619178006797,4.8620676817691075,16.40296340419195,2019,0.80583,92,36.425,8.366,14.25,0,55,57,2020,1,0,0,0,1,0,0,upstate,9817.207103235172
36021,2021,Q4,4,8088,5168.0,4376.0,56.0,736.0,1,0.0,Columbia County,42.247696,-73.626718,5989.0,5475.0,4832.0,5052.0,5337.0,1.0,60371.0,66787.0,11.57254828298697,4.23547729870302,23.083931026486226,2019,0.60371,92,43.54565217391304,11.495000000000001,12.706,0,35,50,2020,1,0,0,0,1,0,0,upstate,8560.40151728479
36023,2021,Q4,4,8088,6186.0,5408.0,53.0,725.0,1,0.0,Cortland County,42.594039,-76.07624,6468.0,5805.0,4628.0,5102.0,5500.75,1.0,47865.0,56023.0,16.401281068158237,4.963961140708242,16.020056408649328,2019,0.47865,92,40.34945652173913,12.944,20.397000000000002,0,47,55,2020,1,0,0,0,1,0,0,upstate,12923.84832340959
36025,2021,Q4,4,8088,4613.0,3246.0,0.0,39.0,4,1328.0,Delaware County,42.193986,-74.966728,4918.0,4191.0,3008.0,2065.0,3545.5,4.0,44995.0,49544.0,16.580298731446526,3.8937659739971107,23.975997333037004,2019,0.44995,92,39.54130434782609,10.839,19.181,0,49,54,2020,1,0,0,0,1,0,0,upstate,10252.25025002778
36027,2021,Q4,4,8088,28503.0,22470.0,235.0,5798.0,3,0.0,Dutchess County,41.754825,-73.740014,28395.0,27092.0,22874.0,23403.0,25441.0,3.0,293754.0,81219.0,9.041098855118781,4.608277674516772,17.08095889758097,2019,2.93754,92,43.98804347826087,11.889,12.127,0,35,40,2020,1,0,0,0,1,0,0,upstate,9703.016809983863
36029,2021,Q4,4,8088,74679.0,53189.0,812.0,16546.0,10,4132.0,Erie County,42.752759,-78.778192,89218.0,84468.0,73781.0,73137.0,80151.0,10.0,919355.0,58121.0,14.199538872757772,5.476665705848122,17.593203931016856,2019,9.19355,92,44.02391304347826,14.174,23.262999999999998,0,24,58,2020,1,0,0,0,1,0,0,upstate,8122.977522284646
36031,2021,Q4,4,8088,2124.0,2124.0,0.0,0.0,3,0.0,Essex County,44.109601,-73.778431,2776.0,2063.0,1616.0,1664.0,2029.75,3.0,37459.0,56763.0,9.872959300988732,3.9456472409834755,22.758215649109694,2019,0.37459,92,32.53858695652174,15.065,22.818,0,64,55,2020,1,0,0,0,1,0,0,upstate,5670.19941803038
36033,2021,Q4,4,8088,5788.0,5256.0,52.0,480.0,2,0.0,Franklin County,44.594376,-74.31067,6794.0,5542.0,4515.0,4754.0,5401.25,2.0,50477.0,50407.0,17.779015370906663,4.923034253224241,16.571904035501316,2019,0.50477,92,35.89402173913044,11.448,18.826,0,55,57,2020,1,0,0,0,1,0,0,upstate,11466.608554391109
36035,2021,Q4,4,8088,4617.0,4178.0,12.0,427.0,1,0.0,Fulton County,43.115609,-74.423678,4979.0,4431.0,3732.0,3607.0,4187.25,1.0,53646.0,50482.0,14.902259940879183,5.051634791037542,19.03403795250345,2019,0.53646,92,38.56413043478261,13.175,19.953,0,47,52,2020,1,0,0,0,1,0,0,upstate,8606.419863549938
36037,2021,Q4,4,8088,5590.0,4681.0,21.0,888.0,2,0.0,Genesee County,43.00091,-78.192778,6135.0,5219.0,4592.0,4147.0,5023.25,2.0,57808.0,60524.0,10.873346334264482,5.132507611403266,18.324453362856353,2019,0.57808,92,42.97119565217391,9.919,13.066,0,30,50,2020,1,0,0,0,1,0,0,upstate,9669.941876556879
36043,2021,Q4,4,8088,3737.0,,,,1,,Herkimer County,43.571009,-74.841097,3699.0,3221.0,2734.0,,,1.0,62057.0,54646.0,13.637259086581082,5.100149862223439,20.115377797831027,2019,0.62057,92,35.55271739130435,15.3,30.259,0,52,54,2020,1,0,0,0,1,0,0,upstate,6021.883107465717
36045,2021,Q4,4,8088,11097.0,5893.0,37.0,1464.0,3,3703.0,Jefferson County,43.996389,-76.052968,12250.0,12917.0,10977.0,10754.0,11724.5,3.0,112842.0,52685.0,14.017671468764409,7.903085730490421,13.224685843923362,2019,1.12842,92,42.631521739130434,16.187,12.843,0,29,53,2020,1,0,0,0,1,0,0,upstate,9834.10432285851
36047,2021,Q4,4,8088,181318.0,134125.0,596.0,24425.0,15,22172.0,Kings County,40.635045,-73.95064,175218.0,162279.0,144051.0,165726.0,161818.5,15.0,2589974.0,60231.0,19.9502132741986,7.373008377690278,13.602221489482133,2019,25.89974,92,48.68478260869565,14.486,8.708,0,18,41,2020,1,0,0,0,1,1,0,nyc,7000.765258647384
36049,2021,Q4,4,8088,2499.0,2230.0,24.0,245.0,1,0.0,Lewis County,43.782706,-75.444132,2911.0,2510.0,2093.0,2109.0,2405.75,1.0,26572.0,54524.0,13.47544727826418,6.35255155803101,17.894776456420292,2019,0.26572,92,40.225,12.903,18.52,0,43,57,2020,1,0,0,0,1,0,0,upstate,9404.63645943098
36051,2021,Q4,4,8088,3207.0,2714.0,39.0,454.0,1,0.0,Livingston County,42.729042,-77.778463,3769.0,3421.0,2745.0,2735.0,3167.5,1.0,63591.0,59510.0,13.17511135857461,4.307213284898807,17.18639430108034,2019,0.63591,92,43.39565217391304,9.377,9.73,0,27,50,2020,1,0,0,0,1,0,0,upstate,5043.166485823466
36053,2021,Q4,4,8088,8680.0,5498.0,39.0,458.0,2,2685.0,Madison County,42.910026,-75.663575,8420.0,7454.0,6208.0,6241.0,7080.75,2.0,71205.0,61633.0,9.777919069894182,4.720174145074082,17.625166771996348,2019,0.71205,92,40.14402173913044,13.081,21.386,0,45,60,2020,1,0,0,0,1,0,0,upstate,12190.15518573134
36055,2021,Q4,4,8088,69790.0,52886.0,552.0,16352.0,6,0.0,Monroe County,43.250347,-77.700518,76113.0,75445.0,65785.0,77599.0,73735.5,6.0,743341.0,60075.0,14.391967688149446,5.5541131190126745,16.862247609105378,2019,7.43341,92,44.97391304347826,9.221,8.546,0,21,50,2020,1,0,0,0,1,0,0,upstate,9388.69240362095
36057,2021,Q4,4,8088,10481.0,4829.0,38.0,682.0,2,4932.0,Montgomery County,42.900891,-74.435357,11122.0,9004.0,8177.0,4755.0,8264.5,2.0,49302.0,49462.0,19.774163472495598,6.301975579084012,18.295403837572515,2019,0.49302,92,40.77282608695652,9.898,13.171,0,45,47,2020,1,0,0,0,1,0,0,upstate,21258.77246359174
36059,2021,Q4,4,8088,118863.0,84279.0,926.0,24601.0,12,9057.0,Nassau County,40.729612,-73.589414,111843.0,98731.0,96713.0,92664.0,99987.75,12.0,1356509.0,116100.0,5.556719059237463,5.471987285008798,17.470064702851214,2019,13.56509,92,47.86467391304348,17.418,9.068,0,23,39,2020,1,0,0,0,1,0,1,downstate_non_nyc,8762.418826561416
36061,2021,Q4,4,8088,263132.0,187274.0,976.0,41616.0,18,33266.0,New York County,40.776642,-73.970187,250167.0,236410.0,225706.0,206140.0,229605.75,18.0,1631993.0,86553.0,15.83353999796806,4.826797663960568,16.198353791958667,2019,16.31993,92,48.042391304347824,14.091,8.654,0,22,40,2020,1,0,0,0,1,1,0,nyc,16123.35347026611
36063,2021,Q4,4,8088,12476.0,10952.0,62.0,1462.0,4,0.0,Niagara County,43.272672,-78.812943,13817.0,13206.0,11363.0,12118.0,12626.0,4.0,210820.0,55522.0,13.455732827119169,5.264680770325396,18.602125035575373,2019,2.1082,92,44.729891304347824,9.541,13.835,0,19,50,2020,1,0,0,0,1,0,0,upstate,5917.84460677355
36065,2021,Q4,4,8088,26962.0,22455.0,112.0,4395.0,4,0.0,Oneida County,43.242727,-75.434282,26472.0,23304.0,20290.0,22810.0,23219.0,4.0,229959.0,56027.0,15.472338863266103,5.6601394161567935,18.383711879074095,2019,2.29959,92,40.94456521739131,14.892,15.626000000000001,0,43,53,2020,1,0,0,0,1,0,0,upstate,11724.698750646854
36067,2021,Q4,4,8088,49476.0,38478.0,459.0,10539.0,4,0.0,Onondaga County,43.006516,-76.196134,54541.0,53782.0,46976.0,51131.0,51607.5,4.0,462872.0,61359.0,14.111935302828474,5.69639122694827,16.59918940873503,2019,4.62872,92,43.017391304347825,12.162,13.256,0,32,56,2020,1,0,0,0,1,0,0,upstate,10688.916158246773
36069,2021,Q4,4,8088,15289.0,11028.0,148.0,1735.0,3,2378.0,Ontario County,42.856357,-77.303497,16159.0,14057.0,11953.0,12164.0,13583.25,3.0,109511.0,64944.0,8.664140842946543,4.963884906539069,19.3651779273315,2019,1.09511,92,43.21304347826087,9.235999999999999,10.003,0,28,47,2020,1,0,0,0,1,0,0,upstate,13961.154587210416
36071,2021,Q4,4,8088,37916.0,30701.0,270.0,6945.0,4,0.0,Orange County,41.40241,-74.306252,38044.0,35216.0,30427.0,30403.0,33522.5,4.0,380085.0,79944.0,11.64923233119657,6.617730244550561,13.668258415880658,2019,3.80085,92,45.13152173913044,11.833,11.383,0,30,36,2020,1,0,0,0,1,0,0,upstate,9975.663338463764
36073,2021,Q4,4,8088,1141.0,,,,1,,Orleans County,43.339906,-78.207028,1757.0,1505.0,1273.0,,,1.0,40904.0,52620.0,13.720496731339757,5.043516526501075,17.35282612947389,2019,0.40904,92,44.93260869565218,9.472,9.233,0,21,49,2020,1,0,0,0,1,0,0,upstate,2789.4582436925484
36075,2021,Q4,4,8088,5747.0,4697.0,30.0,1020.0,2,0.0,Oswego County,43.461443,-76.209262,6831.0,6105.0,5254.0,5334.0,5881.0,2.0,118339.0,55967.0,17.00054860459766,5.462273637600453,15.775019224431505,2019,1.18339,92,42.84945652173913,13.724,13.366999999999999,0,30,59,2020,1,0,0,0,1,0,0,upstate,4856.387158924784
36077,2021,Q4,4,8088,7743.0,2978.0,35.0,540.0,2,4190.0,Otsego County,42.629776,-75.028841,8610.0,8895.0,8047.0,8209.0,8440.25,2.0,59972.0,54028.0,14.86626921183613,4.233642366437671,20.56459681184553,2019,0.59972,92,39.970652173913045,10.686,20.944,0,46,52,2020,1,0,0,0,1,0,0,upstate,12911.025145067697
36079,2021,Q4,4,8088,5081.0,4274.0,52.0,755.0,1,0.0,Putnam County,41.427907,-73.743861,5401.0,5177.0,4703.0,4688.0,4992.25,1.0,98787.0,104486.0,4.980886221637619,4.446941399171956,16.7066516849383,2019,0.98787,92,44.4125,14.202,12.375,0,31,35,2020,1,0,0,0,1,0,0,upstate,5143.389312358913
36081,2021,Q4,4,8088,186459.0,92952.0,450.0,18069.0,10,74988.0,Queens County,40.654658,-73.841209,177209.0,164504.0,145101.0,139457.0,156567.75,10.0,2287388.0,68666.0,12.232498310795116,6.255125934034803,15.323766671854536,2019,22.87388,92,48.550000000000004,15.682,9.15,0,18,41,2020,1,0,0,0,1,1,0,nyc,8151.612231943161
36083,2021,Q4,4,8088,12074.0,10368.0,95.0,1611.0,1,0.0,Rensselaer County,42.710421,-73.513845,12452.0,10537.0,9612.0,9671.0,10568.0,1.0,159185.0,68991.0,11.708763810579148,5.205264315105067,16.52605459057072,2019,1.59185,92,40.932065217391305,11.661999999999999,17.585,0,45,51,2020,1,0,0,0,1,0,0,upstate,7584.885510569463
36085,2021,Q4,4,8088,22847.0,19143.0,98.0,3606.0,3,0.0,Richmond County,40.561263,-74.1399,21242.0,19381.0,17221.0,27991.0,21458.75,3.0,474893.0,82783.0,11.650988673449799,5.743188465612254,15.886104869939125,2019,4.74893,92,48.851630434782614,14.185,8.350999999999999,0,18,38,2020,1,0,0,0,1,1,0,nyc,4810.978473045508
36087,2021,Q4,4,8088,21993.0,17297.0,117.0,4579.0,2,0.0,Rockland County,41.154628,-74.024662,21873.0,19934.0,17720.0,16445.0,18993.0,2.0,324422.0,93024.0,13.870528407032099,7.907293586748125,15.538711924592045,2019,3.24422,92,46.460869565217386,14.198,9.259,0,25,37,2020,1,0,0,0,1,0,1,downstate_non_nyc,6779.133351005789
36089,2021,Q4,4,8088,15950.0,10852.0,71.0,1444.0,5,3583.0,St. Lawrence County,44.488112,-75.074311,16826.0,14645.0,12017.0,12510.0,13999.5,5.0,108913.0,50940.0,17.867417329167566,5.206908266230845,16.89238199296686,2019,1.08913,92,39.61086956521739,12.533,13.008000000000001,0,45,52,2020,1,0,0,0,1,0,0,upstate,14644.716425036497
36091,2021,Q4,4,8088,9009.0,6899.0,140.0,1970.0,1,0.0,Saratoga County,43.106135,-73.855387,9843.0,9090.0,7697.0,7931.0,8640.25,1.0,228502.0,84291.0,5.844282844087264,5.122055824456679,17.588905129933217,2019,2.28502,92,41.24728260869565,11.741,14.245999999999999,0,40,46,2020,1,0,0,0,1,0,0,upstate,3942.635075404154
36093,2021,Q4,4,8088,11858.0,10325.0,76.0,1457.0,2,0.0,Schenectady County,42.817552,-74.043559,12223.0,12166.0,11112.0,12166.0,11916.75,2.0,154859.0,65499.0,11.44934934072272,5.84725459934521,16.82498272622192,2019,1.54859,92,41.79402173913043,10.038,13.643999999999998,0,37,46,2020,1,0,0,0,1,0,0,upstate,7657.288242853176
36095,2021,Q4,4,8088,3050.0,3032.0,0.0,18.0,1,0.0,Schoharie County,42.591294,-74.438172,3028.0,2495.0,1880.0,,,1.0,31222.0,57714.0,12.103746397694524,4.2149766190506694,20.98840561142784,2019,0.31222,92,38.93369565217392,9.266,19.706,0,50,50,2020,1,0,0,0,1,0,0,upstate,9768.75280251105
36101,2021,Q4,4,8088,10806.0,6915.0,72.0,918.0,3,2901.0,Steuben County,42.266725,-77.385525,11389.0,10107.0,8158.0,8477.0,9532.75,3.0,96422.0,53663.0,13.693033665164103,5.531932546514281,18.928252888344986,2019,0.96422,92,41.07010869565217,9.633000000000001,12.596,0,41,49,2020,1,0,0,0,1,0,0,upstate,11206.985957561552
36103,2021,Q4,4,8088,115476.0,88542.0,1237.0,24250.0,11,1447.0,Suffolk County,40.943554,-72.692218,116463.0,103123.0,89190.0,108758.0,104383.5,11.0,1483832.0,101031.0,6.8741834877627,5.377899923980612,16.50260945983103,2019,14.83832,92,49.24239130434783,17.699,9.646,0,17,35,2020,1,0,0,0,1,0,1,downstate_non_nyc,7782.282630378641
36105,2021,Q4,4,8088,6591.0,5791.0,22.0,778.0,2,0.0,Sullivan County,41.719993,-74.771577,7925.0,6546.0,5760.0,6568.0,6699.75,2.0,75116.0,57426.0,15.151807361692748,5.667234677032855,18.541988391288143,2019,0.75116,92,41.79184782608696,10.328,12.513,0,42,41,2020,1,0,0,0,1,0,0,upstate,8774.42888332712
36109,2021,Q4,4,8088,7824.0,6716.0,48.0,1060.0,1,0.0,Tompkins County,42.453006,-76.473483,8519.0,7481.0,5833.0,5604.0,6859.25,1.0,102642.0,60240.0,18.893626570915618,4.014925663958223,13.927047407494008,2019,1.02642,92,43.45869565217391,11.909,16.012,0,30,51,2020,1,0,0,0,1,0,0,upstate,7622.61062722862
36111,2021,Q4,4,8088,10917.0,9769.0,34.0,1114.0,2,0.0,Ulster County,41.947212,-74.265458,10929.0,10643.0,8856.0,9148.0,9894.0,2.0,178665.0,64304.0,13.791469194312796,4.397055942686032,19.172193770464276,2019,1.78665,92,44.025,16.184,14.196000000000002,0,35,44,2020,1,0,0,0,1,0,0,upstate,6110.3181932667285
36113,2021,Q4,4,8088,10255.0,7962.0,109.0,2184.0,1,0.0,Warren County,43.555105,-73.838139,11119.0,10476.0,9139.0,9324.0,10014.5,1.0,64276.0,61024.0,9.473035731210313,4.326653805463937,21.605264795569106,2019,0.64276,92,39.897282608695654,10.273,12.319,0,42,48,2020,1,0,0,0,1,0,0,upstate,15954.633144564068
36117,2021,Q4,4,8088,5257.0,4243.0,34.0,980.0,1,0.0,Wayne County,43.218114,-77.049402,6012.0,5389.0,4628.0,4749.0,5194.5,1.0,90519.0,59449.0,11.615873122542926,5.483931550282261,18.372938278151548,2019,0.90519,92,43.93369565217392,10.162,8.986,0,26,54,2020,1,0,0,0,1,0,0,upstate,5807.620499563627
36119,2021,Q4,4,8088,93243.0,53937.0,514.0,13845.0,13,24947.0,Westchester County,41.152686,-73.745753,87645.0,79255.0,69131.0,70169.0,76550.0,13.0,968890.0,96610.0,8.839909277870884,5.630257304750797,16.74194180969976,2019,9.6889,92,46.32010869565217,14.51,9.013,0,25,38,2020,1,0,0,0,1,0,1,downstate_non_nyc,9623.693092095078
36121,2021,Q4,4,8088,3351.0,2857.0,19.0,475.0,1,0.0,Wyoming County,42.701365,-78.228576,3681.0,3284.0,2647.0,2841.0,3113.25,1.0,40305.0,58052.0,10.473476778866639,5.160650043418931,17.357647934499443,2019,0.40305,92,40.33641304347826,10.368,17.418,0,40,56,2020,1,0,0,0,1,0,0,upstate,8314.104949758093
36123,2021,Q4,4,8088,1877.0,1797.0,0.0,80.0,1,0.0,Yates County,42.638237,-77.104324,2088.0,1729.0,1306.0,1412.0,1633.75,1.0,25011.0,56563.0,11.906160819204297,5.981368197992883,20.11115109351885,2019,0.25011,92,42.68913043478261,9.264,10.995,0,31,52,2020,1,0,0,0,1,0,0,upstate,7504.697932909519
36001,2022,Q1,1,8089,36417.0,27407.0,379.0,8631.0,4,0.0,Albany County,42.58824,-73.97401,39044.0,41275.0,36834.0,33062.0,37553.75,5.0,306165.0,68327.0,12.070377840341976,5.033233713847109,16.942171704799698,2020,3.06165,90,28.770555555555553,6.697,25.994,0,82,37,2021,0,1,0,0,0,0,0,upstate,11894.566655234923
36003,2022,Q1,1,8089,2417.0,2136.0,18.0,263.0,2,0.0,Allegany County,42.247853,-78.026153,2668.0,2933.0,2772.0,2178.0,2637.75,2.0,46304.0,51227.0,16.724292173408447,5.081634416033172,18.84502418797512,2020,0.46304,90,27.709444444444443,6.037,24.884999999999998,0,81,56,2021,0,1,0,0,0,0,0,upstate,5219.8514167242565
36005,2022,Q1,1,8089,165112.0,91750.0,152.0,19905.0,10,53305.0,Bronx County,40.848711,-73.852939,190068.0,176052.0,165672.0,151201.0,170748.25,10.0,1427056.0,41895.0,26.95828327560987,7.19516262851633,12.904679283784237,2020,14.27056,90,35.367222222222225,11.457,25.464000000000002,0,69,36,2021,0,1,0,0,0,1,0,nyc,11570.113576481932
36007,2022,Q1,1,8089,21154.0,16733.0,256.0,4165.0,3,0.0,Broome County,42.161977,-75.830283,22477.0,23618.0,22543.0,16164.0,21200.5,3.0,192042.0,52237.0,18.543482195251702,5.191051957384323,19.10050926359859,2020,1.92042,90,28.867222222222225,7.206,25.383,0,81,53,2021,0,1,0,0,0,0,0,upstate,11015.298736734672
36009,2022,Q1,1,8089,5326.0,4351.0,46.0,929.0,1,0.0,Cattaraugus County,42.239099,-78.662332,5548.0,7087.0,7038.0,5866.0,6384.75,1.0,76750.0,50700.0,16.880795591990324,5.717263843648208,19.21302931596091,2020,0.7675,90,27.456111111111113,6.954,29.078,0,81,56,2021,0,1,0,0,0,0,0,upstate,6939.413680781759
36011,2022,Q1,1,8089,5565.0,4721.0,65.0,779.0,1,0.0,Cayuga County,43.008546,-76.574587,6251.0,6668.0,5975.0,5025.0,5979.75,1.0,76958.0,57985.0,12.326062948647158,4.901374775851764,18.950596429221132,2020,0.76958,90,30.442777777777778,7.371,31.363,0,78,52,2021,0,1,0,0,0,0,0,upstate,7231.217027469529
36013,2022,Q1,1,8089,11759.0,10400.0,90.0,1269.0,3,0.0,Chautauqua County,42.304216,-79.407595,12547.0,14440.0,13203.0,11118.0,12827.0,3.0,127584.0,48315.0,17.75935509716874,5.461499874592425,20.102050413844996,2020,1.27584,90,29.70277777777778,7.3469999999999995,30.702,0,76,57,2021,0,1,0,0,0,0,0,upstate,9216.672937045398
36015,2022,Q1,1,8089,7644.0,6397.0,77.0,1170.0,2,0.0,Chemung County,42.148697,-76.752471,7809.0,8810.0,8130.0,6673.0,7855.5,3.0,84115.0,54883.0,14.663198763617174,5.556678357011235,18.867027284075373,2020,0.84115,90,29.525,6.724,24.777,0,81,49,2021,0,1,0,0,0,0,0,upstate,9087.558699399631
36017,2022,Q1,1,8089,3435.0,3248.0,15.0,172.0,1,0.0,Chenango County,42.478024,-75.602241,5356.0,4090.0,5213.0,2243.0,4225.5,1.0,47527.0,51756.0,12.912565141864505,5.335914322385171,20.539903633723988,2020,0.47527,90,26.71333333333333,7.332,29.903,0,83,52,2021,0,1,0,0,0,0,0,upstate,7227.470700864771
36019,2022,Q1,1,8089,7417.0,6020.0,89.0,1308.0,1,0.0,Clinton County,44.752712,-73.705643,7911.0,9248.0,8411.0,7997.0,8391.75,1.0,80320.0,59510.0,12.336276116627873,4.699950199203188,16.860059760956176,2020,0.8032,90,21.405555555555555,7.231,40.542,0,83,47,2021,0,1,0,0,0,0,0,upstate,9234.312749003984
36021,2022,Q1,1,8089,4763.0,4045.0,59.0,659.0,1,0.0,Columbia County,42.247696,-73.626718,5168.0,5989.0,5475.0,4832.0,5366.0,1.0,60016.0,68750.0,10.167248225243652,4.0739136230338575,23.921954145561184,2020,0.60016,90,30.26611111111111,7.086,20.613,0,76,34,2021,0,1,0,0,0,0,0,upstate,7936.217008797654
36023,2022,Q1,1,8089,5475.0,4799.0,49.0,627.0,1,0.0,Cortland County,42.594039,-76.07624,6186.0,6468.0,5805.0,4628.0,5771.75,1.0,47618.0,59194.0,14.444242726818862,4.922508295182494,16.285858288882356,2020,0.47618,90,26.77277777777778,7.487,33.461,0,83,56,2021,0,1,0,0,0,0,0,upstate,11497.752950564913
36025,2022,Q1,1,8089,3521.0,2683.0,0.0,37.0,4,801.0,Delaware County,42.193986,-74.966728,4613.0,4918.0,4191.0,3008.0,4182.5,4.0,44676.0,49945.0,16.16337683139398,3.8924702301011727,24.503088906795593,2020,0.44676,90,26.398333333333333,7.852,32.248,0,82,49,2021,0,1,0,0,0,0,0,upstate,7881.189005282478
36027,2022,Q1,1,8089,25747.0,20060.0,269.0,5418.0,3,0.0,Dutchess County,41.754825,-73.740014,28503.0,28395.0,27092.0,22874.0,26716.0,3.0,293524.0,81842.0,8.79308104361888,4.576116433409193,17.59447268366471,2020,2.93524,90,31.637777777777778,8.387,22.71,0,79,33,2021,0,1,0,0,0,0,0,upstate,8771.684768536816
36029,2022,Q1,1,8089,76143.0,54133.0,857.0,16048.0,10,5105.0,Erie County,42.752759,-78.778192,74679.0,89218.0,84468.0,73781.0,80536.5,10.0,918873.0,59464.0,13.709697288701243,5.465608413785147,17.974083469641617,2020,9.18873,90,31.107222222222223,6.696,25.356,0,73,52,2021,0,1,0,0,0,0,0,upstate,8286.564084481752
36031,2022,Q1,1,8089,3185.0,1992.0,0.0,0.0,3,1193.0,Essex County,44.109601,-73.778431,2124.0,2776.0,2063.0,1616.0,2144.75,3.0,37281.0,58109.0,10.14906438312718,4.039591212682063,23.467718140607815,2020,0.37281,90,18.46222222222222,8.998,47.818,0,84,53,2021,0,1,0,0,0,0,0,upstate,8543.225771840884
36033,2022,Q1,1,8089,5258.0,2271.0,41.0,256.0,3,2690.0,Franklin County,44.594376,-74.31067,5788.0,6794.0,5542.0,4515.0,5659.75,2.0,50389.0,52905.0,17.781290351306826,4.772867094008613,17.08706265256306,2020,0.50389,90,20.702222222222222,7.996,43.326,0,84,52,2021,0,1,0,0,0,0,0,upstate,10434.817122784734
36035,2022,Q1,1,8089,4226.0,3778.0,18.0,430.0,1,0.0,Fulton County,43.115609,-74.423678,4617.0,4979.0,4431.0,3732.0,4439.75,1.0,53452.0,51663.0,14.82933358829716,5.14480281373943,19.516575619247174,2020,0.53452,90,24.510555555555552,8.184,32.492000000000004,0,81,48,2021,0,1,0,0,0,0,0,upstate,7906.158796677393
36037,2022,Q1,1,8089,4688.0,3840.0,19.0,829.0,2,0.0,Genesee County,43.00091,-78.192778,5590.0,6135.0,5219.0,4592.0,5384.0,2.0,57554.0,60635.0,10.777481784662069,5.219446085415436,18.749348437988672,2020,0.57554,90,30.063333333333333,6.116,25.828,0,77,53,2021,0,1,0,0,0,0,0,upstate,8145.393890954581
36043,2022,Q1,1,8089,3199.0,,,,1,,Herkimer County,43.571009,-74.841097,3737.0,3699.0,3221.0,2734.0,3347.75,1.0,61738.0,58438.0,13.609555189456342,5.0374161780426965,20.61615212672908,2020,0.61738,90,21.435555555555556,9.071,44.427,0,83,54,2021,0,1,0,0,0,0,0,upstate,5181.573747124947
36045,2022,Q1,1,8089,10907.0,6247.0,70.0,1335.0,3,3255.0,Jefferson County,43.996389,-76.052968,11097.0,12250.0,12917.0,10977.0,11810.25,3.0,111454.0,54726.0,14.352228075375011,7.781685717874638,13.610099233764602,2020,1.11454,90,27.81611111111111,7.503,28.77,0,77,45,2021,0,1,0,0,0,0,0,upstate,9786.100095106502
36047,2022,Q1,1,8089,181604.0,106040.0,619.0,22742.0,15,52203.0,Kings County,40.635045,-73.95064,181318.0,175218.0,162279.0,144051.0,165716.5,15.0,2576771.0,63973.0,19.232616541559743,7.276587636231548,14.0004292193602,2020,25.76771,90,35.865,10.922,23.07,0,65,35,2021,0,1,0,0,0,1,0,nyc,7047.735324559302
36049,2022,Q1,1,8089,2287.0,2083.0,22.0,182.0,1,0.0,Lewis County,43.782706,-75.444132,2499.0,2911.0,2510.0,2093.0,2503.25,1.0,26456.0,56192.0,13.267099732518151,6.229210765043847,18.74433020864832,2020,0.26456,90,25.967777777777776,8.13,40.731,0,81,52,2021,0,1,0,0,0,0,0,upstate,8644.541880858784
36051,2022,Q1,1,8089,2888.0,2516.0,30.0,342.0,1,0.0,Livingston County,42.729042,-77.778463,3207.0,3769.0,3421.0,2745.0,3285.5,1.0,63218.0,60248.0,12.622816355735504,4.2487899016103015,17.85409218893353,2020,0.63218,90,30.511111111111113,5.391,22.516,0,77,53,2021,0,1,0,0,0,0,0,upstate,4568.319149609289
36053,2022,Q1,1,8089,7639.0,4914.0,54.0,354.0,2,2317.0,Madison County,42.910026,-75.663575,8680.0,8420.0,7454.0,6208.0,7690.5,2.0,70990.0,61176.0,8.45404026601075,4.79645020425412,18.349063248344837,2020,0.7099,90,26.23388888888889,7.749,37.096000000000004,0,81,58,2021,0,1,0,0,0,0,0,upstate,10760.670516974222
36055,2022,Q1,1,8089,63655.0,47885.0,623.0,15147.0,5,0.0,Monroe County,43.250347,-77.700518,69790.0,76113.0,75445.0,65785.0,71783.25,6.0,743084.0,62087.0,14.076571871091389,5.494802741009091,17.322806035387657,2020,7.43084,90,31.797777777777778,5.893,25.328,0,71,48,2021,0,1,0,0,0,0,0,upstate,8566.32628343498
36057,2022,Q1,1,8089,6596.0,6012.0,37.0,547.0,2,0.0,Montgomery County,42.900891,-74.435357,10481.0,11122.0,9004.0,8177.0,9696.0,2.0,49294.0,50146.0,17.827004219409282,6.317198847729946,18.63715665192518,2020,0.49294,90,27.010555555555552,6.526,25.08,0,83,42,2021,0,1,0,0,0,0,0,upstate,13380.938856655983
36059,2022,Q1,1,8089,105783.0,60257.0,1007.0,21521.0,12,22998.0,Nassau County,40.729612,-73.589414,118863.0,111843.0,98731.0,96713.0,106537.5,12.0,1355683.0,120036.0,5.4054843172602975,5.4689776297261234,17.818546076036952,2020,13.55683,90,35.464444444444446,12.227,22.903,0,66,36,2021,0,1,0,0,0,0,1,downstate_non_nyc,7802.930331058219
36061,2022,Q1,1,8089,228969.0,159963.0,1008.0,40546.0,21,27452.0,New York County,40.776642,-73.970187,263132.0,250167.0,236410.0,225706.0,243853.75,18.0,1629153.0,89812.0,15.567975101353019,4.727916899149435,16.619065244332486,2020,16.29153,90,35.589444444444446,11.328,25.354,0,69,35,2021,0,1,0,0,0,1,0,nyc,14054.48107083865
36063,2022,Q1,1,8089,11171.0,9799.0,68.0,1304.0,4,0.0,Niagara County,43.272672,-78.812943,12476.0,13817.0,13206.0,11363.0,12715.5,4.0,210145.0,57252.0,12.433040367266011,5.242094744105261,19.126793404554,2020,2.10145,90,32.105,5.465,20.946,0,74,45,2021,0,1,0,0,0,0,0,upstate,5315.853339360918
36065,2022,Q1,1,8089,22706.0,18648.0,137.0,3921.0,4,0.0,Oneida County,43.242727,-75.434282,26962.0,26472.0,23304.0,20290.0,24257.0,4.0,229074.0,59113.0,14.240089828901715,5.637916131904975,18.748963217126345,2020,2.29074,90,27.055,7.759,31.717,0,82,53,2021,0,1,0,0,0,0,0,upstate,9912.080812313925
36067,2022,Q1,1,8089,43839.0,34528.0,509.0,8802.0,5,0.0,Onondaga County,43.006516,-76.196134,49476.0,54541.0,53782.0,46976.0,51193.75,4.0,461591.0,62668.0,13.874250901629711,5.700501092958919,17.08113893035176,2020,4.61591,90,29.16611111111111,7.289,31.943,0,80,54,2021,0,1,0,0,0,0,0,upstate,9497.36888284217
36069,2022,Q1,1,8089,13681.0,11591.0,152.0,1938.0,3,0.0,Ontario County,42.856357,-77.303497,15289.0,16159.0,14057.0,11953.0,14364.5,3.0,109774.0,64795.0,9.042538190364278,4.927396286916756,20.0010931550276,2020,1.09774,90,29.958333333333332,5.841,26.566,0,80,55,2021,0,1,0,0,0,0,0,upstate,12462.878277187676
36071,2022,Q1,1,8089,33033.0,22693.0,308.0,5763.0,4,4269.0,Orange County,41.40241,-74.306252,37916.0,38044.0,35216.0,30427.0,35400.75,4.0,382077.0,80816.0,11.380246117470042,6.65703510025466,13.983307029734842,2020,3.82077,90,33.18777777777778,9.569,28.799999999999997,0,79,33,2021,0,1,0,0,0,0,0,upstate,8645.639491516107
36075,2022,Q1,1,8089,5476.0,4580.0,22.0,874.0,2,0.0,Oswego County,43.461443,-76.209262,5747.0,6831.0,6105.0,5254.0,5984.25,2.0,117630.0,59070.0,16.760761545174446,5.503698036215251,16.39972796055428,2020,1.1763,90,28.840555555555557,8.038,33.432,0,79,52,2021,0,1,0,0,0,0,0,upstate,4655.275014877157
36077,2022,Q1,1,8089,7212.0,2737.0,74.0,810.0,2,3591.0,Otsego County,42.629776,-75.028841,7743.0,8610.0,8895.0,8047.0,8323.75,2.0,59593.0,56171.0,13.354612661200079,4.17330894568154,21.113217995402145,2020,0.59593,90,26.342222222222226,7.214,30.069,0,83,51,2021,0,1,0,0,0,0,0,upstate,12102.092527645866
36079,2022,Q1,1,8089,4317.0,3519.0,42.0,756.0,1,0.0,Putnam County,41.427907,-73.743861,5081.0,5401.0,5177.0,4703.0,5090.5,1.0,98714.0,107246.0,5.5926801686028575,4.485685920943331,17.404826063172397,2020,0.98714,90,31.938333333333333,9.364,26.872,0,79,34,2021,0,1,0,0,0,0,0,upstate,4373.239864659521
36081,2022,Q1,1,8089,144956.0,91265.0,537.0,19377.0,10,33777.0,Queens County,40.654658,-73.841209,186459.0,177209.0,164504.0,145101.0,168318.25,10.0,2270976.0,72028.0,11.596974698376858,6.182407916243941,15.831695271108103,2020,22.70976,90,35.70444444444445,11.226,22.268,0,65,35,2021,0,1,0,0,0,1,0,nyc,6382.982470972833
36083,2022,Q1,1,8089,10921.0,9565.0,103.0,1253.0,1,0.0,Rensselaer County,42.710421,-73.513845,12074.0,12452.0,10537.0,9612.0,11168.75,1.0,159013.0,72510.0,10.791456057394424,5.173161942734242,17.009930005722804,2020,1.59013,90,27.033888888888892,7.3100000000000005,24.145,0,80,41,2021,0,1,0,0,0,0,0,upstate,6867.991925188506
36085,2022,Q1,1,8089,12144.0,10050.0,101.0,1993.0,3,0.0,Richmond County,40.561263,-74.1399,22847.0,21242.0,19381.0,17221.0,20172.75,3.0,475596.0,85381.0,10.809729692925716,5.709257436984331,16.25602402038705,2020,4.75596,90,36.18777777777778,11.295,24.142,0,60,36,2021,0,1,0,0,0,1,0,nyc,2553.427699139606
36087,2022,Q1,1,8089,19307.0,14664.0,155.0,4488.0,2,0.0,Rockland County,41.154628,-74.024662,21993.0,21873.0,19934.0,17720.0,20380.0,2.0,325213.0,94840.0,14.548083785493679,8.12359899512012,15.738915726001112,2020,3.25213,90,33.97388888888889,10.867,30.593999999999998,0,75,35,2021,0,1,0,0,0,0,1,downstate_non_nyc,5936.724546681713
36089,2022,Q1,1,8089,14504.0,7091.0,62.0,696.0,5,6655.0,St. Lawrence County,44.488112,-75.074311,15950.0,16826.0,14645.0,12017.0,14859.5,5.0,108352.0,52071.0,17.59475173335821,5.1480360307147075,17.384081512108683,2020,1.08352,90,24.29888888888889,7.697,35.193,0,82,47,2021,0,1,0,0,0,0,0,upstate,13386.001181334908
36091,2022,Q1,1,8089,8802.0,6729.0,134.0,1939.0,1,0.0,Saratoga County,43.106135,-73.855387,9009.0,9843.0,9090.0,7697.0,8909.75,1.0,229313.0,85224.0,5.927233942741318,5.006693907454004,18.11759472860239,2020,2.29313,90,27.29722222222222,6.968999999999999,23.98,0,78,37,2021,0,1,0,0,0,0,0,upstate,3838.4217205304544
36093,2022,Q1,1,8089,11921.0,9919.0,65.0,1937.0,2,0.0,Schenectady County,42.817552,-74.043559,11858.0,12223.0,12166.0,11112.0,11839.75,2.0,155086.0,66488.0,11.399200987483907,5.91026914099274,17.207226957945913,2020,1.55086,90,28.432777777777776,6.359,24.033,0,81,39,2021,0,1,0,0,0,0,0,upstate,7686.7028616380585
36095,2022,Q1,1,8089,2583.0,2567.0,0.0,16.0,1,0.0,Schoharie County,42.591294,-74.438172,3050.0,3028.0,2495.0,1880.0,2613.25,1.0,31189.0,58926.0,11.632037533512065,4.296386546538844,21.7993523357594,2020,0.31189,90,25.40277777777778,6.987,32.632,0,83,48,2021,0,1,0,0,0,0,0,upstate,8281.766007246144
36097,2022,Q1,1,8089,1567.0,1549.0,0.0,18.0,1,0.0,Schuyler County,42.419776,-76.938603,,,,,,,17845.0,53291.0,14.729606907521017,5.0602409638554215,21.232838330064443,2020,0.17845,90,29.295555555555556,6.343,27.696,0,82,54,2021,0,1,0,0,0,0,0,upstate,8781.171196413561
36101,2022,Q1,1,8089,9879.0,8874.0,69.0,936.0,3,0.0,Steuben County,42.266725,-77.385525,10806.0,11389.0,10107.0,8158.0,10115.0,3.0,95843.0,55349.0,12.723970558558943,5.5225733752073705,19.402564610874034,2020,0.95843,90,28.908333333333335,5.554,22.843,0,83,49,2021,0,1,0,0,0,0,0,upstate,10307.482027899794
36103,2022,Q1,1,8089,114963.0,73549.0,1404.0,23027.0,11,16983.0,Suffolk County,40.943554,-72.692218,115476.0,116463.0,103123.0,89190.0,106063.0,11.0,1481364.0,105362.0,6.458086572258513,5.3510143354368,16.922511955198047,2020,14.81364,90,36.07888888888889,10.307,20.864,0,58,37,2021,0,1,0,0,0,0,1,downstate_non_nyc,7760.617917000818
36105,2022,Q1,1,8089,6231.0,4970.0,29.0,615.0,2,617.0,Sullivan County,41.719993,-74.771577,6591.0,7925.0,6546.0,5760.0,6705.5,2.0,75329.0,60433.0,13.318684337018471,5.805201184138911,18.923654900503127,2020,0.75329,90,29.030555555555555,9.973,35.636,0,80,41,2021,0,1,0,0,0,0,0,upstate,8271.714744653453
36109,2022,Q1,1,8089,6994.0,5996.0,73.0,925.0,1,0.0,Tompkins County,42.453006,-76.473483,7824.0,8519.0,7481.0,5833.0,7414.25,1.0,102237.0,61361.0,17.47094563367263,3.8850905249567185,14.319669004372193,2020,1.02237,90,29.976666666666667,6.969,29.768,0,82,51,2021,0,1,0,0,0,0,0,upstate,6840.9675557772625
36111,2022,Q1,1,8089,6631.0,5503.0,33.0,1095.0,3,0.0,Ulster County,41.947212,-74.265458,10917.0,10929.0,10643.0,8856.0,10336.25,2.0,178371.0,65306.0,13.669123765102952,4.360574308603977,19.78180309579472,2020,1.78371,90,31.39777777777778,10.396,35.913000000000004,0,77,35,2021,0,1,0,0,0,0,0,upstate,3717.5325585437095
36113,2022,Q1,1,8089,9893.0,7737.0,106.0,2050.0,1,0.0,Warren County,43.555105,-73.838139,10255.0,11119.0,10476.0,9139.0,10247.25,1.0,64187.0,64658.0,8.468792948201507,4.407434527240719,22.30825556576877,2020,0.64187,90,25.653888888888886,5.872,25.052,0,83,37,2021,0,1,0,0,0,0,0,upstate,15412.778288438469
36117,2022,Q1,1,8089,4951.0,3996.0,41.0,914.0,1,0.0,Wayne County,43.218114,-77.049402,5257.0,6012.0,5389.0,4628.0,5321.5,1.0,90103.0,62003.0,11.211855646937217,5.445989589691798,18.819573155166864,2020,0.90103,90,30.587777777777777,6.799,29.019,0,79,54,2021,0,1,0,0,0,0,0,upstate,5494.822591922578
36119,2022,Q1,1,8089,73689.0,49490.0,525.0,14855.0,13,8819.0,Westchester County,41.152686,-73.745753,93243.0,87645.0,79255.0,69131.0,82318.5,13.0,968738.0,99489.0,8.379136856486054,5.563010845037565,17.121037886404785,2020,9.68738,90,33.86944444444445,10.001,26.32,0,77,37,2021,0,1,0,0,0,0,1,downstate_non_nyc,7606.700676550316
36121,2022,Q1,1,8089,2994.0,2550.0,10.0,434.0,1,0.0,Wyoming County,42.701365,-78.228576,3351.0,3681.0,3284.0,2647.0,3240.75,1.0,40027.0,58746.0,8.702379681997652,4.7842706173333,18.085292427611364,2020,0.40027,90,27.584444444444443,6.584,31.307000000000002,0,79,57,2021,0,1,0,0,0,0,0,upstate,7479.95103305269
36123,2022,Q1,1,8089,1463.0,1409.0,0.0,54.0,1,0.0,Yates County,42.638237,-77.104324,1877.0,2088.0,1729.0,1306.0,1750.0,1.0,24981.0,55307.0,13.535226077812828,6.180697329970778,20.651695288419198,2020,0.24981,90,29.87666666666667,5.726,25.657,0,78,50,2021,0,1,0,0,0,0,0,upstate,5856.450902686041
36001,2022,Q2,2,8090,40816.0,31629.0,452.0,8735.0,4,0.0,Albany County,42.58824,-73.97401,36417.0,39044.0,41275.0,36834.0,38392.5,4.0,306165.0,68327.0,12.070377840341976,5.033233713847109,16.942171704799698,2020,3.06165,91,57.32032967032966,11.305,3.0589999999999997,2,7,46,2021,0,1,1,0,0,0,0,upstate,13331.373605735469
36003,2022,Q2,2,8090,3011.0,2759.0,20.0,232.0,2,0.0,Allegany County,42.247853,-78.026153,2417.0,2668.0,2933.0,2772.0,2697.5,2.0,46304.0,51227.0,16.724292173408447,5.081634416033172,18.84502418797512,2020,0.46304,91,55.02032967032967,11.545,7.277,0,12,56,2021,0,1,1,0,0,0,0,upstate,6502.67795438839
36005,2022,Q2,2,8090,185243.0,106607.0,149.0,21136.0,10,57351.0,Bronx County,40.848711,-73.852939,165112.0,190068.0,176052.0,165672.0,174226.0,10.0,1427056.0,41895.0,26.95828327560987,7.19516262851633,12.904679283784237,2020,14.27056,91,60.77362637362637,10.365,0.0,2,2,40,2021,0,1,1,0,0,1,0,nyc,12980.780011436133
36007,2022,Q2,2,8090,24012.0,19471.0,234.0,4307.0,3,0.0,Broome County,42.161977,-75.830283,21154.0,22477.0,23618.0,22543.0,22448.0,3.0,192042.0,52237.0,18.543482195251702,5.191051957384323,19.10050926359859,2020,1.92042,91,55.98186813186813,12.489,2.451,1,10,50,2021,0,1,1,0,0,0,0,upstate,12503.514856125223
36009,2022,Q2,2,8090,6639.0,5626.0,70.0,943.0,1,0.0,Cattaraugus County,42.239099,-78.662332,5326.0,5548.0,7087.0,7038.0,6249.75,1.0,76750.0,50700.0,16.880795591990324,5.717263843648208,19.21302931596091,2020,0.7675,91,54.645604395604394,11.239,7.523,0,13,55,2021,0,1,1,0,0,0,0,upstate,8650.162866449511
36011,2022,Q2,2,8090,6248.0,5280.0,70.0,898.0,1,0.0,Cayuga County,43.008546,-76.574587,5565.0,6251.0,6668.0,5975.0,6114.75,1.0,76958.0,57985.0,12.326062948647158,4.901374775851764,18.950596429221132,2020,0.76958,91,58.565934065934066,9.64,3.61,3,6,54,2021,0,1,1,0,0,0,0,upstate,8118.714103796876
36013,2022,Q2,2,8090,14024.0,12684.0,60.0,1280.0,3,0.0,Chautauqua County,42.304216,-79.407595,11759.0,12547.0,14440.0,13203.0,12987.25,3.0,127584.0,48315.0,17.75935509716874,5.461499874592425,20.102050413844996,2020,1.27584,91,56.815384615384616,10.733,5.76,0,7,54,2021,0,1,1,0,0,0,0,upstate,10991.97391522448
36015,2022,Q2,2,8090,8741.0,7538.0,58.0,1145.0,2,0.0,Chemung County,42.148697,-76.752471,7644.0,7809.0,8810.0,8130.0,8098.25,2.0,84115.0,54883.0,14.663198763617174,5.556678357011235,18.867027284075373,2020,0.84115,91,56.70714285714286,11.131,3.9130000000000003,1,8,51,2021,0,1,1,0,0,0,0,upstate,10391.72561374309
36017,2022,Q2,2,8090,4012.0,3811.0,18.0,183.0,1,0.0,Chenango County,42.478024,-75.602241,3435.0,5356.0,4090.0,5213.0,4523.5,1.0,47527.0,51756.0,12.912565141864505,5.335914322385171,20.539903633723988,2020,0.47527,91,55.03901098901099,11.97,3.694,0,11,54,2021,0,1,1,0,0,0,0,upstate,8441.517453237107
36019,2022,Q2,2,8090,7823.0,6296.0,93.0,1434.0,1,0.0,Clinton County,44.752712,-73.705643,7417.0,7911.0,9248.0,8411.0,8246.75,1.0,80320.0,59510.0,12.336276116627873,4.699950199203188,16.860059760956176,2020,0.8032,91,53.582417582417584,9.054,10.472,0,15,47,2021,0,1,1,0,0,0,0,upstate,9739.790836653387
36021,2022,Q2,2,8090,5369.0,4658.0,53.0,658.0,1,0.0,Columbia County,42.247696,-73.626718,4763.0,5168.0,5989.0,5475.0,5348.75,1.0,60016.0,68750.0,10.167248225243652,4.0739136230338575,23.921954145561184,2020,0.60016,91,58.649450549450556,10.256,1.379,3,7,43,2021,0,1,1,0,0,0,0,upstate,8945.947747267395
36023,2022,Q2,2,8090,6308.0,5572.0,66.0,670.0,1,0.0,Cortland County,42.594039,-76.07624,5475.0,6186.0,6468.0,5805.0,5983.5,1.0,47618.0,59194.0,14.444242726818862,4.922508295182494,16.285858288882356,2020,0.47618,91,55.04285714285714,11.156,3.886,0,11,54,2021,0,1,1,0,0,0,0,upstate,13247.091436011593
36025,2022,Q2,2,8090,4180.0,3370.0,0.0,26.0,4,784.0,Delaware County,42.193986,-74.966728,3521.0,4613.0,4918.0,4191.0,4310.75,4.0,44676.0,49945.0,16.16337683139398,3.8924702301011727,24.503088906795593,2020,0.44676,91,53.716483516483514,12.698,3.28,0,13,55,2021,0,1,1,0,0,0,0,upstate,9356.253917091952
36027,2022,Q2,2,8090,29483.0,23263.0,264.0,5956.0,3,0.0,Dutchess County,41.754825,-73.740014,25747.0,28503.0,28395.0,27092.0,27434.25,3.0,293524.0,81842.0,8.79308104361888,4.576116433409193,17.59447268366471,2020,2.93524,91,58.67912087912088,10.977,0.028,3,5,47,2021,0,1,1,0,0,0,0,upstate,10044.493806298633
36029,2022,Q2,2,8090,87697.0,61880.0,878.0,16939.0,10,8000.0,Erie County,42.752759,-78.778192,76143.0,74679.0,89218.0,84468.0,81127.0,10.0,918873.0,59464.0,13.709697288701243,5.465608413785147,17.974083469641617,2020,9.18873,91,57.04835164835164,9.431000000000001,4.216,0,6,49,2021,0,1,1,0,0,0,0,upstate,9543.973976817253
36031,2022,Q2,2,8090,3999.0,2381.0,0.0,0.0,3,1618.0,Essex County,44.109601,-73.778431,3185.0,2124.0,2776.0,2063.0,2537.0,3.0,37281.0,58109.0,10.14906438312718,4.039591212682063,23.467718140607815,2020,0.37281,91,49.58516483516483,11.257,15.875,0,22,58,2021,0,1,1,0,0,0,0,upstate,10726.643598615918
36033,2022,Q2,2,8090,6188.0,2613.0,23.0,265.0,3,3287.0,Franklin County,44.594376,-74.31067,5258.0,5788.0,6794.0,5542.0,5845.5,3.0,50389.0,52905.0,17.781290351306826,4.772867094008613,17.08706265256306,2020,0.50389,91,53.17912087912088,11.538,10.804,0,15,53,2021,0,1,1,0,0,0,0,upstate,12280.458036476215
36035,2022,Q2,2,8090,4922.0,4420.0,41.0,461.0,1,0.0,Fulton County,43.115609,-74.423678,4226.0,4617.0,4979.0,4431.0,4563.25,1.0,53452.0,51663.0,14.82933358829716,5.14480281373943,19.516575619247174,2020,0.53452,91,55.012087912087914,11.543,6.229,0,12,47,2021,0,1,1,0,0,0,0,upstate,9208.261617900172
36037,2022,Q2,2,8090,5048.0,4211.0,24.0,813.0,2,0.0,Genesee County,43.00091,-78.192778,4688.0,5590.0,6135.0,5219.0,5408.0,2.0,57554.0,60635.0,10.777481784662069,5.219446085415436,18.749348437988672,2020,0.57554,91,57.66043956043956,9.347,4.933,1,7,52,2021,0,1,1,0,0,0,0,upstate,8770.893421829935
36043,2022,Q2,2,8090,3896.0,,,,1,,Herkimer County,43.571009,-74.841097,3199.0,3737.0,3699.0,3221.0,3464.0,1.0,61738.0,58438.0,13.609555189456342,5.0374161780426965,20.61615212672908,2020,0.61738,91,51.751098901098906,12.696,9.314,0,17,54,2021,0,1,1,0,0,0,0,upstate,6310.5380802747095
36045,2022,Q2,2,8090,11961.0,6655.0,42.0,1382.0,3,3882.0,Jefferson County,43.996389,-76.052968,10907.0,11097.0,12250.0,12917.0,11792.75,3.0,111454.0,54726.0,14.352228075375011,7.781685717874638,13.610099233764602,2020,1.11454,91,56.332417582417584,7.933,3.61,0,7,39,2021,0,1,1,0,0,0,0,upstate,10731.78172160712
36047,2022,Q2,2,8090,206525.0,125398.0,722.0,22905.0,15,57500.0,Kings County,40.635045,-73.95064,181604.0,181318.0,175218.0,162279.0,175104.75,15.0,2576771.0,63973.0,19.232616541559743,7.276587636231548,14.0004292193602,2020,25.76771,91,60.72692307692307,9.899,0.028,2,2,37,2021,0,1,1,0,0,1,0,nyc,8014.875982382602
36049,2022,Q2,2,8090,2661.0,2448.0,41.0,172.0,1,0.0,Lewis County,43.782706,-75.444132,2287.0,2499.0,2911.0,2510.0,2551.75,1.0,26456.0,56192.0,13.267099732518151,6.229210765043847,18.74433020864832,2020,0.26456,91,57.09285714285714,8.47,5.042,0,10,49,2021,0,1,1,0,0,0,0,upstate,10058.209857877231
36051,2022,Q2,2,8090,3548.0,3178.0,37.0,333.0,1,0.0,Livingston County,42.729042,-77.778463,2888.0,3207.0,3769.0,3421.0,3321.25,1.0,63218.0,60248.0,12.622816355735504,4.2487899016103015,17.85409218893353,2020,0.63218,91,58.18516483516484,8.751,4.134,3,7,52,2021,0,1,1,0,0,0,0,upstate,5612.325603467367
36053,2022,Q2,2,8090,8829.0,5572.0,57.0,378.0,2,2822.0,Madison County,42.910026,-75.663575,7639.0,8680.0,8420.0,7454.0,8048.25,2.0,70990.0,61176.0,8.45404026601075,4.79645020425412,18.349063248344837,2020,0.7099,91,55.12802197802198,11.711,7.385000000000001,0,12,57,2021,0,1,1,0,0,0,0,upstate,12436.962952528525
36055,2022,Q2,2,8090,71463.0,54730.0,648.0,16085.0,5,0.0,Monroe County,43.250347,-77.700518,63655.0,69790.0,76113.0,75445.0,71250.75,5.0,743084.0,62087.0,14.076571871091389,5.494802741009091,17.322806035387657,2020,7.43084,91,57.472527472527474,7.91,3.6380000000000003,2,5,45,2021,0,1,1,0,0,0,0,upstate,9617.082321783271
36057,2022,Q2,2,8090,9370.0,8735.0,38.0,597.0,2,0.0,Montgomery County,42.900891,-74.435357,6596.0,10481.0,11122.0,9004.0,9300.75,2.0,49294.0,50146.0,17.827004219409282,6.317198847729946,18.63715665192518,2020,0.49294,91,56.877472527472534,11.903,1.7910000000000001,3,9,43,2021,0,1,1,0,0,0,0,upstate,19008.398588063454
36059,2022,Q2,2,8090,122037.0,72528.0,1096.0,22600.0,12,25813.0,Nassau County,40.729612,-73.589414,105783.0,118863.0,111843.0,98731.0,108805.0,12.0,1355683.0,120036.0,5.4054843172602975,5.4689776297261234,17.818546076036952,2020,13.55683,91,60.29560439560439,10.682,0.0,3,2,38,2021,0,1,1,0,0,0,1,downstate_non_nyc,9001.883183605607
36061,2022,Q2,2,8090,261128.0,187978.0,1109.0,43033.0,21,29008.0,New York County,40.776642,-73.970187,228969.0,263132.0,250167.0,236410.0,244669.5,21.0,1629153.0,89812.0,15.567975101353019,4.727916899149435,16.619065244332486,2020,16.29153,91,61.07527472527473,10.501,0.0,3,2,39,2021,0,1,1,0,0,1,0,nyc,16028.451594171942
36063,2022,Q2,2,8090,12993.0,11798.0,55.0,1140.0,4,0.0,Niagara County,43.272672,-78.812943,11171.0,12476.0,13817.0,13206.0,12667.5,4.0,210145.0,57252.0,12.433040367266011,5.242094744105261,19.126793404554,2020,2.10145,91,58.30549450549451,7.973,3.418,0,5,47,2021,0,1,1,0,0,0,0,upstate,6182.873730043541
36065,2022,Q2,2,8090,26647.0,22240.0,147.0,4260.0,4,0.0,Oneida County,43.242727,-75.434282,22706.0,26962.0,26472.0,23304.0,24861.0,4.0,229074.0,59113.0,14.240089828901715,5.637916131904975,18.748963217126345,2020,2.29074,91,56.979120879120885,12.643,2.921,2,8,50,2021,0,1,1,0,0,0,0,upstate,11632.485572347801
36067,2022,Q2,2,8090,46170.0,35964.0,496.0,9710.0,5,0.0,Onondaga County,43.006516,-76.196134,43839.0,49476.0,54541.0,53782.0,50409.5,5.0,461591.0,62668.0,13.874250901629711,5.700501092958919,17.08113893035176,2020,4.61591,91,57.56483516483516,9.621,5.513,4,7,53,2021,0,1,1,0,0,0,0,upstate,10002.361397860877
36069,2022,Q2,2,8090,15908.0,13731.0,167.0,2010.0,3,0.0,Ontario County,42.856357,-77.303497,13681.0,15289.0,16159.0,14057.0,14796.5,3.0,109774.0,64795.0,9.042538190364278,4.927396286916756,20.0010931550276,2020,1.09774,91,58.28021978021978,8.545,4.134,4,7,51,2021,0,1,1,0,0,0,0,upstate,14491.591815912694
36071,2022,Q2,2,8090,37972.0,26669.0,327.0,5863.0,4,5113.0,Orange County,41.40241,-74.306252,33033.0,37916.0,38044.0,35216.0,36052.25,4.0,382077.0,80816.0,11.380246117470042,6.65703510025466,13.983307029734842,2020,3.82077,91,59.57912087912088,10.942,0.22,3,4,48,2021,0,1,1,0,0,0,0,upstate,9938.310864040495
36075,2022,Q2,2,8090,5971.0,5018.0,26.0,927.0,2,0.0,Oswego County,43.461443,-76.209262,5476.0,5747.0,6831.0,6105.0,6039.75,2.0,117630.0,59070.0,16.760761545174446,5.503698036215251,16.39972796055428,2020,1.1763,91,56.87417582417583,9.018,3.114,1,6,51,2021,0,1,1,0,0,0,0,upstate,5076.086032474709
36077,2022,Q2,2,8090,8772.0,3443.0,110.0,788.0,2,4431.0,Otsego County,42.629776,-75.028841,7212.0,7743.0,8610.0,8895.0,8115.0,2.0,59593.0,56171.0,13.354612661200079,4.17330894568154,21.113217995402145,2020,0.59593,91,54.54945054945055,12.382000000000001,3.003,0,12,57,2021,0,1,1,0,0,0,0,upstate,14719.849646770594
36079,2022,Q2,2,8090,5106.0,4362.0,38.0,706.0,1,0.0,Putnam County,41.427907,-73.743861,4317.0,5081.0,5401.0,5177.0,4994.0,1.0,98714.0,107246.0,5.5926801686028575,4.485685920943331,17.404826063172397,2020,0.98714,91,58.619230769230775,10.788,0.0,2,5,43,2021,0,1,1,0,0,0,0,upstate,5172.51858905525
36081,2022,Q2,2,8090,172078.0,109968.0,562.0,20592.0,10,40956.0,Queens County,40.654658,-73.841209,144956.0,186459.0,177209.0,164504.0,168282.0,10.0,2270976.0,72028.0,11.596974698376858,6.182407916243941,15.831695271108103,2020,22.70976,91,59.94285714285714,9.58,0.0,0,2,36,2021,0,1,1,0,0,1,0,nyc,7577.270741742757
36083,2022,Q2,2,8090,11637.0,9943.0,123.0,1571.0,1,0.0,Rensselaer County,42.710421,-73.513845,10921.0,12074.0,12452.0,10537.0,11496.0,1.0,159013.0,72510.0,10.791456057394424,5.173161942734242,17.009930005722804,2020,1.59013,91,56.22967032967033,11.739,5.925000000000001,2,10,46,2021,0,1,1,0,0,0,0,upstate,7318.269575443517
36085,2022,Q2,2,8090,13860.0,11742.0,111.0,2007.0,3,0.0,Richmond County,40.561263,-74.1399,12144.0,22847.0,21242.0,19381.0,18903.5,3.0,475596.0,85381.0,10.809729692925716,5.709257436984331,16.25602402038705,2020,4.75596,91,60.8456043956044,9.671,0.0,2,2,36,2021,0,1,1,0,0,1,0,nyc,2914.238134887594
36087,2022,Q2,2,8090,21981.0,17457.0,145.0,4379.0,2,0.0,Rockland County,41.154628,-74.024662,19307.0,21993.0,21873.0,19934.0,20776.75,2.0,325213.0,94840.0,14.548083785493679,8.12359899512012,15.738915726001112,2020,3.25213,91,60.120879120879124,11.009,0.0,3,3,43,2021,0,1,1,0,0,0,1,downstate_non_nyc,6758.954900326862
36089,2022,Q2,2,8090,17014.0,8521.0,60.0,851.0,5,7582.0,St. Lawrence County,44.488112,-75.074311,14504.0,15950.0,16826.0,14645.0,15481.25,5.0,108352.0,52071.0,17.59475173335821,5.1480360307147075,17.384081512108683,2020,1.08352,91,56.574725274725274,10.854,7.166,0,11,46,2021,0,1,1,0,0,0,0,upstate,15702.525103366805
36091,2022,Q2,2,8090,9872.0,7638.0,149.0,2085.0,1,0.0,Saratoga County,43.106135,-73.855387,8802.0,9009.0,9843.0,9090.0,9186.0,1.0,229313.0,85224.0,5.927233942741318,5.006693907454004,18.11759472860239,2020,2.29313,91,57.82087912087912,12.168,3.527,2,6,42,2021,0,1,1,0,0,0,0,upstate,4305.032859018023
36093,2022,Q2,2,8090,11769.0,10212.0,95.0,1462.0,2,0.0,Schenectady County,42.817552,-74.043559,11921.0,11858.0,12223.0,12166.0,12042.0,2.0,155086.0,66488.0,11.399200987483907,5.91026914099274,17.207226957945913,2020,1.55086,91,57.60934065934066,10.850999999999999,2.2609999999999997,3,6,43,2021,0,1,1,0,0,0,0,upstate,7588.692725326593
36095,2022,Q2,2,8090,2781.0,2770.0,0.0,11.0,1,0.0,Schoharie County,42.591294,-74.438172,2583.0,3050.0,3028.0,2495.0,2789.0,1.0,31189.0,58926.0,11.632037533512065,4.296386546538844,21.7993523357594,2020,0.31189,91,53.58956043956044,11.51,4.934,0,13,53,2021,0,1,1,0,0,0,0,upstate,8916.60521337651
36097,2022,Q2,2,8090,2019.0,2008.0,0.0,11.0,1,0.0,Schuyler County,42.419776,-76.938603,1567.0,,,,,1.0,17845.0,53291.0,14.729606907521017,5.0602409638554215,21.232838330064443,2020,0.17845,91,56.80769230769231,11.088000000000001,5.0440000000000005,2,7,55,2021,0,1,1,0,0,0,0,upstate,11314.093583636874
36101,2022,Q2,2,8090,11167.0,10053.0,103.0,1011.0,3,0.0,Steuben County,42.266725,-77.385525,9879.0,10806.0,11389.0,10107.0,10545.25,3.0,95843.0,55349.0,12.723970558558943,5.5225733752073705,19.402564610874034,2020,0.95843,91,56.25989010989011,10.831,5.815,1,8,55,2021,0,1,1,0,0,0,0,upstate,11651.34647287752
36103,2022,Q2,2,8090,135381.0,89299.0,1346.0,24928.0,11,19808.0,Suffolk County,40.943554,-72.692218,114963.0,115476.0,116463.0,103123.0,112506.25,11.0,1481364.0,105362.0,6.458086572258513,5.3510143354368,16.922511955198047,2020,14.81364,91,60.332417582417584,11.486,0.0,2,2,37,2021,0,1,1,0,0,0,1,downstate_non_nyc,9138.942218117898
36105,2022,Q2,2,8090,7475.0,5928.0,41.0,646.0,2,860.0,Sullivan County,41.719993,-74.771577,6231.0,6591.0,7925.0,6546.0,6823.25,2.0,75329.0,60433.0,13.318684337018471,5.805201184138911,18.923654900503127,2020,0.75329,91,56.112637362637365,11.41,0.882,1,9,53,2021,0,1,1,0,0,0,0,upstate,9923.137171607215
36109,2022,Q2,2,8090,8152.0,7197.0,89.0,866.0,1,0.0,Tompkins County,42.453006,-76.473483,6994.0,7824.0,8519.0,7481.0,7704.5,1.0,102237.0,61361.0,17.47094563367263,3.8850905249567185,14.319669004372193,2020,1.02237,91,57.06208791208791,10.501000000000001,3.776,3,9,52,2021,0,1,1,0,0,0,0,upstate,7973.629899155883
36111,2022,Q2,2,8090,7608.0,6398.0,32.0,1178.0,3,0.0,Ulster County,41.947212,-74.265458,6631.0,10917.0,10929.0,10643.0,9780.0,3.0,178371.0,65306.0,13.669123765102952,4.360574308603977,19.78180309579472,2020,1.78371,91,58.55329670329671,13.39,0.35900000000000004,3,7,50,2021,0,1,1,0,0,0,0,upstate,4265.267336057991
36113,2022,Q2,2,8090,11128.0,8675.0,113.0,2340.0,1,0.0,Warren County,43.555105,-73.838139,9893.0,10255.0,11119.0,10476.0,10435.75,1.0,64187.0,64658.0,8.468792948201507,4.407434527240719,22.30825556576877,2020,0.64187,91,56.8065934065934,10.106,5.897,4,8,45,2021,0,1,1,0,0,0,0,upstate,17336.8439092028
36117,2022,Q2,2,8090,5814.0,4843.0,31.0,940.0,1,0.0,Wayne County,43.218114,-77.049402,4951.0,5257.0,6012.0,5389.0,5402.25,1.0,90103.0,62003.0,11.211855646937217,5.445989589691798,18.819573155166864,2020,0.90103,91,58.43076923076923,8.014,3.8030000000000004,5,5,49,2021,0,1,1,0,0,0,0,upstate,6452.615340221746
36119,2022,Q2,2,8090,88218.0,60973.0,600.0,16239.0,13,10406.0,Westchester County,41.152686,-73.745753,73689.0,93243.0,87645.0,79255.0,83458.0,13.0,968738.0,99489.0,8.379136856486054,5.563010845037565,17.121037886404785,2020,9.68738,91,60.03901098901099,10.685,0.0,3,2,41,2021,0,1,1,0,0,0,1,downstate_non_nyc,9106.486996484085
36121,2022,Q2,2,8090,3339.0,2881.0,10.0,448.0,1,0.0,Wyoming County,42.701365,-78.228576,2994.0,3351.0,3681.0,3284.0,3327.5,1.0,40027.0,58746.0,8.702379681997652,4.7842706173333,18.085292427611364,2020,0.40027,91,55.60549450549451,9.283,6.6979999999999995,0,9,53,2021,0,1,1,0,0,0,0,upstate,8341.869238264171
36123,2022,Q2,2,8090,1961.0,1895.0,0.0,66.0,1,0.0,Yates County,42.638237,-77.104324,1463.0,1877.0,2088.0,1729.0,1789.25,1.0,24981.0,55307.0,13.535226077812828,6.180697329970778,20.651695288419198,2020,0.24981,91,57.69285714285714,9.278,3.2520000000000002,3,7,53,2021,0,1,1,0,0,0,0,upstate,7849.965974140347
36001,2022,Q3,3,8091,39556.0,30703.0,401.0,8452.0,4,0.0,Albany County,42.58824,-73.97401,40816.0,36417.0,39044.0,41275.0,39388.0,4.0,306165.0,68327.0,12.070377840341976,5.033233713847109,16.942171704799698,2020,3.06165,92,68.27282608695653,22.893,0.0,3,0,57,2021,0,1,0,1,0,0,0,upstate,12919.830810184052
36003,2022,Q3,3,8091,3259.0,2971.0,22.0,266.0,2,0.0,Allegany County,42.247853,-78.026153,3011.0,2417.0,2668.0,2933.0,2757.25,2.0,46304.0,51227.0,16.724292173408447,5.081634416033172,18.84502418797512,2020,0.46304,92,66.08967391304348,16.025,0.0,0,0,65,2021,0,1,0,1,0,0,0,upstate,7038.268832066344
36005,2022,Q3,3,8091,184732.0,105637.0,196.0,20733.0,10,58166.0,Bronx County,40.848711,-73.852939,185243.0,165112.0,190068.0,176052.0,179118.75,10.0,1427056.0,41895.0,26.95828327560987,7.19516262851633,12.904679283784237,2020,14.27056,92,73.3929347826087,22.916,0.0,4,0,55,2021,0,1,0,1,0,1,0,nyc,12944.972026325528
36007,2022,Q3,3,8091,24296.0,19641.0,265.0,4390.0,3,0.0,Broome County,42.161977,-75.830283,24012.0,21154.0,22477.0,23618.0,22815.25,3.0,192042.0,52237.0,18.543482195251702,5.191051957384323,19.10050926359859,2020,1.92042,92,67.44076086956522,20.8,0.0,0,0,62,2021,0,1,0,1,0,0,0,upstate,12651.399173097552
36009,2022,Q3,3,8091,6541.0,5510.0,58.0,973.0,1,0.0,Cattaraugus County,42.239099,-78.662332,6639.0,5326.0,5548.0,7087.0,6150.0,1.0,76750.0,50700.0,16.880795591990324,5.717263843648208,19.21302931596091,2020,0.7675,92,65.57336956521739,17.709,0.0,0,0,64,2021,0,1,0,1,0,0,0,upstate,8522.475570032573
36011,2022,Q3,3,8091,6505.0,5534.0,85.0,886.0,1,0.0,Cayuga County,43.008546,-76.574587,6248.0,5565.0,6251.0,6668.0,6183.0,1.0,76958.0,57985.0,12.326062948647158,4.901374775851764,18.950596429221132,2020,0.76958,92,69.58097826086956,21.865,0.0,1,0,62,2021,0,1,0,1,0,0,0,upstate,8452.662491228983
36013,2022,Q3,3,8091,14122.0,12800.0,96.0,1226.0,3,0.0,Chautauqua County,42.304216,-79.407595,14024.0,11759.0,12547.0,14440.0,13192.5,3.0,127584.0,48315.0,17.75935509716874,5.461499874592425,20.102050413844996,2020,1.27584,92,68.0429347826087,16.114,0.0,0,0,60,2021,0,1,0,1,0,0,0,upstate,11068.786054677703
36015,2022,Q3,3,8091,8260.0,7129.0,63.0,1068.0,2,0.0,Chemung County,42.148697,-76.752471,8741.0,7644.0,7809.0,8810.0,8251.0,2.0,84115.0,54883.0,14.663198763617174,5.556678357011235,18.867027284075373,2020,0.84115,92,68.05054347826086,17.529,0.0,0,0,58,2021,0,1,0,1,0,0,0,upstate,9819.889437080188
36017,2022,Q3,3,8091,4342.0,4134.0,17.0,191.0,1,0.0,Chenango County,42.478024,-75.602241,4012.0,3435.0,5356.0,4090.0,4223.25,1.0,47527.0,51756.0,12.912565141864505,5.335914322385171,20.539903633723988,2020,0.47527,92,66.2483695652174,21.864,0.0,0,0,63,2021,0,1,0,1,0,0,0,upstate,9135.859616638962
36019,2022,Q3,3,8091,8501.0,6869.0,91.0,1541.0,1,0.0,Clinton County,44.752712,-73.705643,7823.0,7417.0,7911.0,9248.0,8099.75,1.0,80320.0,59510.0,12.336276116627873,4.699950199203188,16.860059760956176,2020,0.8032,92,64.34184782608695,10.809,0.0,0,0,59,2021,0,1,0,1,0,0,0,upstate,10583.914342629481
36021,2022,Q3,3,8091,5414.0,4781.0,54.0,579.0,1,0.0,Columbia County,42.247696,-73.626718,5369.0,4763.0,5168.0,5989.0,5322.25,1.0,60016.0,68750.0,10.167248225243652,4.0739136230338575,23.921954145561184,2020,0.60016,92,69.88423913043479,21.535,0.0,3,0,60,2021,0,1,0,1,0,0,0,upstate,9020.927752599307
36023,2022,Q3,3,8091,6294.0,5530.0,69.0,695.0,1,0.0,Cortland County,42.594039,-76.07624,6308.0,5475.0,6186.0,6468.0,6109.25,1.0,47618.0,59194.0,14.444242726818862,4.922508295182494,16.285858288882356,2020,0.47618,92,66.27880434782608,20.451,0.0,0,0,61,2021,0,1,0,1,0,0,0,upstate,13217.690789197362
36025,2022,Q3,3,8091,4450.0,3316.0,0.0,25.0,4,1109.0,Delaware County,42.193986,-74.966728,4180.0,3521.0,4613.0,4918.0,4308.0,4.0,44676.0,49945.0,16.16337683139398,3.8924702301011727,24.503088906795593,2020,0.44676,92,64.97826086956522,24.744,0.0,0,0,64,2021,0,1,0,1,0,0,0,upstate,9960.605246664876
36027,2022,Q3,3,8091,30267.0,23923.0,270.0,6074.0,3,0.0,Dutchess County,41.754825,-73.740014,29483.0,25747.0,28503.0,28395.0,28032.0,3.0,293524.0,81842.0,8.79308104361888,4.576116433409193,17.59447268366471,2020,2.93524,92,69.99347826086957,23.068,0.0,3,0,53,2021,0,1,0,1,0,0,0,upstate,10311.592919148008
36029,2022,Q3,3,8091,90435.0,63899.0,922.0,17019.0,10,8595.0,Erie County,42.752759,-78.778192,87697.0,76143.0,74679.0,89218.0,81934.25,10.0,918873.0,59464.0,13.709697288701243,5.465608413785147,17.974083469641617,2020,9.18873,92,69.28369565217392,18.571,0.0,0,0,65,2021,0,1,0,1,0,0,0,upstate,9841.947690268404
36031,2022,Q3,3,8091,4712.0,2913.0,0.0,0.0,3,1799.0,Essex County,44.109601,-73.778431,3999.0,3185.0,2124.0,2776.0,3021.0,3.0,37281.0,58109.0,10.14906438312718,4.039591212682063,23.467718140607815,2020,0.37281,92,60.03804347826087,18.308,0.0,0,0,62,2021,0,1,0,1,0,0,0,upstate,12639.145945655964
36033,2022,Q3,3,8091,6659.0,3198.0,44.0,250.0,3,3167.0,Franklin County,44.594376,-74.31067,6188.0,5258.0,5788.0,6794.0,6007.0,3.0,50389.0,52905.0,17.781290351306826,4.772867094008613,17.08706265256306,2020,0.50389,92,63.376630434782605,14.847,0.0,0,0,68,2021,0,1,0,1,0,0,0,upstate,13215.185854055448
36035,2022,Q3,3,8091,5302.0,4810.0,43.0,449.0,1,0.0,Fulton County,43.115609,-74.423678,4922.0,4226.0,4617.0,4979.0,4686.0,1.0,53452.0,51663.0,14.82933358829716,5.14480281373943,19.516575619247174,2020,0.53452,92,65.44076086956522,24.297,0.0,0,0,63,2021,0,1,0,1,0,0,0,upstate,9919.179824889621
36037,2022,Q3,3,8091,5615.0,4754.0,33.0,828.0,2,0.0,Genesee County,43.00091,-78.192778,5048.0,4688.0,5590.0,6135.0,5365.25,2.0,57554.0,60635.0,10.777481784662069,5.219446085415436,18.749348437988672,2020,0.57554,92,68.92880434782609,18.42,0.0,0,0,65,2021,0,1,0,1,0,0,0,upstate,9756.055182958613
36043,2022,Q3,3,8091,3879.0,,,,1,,Herkimer County,43.571009,-74.841097,3896.0,3199.0,3737.0,3699.0,3632.75,1.0,61738.0,58438.0,13.609555189456342,5.0374161780426965,20.61615212672908,2020,0.61738,92,62.45923913043478,26.172,0.0,0,0,69,2021,0,1,0,1,0,0,0,upstate,6283.002364832033
36045,2022,Q3,3,8091,12103.0,6578.0,60.0,1358.0,3,4107.0,Jefferson County,43.996389,-76.052968,11961.0,10907.0,11097.0,12250.0,11553.75,3.0,111454.0,54726.0,14.352228075375011,7.781685717874638,13.610099233764602,2020,1.11454,92,68.57010869565217,17.392,0.0,0,0,62,2021,0,1,0,1,0,0,0,upstate,10859.188544152745
36047,2022,Q3,3,8091,208195.0,125808.0,703.0,22105.0,15,59579.0,Kings County,40.635045,-73.95064,206525.0,181604.0,181318.0,175218.0,186166.25,15.0,2576771.0,63973.0,19.232616541559743,7.276587636231548,14.0004292193602,2020,25.76771,92,73.87173913043478,20.393,0.0,3,0,55,2021,0,1,0,1,0,1,0,nyc,8079.685777277065
36049,2022,Q3,3,8091,2717.0,2503.0,27.0,187.0,1,0.0,Lewis County,43.782706,-75.444132,2661.0,2287.0,2499.0,2911.0,2589.5,1.0,26456.0,56192.0,13.267099732518151,6.229210765043847,18.74433020864832,2020,0.26456,92,67.05869565217391,16.157,0.0,0,0,60,2021,0,1,0,1,0,0,0,upstate,10269.882068339884
36051,2022,Q3,3,8091,3711.0,3262.0,53.0,396.0,1,0.0,Livingston County,42.729042,-77.778463,3548.0,2888.0,3207.0,3769.0,3353.0,1.0,63218.0,60248.0,12.622816355735504,4.2487899016103015,17.85409218893353,2020,0.63218,92,69.30271739130436,17.252,0.0,0,0,62,2021,0,1,0,1,0,0,0,upstate,5870.163561011104
36053,2022,Q3,3,8091,8762.0,5353.0,60.0,332.0,2,3017.0,Madison County,42.910026,-75.663575,8829.0,7639.0,8680.0,8420.0,8392.0,2.0,70990.0,61176.0,8.45404026601075,4.79645020425412,18.349063248344837,2020,0.7099,92,66.15923913043478,22.62,0.0,0,0,65,2021,0,1,0,1,0,0,0,upstate,12342.5834624595
36055,2022,Q3,3,8091,70916.0,54044.0,795.0,16077.0,5,0.0,Monroe County,43.250347,-77.700518,71463.0,63655.0,69790.0,76113.0,70255.25,5.0,743084.0,62087.0,14.076571871091389,5.494802741009091,17.322806035387657,2020,7.43084,92,70.31847826086957,15.251,0.0,0,0,64,2021,0,1,0,1,0,0,0,upstate,9543.470186412304
36057,2022,Q3,3,8091,9547.0,8933.0,42.0,572.0,2,0.0,Montgomery County,42.900891,-74.435357,9370.0,6596.0,10481.0,11122.0,9392.25,2.0,49294.0,50146.0,17.827004219409282,6.317198847729946,18.63715665192518,2020,0.49294,92,67.80815217391304,19.738,0.0,1,0,67,2021,0,1,0,1,0,0,0,upstate,19367.468657443096
36059,2022,Q3,3,8091,123337.0,72496.0,977.0,22992.0,12,26872.0,Nassau County,40.729612,-73.589414,122037.0,105783.0,118863.0,111843.0,114631.5,12.0,1355683.0,120036.0,5.4054843172602975,5.4689776297261234,17.818546076036952,2020,13.55683,92,72.96630434782608,20.703,0.0,3,0,57,2021,0,1,0,1,0,0,1,downstate_non_nyc,9097.775807471216
36061,2022,Q3,3,8091,263431.0,190193.0,1045.0,43077.0,21,29116.0,New York County,40.776642,-73.970187,261128.0,228969.0,263132.0,250167.0,250849.0,21.0,1629153.0,89812.0,15.567975101353019,4.727916899149435,16.619065244332486,2020,16.29153,92,73.67826086956521,22.86,0.0,5,0,52,2021,0,1,0,1,0,1,0,nyc,16169.81339383103
36063,2022,Q3,3,8091,13013.0,11755.0,63.0,1195.0,4,0.0,Niagara County,43.272672,-78.812943,12993.0,11171.0,12476.0,13817.0,12614.25,4.0,210145.0,57252.0,12.433040367266011,5.242094744105261,19.126793404554,2020,2.10145,92,70.92282608695652,15.042,0.0,0,0,59,2021,0,1,0,1,0,0,0,upstate,6192.390968141045
36065,2022,Q3,3,8091,25890.0,21839.0,152.0,3899.0,4,0.0,Oneida County,43.242727,-75.434282,26647.0,22706.0,26962.0,26472.0,25696.75,4.0,229074.0,59113.0,14.240089828901715,5.637916131904975,18.748963217126345,2020,2.29074,92,67.50326086956522,27.883,0.0,0,0,67,2021,0,1,0,1,0,0,0,upstate,11302.024673249693
36067,2022,Q3,3,8091,47247.0,36366.0,514.0,10367.0,5,0.0,Onondaga County,43.006516,-76.196134,46170.0,43839.0,49476.0,54541.0,48506.5,5.0,461591.0,62668.0,13.874250901629711,5.700501092958919,17.08113893035176,2020,4.61591,92,68.46684782608695,22.261,0.0,0,0,65,2021,0,1,0,1,0,0,0,upstate,10235.684837875955
36069,2022,Q3,3,8091,16558.0,14427.0,178.0,1953.0,3,0.0,Ontario County,42.856357,-77.303497,15908.0,13681.0,15289.0,16159.0,15259.25,3.0,109774.0,64795.0,9.042538190364278,4.927396286916756,20.0010931550276,2020,1.09774,92,69.24184782608695,18.016000000000002,0.0,0,0,63,2021,0,1,0,1,0,0,0,upstate,15083.717455863865
36071,2022,Q3,3,8091,38444.0,26568.0,335.0,6017.0,4,5524.0,Orange County,41.40241,-74.306252,37972.0,33033.0,37916.0,38044.0,36741.25,4.0,382077.0,80816.0,11.380246117470042,6.65703510025466,13.983307029734842,2020,3.82077,92,71.1179347826087,19.064999999999998,0.0,6,0,51,2021,0,1,0,1,0,0,0,upstate,10061.846172368396
36075,2022,Q3,3,8091,6405.0,5557.0,32.0,816.0,2,0.0,Oswego County,43.461443,-76.209262,5971.0,5476.0,5747.0,6831.0,6006.25,2.0,117630.0,59070.0,16.760761545174446,5.503698036215251,16.39972796055428,2020,1.1763,92,68.4320652173913,21.96,0.0,0,0,62,2021,0,1,0,1,0,0,0,upstate,5445.039530731957
36077,2022,Q3,3,8091,9161.0,3781.0,104.0,796.0,2,4480.0,Otsego County,42.629776,-75.028841,8772.0,7212.0,7743.0,8610.0,8084.25,2.0,59593.0,56171.0,13.354612661200079,4.17330894568154,21.113217995402145,2020,0.59593,92,65.97880434782608,20.743,0.0,0,0,63,2021,0,1,0,1,0,0,0,upstate,15372.610877116442
36079,2022,Q3,3,8091,5144.0,4403.0,49.0,692.0,1,0.0,Putnam County,41.427907,-73.743861,5106.0,4317.0,5081.0,5401.0,4976.25,1.0,98714.0,107246.0,5.5926801686028575,4.485685920943331,17.404826063172397,2020,0.98714,92,70.07934782608696,23.886,0.0,2,0,53,2021,0,1,0,1,0,0,0,upstate,5211.013635350609
36081,2022,Q3,3,8091,170065.0,109222.0,546.0,21054.0,10,39243.0,Queens County,40.654658,-73.841209,172078.0,144956.0,186459.0,177209.0,170175.5,10.0,2270976.0,72028.0,11.596974698376858,6.182407916243941,15.831695271108103,2020,22.70976,92,73.25815217391305,19.827,0.0,0,0,55,2021,0,1,0,1,0,1,0,nyc,7488.630439071131
36083,2022,Q3,3,8091,11993.0,10352.0,103.0,1538.0,1,0.0,Rensselaer County,42.710421,-73.513845,11637.0,10921.0,12074.0,12452.0,11771.0,1.0,159013.0,72510.0,10.791456057394424,5.173161942734242,17.009930005722804,2020,1.59013,92,66.91956521739131,28.919,0.0,0,0,71,2021,0,1,0,1,0,0,0,upstate,7542.150641771428
36085,2022,Q3,3,8091,13420.0,11423.0,122.0,1875.0,3,0.0,Richmond County,40.561263,-74.1399,13860.0,12144.0,22847.0,21242.0,17523.25,3.0,475596.0,85381.0,10.809729692925716,5.709257436984331,16.25602402038705,2020,4.75596,92,73.73858695652174,19.317,0.0,2,0,49,2021,0,1,0,1,0,1,0,nyc,2821.722638541956
36087,2022,Q3,3,8091,22550.0,18174.0,157.0,4219.0,2,0.0,Rockland County,41.154628,-74.024662,21981.0,19307.0,21993.0,21873.0,21288.5,2.0,325213.0,94840.0,14.548083785493679,8.12359899512012,15.738915726001112,2020,3.25213,92,72.03315217391305,21.706,0.0,4,0,50,2021,0,1,0,1,0,0,1,downstate_non_nyc,6933.917155833254
36089,2022,Q3,3,8091,16591.0,8285.0,74.0,790.0,5,7442.0,St. Lawrence County,44.488112,-75.074311,17014.0,14504.0,15950.0,16826.0,16073.5,5.0,108352.0,52071.0,17.59475173335821,5.1480360307147075,17.384081512108683,2020,1.08352,92,66.77119565217392,15.591,0.0,0,0,65,2021,0,1,0,1,0,0,0,upstate,15312.130832841112
36091,2022,Q3,3,8091,9936.0,7829.0,165.0,1942.0,1,0.0,Saratoga County,43.106135,-73.855387,9872.0,8802.0,9009.0,9843.0,9381.5,1.0,229313.0,85224.0,5.927233942741318,5.006693907454004,18.11759472860239,2020,2.29313,92,68.5054347826087,21.147,0.0,1,0,62,2021,0,1,0,1,0,0,0,upstate,4332.942310292046
36093,2022,Q3,3,8091,12409.0,10324.0,76.0,2009.0,2,0.0,Schenectady County,42.817552,-74.043559,11769.0,11921.0,11858.0,12223.0,11942.75,2.0,155086.0,66488.0,11.399200987483907,5.91026914099274,17.207226957945913,2020,1.55086,92,68.69836956521739,18.901,0.0,3,0,59,2021,0,1,0,1,0,0,0,upstate,8001.366983480133
36095,2022,Q3,3,8091,2947.0,2932.0,0.0,15.0,1,0.0,Schoharie County,42.591294,-74.438172,2781.0,2583.0,3050.0,3028.0,2860.5,1.0,31189.0,58926.0,11.632037533512065,4.296386546538844,21.7993523357594,2020,0.31189,92,64.66739130434782,22.371,0.0,0,0,66,2021,0,1,0,1,0,0,0,upstate,9448.844143768636
36097,2022,Q3,3,8091,2131.0,2116.0,0.0,15.0,1,0.0,Schuyler County,42.419776,-76.938603,2019.0,1567.0,,,,1.0,17845.0,53291.0,14.729606907521017,5.0602409638554215,21.232838330064443,2020,0.17845,92,68.21358695652174,18.521,0.0,0,0,61,2021,0,1,0,1,0,0,0,upstate,11941.7203698515
36101,2022,Q3,3,8091,11441.0,10344.0,118.0,979.0,3,0.0,Steuben County,42.266725,-77.385525,11167.0,9879.0,10806.0,11389.0,10810.25,3.0,95843.0,55349.0,12.723970558558943,5.5225733752073705,19.402564610874034,2020,0.95843,92,67.35054347826087,17.006,0.0,0,0,63,2021,0,1,0,1,0,0,0,upstate,11937.23067934017
36103,2022,Q3,3,8091,139049.0,91461.0,1457.0,25695.0,11,20436.0,Suffolk County,40.943554,-72.692218,135381.0,114963.0,115476.0,116463.0,120570.75,11.0,1481364.0,105362.0,6.458086572258513,5.3510143354368,16.922511955198047,2020,14.81364,92,73.22989130434782,17.313,0.0,1,0,51,2021,0,1,0,1,0,0,1,downstate_non_nyc,9386.551853561989
36105,2022,Q3,3,8091,8513.0,6729.0,45.0,634.0,2,1105.0,Sullivan County,41.719993,-74.771577,7475.0,6231.0,6591.0,7925.0,7055.5,2.0,75329.0,60433.0,13.318684337018471,5.805201184138911,18.923654900503127,2020,0.75329,92,67.37554347826087,20.704,0.0,1,0,53,2021,0,1,0,1,0,0,0,upstate,11301.092540721369
36109,2022,Q3,3,8091,8685.0,7753.0,72.0,860.0,1,0.0,Tompkins County,42.453006,-76.473483,8152.0,6994.0,7824.0,8519.0,7872.25,1.0,102237.0,61361.0,17.47094563367263,3.8850905249567185,14.319669004372193,2020,1.02237,92,68.60978260869565,17.662,0.0,0,0,60,2021,0,1,0,1,0,0,0,upstate,8494.967575339651
36111,2022,Q3,3,8091,7741.0,6747.0,28.0,966.0,3,0.0,Ulster County,41.947212,-74.265458,7608.0,6631.0,10917.0,10929.0,9021.25,3.0,178371.0,65306.0,13.669123765102952,4.360574308603977,19.78180309579472,2020,1.78371,92,69.4538043478261,22.525,0.0,3,0,57,2021,0,1,0,1,0,0,0,upstate,4339.831026343968
36113,2022,Q3,3,8091,11338.0,8935.0,122.0,2281.0,1,0.0,Warren County,43.555105,-73.838139,11128.0,9893.0,10255.0,11119.0,10598.75,1.0,64187.0,64658.0,8.468792948201507,4.407434527240719,22.30825556576877,2020,0.64187,92,67.0983695652174,19.104,0.0,0,0,59,2021,0,1,0,1,0,0,0,upstate,17664.01296212629
36117,2022,Q3,3,8091,5754.0,4757.0,44.0,953.0,1,0.0,Wayne County,43.218114,-77.049402,5814.0,4951.0,5257.0,6012.0,5508.5,1.0,90103.0,62003.0,11.211855646937217,5.445989589691798,18.819573155166864,2020,0.90103,92,69.5788043478261,20.144,0.0,2,0,65,2021,0,1,0,1,0,0,0,upstate,6386.024882634319
36119,2022,Q3,3,8091,88461.0,60842.0,606.0,16459.0,13,10554.0,Westchester County,41.152686,-73.745753,88218.0,73689.0,93243.0,87645.0,85698.75,13.0,968738.0,99489.0,8.379136856486054,5.563010845037565,17.121037886404785,2020,9.68738,92,72.06358695652175,21.42,0.0,2,0,49,2021,0,1,0,1,0,0,1,downstate_non_nyc,9131.571178172015
36121,2022,Q3,3,8091,3597.0,3144.0,16.0,437.0,1,0.0,Wyoming County,42.701365,-78.228576,3339.0,2994.0,3351.0,3681.0,3341.25,1.0,40027.0,58746.0,8.702379681997652,4.7842706173333,18.085292427611364,2020,0.40027,92,66.57771739130435,20.273,0.0,0,0,63,2021,0,1,0,1,0,0,0,upstate,8986.434156944064
36123,2022,Q3,3,8091,2205.0,2134.0,0.0,71.0,1,0.0,Yates County,42.638237,-77.104324,1961.0,1463.0,1877.0,2088.0,1847.25,1.0,24981.0,55307.0,13.535226077812828,6.180697329970778,20.651695288419198,2020,0.24981,92,68.88152173913043,17.631,0.0,0,0,63,2021,0,1,0,1,0,0,0,upstate,8826.708298306712
36001,2022,Q4,4,8092,41418.0,31783.0,368.0,9267.0,4,0.0,Albany County,42.58824,-73.97401,39556.0,40816.0,36417.0,39044.0,38958.25,4.0,306165.0,68327.0,12.070377840341976,5.033233713847109,16.942171704799698,2020,3.06165,92,42.92445652173913,11.48,6.5360000000000005,0,40,46,2021,0,1,0,0,1,0,0,upstate,13527.99960805448
36003,2022,Q4,4,8092,3511.0,3198.0,29.0,284.0,2,0.0,Allegany County,42.247853,-78.026153,3259.0,3011.0,2417.0,2668.0,2838.75,2.0,46304.0,51227.0,16.724292173408447,5.081634416033172,18.84502418797512,2020,0.46304,92,42.36793478260869,10.162,12.815999999999999,0,45,60,2021,0,1,0,0,1,0,0,upstate,7582.498272287491
36005,2022,Q4,4,8092,199815.0,116435.0,207.0,21401.0,10,61772.0,Bronx County,40.848711,-73.852939,184732.0,185243.0,165112.0,190068.0,181288.75,10.0,1427056.0,41895.0,26.95828327560987,7.19516262851633,12.904679283784237,2020,14.27056,92,49.38858695652174,11.148000000000001,1.185,0,14,43,2021,0,1,0,0,1,1,0,nyc,14001.903218934647
36007,2022,Q4,4,8092,24170.0,19481.0,254.0,4435.0,3,0.0,Broome County,42.161977,-75.830283,24296.0,24012.0,21154.0,22477.0,22984.75,3.0,192042.0,52237.0,18.543482195251702,5.191051957384323,19.10050926359859,2020,1.92042,92,42.97717391304348,13.477,7.197,0,41,55,2021,0,1,0,0,1,0,0,upstate,12585.788525426731
36009,2022,Q4,4,8092,6684.0,5600.0,57.0,1027.0,1,0.0,Cattaraugus County,42.239099,-78.662332,6541.0,6639.0,5326.0,5548.0,6013.5,1.0,76750.0,50700.0,16.880795591990324,5.717263843648208,19.21302931596091,2020,0.7675,92,42.22010869565217,12.872,21.109,0,45,66,2021,0,1,0,0,1,0,0,upstate,8708.794788273615
36011,2022,Q4,4,8092,5966.0,4942.0,83.0,941.0,1,0.0,Cayuga County,43.008546,-76.574587,6505.0,6248.0,5565.0,6251.0,6142.25,1.0,76958.0,57985.0,12.326062948647158,4.901374775851764,18.950596429221132,2020,0.76958,92,45.57336956521739,16.496,12.128,0,26,62,2021,0,1,0,0,1,0,0,upstate,7752.280464669039
36013,2022,Q4,4,8092,14501.0,13077.0,103.0,1321.0,3,0.0,Chautauqua County,42.304216,-79.407595,14122.0,14024.0,11759.0,12547.0,13113.0,3.0,127584.0,48315.0,17.75935509716874,5.461499874592425,20.102050413844996,2020,1.27584,92,44.66195652173913,18.416,29.878,0,29,68,2021,0,1,0,0,1,0,0,upstate,11365.845247052923
36015,2022,Q4,4,8092,8360.0,7119.0,46.0,1195.0,2,0.0,Chemung County,42.148697,-76.752471,8260.0,8741.0,7644.0,7809.0,8113.5,2.0,84115.0,54883.0,14.663198763617174,5.556678357011235,18.867027284075373,2020,0.84115,92,43.79565217391304,10.429,6.368,0,36,53,2021,0,1,0,0,1,0,0,upstate,9938.774297093265
36017,2022,Q4,4,8092,4435.0,4183.0,13.0,239.0,1,0.0,Chenango County,42.478024,-75.602241,4342.0,4012.0,3435.0,5356.0,4286.25,1.0,47527.0,51756.0,12.912565141864505,5.335914322385171,20.539903633723988,2020,0.47527,92,41.81195652173913,14.675,11.3,0,49,57,2021,0,1,0,0,1,0,0,upstate,9331.537862688578
36019,2022,Q4,4,8092,8598.0,7066.0,95.0,1437.0,1,0.0,Clinton County,44.752712,-73.705643,8501.0,7823.0,7417.0,7911.0,7913.0,1.0,80320.0,59510.0,12.336276116627873,4.699950199203188,16.860059760956176,2020,0.8032,92,36.745652173913044,11.072,17.666,0,51,53,2021,0,1,0,0,1,0,0,upstate,10704.681274900398
36021,2022,Q4,4,8092,5304.0,4617.0,56.0,631.0,1,0.0,Columbia County,42.247696,-73.626718,5414.0,5369.0,4763.0,5168.0,5178.5,1.0,60016.0,68750.0,10.167248225243652,4.0739136230338575,23.921954145561184,2020,0.60016,92,44.50271739130435,10.455,3.94,0,36,45,2021,0,1,0,0,1,0,0,upstate,8837.643295121301
36023,2022,Q4,4,8092,6727.0,5828.0,68.0,831.0,1,0.0,Cortland County,42.594039,-76.07624,6294.0,6308.0,5475.0,6186.0,6065.75,1.0,47618.0,59194.0,14.444242726818862,4.922508295182494,16.285858288882356,2020,0.47618,92,42.01521739130435,13.845,11.907,0,45,62,2021,0,1,0,0,1,0,0,upstate,14127.010794237474
36025,2022,Q4,4,8092,4713.0,3680.0,0.0,37.0,4,996.0,Delaware County,42.193986,-74.966728,4450.0,4180.0,3521.0,4613.0,4191.0,4.0,44676.0,49945.0,16.16337683139398,3.8924702301011727,24.503088906795593,2020,0.44676,92,40.70923913043478,11.998,10.031,0,51,54,2021,0,1,0,0,1,0,0,upstate,10549.288208434058
36027,2022,Q4,4,8092,30260.0,24281.0,256.0,5723.0,3,0.0,Dutchess County,41.754825,-73.740014,30267.0,29483.0,25747.0,28503.0,28500.0,3.0,293524.0,81842.0,8.79308104361888,4.576116433409193,17.59447268366471,2020,2.93524,92,45.22391304347826,10.864,2.481,0,34,45,2021,0,1,0,0,1,0,0,upstate,10309.208105640424
36029,2022,Q4,4,8092,88052.0,61318.0,811.0,17567.0,10,8356.0,Erie County,42.752759,-78.778192,90435.0,87697.0,76143.0,74679.0,82238.5,10.0,918873.0,59464.0,13.709697288701243,5.465608413785147,17.974083469641617,2020,9.18873,92,46.2195652173913,14.914,13.31,0,25,64,2021,0,1,0,0,1,0,0,upstate,9582.608260336303
36031,2022,Q4,4,8092,4172.0,2360.0,0.0,0.0,3,1812.0,Essex County,44.109601,-73.778431,4712.0,3999.0,3185.0,2124.0,3505.0,3.0,37281.0,58109.0,10.14906438312718,4.039591212682063,23.467718140607815,2020,0.37281,92,32.97717391304348,14.071,26.399,0,61,63,2021,0,1,0,0,1,0,0,upstate,11190.686945092675
36033,2022,Q4,4,8092,6537.0,2825.0,32.0,272.0,3,3408.0,Franklin County,44.594376,-74.31067,6659.0,6188.0,5258.0,5788.0,5973.25,3.0,50389.0,52905.0,17.781290351306826,4.772867094008613,17.08706265256306,2020,0.50389,92,36.42173913043479,12.653,23.567,0,55,61,2021,0,1,0,0,1,0,0,upstate,12973.069519141081
36035,2022,Q4,4,8092,5130.0,4596.0,32.0,502.0,1,0.0,Fulton County,43.115609,-74.423678,5302.0,4922.0,4226.0,4617.0,4766.75,1.0,53452.0,51663.0,14.82933358829716,5.14480281373943,19.516575619247174,2020,0.53452,92,39.57826086956521,14.2,14.991,0,52,56,2021,0,1,0,0,1,0,0,upstate,9597.395794357555
36037,2022,Q4,4,8092,6205.0,5233.0,16.0,956.0,2,0.0,Genesee County,43.00091,-78.192778,5615.0,5048.0,4688.0,5590.0,5235.25,2.0,57554.0,60635.0,10.777481784662069,5.219446085415436,18.749348437988672,2020,0.57554,92,44.880434782608695,12.931,10.86,0,35,60,2021,0,1,0,0,1,0,0,upstate,10781.17941411544
36043,2022,Q4,4,8092,4247.0,,,,1,,Herkimer County,43.571009,-74.841097,3879.0,3896.0,3199.0,3737.0,3677.75,1.0,61738.0,58438.0,13.609555189456342,5.0374161780426965,20.61615212672908,2020,0.61738,92,36.654347826086955,16.078,30.399,0,55,67,2021,0,1,0,0,1,0,0,upstate,6879.0696167676315
36045,2022,Q4,4,8092,11610.0,5953.0,59.0,1360.0,3,4238.0,Jefferson County,43.996389,-76.052968,12103.0,11961.0,10907.0,11097.0,11517.0,3.0,111454.0,54726.0,14.352228075375011,7.781685717874638,13.610099233764602,2020,1.11454,92,44.18586956521739,16.229,11.88,0,29,57,2021,0,1,0,0,1,0,0,upstate,10416.85358982181
36047,2022,Q4,4,8092,224386.0,137996.0,608.0,22967.0,15,62815.0,Kings County,40.635045,-73.95064,208195.0,206525.0,181604.0,181318.0,194410.5,15.0,2576771.0,63973.0,19.232616541559743,7.276587636231548,14.0004292193602,2020,25.76771,92,50.27826086956522,10.427,1.295,0,9,42,2021,0,1,0,0,1,1,0,nyc,8708.030321670029
36049,2022,Q4,4,8092,2739.0,2491.0,30.0,218.0,1,0.0,Lewis County,43.782706,-75.444132,2717.0,2661.0,2287.0,2499.0,2541.0,1.0,26456.0,56192.0,13.267099732518151,6.229210765043847,18.74433020864832,2020,0.26456,92,42.08804347826087,15.073,14.995000000000001,0,43,63,2021,0,1,0,0,1,0,0,upstate,10353.0390081645
36051,2022,Q4,4,8092,3549.0,3100.0,50.0,399.0,1,0.0,Livingston County,42.729042,-77.778463,3711.0,3548.0,2888.0,3207.0,3338.5,1.0,63218.0,60248.0,12.622816355735504,4.2487899016103015,17.85409218893353,2020,0.63218,92,45.34728260869565,13.268,9.869,0,32,60,2021,0,1,0,0,1,0,0,upstate,5613.907431427758
36053,2022,Q4,4,8092,9324.0,5577.0,65.0,364.0,2,3318.0,Madison County,42.910026,-75.663575,8762.0,8829.0,7639.0,8680.0,8477.5,2.0,70990.0,61176.0,8.45404026601075,4.79645020425412,18.349063248344837,2020,0.7099,92,41.68369565217392,15.945,14.331,0,46,63,2021,0,1,0,0,1,0,0,upstate,13134.244259754896
36055,2022,Q4,4,8092,73960.0,56872.0,677.0,16411.0,5,0.0,Monroe County,43.250347,-77.700518,70916.0,71463.0,63655.0,69790.0,68956.0,5.0,743084.0,62087.0,14.076571871091389,5.494802741009091,17.322806035387657,2020,7.43084,92,46.3820652173913,16.059,11.822000000000001,0,22,59,2021,0,1,0,0,1,0,0,upstate,9953.114318165914
36057,2022,Q4,4,8092,10456.0,9873.0,44.0,539.0,2,0.0,Montgomery County,42.900891,-74.435357,9547.0,9370.0,6596.0,10481.0,8998.5,2.0,49294.0,50146.0,17.827004219409282,6.317198847729946,18.63715665192518,2020,0.49294,92,42.16358695652174,13.17,6.0649999999999995,0,49,52,2021,0,1,0,0,1,0,0,upstate,21211.506471375826
36059,2022,Q4,4,8092,123804.0,71950.0,944.0,23716.0,12,27194.0,Nassau County,40.729612,-73.589414,123337.0,122037.0,105783.0,118863.0,117505.0,12.0,1355683.0,120036.0,5.4054843172602975,5.4689776297261234,17.818546076036952,2020,13.55683,92,49.220652173913045,11.241,2.039,0,17,41,2021,0,1,0,0,1,0,1,downstate_non_nyc,9132.223388506016
36061,2022,Q4,4,8092,277461.0,203642.0,1033.0,42927.0,21,29859.0,New York County,40.776642,-73.970187,263431.0,261128.0,228969.0,263132.0,254165.0,21.0,1629153.0,89812.0,15.567975101353019,4.727916899149435,16.619065244332486,2020,16.29153,92,49.66032608695652,10.172,1.131,0,12,42,2021,0,1,0,0,1,1,0,nyc,17030.99708867123
36063,2022,Q4,4,8092,12386.0,11119.0,59.0,1208.0,4,0.0,Niagara County,43.272672,-78.812943,13013.0,12993.0,11171.0,12476.0,12413.25,4.0,210145.0,57252.0,12.433040367266011,5.242094744105261,19.126793404554,2020,2.10145,92,46.52119565217391,13.209,11.797,0,20,60,2021,0,1,0,0,1,0,0,upstate,5894.025553784292
36065,2022,Q4,4,8092,26656.0,22249.0,111.0,4296.0,4,0.0,Oneida County,43.242727,-75.434282,25890.0,26647.0,22706.0,26962.0,25551.25,4.0,229074.0,59113.0,14.240089828901715,5.637916131904975,18.748963217126345,2020,2.29074,92,42.5445652173913,18.732,12.762,0,44,63,2021,0,1,0,0,1,0,0,upstate,11636.41443376376
36067,2022,Q4,4,8092,49830.0,38417.0,424.0,10989.0,5,0.0,Onondaga County,43.006516,-76.196134,47247.0,46170.0,43839.0,49476.0,46683.0,5.0,461591.0,62668.0,13.874250901629711,5.700501092958919,17.08113893035176,2020,4.61591,92,44.53641304347826,17.619,11.657,0,35,65,2021,0,1,0,0,1,0,0,upstate,10795.27113830209
36069,2022,Q4,4,8092,16173.0,13783.0,181.0,2209.0,3,0.0,Ontario County,42.856357,-77.303497,16558.0,15908.0,13681.0,15289.0,15359.0,3.0,109774.0,64795.0,9.042538190364278,4.927396286916756,20.0010931550276,2020,1.09774,92,44.96141304347826,13.966000000000001,10.667,0,31,59,2021,0,1,0,0,1,0,0,upstate,14732.996884508171
36071,2022,Q4,4,8092,39164.0,27494.0,278.0,6232.0,4,5160.0,Orange County,41.40241,-74.306252,38444.0,37972.0,33033.0,37916.0,36841.25,4.0,382077.0,80816.0,11.380246117470042,6.65703510025466,13.983307029734842,2020,3.82077,92,46.520108695652176,10.22,2.674,0,32,44,2021,0,1,0,0,1,0,0,upstate,10250.289863038079
36075,2022,Q4,4,8092,6060.0,5149.0,36.0,875.0,2,0.0,Oswego County,43.461443,-76.209262,6405.0,5971.0,5476.0,5747.0,5899.75,2.0,117630.0,59070.0,16.760761545174446,5.503698036215251,16.39972796055428,2020,1.1763,92,44.36521739130435,19.14,18.771,0,33,69,2021,0,1,0,0,1,0,0,upstate,5151.7470033154805
36077,2022,Q4,4,8092,8791.0,3416.0,108.0,794.0,2,4473.0,Otsego County,42.629776,-75.028841,9161.0,8772.0,7212.0,7743.0,8222.0,2.0,59593.0,56171.0,13.354612661200079,4.17330894568154,21.113217995402145,2020,0.59593,92,41.46358695652174,13.738,10.143,0,51,55,2021,0,1,0,0,1,0,0,upstate,14751.732586041986
36079,2022,Q4,4,8092,5597.0,4830.0,41.0,726.0,1,0.0,Putnam County,41.427907,-73.743861,5144.0,5106.0,4317.0,5081.0,4912.0,1.0,98714.0,107246.0,5.5926801686028575,4.485685920943331,17.404826063172397,2020,0.98714,92,45.58804347826087,11.243,1.7109999999999999,0,31,47,2021,0,1,0,0,1,0,0,upstate,5669.915108292644
36081,2022,Q4,4,8092,186836.0,119000.0,532.0,20652.0,10,46652.0,Queens County,40.654658,-73.841209,170065.0,172078.0,144956.0,186459.0,168389.5,10.0,2270976.0,72028.0,11.596974698376858,6.182407916243941,15.831695271108103,2020,22.70976,92,50.07826086956521,10.263,1.047,0,11,43,2021,0,1,0,0,1,1,0,nyc,8227.12349227821
36083,2022,Q4,4,8092,12470.0,10762.0,102.0,1606.0,1,0.0,Rensselaer County,42.710421,-73.513845,11993.0,11637.0,10921.0,12074.0,11656.25,1.0,159013.0,72510.0,10.791456057394424,5.173161942734242,17.009930005722804,2020,1.59013,92,41.67173913043479,14.018,13.477,0,40,53,2021,0,1,0,0,1,0,0,upstate,7842.126115474836
36085,2022,Q4,4,8092,13941.0,11823.0,107.0,2011.0,3,0.0,Richmond County,40.561263,-74.1399,13420.0,13860.0,12144.0,22847.0,15567.75,3.0,475596.0,85381.0,10.809729692925716,5.709257436984331,16.25602402038705,2020,4.75596,92,50.39891304347826,9.699,1.599,0,9,44,2021,0,1,0,0,1,1,0,nyc,2931.269396714859
36087,2022,Q4,4,8092,22990.0,18102.0,133.0,4755.0,2,0.0,Rockland County,41.154628,-74.024662,22550.0,21981.0,19307.0,21993.0,21457.75,2.0,325213.0,94840.0,14.548083785493679,8.12359899512012,15.738915726001112,2020,3.25213,92,47.95652173913044,12.168,1.212,0,17,43,2021,0,1,0,0,1,0,1,downstate_non_nyc,7069.213100337317
36089,2022,Q4,4,8092,17092.0,8867.0,69.0,919.0,5,7237.0,St. Lawrence County,44.488112,-75.074311,16591.0,17014.0,14504.0,15950.0,16014.75,5.0,108352.0,52071.0,17.59475173335821,5.1480360307147075,17.384081512108683,2020,1.08352,92,40.3875,14.833,15.652000000000001,0,47,57,2021,0,1,0,0,1,0,0,upstate,15774.512699350265
36091,2022,Q4,4,8092,9244.0,7067.0,134.0,2043.0,1,0.0,Saratoga County,43.106135,-73.855387,9936.0,9872.0,8802.0,9009.0,9404.75,1.0,229313.0,85224.0,5.927233942741318,5.006693907454004,18.11759472860239,2020,2.29313,92,42.448913043478264,12.356,10.391,0,43,45,2021,0,1,0,0,1,0,0,upstate,4031.171368391674
36093,2022,Q4,4,8092,11783.0,9758.0,60.0,1965.0,2,0.0,Schenectady County,42.817552,-74.043559,12409.0,11769.0,11921.0,11858.0,11989.25,2.0,155086.0,66488.0,11.399200987483907,5.91026914099274,17.207226957945913,2020,1.55086,92,43.035869565217396,12.369,6.092,0,43,46,2021,0,1,0,0,1,0,0,upstate,7597.719974723702
36095,2022,Q4,4,8092,3191.0,3167.0,0.0,24.0,1,0.0,Schoharie County,42.591294,-74.438172,2947.0,2781.0,2583.0,3050.0,2840.25,1.0,31189.0,58926.0,11.632037533512065,4.296386546538844,21.7993523357594,2020,0.31189,92,40.069021739130434,12.016,9.289,0,53,54,2021,0,1,0,0,1,0,0,upstate,10231.171246272725
36097,2022,Q4,4,8092,1989.0,1959.0,0.0,30.0,1,0.0,Schuyler County,42.419776,-76.938603,2131.0,2019.0,1567.0,,,1.0,17845.0,53291.0,14.729606907521017,5.0602409638554215,21.232838330064443,2020,0.17845,92,44.022282608695654,11.488,8.572000000000001,0,37,55,2021,0,1,0,0,1,0,0,upstate,11145.979265900813
36101,2022,Q4,4,8092,12033.0,10800.0,91.0,1142.0,3,0.0,Steuben County,42.266725,-77.385525,11441.0,11167.0,9879.0,10806.0,10823.25,3.0,95843.0,55349.0,12.723970558558943,5.5225733752073705,19.402564610874034,2020,0.95843,92,43.26358695652174,11.019,9.012,0,41,51,2021,0,1,0,0,1,0,0,upstate,12554.907504982108
36103,2022,Q4,4,8092,137306.0,89117.0,1328.0,25907.0,11,20954.0,Suffolk County,40.943554,-72.692218,139049.0,135381.0,114963.0,115476.0,126217.25,11.0,1481364.0,105362.0,6.458086572258513,5.3510143354368,16.922511955198047,2020,14.81364,92,50.37119565217391,10.375,1.074,0,8,44,2021,0,1,0,0,1,0,1,downstate_non_nyc,9268.890022978821
36105,2022,Q4,4,8092,7735.0,6144.0,51.0,657.0,2,883.0,Sullivan County,41.719993,-74.771577,8513.0,7475.0,6231.0,6591.0,7202.5,2.0,75329.0,60433.0,13.318684337018471,5.805201184138911,18.923654900503127,2020,0.75329,92,42.9054347826087,12.066,4.575,0,44,46,2021,0,1,0,0,1,0,0,upstate,10268.28976888051
36109,2022,Q4,4,8092,8723.0,7721.0,58.0,944.0,1,0.0,Tompkins County,42.453006,-76.473483,8685.0,8152.0,6994.0,7824.0,7913.75,1.0,102237.0,61361.0,17.47094563367263,3.8850905249567185,14.319669004372193,2020,1.02237,92,45.06467391304348,13.272,9.149,0,30,59,2021,0,1,0,0,1,0,0,upstate,8532.136115105099
36111,2022,Q4,4,8092,6010.0,5152.0,34.0,824.0,3,0.0,Ulster County,41.947212,-74.265458,7741.0,7608.0,6631.0,10917.0,8224.25,3.0,178371.0,65306.0,13.669123765102952,4.360574308603977,19.78180309579472,2020,1.78371,92,45.12010869565218,13.652,6.392,0,32,48,2021,0,1,0,0,1,0,0,upstate,3369.3817941257266
36113,2022,Q4,4,8092,10323.0,7922.0,99.0,2302.0,1,0.0,Warren County,43.555105,-73.838139,11338.0,11128.0,9893.0,10255.0,10653.5,1.0,64187.0,64658.0,8.468792948201507,4.407434527240719,22.30825556576877,2020,0.64187,92,41.19347826086957,11.132,9.454,0,46,48,2021,0,1,0,0,1,0,0,upstate,16082.69587299609
36117,2022,Q4,4,8092,5611.0,4561.0,37.0,1013.0,1,0.0,Wayne County,43.218114,-77.049402,5754.0,5814.0,4951.0,5257.0,5444.0,1.0,90103.0,62003.0,11.211855646937217,5.445989589691798,18.819573155166864,2020,0.90103,92,45.553260869565214,16.193,14.718,0,28,65,2021,0,1,0,0,1,0,0,upstate,6227.317625384282
36119,2022,Q4,4,8092,93641.0,65021.0,607.0,16275.0,13,11738.0,Westchester County,41.152686,-73.745753,88461.0,88218.0,73689.0,93243.0,85902.75,13.0,968738.0,99489.0,8.379136856486054,5.563010845037565,17.121037886404785,2020,9.68738,92,47.74945652173913,10.33,1.103,0,21,41,2021,0,1,0,0,1,0,1,downstate_non_nyc,9666.287479173936
36121,2022,Q4,4,8092,3678.0,3224.0,19.0,435.0,1,0.0,Wyoming County,42.701365,-78.228576,3597.0,3339.0,2994.0,3351.0,3320.25,1.0,40027.0,58746.0,8.702379681997652,4.7842706173333,18.085292427611364,2020,0.40027,92,42.46141304347827,13.855,16.402,0,42,63,2021,0,1,0,0,1,0,0,upstate,9188.79756164589
36123,2022,Q4,4,8092,2030.0,1952.0,0.0,78.0,1,0.0,Yates County,42.638237,-77.104324,2205.0,1961.0,1463.0,1877.0,1876.5,1.0,24981.0,55307.0,13.535226077812828,6.180697329970778,20.651695288419198,2020,0.24981,92,44.658152173913045,12.219,7.634,0,34,55,2021,0,1,0,0,1,0,0,upstate,8126.175893679197
36001,2023,Q1,1,8093,38431.0,29394.0,383.0,8654.0,5,0.0,Albany County,42.58824,-73.97401,41418.0,39556.0,40816.0,36417.0,39551.75,4.0,314679.0,73810.0,11.713671752096987,4.8951471181743935,17.019248186246937,2021,3.14679,90,26.38888888888889,9.568,29.16,0,77,44,2022,0,1,0,0,0,0,0,upstate,12212.762847218912
36003,2023,Q1,1,8093,5525.0,5259.0,22.0,244.0,2,0.0,Allegany County,42.247853,-78.026153,3511.0,3259.0,3011.0,2417.0,3049.5,2.0,46654.0,54375.0,16.280580212167138,5.122819050885241,18.956573927208815,2021,0.46654,90,25.773333333333333,11.186,37.764,0,78,55,2022,0,1,0,0,0,0,0,upstate,11842.500107171947
36005,2023,Q1,1,8093,185600.0,124561.0,244.0,22732.0,11,38063.0,Bronx County,40.848711,-73.852939,199815.0,184732.0,185243.0,165112.0,183725.5,10.0,1468262.0,43726.0,26.503968403444816,7.011555158411782,13.009599104247064,2021,14.68262,90,35.285000000000004,12.673,18.906,0,64,39,2022,0,1,0,0,0,1,0,nyc,12640.795716295866
36007,2023,Q1,1,8093,23327.0,18956.0,267.0,4104.0,3,0.0,Broome County,42.161977,-75.830283,24170.0,24296.0,24012.0,21154.0,23408.0,3.0,198591.0,53982.0,18.740628890831545,5.106978664692761,19.00992492106893,2021,1.98591,90,27.015,10.063,25.683,0,76,52,2022,0,1,0,0,0,0,0,upstate,11746.252347790181
36009,2023,Q1,1,8093,6185.0,5236.0,52.0,897.0,1,0.0,Cattaraugus County,42.239099,-78.662332,6684.0,6541.0,6639.0,5326.0,6297.5,1.0,77211.0,53537.0,17.270150291490612,5.569154654129592,19.31331027962337,2021,0.77211,90,25.15111111111111,12.996,46.439,0,78,62,2022,0,1,0,0,0,0,0,upstate,8010.516636230588
36011,2023,Q1,1,8093,5445.0,4512.0,67.0,866.0,1,0.0,Cayuga County,43.008546,-76.574587,5966.0,6505.0,6248.0,5565.0,6071.0,1.0,76644.0,59602.0,13.481039033199055,4.883617765252335,19.17436459474975,2021,0.76644,90,27.942222222222224,11.896,39.135,0,75,61,2022,0,1,0,0,0,0,0,upstate,7104.2743071864725
36013,2023,Q1,1,8093,13478.0,12028.0,111.0,1339.0,3,0.0,Chautauqua County,42.304216,-79.407595,14501.0,14122.0,14024.0,11759.0,13601.5,3.0,128042.0,50408.0,17.333507315402304,5.346683119601381,20.17384920572937,2021,1.28042,90,27.344444444444445,15.51,63.142,0,76,71,2022,0,1,0,0,0,0,0,upstate,10526.233579606693
36015,2023,Q1,1,8093,7934.0,6836.0,48.0,1050.0,2,0.0,Chemung County,42.148697,-76.752471,8360.0,8260.0,8741.0,7644.0,8251.25,2.0,84456.0,58175.0,14.478177656021316,5.438334754191532,18.8216349341669,2021,0.84456,90,27.495555555555555,9.055,30.566000000000003,0,77,45,2022,0,1,0,0,0,0,0,upstate,9394.240788102681
36017,2023,Q1,1,8093,3870.0,3645.0,13.0,212.0,1,0.0,Chenango County,42.478024,-75.602241,4435.0,4342.0,4012.0,3435.0,4056.0,1.0,47407.0,55690.0,12.206087985371624,5.17223194886831,20.62142721539013,2021,0.47407,90,24.76,10.36,33.707,0,78,49,2022,0,1,0,0,0,0,0,upstate,8163.351403801126
36019,2023,Q1,1,8093,7593.0,6188.0,97.0,1308.0,1,0.0,Clinton County,44.752712,-73.705643,8598.0,8501.0,7823.0,7417.0,8084.75,1.0,80095.0,62470.0,12.712226742983242,4.664460952618765,16.99731568762095,2021,0.80095,90,17.953333333333333,9.219,40.489,0,84,51,2022,0,1,0,0,0,0,0,upstate,9479.992508895686
36021,2023,Q1,1,8093,4971.0,4233.0,46.0,692.0,1,0.0,Columbia County,42.247696,-73.626718,5304.0,5414.0,5369.0,4763.0,5212.5,1.0,61587.0,73065.0,9.70081747520772,3.942390439540812,24.224268108529397,2021,0.61587,90,28.897222222222222,10.143,27.147,0,74,43,2022,0,1,0,0,0,0,0,upstate,8071.508597593647
36023,2023,Q1,1,8093,5949.0,5095.0,77.0,777.0,1,0.0,Cortland County,42.594039,-76.07624,6727.0,6294.0,6308.0,5475.0,6201.0,1.0,46984.0,62163.0,12.769305533057182,5.105993529712243,16.18636131449004,2021,0.46984,90,24.674444444444443,11.632,41.204,0,80,52,2022,0,1,0,0,0,0,0,upstate,12661.757193938362
36025,2023,Q1,1,8093,4077.0,1792.0,0.0,0.0,4,2285.0,Delaware County,42.193986,-74.966728,4713.0,4450.0,4180.0,3521.0,4216.0,4.0,44644.0,52757.0,15.443205131228336,3.8437416002150346,24.587850551025895,2021,0.44644,90,24.208333333333332,10.222,31.033,0,79,49,2022,0,1,0,0,0,0,0,upstate,9132.246214496909
36027,2023,Q1,1,8093,28110.0,22050.0,282.0,5778.0,3,0.0,Dutchess County,41.754825,-73.740014,30260.0,30267.0,29483.0,25747.0,28939.25,3.0,296012.0,87112.0,8.820585775255035,4.556909855005878,17.6834047268354,2021,2.96012,90,30.27444444444444,11.233,28.997,0,73,40,2022,0,1,0,0,0,0,0,upstate,9496.236639055174
36029,2023,Q1,1,8093,86485.0,66547.0,891.0,16436.0,10,2611.0,Erie County,42.752759,-78.778192,88052.0,90435.0,87697.0,76143.0,85581.75,10.0,949715.0,62578.0,13.786557436241711,5.378560936702064,17.95412307902897,2021,9.49715,90,28.62611111111111,13.326,45.504,0,74,58,2022,0,1,0,0,0,0,0,upstate,9106.416135366926
36031,2023,Q1,1,8093,3127.0,3110.0,0.0,17.0,3,0.0,Essex County,44.109601,-73.778431,4172.0,4712.0,3999.0,3185.0,4017.0,3.0,37501.0,61563.0,9.514123646364522,3.9438948294712137,23.45004133223114,2021,0.37501,90,15.48,12.781,53.244,0,87,53,2022,0,1,0,0,0,0,0,upstate,8338.444308151782
36033,2023,Q1,1,8093,5666.0,2442.0,34.0,257.0,3,2933.0,Franklin County,44.594376,-74.31067,6537.0,6659.0,6188.0,5258.0,6160.5,3.0,47996.0,55279.0,18.398581494097336,4.821235102925243,16.94932911075923,2021,0.47996,90,17.48777777777778,11.607,51.563,0,84,63,2022,0,1,0,0,0,0,0,upstate,11805.150429202433
36035,2023,Q1,1,8093,4509.0,4046.0,41.0,422.0,1,0.0,Fulton County,43.115609,-74.423678,5130.0,5302.0,4922.0,4226.0,4895.0,1.0,53588.0,55240.0,14.75359774019926,5.027244905575875,19.564081510785996,2021,0.53588,90,22.19888888888889,12.576,42.472,0,83,45,2022,0,1,0,0,0,0,0,upstate,8414.197208330224
36037,2023,Q1,1,8093,5597.0,4708.0,22.0,867.0,1,0.0,Genesee County,43.00091,-78.192778,6205.0,5615.0,5048.0,4688.0,5389.0,2.0,58387.0,63734.0,10.425060610817505,5.211776594104852,18.834672101666467,2021,0.58387,90,27.140555555555558,11.619,44.179,0,78,64,2022,0,1,0,0,0,0,0,upstate,9586.037987908268
36045,2023,Q1,1,8093,12855.0,7468.0,42.0,1422.0,3,3923.0,Jefferson County,43.996389,-76.052968,11610.0,12103.0,11961.0,10907.0,11645.25,3.0,117634.0,58271.0,13.129907563860451,7.667001037115121,13.74347552578336,2021,1.17634,90,25.061666666666667,13.882,44.486000000000004,0,77,55,2022,0,1,0,0,0,0,0,upstate,10927.963003893432
36047,2023,Q1,1,8093,205125.0,130436.0,616.0,21396.0,15,52677.0,Kings County,40.635045,-73.95064,224386.0,208195.0,206525.0,181604.0,205177.5,15.0,2712360.0,67753.0,18.794789122535295,7.069857983453525,14.108672890029347,2021,27.1236,90,35.91222222222222,12.583,17.003,0,61,35,2022,0,1,0,0,0,1,0,nyc,7562.602309427952
36049,2023,Q1,1,8093,2515.0,2323.0,26.0,166.0,1,0.0,Lewis County,43.782706,-75.444132,2739.0,2717.0,2661.0,2287.0,2601.0,1.0,26681.0,60049.0,11.92587539790814,6.506502754769311,18.97605037292455,2021,0.26681,90,23.25111111111111,13.253,47.571,0,77,57,2022,0,1,0,0,0,0,0,upstate,9426.183426408305
36051,2023,Q1,1,8093,3313.0,2928.0,39.0,346.0,1,0.0,Livingston County,42.729042,-77.778463,3549.0,3711.0,3548.0,2888.0,3424.0,1.0,62253.0,64467.0,11.524558792260258,4.260035660932003,17.852954877676577,2021,0.62253,90,27.905555555555555,10.426,39.11,0,75,55,2022,0,1,0,0,0,0,0,upstate,5321.831879588132
36053,2023,Q1,1,8093,7873.0,4867.0,67.0,328.0,2,2611.0,Madison County,42.910026,-75.663575,9324.0,8762.0,8829.0,7639.0,8638.5,2.0,68466.0,63312.0,8.985360128158359,4.749802821838577,18.623842491163497,2021,0.68466,90,24.31388888888889,11.624,48.672,0,79,57,2022,0,1,0,0,0,0,0,upstate,11499.138258405632
36055,2023,Q1,1,8093,69817.0,52904.0,767.0,16146.0,7,0.0,Monroe County,43.250347,-77.700518,73960.0,70916.0,71463.0,63655.0,69998.5,5.0,757332.0,66317.0,13.655785125660824,5.400669719488943,17.397257741650954,2021,7.57332,90,28.799444444444443,11.755,44.347,0,73,60,2022,0,1,0,0,0,0,0,upstate,9218.810244384233
36057,2023,Q1,1,8093,10400.0,7533.0,53.0,575.0,2,2239.0,Montgomery County,42.900891,-74.435357,10456.0,9547.0,9370.0,6596.0,8992.25,2.0,49539.0,53533.0,16.738179802500564,6.2415470639294295,18.468277518722623,2021,0.49539,90,25.143333333333334,10.597,30.758,0,82,46,2022,0,1,0,0,0,0,0,upstate,20993.560628999374
36059,2023,Q1,1,8093,113891.0,59418.0,1003.0,24545.0,12,28925.0,Nassau County,40.729612,-73.589414,123804.0,123337.0,122037.0,105783.0,118740.25,12.0,1391678.0,126576.0,5.4637118531848925,5.395285403663778,17.729316695384995,2021,13.91678,90,35.23722222222222,12.98,19.459,0,63,37,2022,0,1,0,0,0,0,1,downstate_non_nyc,8183.717785292287
36061,2023,Q1,1,8093,260924.0,190996.0,988.0,39305.0,22,29635.0,New York County,40.776642,-73.970187,277461.0,263431.0,261128.0,228969.0,257747.25,21.0,1669127.0,93956.0,15.55359739335587,4.637214543890309,16.797942876725376,2021,16.69127,90,35.406666666666666,12.411999999999999,18.273,0,65,39,2022,0,1,0,0,0,1,0,nyc,15632.36350499393
36063,2023,Q1,1,8093,9186.0,4478.0,17.0,498.0,6,4193.0,Niagara County,43.272672,-78.812943,12386.0,13013.0,12993.0,11171.0,12390.75,4.0,212808.0,60834.0,12.436358764307315,5.197173038607572,19.160463892334874,2021,2.12808,90,28.715,10.773,43.349,0,72,60,2022,0,1,0,0,0,0,0,upstate,4316.567046351641
36065,2023,Q1,1,8093,24692.0,13441.0,100.0,2495.0,4,8656.0,Oneida County,43.242727,-75.434282,26656.0,25890.0,26647.0,22706.0,25474.75,4.0,232034.0,61733.0,14.503785627770041,5.531516932863288,18.672694518906713,2021,2.32034,90,24.419444444444444,13.606,36.985,0,78,55,2022,0,1,0,0,0,0,0,upstate,10641.543911668117
36067,2023,Q1,1,8093,47159.0,36341.0,492.0,10326.0,6,0.0,Onondaga County,43.006516,-76.196134,49830.0,47247.0,46170.0,43839.0,46771.5,5.0,474621.0,66012.0,13.814759777715249,5.602996917540522,17.149472947888945,2021,4.74621,90,27.22222222222222,12.165,41.367,0,73,63,2022,0,1,0,0,0,0,0,upstate,9936.13851894459
36069,2023,Q1,1,8093,14916.0,10648.0,163.0,1528.0,3,2577.0,Ontario County,42.856357,-77.303497,16173.0,16558.0,15908.0,13681.0,15580.0,3.0,112060.0,70694.0,8.542117127478493,4.802784222737818,20.12671782973407,2021,1.1206,90,27.39611111111111,10.368,41.037,0,77,57,2022,0,1,0,0,0,0,0,upstate,13310.726396573264
36071,2023,Q1,1,8093,35923.0,22062.0,353.0,5656.0,4,7852.0,Orange County,41.40241,-74.306252,39164.0,38444.0,37972.0,33033.0,37153.25,4.0,398277.0,85640.0,11.70611592409241,6.6390979142657,13.945821626656823,2021,3.98277,90,31.875,11.711,24.806,0,71,36,2022,0,1,0,0,0,0,0,upstate,9019.60193533646
36075,2023,Q1,1,8093,5372.0,4512.0,28.0,832.0,2,0.0,Oswego County,43.461443,-76.209262,6060.0,6405.0,5971.0,5476.0,5978.0,2.0,118019.0,61983.0,16.44111257523416,5.41438242994772,16.508358823579254,2021,1.18019,90,26.109444444444442,12.074,42.553,0,74,62,2022,0,1,0,0,0,0,0,upstate,4551.809454409883
36077,2023,Q1,1,8093,7878.0,3060.0,105.0,791.0,3,3922.0,Otsego County,42.629776,-75.028841,8791.0,9161.0,8772.0,7212.0,8484.0,2.0,58952.0,60523.0,12.381768079243315,4.0456642692359885,21.137535622201113,2021,0.58952,90,24.49111111111111,10.071,33.486000000000004,0,79,49,2022,0,1,0,0,0,0,0,upstate,13363.414303161893
36079,2023,Q1,1,8093,4932.0,4210.0,66.0,656.0,1,0.0,Putnam County,41.427907,-73.743861,5597.0,5144.0,5106.0,4317.0,5041.0,1.0,97960.0,111617.0,6.049497773635705,4.500816659861168,17.660269497754186,2021,0.9796,90,31.42722222222222,12.261,25.907,0,71,43,2022,0,1,0,0,0,0,0,upstate,5034.708044099632
36081,2023,Q1,1,8093,152489.0,119083.0,567.0,19551.0,10,13288.0,Queens County,40.654658,-73.841209,186836.0,170065.0,172078.0,144956.0,168483.75,10.0,2393104.0,75886.0,11.414754783528863,6.0027061088861995,16.03829169146013,2021,23.93104,90,35.62722222222222,12.765,17.308,0,62,36,2022,0,1,0,0,0,1,0,nyc,6372.017262935502
36083,2023,Q1,1,8093,11309.0,9619.0,93.0,1597.0,1,0.0,Rensselaer County,42.710421,-73.513845,12470.0,11993.0,11637.0,10921.0,11755.25,1.0,161125.0,76731.0,11.193996228333837,5.062529092319627,17.207137315748643,2021,1.61125,90,25.067222222222224,11.023,32.023,0,77,48,2022,0,1,0,0,0,0,0,upstate,7018.774243599691
36085,2023,Q1,1,8093,36026.0,11093.0,110.0,2109.0,3,22714.0,Richmond County,40.561263,-74.1399,13941.0,13420.0,13860.0,12144.0,13341.25,3.0,493194.0,89427.0,10.304279753756362,5.611787653539986,16.28547792552221,2021,4.93194,90,36.224444444444444,12.352,16.538,0,61,39,2022,0,1,0,0,0,1,0,nyc,7304.630632165031
36087,2023,Q1,1,8093,21910.0,17275.0,128.0,4507.0,2,0.0,Rockland County,41.154628,-74.024662,22990.0,22550.0,21981.0,19307.0,21707.0,2.0,336485.0,99707.0,14.8874806195716,8.203931824598422,15.47201212535477,2021,3.36485,90,33.67388888888889,12.431,20.535,0,67,42,2022,0,1,0,0,0,0,1,downstate_non_nyc,6511.434387862758
36089,2023,Q1,1,8093,12108.0,5370.0,55.0,692.0,5,5991.0,St. Lawrence County,44.488112,-75.074311,17092.0,16591.0,17014.0,14504.0,16300.25,5.0,108836.0,54351.0,17.10557557113215,5.052556139512662,17.41151824763865,2021,1.08836,90,21.107777777777777,12.573,44.178,0,81,55,2022,0,1,0,0,0,0,0,upstate,11124.99540593186
36091,2023,Q1,1,8093,8778.0,6852.0,119.0,1807.0,1,0.0,Saratoga County,43.106135,-73.855387,9244.0,9936.0,9872.0,8802.0,9463.5,1.0,235010.0,90800.0,6.380854411230788,4.855538062210119,18.19539594059827,2021,2.3501,90,25.121666666666666,11.272,35.472,0,79,41,2022,0,1,0,0,0,0,0,upstate,3735.160205948683
36093,2023,Q1,1,8093,10424.0,8700.0,57.0,1667.0,2,0.0,Schenectady County,42.817552,-74.043559,11783.0,12409.0,11769.0,11921.0,11970.5,2.0,157515.0,69891.0,11.970824824994617,5.885788655048726,17.106942195981333,2021,1.57515,90,26.377777777777776,10.486,27.832,0,77,43,2022,0,1,0,0,0,0,0,upstate,6617.782433419039
36095,2023,Q1,1,8093,2540.0,2519.0,0.0,21.0,1,0.0,Schoharie County,42.591294,-74.438172,3191.0,2947.0,2781.0,2583.0,2875.5,1.0,29936.0,64220.0,12.069025867198711,4.232362373062534,22.043693212185996,2021,0.29936,90,23.67388888888889,10.254,31.474,0,80,44,2022,0,1,0,0,0,0,0,upstate,8484.767504008552
36097,2023,Q1,1,8093,1741.0,1721.0,0.0,20.0,1,0.0,Schuyler County,42.419776,-76.938603,1989.0,2131.0,2019.0,1567.0,1926.5,1.0,17920.0,56437.0,15.802273627057293,4.821428571428572,21.333705357142858,2021,0.1792,90,27.267777777777777,9.503,35.746,0,77,52,2022,0,1,0,0,0,0,0,upstate,9715.401785714284
36101,2023,Q1,1,8093,10563.0,9440.0,99.0,1024.0,3,0.0,Steuben County,42.266725,-77.385525,12033.0,11441.0,11167.0,9879.0,11130.0,3.0,94153.0,58652.0,12.759246456965087,5.469820398712733,19.46725011417586,2021,0.94153,90,26.534444444444443,9.639,32.273,0,78,46,2022,0,1,0,0,0,0,0,upstate,11218.97337312672
36103,2023,Q1,1,8093,108272.0,71191.0,1319.0,21043.0,11,14719.0,Suffolk County,40.943554,-72.692218,137306.0,139049.0,135381.0,114963.0,131674.75,11.0,1522998.0,111660.0,6.625190575908532,5.263565677696228,16.919129243767884,2021,15.22998,90,36.18333333333333,13.428,21.221,0,58,46,2022,0,1,0,0,0,0,1,downstate_non_nyc,7109.136059272567
36105,2023,Q1,1,8093,6605.0,5214.0,47.0,579.0,2,765.0,Sullivan County,41.719993,-74.771577,7735.0,8513.0,7475.0,6231.0,7488.5,2.0,78230.0,63393.0,14.06726590547143,5.745877540585454,18.848267927904896,2021,0.7823,90,27.101666666666667,12.495,32.686,0,75,42,2022,0,1,0,0,0,0,0,upstate,8443.052537389749
36109,2023,Q1,1,8093,7790.0,6793.0,63.0,934.0,2,0.0,Tompkins County,42.453006,-76.473483,8723.0,8685.0,8152.0,6994.0,8138.5,1.0,105638.0,64260.0,16.846272987063983,3.746757795490259,14.598913269846078,2021,1.05638,90,27.960555555555555,10.63,37.759,0,77,59,2022,0,1,0,0,0,0,0,upstate,7374.240330184215
36111,2023,Q1,1,8093,6670.0,5694.0,25.0,951.0,2,0.0,Ulster County,41.947212,-74.265458,6010.0,7741.0,7608.0,6631.0,6997.5,3.0,181862.0,71040.0,13.169560823226757,4.328556817806908,19.88485774928242,2021,1.81862,90,29.284444444444443,13.449,36.349,0,73,41,2022,0,1,0,0,0,0,0,upstate,3667.616104518811
36113,2023,Q1,1,8093,10023.0,7772.0,107.0,2144.0,1,0.0,Warren County,43.555105,-73.838139,10323.0,11338.0,11128.0,9893.0,10670.5,1.0,65692.0,68765.0,7.943067741985227,4.338427814650186,22.459355781525908,2021,0.65692,90,23.210555555555555,10.08,35.529,0,79,41,2022,0,1,0,0,0,0,0,upstate,15257.5656092066
36117,2023,Q1,1,8093,5289.0,4305.0,25.0,959.0,1,0.0,Wayne County,43.218114,-77.049402,5611.0,5754.0,5814.0,4951.0,5532.5,1.0,91332.0,64152.0,11.154765593873124,5.380370516357903,18.944072176236148,2021,0.91332,90,27.881111111111114,12.318,48.783,0,76,62,2022,0,1,0,0,0,0,0,upstate,5790.960451977401
36119,2023,Q1,1,8093,91281.0,58947.0,516.0,15612.0,13,16206.0,Westchester County,41.152686,-73.745753,93641.0,88461.0,88218.0,73689.0,86002.25,13.0,999723.0,105387.0,8.205217957338885,5.434305302568811,17.055624407961005,2021,9.99723,90,33.72666666666667,11.635,20.038999999999998,0,66,41,2022,0,1,0,0,0,0,1,downstate_non_nyc,9130.629184284046
36121,2023,Q1,1,8093,3221.0,2822.0,17.0,382.0,1,0.0,Wyoming County,42.701365,-78.228576,3678.0,3597.0,3339.0,2994.0,3402.0,1.0,40679.0,60013.0,9.243341884636747,4.687922515302736,18.144497160697163,2021,0.40679,90,24.854999999999997,11.936,46.793,0,80,56,2022,0,1,0,0,0,0,0,upstate,7918.090415201947
36123,2023,Q1,1,8093,1726.0,1645.0,0.0,81.0,1,0.0,Yates County,42.638237,-77.104324,2030.0,2205.0,1961.0,1463.0,1914.75,1.0,24808.0,57635.0,13.222543352601157,6.038374717832957,20.807803934214768,2021,0.24808,90,27.48833333333333,9.916,35.746,0,75,53,2022,0,1,0,0,0,0,0,upstate,6957.433086101257
36001,2023,Q2,2,8094,41022.0,31872.0,452.0,8698.0,5,0.0,Albany County,42.58824,-73.97401,38431.0,41418.0,39556.0,40816.0,40055.25,5.0,314679.0,73810.0,11.713671752096987,4.8951471181743935,17.019248186246937,2021,3.14679,91,57.23956043956044,13.146,11.547999999999998,1,10,45,2022,0,1,1,0,0,0,0,upstate,13036.141591907943
36003,2023,Q2,2,8094,5858.0,5554.0,27.0,277.0,2,0.0,Allegany County,42.247853,-78.026153,5525.0,3511.0,3259.0,3011.0,3826.5,2.0,46654.0,54375.0,16.280580212167138,5.122819050885241,18.956573927208815,2021,0.46654,91,55.177472527472524,11.025,6.119000000000001,0,17,52,2022,0,1,1,0,0,0,0,upstate,12556.265272002402
36005,2023,Q2,2,8094,187349.0,125864.0,252.0,22523.0,11,38710.0,Bronx County,40.848711,-73.852939,185600.0,199815.0,184732.0,185243.0,188847.5,11.0,1468262.0,43726.0,26.503968403444816,7.011555158411782,13.009599104247064,2021,14.68262,91,60.82747252747253,13.889,0.028,2,0,44,2022,0,1,1,0,0,1,0,nyc,12759.916145756004
36007,2023,Q2,2,8094,24431.0,19751.0,288.0,4392.0,3,0.0,Broome County,42.161977,-75.830283,23327.0,24170.0,24296.0,24012.0,23951.25,3.0,198591.0,53982.0,18.740628890831545,5.106978664692761,19.00992492106893,2021,1.98591,91,56.13131868131868,12.391,12.649000000000001,0,15,48,2022,0,1,1,0,0,0,0,upstate,12302.168779048396
36009,2023,Q2,2,8094,6590.0,5412.0,50.0,1128.0,1,0.0,Cattaraugus County,42.239099,-78.662332,6185.0,6684.0,6541.0,6639.0,6512.25,1.0,77211.0,53537.0,17.270150291490612,5.569154654129592,19.31331027962337,2021,0.77211,91,54.63846153846154,12.527,8.654,0,18,53,2022,0,1,1,0,0,0,0,upstate,8535.053295514888
36011,2023,Q2,2,8094,5772.0,4777.0,91.0,904.0,1,0.0,Cayuga County,43.008546,-76.574587,5445.0,5966.0,6505.0,6248.0,6041.0,1.0,76644.0,59602.0,13.481039033199055,4.883617765252335,19.17436459474975,2021,0.76644,91,58.401648351648355,15.119,5.375,1,9,51,2022,0,1,1,0,0,0,0,upstate,7530.922185689683
36013,2023,Q2,2,8094,14119.0,12698.0,118.0,1303.0,3,0.0,Chautauqua County,42.304216,-79.407595,13478.0,14501.0,14122.0,14024.0,14031.25,3.0,128042.0,50408.0,17.333507315402304,5.346683119601381,20.17384920572937,2021,1.28042,91,56.4456043956044,11.274000000000001,9.094,0,14,54,2022,0,1,1,0,0,0,0,upstate,11026.850564658473
36015,2023,Q2,2,8094,8375.0,7142.0,41.0,1192.0,2,0.0,Chemung County,42.148697,-76.752471,7934.0,8360.0,8260.0,8741.0,8323.75,2.0,84456.0,58175.0,14.478177656021316,5.438334754191532,18.8216349341669,2021,0.84456,91,56.95494505494505,10.145,5.898,0,12,47,2022,0,1,1,0,0,0,0,upstate,9916.406175996968
36017,2023,Q2,2,8094,4449.0,4240.0,20.0,189.0,1,0.0,Chenango County,42.478024,-75.602241,3870.0,4435.0,4342.0,4012.0,4164.75,1.0,47407.0,55690.0,12.206087985371624,5.17223194886831,20.62142721539013,2021,0.47407,91,54.862637362637365,14.104,15.79,0,17,51,2022,0,1,1,0,0,0,0,upstate,9384.6900246799
36019,2023,Q2,2,8094,8601.0,7078.0,80.0,1443.0,1,0.0,Clinton County,44.752712,-73.705643,7593.0,8598.0,8501.0,7823.0,8128.75,1.0,80095.0,62470.0,12.712226742983242,4.664460952618765,16.99731568762095,2021,0.80095,91,52.22472527472527,17.771,16.921,0,21,56,2022,0,1,1,0,0,0,0,upstate,10738.498033585118
36021,2023,Q2,2,8094,5592.0,4824.0,53.0,715.0,1,0.0,Columbia County,42.247696,-73.626718,4971.0,5304.0,5414.0,5369.0,5264.5,1.0,61587.0,73065.0,9.70081747520772,3.942390439540812,24.224268108529397,2021,0.61587,91,59.05329670329671,12.108,3.445,3,5,44,2022,0,1,1,0,0,0,0,upstate,9079.838277558576
36023,2023,Q2,2,8094,6195.0,5421.0,84.0,690.0,1,0.0,Cortland County,42.594039,-76.07624,5949.0,6727.0,6294.0,6308.0,6319.5,1.0,46984.0,62163.0,12.769305533057182,5.105993529712243,16.18636131449004,2021,0.46984,91,54.87527472527472,12.895,13.009,0,17,49,2022,0,1,1,0,0,0,0,upstate,13185.33969010727
36025,2023,Q2,2,8094,4341.0,1922.0,0.0,0.0,4,2419.0,Delaware County,42.193986,-74.966728,4077.0,4713.0,4450.0,4180.0,4355.0,4.0,44644.0,52757.0,15.443205131228336,3.8437416002150346,24.587850551025895,2021,0.44644,91,53.60934065934066,13.496,12.843,0,17,49,2022,0,1,1,0,0,0,0,upstate,9723.591076068453
36027,2023,Q2,2,8094,29263.0,23148.0,305.0,5810.0,3,0.0,Dutchess County,41.754825,-73.740014,28110.0,30260.0,30267.0,29483.0,29530.0,3.0,296012.0,87112.0,8.820585775255035,4.556909855005878,17.6834047268354,2021,2.96012,91,58.92472527472527,12.585,0.6890000000000001,4,5,45,2022,0,1,1,0,0,0,0,upstate,9885.747875086145
36029,2023,Q2,2,8094,91629.0,71376.0,1012.0,16336.0,10,2905.0,Erie County,42.752759,-78.778192,86485.0,88052.0,90435.0,87697.0,88167.25,10.0,949715.0,62578.0,13.786557436241711,5.378560936702064,17.95412307902897,2021,9.49715,91,57.18626373626373,10.463000000000001,3.638,0,9,51,2022,0,1,1,0,0,0,0,upstate,9648.05231042997
36031,2023,Q2,2,8094,3599.0,3573.0,0.0,26.0,3,0.0,Essex County,44.109601,-73.778431,3127.0,4172.0,4712.0,3999.0,4002.5,3.0,37501.0,61563.0,9.514123646364522,3.9438948294712137,23.45004133223114,2021,0.37501,91,48.32637362637362,14.267999999999999,23.233,0,29,56,2022,0,1,1,0,0,0,0,upstate,9597.077411269032
36033,2023,Q2,2,8094,6386.0,2770.0,31.0,219.0,3,3366.0,Franklin County,44.594376,-74.31067,5666.0,6537.0,6659.0,6188.0,6262.5,3.0,47996.0,55279.0,18.398581494097336,4.821235102925243,16.94932911075923,2021,0.47996,91,51.973076923076924,18.423,20.534,0,20,57,2022,0,1,1,0,0,0,0,upstate,13305.275439619967
36035,2023,Q2,2,8094,5189.0,4737.0,52.0,400.0,1,0.0,Fulton County,43.115609,-74.423678,4509.0,5130.0,5302.0,4922.0,4965.75,1.0,53588.0,55240.0,14.75359774019926,5.027244905575875,19.564081510785996,2021,0.53588,91,54.36593406593407,15.978,13.064,0,16,53,2022,0,1,1,0,0,0,0,upstate,9683.138015973725
36037,2023,Q2,2,8094,5951.0,5039.0,35.0,877.0,1,0.0,Genesee County,43.00091,-78.192778,5597.0,6205.0,5615.0,5048.0,5616.25,1.0,58387.0,63734.0,10.425060610817505,5.211776594104852,18.834672101666467,2021,0.58387,91,57.73571428571428,10.631,4.272,3,13,53,2022,0,1,1,0,0,0,0,upstate,10192.33733536575
36045,2023,Q2,2,8094,14655.0,8982.0,75.0,1373.0,3,4225.0,Jefferson County,43.996389,-76.052968,12855.0,11610.0,12103.0,11961.0,12132.25,3.0,117634.0,58271.0,13.129907563860451,7.667001037115121,13.74347552578336,2021,1.17634,91,56.44175824175824,13.693,6.862,0,6,49,2022,0,1,1,0,0,0,0,upstate,12458.132852746654
36047,2023,Q2,2,8094,213330.0,136848.0,780.0,21814.0,15,53888.0,Kings County,40.635045,-73.95064,205125.0,224386.0,208195.0,206525.0,211057.75,15.0,2712360.0,67753.0,18.794789122535295,7.069857983453525,14.108672890029347,2021,27.1236,91,60.636813186813185,12.564,0.0,2,0,44,2022,0,1,1,0,0,1,0,nyc,7865.106401805071
36049,2023,Q2,2,8094,2747.0,2546.0,29.0,172.0,1,0.0,Lewis County,43.782706,-75.444132,2515.0,2739.0,2717.0,2661.0,2658.0,1.0,26681.0,60049.0,11.92587539790814,6.506502754769311,18.97605037292455,2021,0.26681,91,56.21318681318681,13.332,13.092,0,14,54,2022,0,1,1,0,0,0,0,upstate,10295.716052621716
36051,2023,Q2,2,8094,3691.0,3295.0,49.0,347.0,1,0.0,Livingston County,42.729042,-77.778463,3313.0,3549.0,3711.0,3548.0,3530.25,1.0,62253.0,64467.0,11.524558792260258,4.260035660932003,17.852954877676577,2021,0.62253,91,58.149450549450556,10.735,3.032,3,9,50,2022,0,1,1,0,0,0,0,upstate,5929.031532616902
36053,2023,Q2,2,8094,8818.0,5414.0,67.0,320.0,2,3017.0,Madison County,42.910026,-75.663575,7873.0,9324.0,8762.0,8829.0,8697.0,2.0,68466.0,63312.0,8.985360128158359,4.749802821838577,18.623842491163497,2021,0.68466,91,54.94725274725275,14.567,18.107000000000003,0,16,56,2022,0,1,1,0,0,0,0,upstate,12879.385388367951
36055,2023,Q2,2,8094,74846.0,57107.0,829.0,16910.0,7,0.0,Monroe County,43.250347,-77.700518,69817.0,73960.0,70916.0,71463.0,71539.0,7.0,757332.0,66317.0,13.655785125660824,5.400669719488943,17.397257741650954,2021,7.57332,91,56.93901098901099,10.868,2.15,2,5,47,2022,0,1,1,0,0,0,0,upstate,9882.851906429412
36057,2023,Q2,2,8094,11871.0,8712.0,39.0,599.0,2,2521.0,Montgomery County,42.900891,-74.435357,10400.0,10456.0,9547.0,9370.0,9943.25,2.0,49539.0,53533.0,16.738179802500564,6.2415470639294295,18.468277518722623,2021,0.49539,91,56.37967032967033,12.547,10.582,1,15,45,2022,0,1,1,0,0,0,0,upstate,23962.93829104342
36059,2023,Q2,2,8094,117720.0,61739.0,1035.0,24605.0,12,30341.0,Nassau County,40.729612,-73.589414,113891.0,123804.0,123337.0,122037.0,120767.25,12.0,1391678.0,126576.0,5.4637118531848925,5.395285403663778,17.729316695384995,2021,13.91678,91,60.09285714285714,13.358,0.0,3,0,45,2022,0,1,1,0,0,0,1,downstate_non_nyc,8458.853269218886
36061,2023,Q2,2,8094,266211.0,198333.0,1291.0,36707.0,22,29880.0,New York County,40.776642,-73.970187,260924.0,277461.0,263431.0,261128.0,265736.0,22.0,1669127.0,93956.0,15.55359739335587,4.637214543890309,16.797942876725376,2021,16.69127,91,61.071978021978026,13.984,0.0,2,0,43,2022,0,1,1,0,0,1,0,nyc,15949.115915086151
36063,2023,Q2,2,8094,9501.0,4593.0,25.0,544.0,6,4339.0,Niagara County,43.272672,-78.812943,9186.0,12386.0,13013.0,12993.0,11894.5,6.0,212808.0,60834.0,12.436358764307315,5.197173038607572,19.160463892334874,2021,2.12808,91,57.93571428571428,10.232,2.2319999999999998,1,5,50,2022,0,1,1,0,0,0,0,upstate,4464.587797451223
36065,2023,Q2,2,8094,26019.0,14468.0,87.0,2401.0,4,9063.0,Oneida County,43.242727,-75.434282,24692.0,26656.0,25890.0,26647.0,25971.25,4.0,232034.0,61733.0,14.503785627770041,5.531516932863288,18.672694518906713,2021,2.32034,91,56.51373626373626,18.261,11.491,0,12,51,2022,0,1,1,0,0,0,0,upstate,11213.44285751226
36067,2023,Q2,2,8094,53731.0,43066.0,668.0,9997.0,6,0.0,Onondaga County,43.006516,-76.196134,47159.0,49830.0,47247.0,46170.0,47601.5,6.0,474621.0,66012.0,13.814759777715249,5.602996917540522,17.149472947888945,2021,4.74621,91,57.419230769230765,16.174,10.884,1,10,54,2022,0,1,1,0,0,0,0,upstate,11320.822298212679
36069,2023,Q2,2,8094,16252.0,11924.0,171.0,1470.0,3,2687.0,Ontario County,42.856357,-77.303497,14916.0,16173.0,16558.0,15908.0,15888.75,3.0,112060.0,70694.0,8.542117127478493,4.802784222737818,20.12671782973407,2021,1.1206,91,57.928021978021974,11.243,3.116,2,12,52,2022,0,1,1,0,0,0,0,upstate,14502.944850972694
36071,2023,Q2,2,8094,38857.0,24208.0,336.0,5965.0,4,8348.0,Orange County,41.40241,-74.306252,35923.0,39164.0,38444.0,37972.0,37875.75,4.0,398277.0,85640.0,11.70611592409241,6.6390979142657,13.945821626656823,2021,3.98277,91,59.31153846153847,14.594000000000001,0.8,2,3,43,2022,0,1,1,0,0,0,0,upstate,9756.275155231158
36075,2023,Q2,2,8094,6153.0,5260.0,36.0,857.0,2,0.0,Oswego County,43.461443,-76.209262,5372.0,6060.0,6405.0,5971.0,5952.0,2.0,118019.0,61983.0,16.44111257523416,5.41438242994772,16.508358823579254,2021,1.18019,91,56.77197802197802,15.046,8.129000000000001,1,7,52,2022,0,1,1,0,0,0,0,upstate,5213.567306959048
36077,2023,Q2,2,8094,9427.0,3816.0,126.0,939.0,3,4546.0,Otsego County,42.629776,-75.028841,7878.0,8791.0,9161.0,8772.0,8650.5,3.0,58952.0,60523.0,12.381768079243315,4.0456642692359885,21.137535622201113,2021,0.58952,91,54.592307692307685,14.613,12.925,0,18,50,2022,0,1,1,0,0,0,0,upstate,15990.97570905143
36079,2023,Q2,2,8094,5316.0,4588.0,50.0,678.0,1,0.0,Putnam County,41.427907,-73.743861,4932.0,5597.0,5144.0,5106.0,5194.75,1.0,97960.0,111617.0,6.049497773635705,4.500816659861168,17.660269497754186,2021,0.9796,91,58.38461538461539,12.302,0.248,1,3,46,2022,0,1,1,0,0,0,0,upstate,5426.704777460188
36081,2023,Q2,2,8094,158405.0,124555.0,643.0,19578.0,10,13629.0,Queens County,40.654658,-73.841209,152489.0,186836.0,170065.0,172078.0,170367.0,10.0,2393104.0,75886.0,11.414754783528863,6.0027061088861995,16.03829169146013,2021,23.93104,91,59.927472527472524,13.042,0.0,2,0,44,2022,0,1,1,0,0,1,0,nyc,6619.227580581538
36083,2023,Q2,2,8094,11352.0,9764.0,46.0,1542.0,1,0.0,Rensselaer County,42.710421,-73.513845,11309.0,12470.0,11993.0,11637.0,11852.25,1.0,161125.0,76731.0,11.193996228333837,5.062529092319627,17.207137315748643,2021,1.61125,91,56.35219780219781,11.176,7.3309999999999995,0,13,49,2022,0,1,1,0,0,0,0,upstate,7045.461598138092
36085,2023,Q2,2,8094,36101.0,10539.0,49.0,1760.0,3,23753.0,Richmond County,40.561263,-74.1399,36026.0,13941.0,13420.0,13860.0,19311.75,3.0,493194.0,89427.0,10.304279753756362,5.611787653539986,16.28547792552221,2021,4.93194,91,60.34285714285714,13.425,0.0,1,0,44,2022,0,1,1,0,0,1,0,nyc,7319.837629817071
36087,2023,Q2,2,8094,22270.0,17610.0,154.0,4506.0,2,0.0,Rockland County,41.154628,-74.024662,21910.0,22990.0,22550.0,21981.0,22357.75,2.0,336485.0,99707.0,14.8874806195716,8.203931824598422,15.47201212535477,2021,3.36485,91,59.98186813186813,13.724,0.028,2,0,42,2022,0,1,1,0,0,0,1,downstate_non_nyc,6618.422812309613
36089,2023,Q2,2,8094,13285.0,5660.0,68.0,649.0,5,6908.0,St. Lawrence County,44.488112,-75.074311,12108.0,17092.0,16591.0,17014.0,15701.25,5.0,108836.0,54351.0,17.10557557113215,5.052556139512662,17.41151824763865,2021,1.08836,91,55.60824175824176,16.174,8.847,0,15,56,2022,0,1,1,0,0,0,0,upstate,12206.43904590393
36091,2023,Q2,2,8094,9730.0,7731.0,171.0,1828.0,1,0.0,Saratoga County,43.106135,-73.855387,8778.0,9244.0,9936.0,9872.0,9457.5,1.0,235010.0,90800.0,6.380854411230788,4.855538062210119,18.19539594059827,2021,2.3501,91,57.717032967032964,12.392999999999999,7.7170000000000005,2,8,47,2022,0,1,1,0,0,0,0,upstate,4140.249351091443
36093,2023,Q2,2,8094,10815.0,9010.0,70.0,1735.0,2,0.0,Schenectady County,42.817552,-74.043559,10424.0,11783.0,12409.0,11769.0,11596.25,2.0,157515.0,69891.0,11.970824824994617,5.885788655048726,17.106942195981333,2021,1.57515,91,57.238461538461536,12.907,7.221,1,9,41,2022,0,1,1,0,0,0,0,upstate,6866.0127606894575
36095,2023,Q2,2,8094,2929.0,2910.0,0.0,19.0,1,0.0,Schoharie County,42.591294,-74.438172,2540.0,3191.0,2947.0,2781.0,2864.75,1.0,29936.0,64220.0,12.069025867198711,4.232362373062534,22.043693212185996,2021,0.29936,91,53.31208791208791,11.651,14.416,0,17,50,2022,0,1,1,0,0,0,0,upstate,9784.206306787813
36097,2023,Q2,2,8094,1914.0,1904.0,0.0,10.0,1,0.0,Schuyler County,42.419776,-76.938603,1741.0,1989.0,2131.0,2019.0,1970.0,1.0,17920.0,56437.0,15.802273627057293,4.821428571428572,21.333705357142858,2021,0.1792,91,56.997252747252745,10.504,5.979,0,12,52,2022,0,1,1,0,0,0,0,upstate,10680.80357142857
36101,2023,Q2,2,8094,11452.0,10300.0,113.0,1039.0,3,0.0,Steuben County,42.266725,-77.385525,10563.0,12033.0,11441.0,11167.0,11301.0,3.0,94153.0,58652.0,12.759246456965087,5.469820398712733,19.46725011417586,2021,0.94153,91,56.122527472527466,10.151,4.465,0,15,48,2022,0,1,1,0,0,0,0,upstate,12163.18120505985
36103,2023,Q2,2,8094,111726.0,74009.0,1407.0,21022.0,11,15288.0,Suffolk County,40.943554,-72.692218,108272.0,137306.0,139049.0,135381.0,130002.0,11.0,1522998.0,111660.0,6.625190575908532,5.263565677696228,16.919129243767884,2021,15.22998,91,59.91483516483517,11.134,0.165,1,0,44,2022,0,1,1,0,0,0,1,downstate_non_nyc,7335.925588871424
36105,2023,Q2,2,8094,7498.0,5840.0,49.0,637.0,2,972.0,Sullivan County,41.719993,-74.771577,6605.0,7735.0,8513.0,7475.0,7582.0,2.0,78230.0,63393.0,14.06726590547143,5.745877540585454,18.848267927904896,2021,0.7823,91,55.7021978021978,14.146,9.095,0,10,41,2022,0,1,1,0,0,0,0,upstate,9584.558353572798
36109,2023,Q2,2,8094,8284.0,7308.0,86.0,890.0,2,0.0,Tompkins County,42.453006,-76.473483,7790.0,8723.0,8685.0,8152.0,8337.5,2.0,105638.0,64260.0,16.846272987063983,3.746757795490259,14.598913269846078,2021,1.05638,91,57.080219780219785,11.562999999999999,7.276999999999999,1,11,48,2022,0,1,1,0,0,0,0,upstate,7841.875082830043
36111,2023,Q2,2,8094,7578.0,6203.0,27.0,1348.0,2,0.0,Ulster County,41.947212,-74.265458,6670.0,6010.0,7741.0,7608.0,7007.25,2.0,181862.0,71040.0,13.169560823226757,4.328556817806908,19.88485774928242,2021,1.81862,91,58.23956043956044,15.413,9.453,0,4,42,2022,0,1,1,0,0,0,0,upstate,4166.895778117473
36113,2023,Q2,2,8094,10725.0,8396.0,115.0,2214.0,1,0.0,Warren County,43.555105,-73.838139,10023.0,10323.0,11338.0,11128.0,10703.0,1.0,65692.0,68765.0,7.943067741985227,4.338427814650186,22.459355781525908,2021,0.65692,91,56.120879120879124,9.624,8.93,0,13,47,2022,0,1,1,0,0,0,0,upstate,16326.188881446751
36117,2023,Q2,2,8094,5721.0,4699.0,22.0,1000.0,1,0.0,Wayne County,43.218114,-77.049402,5289.0,5611.0,5754.0,5814.0,5617.0,1.0,91332.0,64152.0,11.154765593873124,5.380370516357903,18.944072176236148,2021,0.91332,91,57.76593406593406,11.416,3.088,4,6,49,2022,0,1,1,0,0,0,0,upstate,6263.960057811063
36119,2023,Q2,2,8094,95263.0,62267.0,691.0,15554.0,13,16751.0,Westchester County,41.152686,-73.745753,91281.0,93641.0,88461.0,88218.0,90400.25,13.0,999723.0,105387.0,8.205217957338885,5.434305302568811,17.055624407961005,2021,9.99723,91,59.73296703296703,13.271,0.0,1,0,43,2022,0,1,1,0,0,0,1,downstate_non_nyc,9528.939516246
36121,2023,Q2,2,8094,3430.0,3061.0,28.0,341.0,1,0.0,Wyoming County,42.701365,-78.228576,3221.0,3678.0,3597.0,3339.0,3458.75,1.0,40679.0,60013.0,9.243341884636747,4.687922515302736,18.144497160697163,2021,0.40679,91,55.48351648351648,11.376,8.49,0,16,50,2022,0,1,1,0,0,0,0,upstate,8431.86902332899
36123,2023,Q2,2,8094,1981.0,1913.0,0.0,68.0,1,0.0,Yates County,42.638237,-77.104324,1726.0,2030.0,2205.0,1961.0,1980.5,1.0,24808.0,57635.0,13.222543352601157,6.038374717832957,20.807803934214768,2021,0.24808,91,57.65,10.623,3.831,1,11,50,2022,0,1,1,0,0,0,0,upstate,7985.327313769752
36001,2023,Q3,3,8095,40256.0,30983.0,492.0,8781.0,5,0.0,Albany County,42.58824,-73.97401,41022.0,38431.0,41418.0,39556.0,40106.75,5.0,314679.0,73810.0,11.713671752096987,4.8951471181743935,17.019248186246937,2021,3.14679,92,69.75326086956522,11.612,0.0,9,0,47,2022,0,1,0,1,0,0,0,upstate,12792.71892944874
36003,2023,Q3,3,8095,5809.0,5524.0,21.0,264.0,2,0.0,Allegany County,42.247853,-78.026153,5858.0,5525.0,3511.0,3259.0,4538.25,2.0,46654.0,54375.0,16.280580212167138,5.122819050885241,18.956573927208815,2021,0.46654,92,65.875,11.461,0.0,0,0,55,2022,0,1,0,1,0,0,0,upstate,12451.236764264586
36005,2023,Q3,3,8095,184352.0,123608.0,295.0,22223.0,11,38226.0,Bronx County,40.848711,-73.852939,187349.0,185600.0,199815.0,184732.0,189374.0,11.0,1468262.0,43726.0,26.503968403444816,7.011555158411782,13.009599104247064,2021,14.68262,92,75.27826086956522,8.08,0.0,20,0,36,2022,0,1,0,1,0,1,0,nyc,12555.79726234146
36007,2023,Q3,3,8095,25514.0,20836.0,312.0,4366.0,3,0.0,Broome County,42.161977,-75.830283,24431.0,23327.0,24170.0,24296.0,24056.0,3.0,198591.0,53982.0,18.740628890831545,5.106978664692761,19.00992492106893,2021,1.98591,92,68.00652173913043,12.357,0.0,4,0,49,2022,0,1,0,1,0,0,0,upstate,12847.510712972893
36009,2023,Q3,3,8095,6945.0,5731.0,40.0,1174.0,1,0.0,Cattaraugus County,42.239099,-78.662332,6590.0,6185.0,6684.0,6541.0,6500.0,1.0,77211.0,53537.0,17.270150291490612,5.569154654129592,19.31331027962337,2021,0.77211,92,65.29130434782608,15.484,0.0,0,0,58,2022,0,1,0,1,0,0,0,upstate,8994.832342541866
36011,2023,Q3,3,8095,6228.0,5307.0,68.0,853.0,1,0.0,Cayuga County,43.008546,-76.574587,5772.0,5445.0,5966.0,6505.0,5922.0,1.0,76644.0,59602.0,13.481039033199055,4.883617765252335,19.17436459474975,2021,0.76644,92,70.01032608695652,14.558,0.0,9,0,53,2022,0,1,0,1,0,0,0,upstate,8125.880695162048
36013,2023,Q3,3,8095,14849.0,13345.0,137.0,1367.0,3,0.0,Chautauqua County,42.304216,-79.407595,14119.0,13478.0,14501.0,14122.0,14055.0,3.0,128042.0,50408.0,17.333507315402304,5.346683119601381,20.17384920572937,2021,1.28042,92,67.3516304347826,15.092,0.0,0,0,60,2022,0,1,0,1,0,0,0,upstate,11596.975992252543
36015,2023,Q3,3,8095,8499.0,7261.0,53.0,1185.0,2,0.0,Chemung County,42.148697,-76.752471,8375.0,7934.0,8360.0,8260.0,8232.25,2.0,84456.0,58175.0,14.478177656021316,5.438334754191532,18.8216349341669,2021,0.84456,92,68.42391304347827,12.139,0.0,4,0,49,2022,0,1,0,1,0,0,0,upstate,10063.228189826656
36017,2023,Q3,3,8095,4490.0,4281.0,25.0,184.0,1,0.0,Chenango County,42.478024,-75.602241,4449.0,3870.0,4435.0,4342.0,4274.0,1.0,47407.0,55690.0,12.206087985371624,5.17223194886831,20.62142721539013,2021,0.47407,92,66.63152173913043,11.802,0.0,1,0,49,2022,0,1,0,1,0,0,0,upstate,9471.175142911385
36019,2023,Q3,3,8095,9832.0,8260.0,92.0,1480.0,1,0.0,Clinton County,44.752712,-73.705643,8601.0,7593.0,8598.0,8501.0,8323.25,1.0,80095.0,62470.0,12.712226742983242,4.664460952618765,16.99731568762095,2021,0.80095,92,64.2266304347826,10.505,0.0,0,0,51,2022,0,1,0,1,0,0,0,upstate,12275.422935264374
36021,2023,Q3,3,8095,5559.0,4889.0,43.0,627.0,1,0.0,Columbia County,42.247696,-73.626718,5592.0,4971.0,5304.0,5414.0,5320.25,1.0,61587.0,73065.0,9.70081747520772,3.942390439540812,24.224268108529397,2021,0.61587,92,71.52228260869565,9.485,0.0,13,0,42,2022,0,1,0,1,0,0,0,upstate,9026.255540942082
36023,2023,Q3,3,8095,6491.0,5670.0,78.0,743.0,1,0.0,Cortland County,42.594039,-76.07624,6195.0,5949.0,6727.0,6294.0,6291.25,1.0,46984.0,62163.0,12.769305533057182,5.105993529712243,16.18636131449004,2021,0.46984,92,66.62826086956522,13.222999999999999,0.0,0,0,54,2022,0,1,0,1,0,0,0,upstate,13815.341392814576
36025,2023,Q3,3,8095,4827.0,1988.0,0.0,0.0,4,2839.0,Delaware County,42.193986,-74.966728,4341.0,4077.0,4713.0,4450.0,4395.25,4.0,44644.0,52757.0,15.443205131228336,3.8437416002150346,24.587850551025895,2021,0.44644,92,65.7108695652174,12.076,0.0,0,0,50,2022,0,1,0,1,0,0,0,upstate,10812.203207597886
36027,2023,Q3,3,8095,30286.0,24004.0,259.0,6023.0,3,0.0,Dutchess County,41.754825,-73.740014,29263.0,28110.0,30260.0,30267.0,29475.0,3.0,296012.0,87112.0,8.820585775255035,4.556909855005878,17.6834047268354,2021,2.96012,92,71.75380434782609,10.179,0.0,15,0,41,2022,0,1,0,1,0,0,0,upstate,10231.341972622731
36029,2023,Q3,3,8095,94205.0,73296.0,920.0,16862.0,10,3127.0,Erie County,42.752759,-78.778192,91629.0,86485.0,88052.0,90435.0,89150.25,10.0,949715.0,62578.0,13.786557436241711,5.378560936702064,17.95412307902897,2021,9.49715,92,68.54945652173913,16.163,0.0,0,0,51,2022,0,1,0,1,0,0,0,upstate,9919.291576946767
36031,2023,Q3,3,8095,4040.0,4018.0,0.0,22.0,3,0.0,Essex County,44.109601,-73.778431,3599.0,3127.0,4172.0,4712.0,3902.5,3.0,37501.0,61563.0,9.514123646364522,3.9438948294712137,23.45004133223114,2021,0.37501,92,60.49130434782609,10.89,0.0,0,0,56,2022,0,1,0,1,0,0,0,upstate,10773.046052105277
36033,2023,Q3,3,8095,6982.0,3354.0,48.0,231.0,3,3349.0,Franklin County,44.594376,-74.31067,6386.0,5666.0,6537.0,6659.0,6312.0,3.0,47996.0,55279.0,18.398581494097336,4.821235102925243,16.94932911075923,2021,0.47996,92,63.35760869565217,13.212,0.0,0,0,55,2022,0,1,0,1,0,0,0,upstate,14547.045587132263
36035,2023,Q3,3,8095,5483.0,5057.0,44.0,382.0,1,0.0,Fulton County,43.115609,-74.423678,5189.0,4509.0,5130.0,5302.0,5032.5,1.0,53588.0,55240.0,14.75359774019926,5.027244905575875,19.564081510785996,2021,0.53588,92,66.2070652173913,14.467,0.0,0,0,52,2022,0,1,0,1,0,0,0,upstate,10231.76830633724
36037,2023,Q3,3,8095,6557.0,5636.0,33.0,888.0,1,0.0,Genesee County,43.00091,-78.192778,5951.0,5597.0,6205.0,5615.0,5842.0,1.0,58387.0,63734.0,10.425060610817505,5.211776594104852,18.834672101666467,2021,0.58387,92,68.61576086956521,16.511,0.0,2,0,57,2022,0,1,0,1,0,0,0,upstate,11230.239608131948
36045,2023,Q3,3,8095,14682.0,9316.0,85.0,1324.0,3,3957.0,Jefferson County,43.996389,-76.052968,14655.0,12855.0,11610.0,12103.0,12805.75,3.0,117634.0,58271.0,13.129907563860451,7.667001037115121,13.74347552578336,2021,1.17634,92,68.48804347826086,13.700000000000001,0.0,0,0,48,2022,0,1,0,1,0,0,0,upstate,12481.085400479455
36047,2023,Q3,3,8095,211770.0,134492.0,723.0,23014.0,15,53541.0,Kings County,40.635045,-73.95064,213330.0,205125.0,224386.0,208195.0,212759.0,15.0,2712360.0,67753.0,18.794789122535295,7.069857983453525,14.108672890029347,2021,27.1236,92,75.25326086956522,9.373,0.0,13,0,39,2022,0,1,0,1,0,1,0,nyc,7807.5919125779765
36049,2023,Q3,3,8095,2861.0,2653.0,28.0,180.0,1,0.0,Lewis County,43.782706,-75.444132,2747.0,2515.0,2739.0,2717.0,2679.5,1.0,26681.0,60049.0,11.92587539790814,6.506502754769311,18.97605037292455,2021,0.26681,92,67.45597826086956,10.567,0.0,1,0,58,2022,0,1,0,1,0,0,0,upstate,10722.986394812788
36051,2023,Q3,3,8095,3811.0,3403.0,29.0,379.0,1,0.0,Livingston County,42.729042,-77.778463,3691.0,3313.0,3549.0,3711.0,3566.0,1.0,62253.0,64467.0,11.524558792260258,4.260035660932003,17.852954877676577,2021,0.62253,92,69.28369565217392,12.229,0.0,5,0,54,2022,0,1,0,1,0,0,0,upstate,6121.79332722921
36053,2023,Q3,3,8095,8942.0,5550.0,59.0,343.0,2,2990.0,Madison County,42.910026,-75.663575,8818.0,7873.0,9324.0,8762.0,8694.25,2.0,68466.0,63312.0,8.985360128158359,4.749802821838577,18.623842491163497,2021,0.68466,92,66.4733695652174,13.571,0.0,0,0,61,2022,0,1,0,1,0,0,0,upstate,13060.497181082581
36055,2023,Q3,3,8095,73982.0,56363.0,759.0,16860.0,7,0.0,Monroe County,43.250347,-77.700518,74846.0,69817.0,73960.0,70916.0,72384.75,7.0,757332.0,66317.0,13.655785125660824,5.400669719488943,17.397257741650954,2021,7.57332,92,69.74728260869566,13.814,0.0,4,0,55,2022,0,1,0,1,0,0,0,upstate,9768.7671985338
36057,2023,Q3,3,8095,11351.0,8224.0,25.0,725.0,2,2377.0,Montgomery County,42.900891,-74.435357,11871.0,10400.0,10456.0,9547.0,10568.5,2.0,49539.0,53533.0,16.738179802500564,6.2415470639294295,18.468277518722623,2021,0.49539,92,68.76304347826087,14.13,0.0,8,0,49,2022,0,1,0,1,0,0,0,upstate,22913.26025959345
36059,2023,Q3,3,8095,121245.0,64124.0,1089.0,25020.0,12,31012.0,Nassau County,40.729612,-73.589414,117720.0,113891.0,123804.0,123337.0,119688.0,12.0,1391678.0,126576.0,5.4637118531848925,5.395285403663778,17.729316695384995,2021,13.91678,92,73.92445652173913,10.313,0.0,7,0,42,2022,0,1,0,1,0,0,1,downstate_non_nyc,8712.144619660581
36061,2023,Q3,3,8095,266747.0,196695.0,1241.0,38812.0,22,29999.0,New York County,40.776642,-73.970187,266211.0,260924.0,277461.0,263431.0,267006.75,22.0,1669127.0,93956.0,15.55359739335587,4.637214543890309,16.797942876725376,2021,16.69127,92,75.37934782608696,8.721,0.0,19,0,35,2022,0,1,0,1,0,1,0,nyc,15981.22851047284
36063,2023,Q3,3,8095,10620.0,5033.0,26.0,624.0,6,4937.0,Niagara County,43.272672,-78.812943,9501.0,9186.0,12386.0,13013.0,11021.5,6.0,212808.0,60834.0,12.436358764307315,5.197173038607572,19.160463892334874,2021,2.12808,92,70.19619565217391,12.123,0.0,0,0,52,2022,0,1,0,1,0,0,0,upstate,4990.413894214503
36065,2023,Q3,3,8095,27345.0,15150.0,92.0,2412.0,4,9691.0,Oneida County,43.242727,-75.434282,26019.0,24692.0,26656.0,25890.0,25814.25,4.0,232034.0,61733.0,14.503785627770041,5.531516932863288,18.672694518906713,2021,2.32034,92,67.67934782608695,16.161,0.0,1,0,54,2022,0,1,0,1,0,0,0,upstate,11784.910832033236
36067,2023,Q3,3,8095,54025.0,43360.0,673.0,9992.0,6,0.0,Onondaga County,43.006516,-76.196134,53731.0,47159.0,49830.0,47247.0,49491.75,6.0,474621.0,66012.0,13.814759777715249,5.602996917540522,17.149472947888945,2021,4.74621,92,69.20163043478261,16.165,0.0,4,0,56,2022,0,1,0,1,0,0,0,upstate,11382.766459975432
36069,2023,Q3,3,8095,17119.0,12709.0,169.0,1556.0,3,2685.0,Ontario County,42.856357,-77.303497,16252.0,14916.0,16173.0,16558.0,15974.75,3.0,112060.0,70694.0,8.542117127478493,4.802784222737818,20.12671782973407,2021,1.1206,92,69.74945652173913,14.326,0.0,8,0,54,2022,0,1,0,1,0,0,0,upstate,15276.637515616634
36071,2023,Q3,3,8095,39085.0,23980.0,310.0,6110.0,4,8685.0,Orange County,41.40241,-74.306252,38857.0,35923.0,39164.0,38444.0,38097.0,4.0,398277.0,85640.0,11.70611592409241,6.6390979142657,13.945821626656823,2021,3.98277,92,73.08260869565218,9.147,0.0,22,0,31,2022,0,1,0,1,0,0,0,upstate,9813.521744916226
36075,2023,Q3,3,8095,6397.0,5542.0,34.0,821.0,2,0.0,Oswego County,43.461443,-76.209262,6153.0,5372.0,6060.0,6405.0,5997.5,2.0,118019.0,61983.0,16.44111257523416,5.41438242994772,16.508358823579254,2021,1.18019,92,68.29673913043479,15.587,0.0,2,0,60,2022,0,1,0,1,0,0,0,upstate,5420.313678306035
36077,2023,Q3,3,8095,9412.0,3831.0,126.0,1109.0,3,4346.0,Otsego County,42.629776,-75.028841,9427.0,7878.0,8791.0,9161.0,8814.25,3.0,58952.0,60523.0,12.381768079243315,4.0456642692359885,21.137535622201113,2021,0.58952,92,66.45434782608696,14.144,0.0,1,0,49,2022,0,1,0,1,0,0,0,upstate,15965.531279685169
36079,2023,Q3,3,8095,5512.0,4798.0,32.0,682.0,1,0.0,Putnam County,41.427907,-73.743861,5316.0,4932.0,5597.0,5144.0,5247.25,1.0,97960.0,111617.0,6.049497773635705,4.500816659861168,17.660269497754186,2021,0.9796,92,71.81195652173913,11.985999999999999,0.0,11,0,43,2022,0,1,0,1,0,0,0,upstate,5626.7864434463045
36081,2023,Q3,3,8095,158589.0,123505.0,623.0,20445.0,10,14016.0,Queens County,40.654658,-73.841209,158405.0,152489.0,186836.0,170065.0,166948.75,10.0,2393104.0,75886.0,11.414754783528863,6.0027061088861995,16.03829169146013,2021,23.93104,92,74.33369565217392,8.826,0.0,8,0,41,2022,0,1,0,1,0,1,0,nyc,6626.916339615829
36083,2023,Q3,3,8095,11979.0,10365.0,92.0,1522.0,1,0.0,Rensselaer County,42.710421,-73.513845,11352.0,11309.0,12470.0,11993.0,11781.0,1.0,161125.0,76731.0,11.193996228333837,5.062529092319627,17.207137315748643,2021,1.61125,92,68.50271739130434,13.416,0.0,4,0,52,2022,0,1,0,1,0,0,0,upstate,7434.600465477115
36085,2023,Q3,3,8095,35880.0,11213.0,76.0,1909.0,3,22682.0,Richmond County,40.561263,-74.1399,36101.0,36026.0,13941.0,13420.0,24872.0,3.0,493194.0,89427.0,10.304279753756362,5.611787653539986,16.28547792552221,2021,4.93194,92,74.79239130434782,10.265,0.0,10,0,36,2022,0,1,0,1,0,1,0,nyc,7275.027676735726
36087,2023,Q3,3,8095,22220.0,17596.0,96.0,4528.0,2,0.0,Rockland County,41.154628,-74.024662,22270.0,21910.0,22990.0,22550.0,22430.0,2.0,336485.0,99707.0,14.8874806195716,8.203931824598422,15.47201212535477,2021,3.36485,92,73.9358695652174,9.01,0.0,20,0,37,2022,0,1,0,1,0,0,1,downstate_non_nyc,6603.563308914217
36089,2023,Q3,3,8095,13385.0,5773.0,67.0,743.0,5,6802.0,St. Lawrence County,44.488112,-75.074311,13285.0,12108.0,17092.0,16591.0,14769.0,5.0,108836.0,54351.0,17.10557557113215,5.052556139512662,17.41151824763865,2021,1.08836,92,67.16739130434782,13.033,0.0,1,0,52,2022,0,1,0,1,0,0,0,upstate,12298.320408688302
36091,2023,Q3,3,8095,9940.0,7931.0,188.0,1821.0,1,0.0,Saratoga County,43.106135,-73.855387,9730.0,8778.0,9244.0,9936.0,9422.0,1.0,235010.0,90800.0,6.380854411230788,4.855538062210119,18.19539594059827,2021,2.3501,92,69.72065217391305,13.368,0.0,6,0,45,2022,0,1,0,1,0,0,0,upstate,4229.607250755287
36093,2023,Q3,3,8095,11415.0,9522.0,62.0,1831.0,2,0.0,Schenectady County,42.817552,-74.043559,10815.0,10424.0,11783.0,12409.0,11357.75,2.0,157515.0,69891.0,11.970824824994617,5.885788655048726,17.106942195981333,2021,1.57515,92,70.04184782608696,11.642,0.0,10,0,44,2022,0,1,0,1,0,0,0,upstate,7246.928863917722
36095,2023,Q3,3,8095,2952.0,2933.0,0.0,19.0,1,0.0,Schoharie County,42.591294,-74.438172,2929.0,2540.0,3191.0,2947.0,2901.75,1.0,29936.0,64220.0,12.069025867198711,4.232362373062534,22.043693212185996,2021,0.29936,92,65.55978260869566,9.36,0.0,1,0,48,2022,0,1,0,1,0,0,0,upstate,9861.036878674506
36097,2023,Q3,3,8095,2114.0,2097.0,0.0,17.0,1,0.0,Schuyler County,42.419776,-76.938603,1914.0,1741.0,1989.0,2131.0,1943.75,1.0,17920.0,56437.0,15.802273627057293,4.821428571428572,21.333705357142858,2021,0.1792,92,68.45434782608696,13.864,0.0,4,0,53,2022,0,1,0,1,0,0,0,upstate,11796.875
36101,2023,Q3,3,8095,12058.0,10918.0,115.0,1025.0,3,0.0,Steuben County,42.266725,-77.385525,11452.0,10563.0,12033.0,11441.0,11372.25,3.0,94153.0,58652.0,12.759246456965087,5.469820398712733,19.46725011417586,2021,0.94153,92,67.41902173913044,10.792,0.0,1,0,50,2022,0,1,0,1,0,0,0,upstate,12806.814440325854
36103,2023,Q3,3,8095,116506.0,76845.0,1490.0,21804.0,11,16367.0,Suffolk County,40.943554,-72.692218,111726.0,108272.0,137306.0,139049.0,124088.25,11.0,1522998.0,111660.0,6.625190575908532,5.263565677696228,16.919129243767884,2021,15.22998,92,74.81521739130434,7.693,0.0,10,0,40,2022,0,1,0,1,0,0,1,downstate_non_nyc,7649.780236086981
36105,2023,Q3,3,8095,8583.0,6711.0,36.0,610.0,2,1226.0,Sullivan County,41.719993,-74.771577,7498.0,6605.0,7735.0,8513.0,7587.75,2.0,78230.0,63393.0,14.06726590547143,5.745877540585454,18.848267927904896,2021,0.7823,92,68.45434782608696,11.356,0.0,3,0,43,2022,0,1,0,1,0,0,0,upstate,10971.494311645149
36109,2023,Q3,3,8095,8517.0,7615.0,35.0,867.0,2,0.0,Tompkins County,42.453006,-76.473483,8284.0,7790.0,8723.0,8685.0,8370.5,2.0,105638.0,64260.0,16.846272987063983,3.746757795490259,14.598913269846078,2021,1.05638,92,68.9679347826087,14.392999999999999,0.0,6,0,55,2022,0,1,0,1,0,0,0,upstate,8062.439652397811
36111,2023,Q3,3,8095,8255.0,6828.0,26.0,1401.0,2,0.0,Ulster County,41.947212,-74.265458,7578.0,6670.0,6010.0,7741.0,6999.75,2.0,181862.0,71040.0,13.169560823226757,4.328556817806908,19.88485774928242,2021,1.81862,92,70.93967391304348,11.573,0.0,6,0,39,2022,0,1,0,1,0,0,0,upstate,4539.156063388723
36113,2023,Q3,3,8095,11642.0,9250.0,133.0,2259.0,1,0.0,Warren County,43.555105,-73.838139,10725.0,10023.0,10323.0,11338.0,10602.25,1.0,65692.0,68765.0,7.943067741985227,4.338427814650186,22.459355781525908,2021,0.65692,92,68.45543478260869,9.437,0.0,7,0,45,2022,0,1,0,1,0,0,0,upstate,17722.097059002615
36117,2023,Q3,3,8095,5753.0,4793.0,29.0,931.0,1,0.0,Wayne County,43.218114,-77.049402,5721.0,5289.0,5611.0,5754.0,5593.75,1.0,91332.0,64152.0,11.154765593873124,5.380370516357903,18.944072176236148,2021,0.91332,92,69.54456521739131,13.806,0.0,7,0,54,2022,0,1,0,1,0,0,0,upstate,6298.997065650594
36119,2023,Q3,3,8095,96003.0,62162.0,760.0,16127.0,13,16954.0,Westchester County,41.152686,-73.745753,95263.0,91281.0,93641.0,88461.0,92161.5,13.0,999723.0,105387.0,8.205217957338885,5.434305302568811,17.055624407961005,2021,9.99723,92,73.80217391304348,9.895,0.0,16,0,38,2022,0,1,0,1,0,0,1,downstate_non_nyc,9602.960019925518
36121,2023,Q3,3,8095,3694.0,3260.0,17.0,417.0,1,0.0,Wyoming County,42.701365,-78.228576,3430.0,3221.0,3678.0,3597.0,3481.5,1.0,40679.0,60013.0,9.243341884636747,4.687922515302736,18.144497160697163,2021,0.40679,92,66.40271739130435,13.343,0.0,0,0,53,2022,0,1,0,1,0,0,0,upstate,9080.852528331572
36123,2023,Q3,3,8095,2198.0,2124.0,0.0,74.0,1,0.0,Yates County,42.638237,-77.104324,1981.0,1726.0,2030.0,2205.0,1985.5,1.0,24808.0,57635.0,13.222543352601157,6.038374717832957,20.807803934214768,2021,0.24808,92,69.1875,12.983,0.0,5,0,52,2022,0,1,0,1,0,0,0,upstate,8860.045146726863
36001,2023,Q4,4,8096,40267.0,30860.0,454.0,8953.0,5,0.0,Albany County,42.58824,-73.97401,40256.0,41022.0,38431.0,41418.0,40281.75,5.0,314679.0,73810.0,11.713671752096987,4.8951471181743935,17.019248186246937,2021,3.14679,92,41.25760869565217,9.717,15.516,0,40,35,2022,0,1,0,0,1,0,0,upstate,12796.21455514985
36003,2023,Q4,4,8096,6428.0,6120.0,20.0,288.0,2,0.0,Allegany County,42.247853,-78.026153,5809.0,5858.0,5525.0,3511.0,5175.75,2.0,46654.0,54375.0,16.280580212167138,5.122819050885241,18.956573927208815,2021,0.46654,92,39.07771739130435,8.77,11.716,0,45,44,2022,0,1,0,0,1,0,0,upstate,13778.02546405453
36005,2023,Q4,4,8096,195893.0,132389.0,293.0,23080.0,11,40131.0,Bronx County,40.848711,-73.852939,184352.0,187349.0,185600.0,199815.0,189279.0,11.0,1468262.0,43726.0,26.503968403444816,7.011555158411782,13.009599104247064,2021,14.68262,92,46.80489130434783,17.457,1.4609999999999999,0,23,39,2022,0,1,0,0,1,1,0,nyc,13341.828638213072
36007,2023,Q4,4,8096,25216.0,20498.0,294.0,4424.0,3,0.0,Broome County,42.161977,-75.830283,25514.0,24431.0,23327.0,24170.0,24360.5,3.0,198591.0,53982.0,18.740628890831545,5.106978664692761,19.00992492106893,2021,1.98591,92,40.36141304347826,9.519,14.939,0,45,40,2022,0,1,0,0,1,0,0,upstate,12697.453560332542
36009,2023,Q4,4,8096,6817.0,5611.0,42.0,1164.0,1,0.0,Cattaraugus County,42.239099,-78.662332,6945.0,6590.0,6185.0,6684.0,6601.0,1.0,77211.0,53537.0,17.270150291490612,5.569154654129592,19.31331027962337,2021,0.77211,92,38.470652173913045,11.668,20.009999999999998,0,46,42,2022,0,1,0,0,1,0,0,upstate,8829.052855163125
36011,2023,Q4,4,8096,6100.0,5185.0,71.0,844.0,1,0.0,Cayuga County,43.008546,-76.574587,6228.0,5772.0,5445.0,5966.0,5852.75,1.0,76644.0,59602.0,13.481039033199055,4.883617765252335,19.17436459474975,2021,0.76644,92,43.23913043478261,9.813,10.225,0,32,44,2022,0,1,0,0,1,0,0,upstate,7958.874797766297
36013,2023,Q4,4,8096,14560.0,13186.0,103.0,1271.0,3,0.0,Chautauqua County,42.304216,-79.407595,14849.0,14119.0,13478.0,14501.0,14236.75,3.0,128042.0,50408.0,17.333507315402304,5.346683119601381,20.17384920572937,2021,1.28042,92,40.607608695652175,13.623000000000001,29.021,0,37,48,2022,0,1,0,0,1,0,0,upstate,11371.268802424205
36015,2023,Q4,4,8096,8445.0,7121.0,43.0,1281.0,2,0.0,Chemung County,42.148697,-76.752471,8499.0,8375.0,7934.0,8360.0,8292.0,2.0,84456.0,58175.0,14.478177656021316,5.438334754191532,18.8216349341669,2021,0.84456,92,40.57282608695652,8.9,16.484,0,44,39,2022,0,1,0,0,1,0,0,upstate,9999.289570900824
36017,2023,Q4,4,8096,4832.0,4634.0,14.0,184.0,1,0.0,Chenango County,42.478024,-75.602241,4490.0,4449.0,3870.0,4435.0,4311.0,1.0,47407.0,55690.0,12.206087985371624,5.17223194886831,20.62142721539013,2021,0.47407,92,39.41847826086956,10.191,16.593,0,44,44,2022,0,1,0,0,1,0,0,upstate,10192.587592549624
36019,2023,Q4,4,8096,9302.0,7822.0,85.0,1395.0,1,0.0,Clinton County,44.752712,-73.705643,9832.0,8601.0,7593.0,8598.0,8656.0,1.0,80095.0,62470.0,12.712226742983242,4.664460952618765,16.99731568762095,2021,0.80095,92,37.44130434782608,9.574,22.875,0,47,47,2022,0,1,0,0,1,0,0,upstate,11613.708720893937
36021,2023,Q4,4,8096,5148.0,4473.0,41.0,634.0,1,0.0,Columbia County,42.247696,-73.626718,5559.0,5592.0,4971.0,5304.0,5356.5,1.0,61587.0,73065.0,9.70081747520772,3.942390439540812,24.224268108529397,2021,0.61587,92,43.02554347826087,11.781,9.068,0,37,36,2022,0,1,0,0,1,0,0,upstate,8358.906912173024
36023,2023,Q4,4,8096,6686.0,5789.0,63.0,834.0,1,0.0,Cortland County,42.594039,-76.07624,6491.0,6195.0,5949.0,6727.0,6340.5,1.0,46984.0,62163.0,12.769305533057182,5.105993529712243,16.18636131449004,2021,0.46984,92,39.379347826086956,9.794,20.092,0,46,45,2022,0,1,0,0,1,0,0,upstate,14230.37629831432
36025,2023,Q4,4,8096,4528.0,2043.0,0.0,0.0,4,2485.0,Delaware County,42.193986,-74.966728,4827.0,4341.0,4077.0,4713.0,4489.5,4.0,44644.0,52757.0,15.443205131228336,3.8437416002150346,24.587850551025895,2021,0.44644,92,38.55869565217392,8.101,16.206,0,50,43,2022,0,1,0,0,1,0,0,upstate,10142.460353014963
36027,2023,Q4,4,8096,30093.0,23567.0,279.0,6247.0,3,0.0,Dutchess County,41.754825,-73.740014,30286.0,29263.0,28110.0,30260.0,29479.75,3.0,296012.0,87112.0,8.820585775255035,4.556909855005878,17.6834047268354,2021,2.96012,92,43.35923913043479,11.955,8.958,0,37,34,2022,0,1,0,0,1,0,0,upstate,10166.141913165682
36029,2023,Q4,4,8096,92982.0,71808.0,870.0,17281.0,10,3023.0,Erie County,42.752759,-78.778192,94205.0,91629.0,86485.0,88052.0,90092.75,10.0,949715.0,62578.0,13.786557436241711,5.378560936702064,17.95412307902897,2021,9.49715,92,42.75217391304348,15.643,36.019,0,34,46,2022,0,1,0,0,1,0,0,upstate,9790.51610219908
36031,2023,Q4,4,8096,3704.0,3663.0,0.0,41.0,3,0.0,Essex County,44.109601,-73.778431,4040.0,3599.0,3127.0,4172.0,3734.5,3.0,37501.0,61563.0,9.514123646364522,3.9438948294712137,23.45004133223114,2021,0.37501,92,33.618478260869566,14.977,35.993,0,53,52,2022,0,1,0,0,1,0,0,upstate,9877.069944801473
36033,2023,Q4,4,8096,6161.0,3034.0,41.0,231.0,3,2855.0,Franklin County,44.594376,-74.31067,6982.0,6386.0,5666.0,6537.0,6392.75,3.0,47996.0,55279.0,18.398581494097336,4.821235102925243,16.94932911075923,2021,0.47996,92,36.61195652173913,12.370000000000001,30.152,0,48,47,2022,0,1,0,0,1,0,0,upstate,12836.486373864489
36035,2023,Q4,4,8096,5392.0,4949.0,38.0,405.0,1,0.0,Fulton County,43.115609,-74.423678,5483.0,5189.0,4509.0,5130.0,5077.75,1.0,53588.0,55240.0,14.75359774019926,5.027244905575875,19.564081510785996,2021,0.53588,92,38.805978260869566,12.442,22.131999999999998,0,45,40,2022,0,1,0,0,1,0,0,upstate,10061.954168843771
36037,2023,Q4,4,8096,5911.0,5014.0,25.0,872.0,1,0.0,Genesee County,43.00091,-78.192778,6557.0,5951.0,5597.0,6205.0,6077.5,1.0,58387.0,63734.0,10.425060610817505,5.211776594104852,18.834672101666467,2021,0.58387,92,41.82282608695652,12.557,25.852999999999998,0,39,50,2022,0,1,0,0,1,0,0,upstate,10123.828934523097
36045,2023,Q4,4,8096,14266.0,8430.0,76.0,1237.0,3,4523.0,Jefferson County,43.996389,-76.052968,14682.0,14655.0,12855.0,11610.0,13450.5,3.0,117634.0,58271.0,13.129907563860451,7.667001037115121,13.74347552578336,2021,1.17634,92,42.93641304347826,15.14,36.403999999999996,0,32,52,2022,0,1,0,0,1,0,0,upstate,12127.446146522263
36047,2023,Q4,4,8096,225963.0,144056.0,697.0,23862.0,15,57348.0,Kings County,40.635045,-73.95064,211770.0,213330.0,205125.0,224386.0,213652.75,15.0,2712360.0,67753.0,18.794789122535295,7.069857983453525,14.108672890029347,2021,27.1236,92,47.351630434782614,17.864,0.937,0,22,36,2022,0,1,0,0,1,1,0,nyc,8330.863159757553
36049,2023,Q4,4,8096,2737.0,2477.0,27.0,233.0,1,0.0,Lewis County,43.782706,-75.444132,2861.0,2747.0,2515.0,2739.0,2715.5,1.0,26681.0,60049.0,11.92587539790814,6.506502754769311,18.97605037292455,2021,0.26681,92,40.51304347826087,12.23,27.644000000000002,0,44,51,2022,0,1,0,0,1,0,0,upstate,10258.236198043553
36051,2023,Q4,4,8096,3865.0,3351.0,43.0,471.0,1,0.0,Livingston County,42.729042,-77.778463,3811.0,3691.0,3313.0,3549.0,3591.0,1.0,62253.0,64467.0,11.524558792260258,4.260035660932003,17.852954877676577,2021,0.62253,92,41.919021739130436,10.164,12.954,0,35,43,2022,0,1,0,0,1,0,0,upstate,6208.536134804748
36053,2023,Q4,4,8096,8925.0,5410.0,59.0,430.0,2,3026.0,Madison County,42.910026,-75.663575,8942.0,8818.0,7873.0,9324.0,8739.25,2.0,68466.0,63312.0,8.985360128158359,4.749802821838577,18.623842491163497,2021,0.68466,92,39.75163043478261,10.048,19.899,0,44,47,2022,0,1,0,0,1,0,0,upstate,13035.667338532994
36055,2023,Q4,4,8096,75787.0,58024.0,692.0,17071.0,7,0.0,Monroe County,43.250347,-77.700518,73982.0,74846.0,69817.0,73960.0,73151.25,7.0,757332.0,66317.0,13.655785125660824,5.400669719488943,17.397257741650954,2021,7.57332,92,43.54130434782609,9.986,12.043000000000001,0,29,46,2022,0,1,0,0,1,0,0,upstate,10007.103885746279
36057,2023,Q4,4,8096,11091.0,8015.0,46.0,748.0,2,2282.0,Montgomery County,42.900891,-74.435357,11351.0,11871.0,10400.0,10456.0,11019.5,2.0,49539.0,53533.0,16.738179802500564,6.2415470639294295,18.468277518722623,2021,0.49539,92,40.43858695652174,11.427,15.736,0,45,37,2022,0,1,0,0,1,0,0,upstate,22388.421243868466
36059,2023,Q4,4,8096,123061.0,64642.0,934.0,26234.0,12,31251.0,Nassau County,40.729612,-73.589414,121245.0,117720.0,113891.0,123804.0,119165.0,12.0,1391678.0,126576.0,5.4637118531848925,5.395285403663778,17.729316695384995,2021,13.91678,92,46.803260869565214,18.214,0.992,0,25,35,2022,0,1,0,0,1,0,1,downstate_non_nyc,8842.634574951964
36061,2023,Q4,4,8096,284241.0,211655.0,1155.0,41515.0,22,29916.0,New York County,40.776642,-73.970187,266747.0,266211.0,260924.0,277461.0,267835.75,22.0,1669127.0,93956.0,15.55359739335587,4.637214543890309,16.797942876725376,2021,16.69127,92,46.85706521739131,18.295,1.901,0,22,38,2022,0,1,0,0,1,1,0,nyc,17029.32131587351
36063,2023,Q4,4,8096,9994.0,4595.0,16.0,583.0,6,4800.0,Niagara County,43.272672,-78.812943,10620.0,9501.0,9186.0,12386.0,10423.25,6.0,212808.0,60834.0,12.436358764307315,5.197173038607572,19.160463892334874,2021,2.12808,92,43.52119565217391,9.273,8.986,0,27,41,2022,0,1,0,0,1,0,0,upstate,4696.252020600729
36065,2023,Q4,4,8096,13722.0,9782.0,51.0,1055.0,4,2834.0,Oneida County,43.242727,-75.434282,27345.0,26019.0,24692.0,26656.0,26178.0,4.0,232034.0,61733.0,14.503785627770041,5.531516932863288,18.672694518906713,2021,2.32034,92,40.63315217391305,14.449,28.913,0,40,46,2022,0,1,0,0,1,0,0,upstate,5913.788496513442
36067,2023,Q4,4,8096,55443.0,43961.0,622.0,10860.0,6,0.0,Onondaga County,43.006516,-76.196134,54025.0,53731.0,47159.0,49830.0,51186.25,6.0,474621.0,66012.0,13.814759777715249,5.602996917540522,17.149472947888945,2021,4.74621,92,42.3570652173913,10.71,14.11,0,36,47,2022,0,1,0,0,1,0,0,upstate,11681.53115854545
36069,2023,Q4,4,8096,16521.0,11864.0,165.0,1598.0,3,2894.0,Ontario County,42.856357,-77.303497,17119.0,16252.0,14916.0,16173.0,16115.0,3.0,112060.0,70694.0,8.542117127478493,4.802784222737818,20.12671782973407,2021,1.1206,92,42.16141304347826,9.245,12.734,0,34,42,2022,0,1,0,0,1,0,0,upstate,14742.994824201322
36071,2023,Q4,4,8096,38846.0,24117.0,301.0,6028.0,4,8400.0,Orange County,41.40241,-74.306252,39085.0,38857.0,35923.0,39164.0,38257.25,4.0,398277.0,85640.0,11.70611592409241,6.6390979142657,13.945821626656823,2021,3.98277,92,43.84945652173913,11.693,8.241,0,38,36,2022,0,1,0,0,1,0,0,upstate,9753.513258360386
36075,2023,Q4,4,8096,5986.0,5117.0,28.0,841.0,2,0.0,Oswego County,43.461443,-76.209262,6397.0,6153.0,5372.0,6060.0,5995.5,2.0,118019.0,61983.0,16.44111257523416,5.41438242994772,16.508358823579254,2021,1.18019,92,42.39945652173913,13.56,24.912,0,33,52,2022,0,1,0,0,1,0,0,upstate,5072.06466755353
36077,2023,Q4,4,8096,9055.0,3418.0,125.0,1175.0,3,4337.0,Otsego County,42.629776,-75.028841,9412.0,9427.0,7878.0,8791.0,8877.0,3.0,58952.0,60523.0,12.381768079243315,4.0456642692359885,21.137535622201113,2021,0.58952,92,39.38315217391305,9.219,17.969,0,48,45,2022,0,1,0,0,1,0,0,upstate,15359.953860768082
36079,2023,Q4,4,8096,5298.0,4508.0,44.0,746.0,1,0.0,Putnam County,41.427907,-73.743861,5512.0,5316.0,4932.0,5597.0,5339.25,1.0,97960.0,111617.0,6.049497773635705,4.500816659861168,17.660269497754186,2021,0.9796,92,43.49782608695652,15.815999999999999,7.221,0,35,35,2022,0,1,0,0,1,0,0,upstate,5408.329930583912
36081,2023,Q4,4,8096,168828.0,132662.0,589.0,21224.0,10,14353.0,Queens County,40.654658,-73.841209,158589.0,158405.0,152489.0,186836.0,164079.75,10.0,2393104.0,75886.0,11.414754783528863,6.0027061088861995,16.03829169146013,2021,23.93104,92,47.30923913043478,19.588,0.855,0,22,35,2022,0,1,0,0,1,1,0,nyc,7054.770707833842
36083,2023,Q4,4,8096,11004.0,9324.0,87.0,1593.0,1,0.0,Rensselaer County,42.710421,-73.513845,11979.0,11352.0,11309.0,12470.0,11777.5,1.0,161125.0,76731.0,11.193996228333837,5.062529092319627,17.207137315748643,2021,1.61125,92,40.7304347826087,11.348,14.413,0,42,40,2022,0,1,0,0,1,0,0,upstate,6829.480217222653
36085,2023,Q4,4,8096,38183.0,12109.0,101.0,2073.0,3,23900.0,Richmond County,40.561263,-74.1399,35880.0,36101.0,36026.0,13941.0,30487.0,3.0,493194.0,89427.0,10.304279753756362,5.611787653539986,16.28547792552221,2021,4.93194,92,47.41576086956522,18.34,0.633,0,21,36,2022,0,1,0,0,1,1,0,nyc,7741.983884637688
36087,2023,Q4,4,8096,22865.0,18089.0,139.0,4637.0,2,0.0,Rockland County,41.154628,-74.024662,22220.0,22270.0,21910.0,22990.0,22347.5,2.0,336485.0,99707.0,14.8874806195716,8.203931824598422,15.47201212535477,2021,3.36485,92,45.35380434782609,13.426,5.512,0,26,35,2022,0,1,0,0,1,0,1,downstate_non_nyc,6795.250902714832
36089,2023,Q4,4,8096,13551.0,5858.0,79.0,700.0,5,6914.0,St. Lawrence County,44.488112,-75.074311,13385.0,13285.0,12108.0,17092.0,13967.5,5.0,108836.0,54351.0,17.10557557113215,5.052556139512662,17.41151824763865,2021,1.08836,92,40.18423913043478,12.555,26.624,0,44,46,2022,0,1,0,0,1,0,0,upstate,12450.84347091036
36091,2023,Q4,4,8096,9559.0,7498.0,177.0,1884.0,1,0.0,Saratoga County,43.106135,-73.855387,9940.0,9730.0,8778.0,9244.0,9423.0,1.0,235010.0,90800.0,6.380854411230788,4.855538062210119,18.19539594059827,2021,2.3501,92,41.48423913043479,10.243,15.516,0,39,34,2022,0,1,0,0,1,0,0,upstate,4067.4864899365984
36093,2023,Q4,4,8096,11692.0,9680.0,67.0,1945.0,2,0.0,Schenectady County,42.817552,-74.043559,11415.0,10815.0,10424.0,11783.0,11109.25,2.0,157515.0,69891.0,11.970824824994617,5.885788655048726,17.106942195981333,2021,1.57515,92,41.270108695652176,10.241,15.956999999999999,0,41,34,2022,0,1,0,0,1,0,0,upstate,7422.78513157477
36095,2023,Q4,4,8096,2906.0,2885.0,0.0,21.0,1,0.0,Schoharie County,42.591294,-74.438172,2952.0,2929.0,2540.0,3191.0,2903.0,1.0,29936.0,64220.0,12.069025867198711,4.232362373062534,22.043693212185996,2021,0.29936,92,38.33858695652174,8.645,17.995,0,50,42,2022,0,1,0,0,1,0,0,upstate,9707.375734901121
36097,2023,Q4,4,8096,2008.0,1983.0,0.0,25.0,1,0.0,Schuyler County,42.419776,-76.938603,2114.0,1914.0,1741.0,1989.0,1939.5,1.0,17920.0,56437.0,15.802273627057293,4.821428571428572,21.333705357142858,2021,0.1792,92,40.96467391304348,8.187,14.386000000000001,0,39,38,2022,0,1,0,0,1,0,0,upstate,11205.357142857143
36101,2023,Q4,4,8096,12000.0,10763.0,94.0,1143.0,3,0.0,Steuben County,42.266725,-77.385525,12058.0,11452.0,10563.0,12033.0,11526.5,3.0,94153.0,58652.0,12.759246456965087,5.469820398712733,19.46725011417586,2021,0.94153,92,39.86467391304348,8.362,11.578,0,45,38,2022,0,1,0,0,1,0,0,upstate,12745.212579524818
36103,2023,Q4,4,8096,115562.0,75797.0,1420.0,22257.0,11,16088.0,Suffolk County,40.943554,-72.692218,116506.0,111726.0,108272.0,137306.0,118452.5,11.0,1522998.0,111660.0,6.625190575908532,5.263565677696228,16.919129243767884,2021,15.22998,92,48.32771739130435,16.264,0.745,0,19,36,2022,0,1,0,0,1,0,1,downstate_non_nyc,7587.797226260311
36105,2023,Q4,4,8096,7561.0,5857.0,41.0,541.0,2,1122.0,Sullivan County,41.719993,-74.771577,8583.0,7498.0,6605.0,7735.0,7605.25,2.0,78230.0,63393.0,14.06726590547143,5.745877540585454,18.848267927904896,2021,0.7823,92,40.63695652173913,9.925,16.949,0,40,37,2022,0,1,0,0,1,0,0,upstate,9665.090118880225
36109,2023,Q4,4,8096,7830.0,6882.0,68.0,880.0,2,0.0,Tompkins County,42.453006,-76.473483,8517.0,8284.0,7790.0,8723.0,8328.5,2.0,105638.0,64260.0,16.846272987063983,3.746757795490259,14.598913269846078,2021,1.05638,92,42.33858695652174,9.565,16.838,0,34,45,2022,0,1,0,0,1,0,0,upstate,7412.1054923417705
36111,2023,Q4,4,8096,7748.0,6216.0,14.0,1518.0,2,0.0,Ulster County,41.947212,-74.265458,8255.0,7578.0,6670.0,6010.0,7128.25,2.0,181862.0,71040.0,13.169560823226757,4.328556817806908,19.88485774928242,2021,1.81862,92,43.1625,14.912,21.111,0,35,34,2022,0,1,0,0,1,0,0,upstate,4260.373250046739
36113,2023,Q4,4,8096,10520.0,8078.0,98.0,2344.0,1,0.0,Warren County,43.555105,-73.838139,11642.0,10725.0,10023.0,10323.0,10678.25,1.0,65692.0,68765.0,7.943067741985227,4.338427814650186,22.459355781525908,2021,0.65692,92,40.34021739130435,11.936,17.943,0,42,37,2022,0,1,0,0,1,0,0,upstate,16014.126529866651
36117,2023,Q4,4,8096,5655.0,4706.0,38.0,911.0,1,0.0,Wayne County,43.218114,-77.049402,5753.0,5721.0,5289.0,5611.0,5593.5,1.0,91332.0,64152.0,11.154765593873124,5.380370516357903,18.944072176236148,2021,0.91332,92,42.840760869565216,10.677,13.254,0,32,47,2022,0,1,0,0,1,0,0,upstate,6191.696229142031
36119,2023,Q4,4,8096,102031.0,66271.0,720.0,16897.0,13,18143.0,Westchester County,41.152686,-73.745753,96003.0,95263.0,91281.0,93641.0,94047.0,13.0,999723.0,105387.0,8.205217957338885,5.434305302568811,17.055624407961005,2021,9.99723,92,45.301086956521736,18.923,3.776,0,30,38,2022,0,1,0,0,1,0,1,downstate_non_nyc,10205.927041790575
36121,2023,Q4,4,8096,3557.0,3143.0,15.0,399.0,1,0.0,Wyoming County,42.701365,-78.228576,3694.0,3430.0,3221.0,3678.0,3505.75,1.0,40679.0,60013.0,9.243341884636747,4.687922515302736,18.144497160697163,2021,0.40679,92,39.151630434782604,12.149,28.413,0,44,49,2022,0,1,0,0,1,0,0,upstate,8744.069421568869
36123,2023,Q4,4,8096,2048.0,1982.0,0.0,66.0,1,0.0,Yates County,42.638237,-77.104324,2198.0,1981.0,1726.0,2030.0,1983.75,1.0,24808.0,57635.0,13.222543352601157,6.038374717832957,20.807803934214768,2021,0.24808,92,41.69347826086957,8.07,11.441,0,37,39,2022,0,1,0,0,1,0,0,upstate,8255.401483392454
36001,2024,Q1,1,8097,38862.0,29732.0,408.0,8722.0,3,0.0,Albany County,42.58824,-73.97401,40267.0,40256.0,41022.0,38431.0,39994.0,5.0,315041.0,78829.0,12.546455379482902,4.763824391110998,17.508832183747515,2022,3.15041,90,32.275,11.442,52.75,0,77,49,2023,0,1,0,0,0,0,0,upstate,12335.53727927476
36003,2024,Q1,1,8097,3763.0,3436.0,14.0,313.0,2,0.0,Allegany County,42.247853,-78.026153,6428.0,5809.0,5858.0,5525.0,5905.0,2.0,47222.0,58725.0,17.052363670641466,4.997670577273305,19.329973317521496,2022,0.47222,90,31.973333333333333,10.468,30.595,0,83,57,2023,0,1,0,0,0,0,0,upstate,7968.7433823218
36005,2024,Q1,1,8097,193741.0,130109.0,311.0,22832.0,11,40489.0,Bronx County,40.848711,-73.852939,195893.0,184352.0,187349.0,185600.0,188298.5,11.0,1443229.0,47036.0,26.91498993322348,6.886640997374636,13.279043034750549,2022,14.43229,90,39.818333333333335,11.577,10.39,0,48,42,2023,0,1,0,0,0,1,0,nyc,13424.134354284733
36007,2024,Q1,1,8097,24759.0,19946.0,327.0,4486.0,3,0.0,Broome County,42.161977,-75.830283,25216.0,25514.0,24431.0,23327.0,24622.0,3.0,198365.0,58317.0,19.081221503552115,4.911148640133088,19.738361102008923,2022,1.98365,90,33.08277777777778,11.023,34.426,0,78,55,2023,0,1,0,0,0,0,0,upstate,12481.53656138936
36009,2024,Q1,1,8097,6606.0,5458.0,76.0,1072.0,1,0.0,Cattaraugus County,42.239099,-78.662332,6817.0,6945.0,6590.0,6185.0,6634.25,1.0,77000.0,56889.0,17.423664377601973,5.497402597402598,19.93896103896104,2022,0.77,90,31.32611111111111,13.3,36.958,0,86,58,2023,0,1,0,0,0,0,0,upstate,8579.22077922078
36011,2024,Q1,1,8097,6094.0,5073.0,92.0,929.0,1,0.0,Cayuga County,43.008546,-76.574587,6100.0,6228.0,5772.0,5445.0,5886.25,1.0,76171.0,63227.0,13.458005883734101,4.915256462433209,20.04962518543803,2022,0.76171,90,33.29611111111111,12.872,37.398,0,77,63,2023,0,1,0,0,0,0,0,upstate,8000.420107389952
36013,2024,Q1,1,8097,14276.0,12807.0,112.0,1357.0,3,0.0,Chautauqua County,42.304216,-79.407595,14560.0,14849.0,14119.0,13478.0,14251.5,3.0,127440.0,54625.0,17.543158632949794,5.190677966101695,20.813716258631512,2022,1.2744,90,32.56944444444444,16.419,48.534,0,75,65,2023,0,1,0,0,0,0,0,upstate,11202.134337727559
36015,2024,Q1,1,8097,8216.0,6867.0,45.0,1304.0,2,0.0,Chemung County,42.148697,-76.752471,8445.0,8499.0,8375.0,7934.0,8313.25,2.0,83584.0,61358.0,15.177855711422847,5.221094946401225,19.592266462480858,2022,0.83584,90,33.89222222222222,9.109,27.365,0,75,55,2023,0,1,0,0,0,0,0,upstate,9829.632465543644
36017,2024,Q1,1,8097,4455.0,4188.0,15.0,252.0,1,0.0,Chenango County,42.478024,-75.602241,4832.0,4490.0,4449.0,3870.0,4410.25,1.0,47096.0,61741.0,12.424871362476757,5.10871411584848,21.324528622388314,2022,0.47096,90,30.888333333333332,10.895,40.54,0,81,53,2023,0,1,0,0,0,0,0,upstate,9459.402072362835
36019,2024,Q1,1,8097,9414.0,7901.0,88.0,1425.0,2,0.0,Clinton County,44.752712,-73.705643,9302.0,9832.0,8601.0,7593.0,8832.0,1.0,79839.0,67097.0,13.037564943013354,4.5040644296647,17.840904820952165,2022,0.79839,90,24.13222222222222,11.304,59.028,0,89,64,2023,0,1,0,0,0,0,0,upstate,11791.229850073272
36021,2024,Q1,1,8097,4827.0,4043.0,37.0,747.0,1,0.0,Columbia County,42.247696,-73.626718,5148.0,5559.0,5592.0,4971.0,5317.5,1.0,61469.0,81741.0,10.271938605271938,3.8263189575233043,24.770209373830713,2022,0.61469,90,34.42666666666667,10.538,38.862,0,71,50,2023,0,1,0,0,0,0,0,upstate,7852.73877889668
36023,2024,Q1,1,8097,6541.0,5579.0,76.0,886.0,1,0.0,Cortland County,42.594039,-76.07624,6686.0,6491.0,6195.0,5949.0,6330.25,1.0,46755.0,65029.0,12.915855805764062,4.752432894877553,16.49877018500695,2022,0.46755,90,30.69111111111111,12.107,43.133,0,82,57,2023,0,1,0,0,0,0,0,upstate,13989.947599187253
36025,2024,Q1,1,8097,4737.0,3284.0,0.0,45.0,4,1408.0,Delaware County,42.193986,-74.966728,4528.0,4827.0,4341.0,4077.0,4443.25,4.0,44637.0,58338.0,14.799924766069497,3.7480117391401753,25.203306673835606,2022,0.44637,90,30.750555555555557,10.719,41.396,0,84,54,2023,0,1,0,0,0,0,0,upstate,10612.272330129712
36027,2024,Q1,1,8097,27896.0,22967.0,243.0,4686.0,4,0.0,Dutchess County,41.754825,-73.740014,30093.0,30286.0,29263.0,28110.0,29438.0,3.0,296467.0,94578.0,8.5741961580221,4.510451416177855,18.39934967466868,2022,2.96467,90,35.943333333333335,11.432,32.135,0,63,41,2023,0,1,0,0,0,0,0,upstate,9409.478963931906
36029,2024,Q1,1,8097,90439.0,69875.0,888.0,16876.0,10,2800.0,Erie County,42.752759,-78.778192,92982.0,94205.0,91629.0,86485.0,91325.25,10.0,951232.0,68014.0,13.752107971229224,5.296394570409743,18.47046777232053,2022,9.51232,90,33.529444444444444,13.631,32.328,0,66,60,2023,0,1,0,0,0,0,0,upstate,9507.56492632712
36031,2024,Q1,1,8097,3572.0,3539.0,0.0,33.0,2,0.0,Essex County,44.109601,-73.778431,3704.0,4040.0,3599.0,3127.0,3617.5,3.0,37314.0,68090.0,10.426136363636363,3.9100605670793804,24.827142627432064,2022,0.37314,90,21.75722222222222,13.74,76.425,0,89,72,2023,0,1,0,0,0,0,0,upstate,9572.814493219703
36033,2024,Q1,1,8097,3415.0,3120.0,41.0,254.0,3,0.0,Franklin County,44.594376,-74.31067,6161.0,6982.0,6386.0,5666.0,6298.75,3.0,47459.0,60270.0,17.87550368208976,5.193956889104279,18.443287890600306,2022,0.47459,90,24.080555555555556,12.69,60.961,0,89,69,2023,0,1,0,0,0,0,0,upstate,7195.684696264145
36035,2024,Q1,1,8097,5228.0,4783.0,50.0,395.0,1,0.0,Fulton County,43.115609,-74.423678,5392.0,5483.0,5189.0,4509.0,5143.25,1.0,53280.0,60557.0,13.922888616891067,4.861111111111112,20.152027027027028,2022,0.5328,90,28.261111111111113,12.543,53.771,0,84,59,2023,0,1,0,0,0,0,0,upstate,9812.312312312313
36037,2024,Q1,1,8097,5867.0,4946.0,26.0,895.0,1,0.0,Genesee County,43.00091,-78.192778,5911.0,6557.0,5951.0,5597.0,6004.0,1.0,58204.0,68178.0,10.446978175713486,5.154284928870868,19.46773417634527,2022,0.58204,90,32.22888888888889,12.100999999999999,35.002,0,75,58,2023,0,1,0,0,0,0,0,upstate,10080.063225895128
36045,2024,Q1,1,8097,11840.0,10544.0,92.0,1204.0,3,0.0,Jefferson County,43.996389,-76.052968,14266.0,14682.0,14655.0,12855.0,14114.5,3.0,117445.0,62782.0,12.794721171642392,7.457959044659203,14.190472135893398,2022,1.17445,90,30.471666666666664,12.343,37.645,0,78,61,2023,0,1,0,0,0,0,0,upstate,10081.314657924986
36047,2024,Q1,1,8097,239109.0,143614.0,689.0,23626.0,15,71180.0,Kings County,40.635045,-73.95064,225963.0,211770.0,213330.0,205125.0,214047.0,15.0,2679620.0,74692.0,18.973719542225727,6.834028705562729,14.501459162120003,2022,26.7962,90,40.63777777777778,11.679,6.366,0,38,48,2023,0,1,0,0,0,1,0,nyc,8923.24284786649
36049,2024,Q1,1,8097,2619.0,2401.0,19.0,199.0,1,0.0,Lewis County,43.782706,-75.444132,2737.0,2861.0,2747.0,2515.0,2715.0,1.0,26690.0,64401.0,13.087895871958832,6.035968527538404,19.59160734357437,2022,0.2669,90,29.36277777777778,12.558,49.665,0,80,63,2023,0,1,0,0,0,0,0,upstate,9812.663919070814
36051,2024,Q1,1,8097,3547.0,3067.0,31.0,449.0,1,0.0,Livingston County,42.729042,-77.778463,3865.0,3811.0,3691.0,3313.0,3670.0,1.0,61980.0,70443.0,11.707377034786731,4.243304291707002,18.893191352049048,2022,0.6198,90,34.138888888888886,10.61,28.829,0,74,59,2023,0,1,0,0,0,0,0,upstate,5722.813810906744
36053,2024,Q1,1,8097,8867.0,5386.0,90.0,439.0,2,2952.0,Madison County,42.910026,-75.663575,8925.0,8942.0,8818.0,7873.0,8639.5,2.0,68020.0,68869.0,9.526168597682782,4.6721552484563365,19.14877977065569,2022,0.6802,90,29.662222222222223,12.352,50.217999999999996,0,82,64,2023,0,1,0,0,0,0,0,upstate,13035.871802411057
36055,2024,Q1,1,8097,73202.0,55713.0,761.0,16728.0,6,0.0,Monroe County,43.250347,-77.700518,75787.0,73982.0,74846.0,69817.0,73608.0,7.0,756406.0,71450.0,13.448219819421169,5.280497510596161,17.913263511923493,2022,7.56406,90,33.47666666666667,10.269,31.941,0,70,58,2023,0,1,0,0,0,0,0,upstate,9677.606999415659
36057,2024,Q1,1,8097,12723.0,9069.0,32.0,681.0,2,2941.0,Montgomery County,42.900891,-74.435357,11091.0,11351.0,11871.0,10400.0,11178.25,2.0,49624.0,58033.0,15.110829120530505,6.214734805739158,18.839674351120426,2022,0.49624,90,31.195,10.485,42.251000000000005,0,82,53,2023,0,1,0,0,0,0,0,upstate,25638.80380461067
36059,2024,Q1,1,8097,110406.0,67359.0,1084.0,26856.0,12,15107.0,Nassau County,40.729612,-73.589414,123061.0,121245.0,117720.0,113891.0,118979.25,12.0,1389160.0,137709.0,5.384797883018524,5.303780702006968,18.030680411183734,2022,13.8916,90,39.90555555555556,13.67,8.932,0,46,45,2023,0,1,0,0,0,0,1,downstate_non_nyc,7947.680612744392
36061,2024,Q1,1,8097,273656.0,208614.0,1125.0,36968.0,20,26949.0,New York County,40.776642,-73.970187,284241.0,266747.0,266211.0,260924.0,269530.75,22.0,1645867.0,99880.0,15.794948281994559,4.495563736316482,17.270897344682165,2022,16.45867,90,40.15555555555556,11.174,9.81,0,46,45,2023,0,1,0,0,0,1,0,nyc,16626.859886005368
36063,2024,Q1,1,8097,10201.0,9379.0,24.0,798.0,5,0.0,Niagara County,43.272672,-78.812943,9994.0,10620.0,9501.0,9186.0,9825.25,6.0,212230.0,65882.0,12.968903593948546,5.090703482071338,19.73896244640249,2022,2.1223,90,33.678888888888885,10.568,29.85,0,68,58,2023,0,1,0,0,0,0,0,upstate,4806.577769401121
36065,2024,Q1,1,8097,24350.0,20206.0,120.0,4024.0,3,0.0,Oneida County,43.242727,-75.434282,13722.0,27345.0,26019.0,24692.0,22944.5,4.0,231055.0,66402.0,14.433624990371241,5.507779533011621,19.168163424292917,2022,2.31055,90,30.138333333333332,13.732,41.148,0,84,59,2023,0,1,0,0,0,0,0,upstate,10538.616346757266
36067,2024,Q1,1,8097,55287.0,44014.0,532.0,10741.0,6,0.0,Onondaga County,43.006516,-76.196134,55443.0,54025.0,53731.0,47159.0,52589.5,6.0,472637.0,71479.0,13.905247816625177,5.507821012743395,17.845196207660425,2022,4.72637,90,32.18944444444445,13.624,47.016,0,78,62,2023,0,1,0,0,0,0,0,upstate,11697.56070726583
36069,2024,Q1,1,8097,15946.0,11341.0,149.0,1652.0,3,2804.0,Ontario County,42.856357,-77.303497,16521.0,17119.0,16252.0,14916.0,16202.0,3.0,112288.0,76603.0,9.004399783225711,4.6612282701624395,21.026289541179825,2022,1.12288,90,32.88388888888889,11.076,33.678,0,76,56,2023,0,1,0,0,0,0,0,upstate,14200.983186092906
36071,2024,Q1,1,8097,37037.0,25862.0,296.0,6316.0,4,4563.0,Orange County,41.40241,-74.306252,38846.0,39085.0,38857.0,35923.0,38177.75,4.0,401237.0,91806.0,13.014066988328912,6.608064560347127,14.135037396850242,2022,4.01237,90,37.66444444444445,9.936,22.405,0,59,46,2023,0,1,0,0,0,0,0,upstate,9230.704047732388
36075,2024,Q1,1,8097,5797.0,4814.0,36.0,947.0,2,0.0,Oswego County,43.461443,-76.209262,5986.0,6397.0,6153.0,5372.0,5977.0,2.0,118037.0,65054.0,17.12538226299694,5.3432398315782335,17.070918440827874,2022,1.18037,90,31.12611111111111,12.568999999999999,38.391,0,76,66,2023,0,1,0,0,0,0,0,upstate,4911.171920668943
36077,2024,Q1,1,8097,8882.0,3239.0,112.0,1253.0,2,4278.0,Otsego County,42.629776,-75.028841,9055.0,9412.0,9427.0,7878.0,8943.0,3.0,59678.0,65778.0,12.976791858847648,3.926069908508998,21.15017259291531,2022,0.59678,90,30.741666666666667,10.975999999999999,41.808,0,84,60,2023,0,1,0,0,0,0,0,upstate,14883.206541774189
36079,2024,Q1,1,8097,4794.0,4321.0,44.0,429.0,1,0.0,Putnam County,41.427907,-73.743861,5298.0,5512.0,5316.0,4932.0,5264.5,1.0,97942.0,120970.0,6.338224800670121,4.510832941945233,18.276122603173306,2022,0.97942,90,36.464999999999996,11.586,31.585,0,60,39,2023,0,1,0,0,0,0,0,upstate,4894.733617855466
36081,2024,Q1,1,8097,203168.0,128461.0,592.0,20557.0,10,53558.0,Queens County,40.654658,-73.841209,168828.0,158589.0,158405.0,152489.0,159577.75,10.0,2360826.0,82431.0,11.693377354626477,5.796403462178068,16.494184662486774,2022,23.60826,90,40.30888888888889,12.738,6.999,0,42,49,2023,0,1,0,0,0,1,0,nyc,8605.801528786958
36083,2024,Q1,1,8097,10744.0,9106.0,43.0,1595.0,1,0.0,Rensselaer County,42.710421,-73.513845,11004.0,11979.0,11352.0,11309.0,11411.0,1.0,160943.0,83734.0,11.46523498930109,4.938394338368242,17.634814810212312,2022,1.60943,90,30.96333333333333,11.368,50.299,0,78,58,2023,0,1,0,0,0,0,0,upstate,6675.655356244137
36085,2024,Q1,1,8097,38089.0,12257.0,91.0,2260.0,3,23481.0,Richmond County,40.561263,-74.1399,38183.0,35880.0,36101.0,36026.0,36547.5,3.0,492925.0,96185.0,10.363042662791152,5.501242582542983,16.5852817365725,2022,4.92925,90,40.672222222222224,11.05,5.979,0,34,44,2023,0,1,0,0,0,1,0,nyc,7727.139017091849
36087,2024,Q1,1,8097,22197.0,17439.0,133.0,4625.0,2,0.0,Rockland County,41.154628,-74.024662,22865.0,22220.0,22270.0,21910.0,22316.25,2.0,337326.0,106173.0,15.070998666522506,8.284863900203364,15.638581075873189,2022,3.37326,90,38.60166666666667,12.278,24.969,0,51,41,2023,0,1,0,0,0,0,1,downstate_non_nyc,6580.281389516373
36089,2024,Q1,1,8097,10159.0,5611.0,66.0,678.0,6,3804.0,St. Lawrence County,44.488112,-75.074311,13551.0,13385.0,13285.0,12108.0,13082.25,5.0,108670.0,58339.0,17.039497215267488,4.886353179350326,18.013251127266035,2022,1.0867,90,27.480555555555554,12.048,43.103,0,84,68,2023,0,1,0,0,0,0,0,upstate,9348.48624275329
36091,2024,Q1,1,8097,9341.0,7333.0,195.0,1813.0,1,0.0,Saratoga County,43.106135,-73.855387,9559.0,9940.0,9730.0,8778.0,9501.75,1.0,236328.0,97038.0,6.55053162925572,4.675281811719305,18.944856301411598,2022,2.36328,90,30.93388888888889,11.424,48.947,0,79,52,2023,0,1,0,0,0,0,0,upstate,3952.557462509732
36093,2024,Q1,1,8097,11009.0,9274.0,74.0,1661.0,2,0.0,Schenectady County,42.817552,-74.043559,11692.0,11415.0,10815.0,10424.0,11086.5,2.0,159447.0,75056.0,11.586977917007056,5.815725601610566,17.46724616957359,2022,1.59447,90,32.29388888888889,11.196,51.014,0,79,49,2023,0,1,0,0,0,0,0,upstate,6904.488638858053
36097,2024,Q1,1,8097,1952.0,1925.0,0.0,27.0,1,0.0,Schuyler County,42.419776,-76.938603,2008.0,2114.0,1914.0,1741.0,1944.25,1.0,17855.0,61316.0,15.754588715159755,4.805376645197423,22.06104732567908,2022,0.17855,90,33.343888888888884,9.676,34.01,0,78,54,2023,0,1,0,0,0,0,0,upstate,10932.511901428172
36101,2024,Q1,1,8097,11553.0,10333.0,89.0,1131.0,3,0.0,Steuben County,42.266725,-77.385525,12000.0,12058.0,11452.0,10563.0,11518.25,3.0,93584.0,62506.0,13.434551567075154,5.393015900153872,19.97136262608993,2022,0.93584,90,32.82722222222222,9.263,29.822,0,79,54,2023,0,1,0,0,0,0,0,upstate,12345.058984441785
36103,2024,Q1,1,8097,132528.0,73585.0,1576.0,21925.0,11,35442.0,Suffolk County,40.943554,-72.692218,115562.0,116506.0,111726.0,108272.0,113016.5,11.0,1524486.0,122498.0,6.493098326329121,5.21520040197155,17.27677394216805,2022,15.24486,90,40.291666666666664,12.538,10.443999999999999,0,34,49,2023,0,1,0,0,0,0,1,downstate_non_nyc,8693.29072224999
36105,2024,Q1,1,8097,6849.0,5320.0,17.0,549.0,2,963.0,Sullivan County,41.719993,-74.771577,7561.0,8583.0,7498.0,6605.0,7561.75,2.0,78725.0,67841.0,14.841733190357044,5.703397904096538,18.9279136233725,2022,0.78725,90,33.36555555555556,9.658,32.109,0,76,48,2023,0,1,0,0,0,0,0,upstate,8699.904731660845
36109,2024,Q1,1,8097,8021.0,7001.0,107.0,913.0,1,0.0,Tompkins County,42.453006,-76.473483,7830.0,8517.0,8284.0,7790.0,8105.25,2.0,102555.0,69995.0,16.03587565210533,3.6351226171322706,15.678416459460779,2022,1.02555,90,33.84444444444444,10.551,32.963,0,76,60,2023,0,1,0,0,0,0,0,upstate,7821.169128760178
36111,2024,Q1,1,8097,7707.0,6132.0,22.0,1553.0,2,0.0,Ulster County,41.947212,-74.265458,7748.0,8255.0,7578.0,6670.0,7562.75,2.0,182153.0,77197.0,14.710504809203496,4.274428639660066,20.460821397396696,2022,1.82153,90,35.39888888888889,11.915000000000001,47.73,0,68,45,2023,0,1,0,0,0,0,0,upstate,4231.05850576164
36113,2024,Q1,1,8097,10206.0,7709.0,92.0,2405.0,1,0.0,Warren County,43.555105,-73.838139,10520.0,11642.0,10725.0,10023.0,10727.5,1.0,65684.0,74531.0,8.6342567640401,4.2399975640947565,23.03452895682358,2022,0.65684,90,28.895555555555553,11.338000000000001,52.089,0,83,50,2023,0,1,0,0,0,0,0,upstate,15538.030570610803
36117,2024,Q1,1,8097,5477.0,4452.0,17.0,1008.0,1,0.0,Wayne County,43.218114,-77.049402,5655.0,5753.0,5721.0,5289.0,5604.5,1.0,91324.0,71007.0,11.014877495713733,5.370986816170996,19.71661337654943,2022,0.91324,90,32.62388888888889,11.54,36.68,0,78,62,2023,0,1,0,0,0,0,0,upstate,5997.3281941220275
36119,2024,Q1,1,8097,98667.0,64281.0,688.0,17173.0,13,16525.0,Westchester County,41.152686,-73.745753,102031.0,96003.0,95263.0,91281.0,96144.5,13.0,997904.0,114651.0,8.536952316620098,5.327265949430005,17.476129968413794,2022,9.97904,90,38.43555555555555,11.691,20.616,0,52,46,2023,0,1,0,0,0,0,1,downstate_non_nyc,9887.424040789494
36123,2024,Q1,1,8097,1967.0,1911.0,0.0,56.0,1,0.0,Yates County,42.638237,-77.104324,2048.0,2198.0,1981.0,1726.0,1988.25,1.0,24713.0,63974.0,14.220163997110932,5.988750859871323,21.482620483146523,2022,0.24713,90,33.120555555555555,10.537,34.833,0,79,57,2023,0,1,0,0,0,0,0,upstate,7959.373609031683
36001,2024,Q2,2,8098,38911.0,29518.0,332.0,9061.0,3,0.0,Albany County,42.58824,-73.97401,38862.0,40267.0,40256.0,41022.0,40101.75,3.0,315041.0,78829.0,12.546455379482902,4.763824391110998,17.508832183747515,2022,3.15041,91,57.1554945054945,11.246,0.0,0,7,48,2023,0,1,1,0,0,0,0,upstate,12351.090810402455
36003,2024,Q2,2,8098,4008.0,3716.0,22.0,270.0,2,0.0,Allegany County,42.247853,-78.026153,3763.0,6428.0,5809.0,5858.0,5464.5,2.0,47222.0,58725.0,17.052363670641466,4.997670577273305,19.329973317521496,2022,0.47222,91,54.565934065934066,8.231,2.866,0,14,46,2023,0,1,1,0,0,0,0,upstate,8487.569353267545
36005,2024,Q2,2,8098,194112.0,129553.0,328.0,22989.0,11,41242.0,Bronx County,40.848711,-73.852939,193741.0,195893.0,184352.0,187349.0,190333.75,11.0,1443229.0,47036.0,26.91498993322348,6.886640997374636,13.279043034750549,2022,14.43229,91,60.88021978021978,10.433,0.0,0,1,35,2023,0,1,1,0,0,1,0,nyc,13449.840600486827
36007,2024,Q2,2,8098,24306.0,20040.0,313.0,3953.0,3,0.0,Broome County,42.161977,-75.830283,24759.0,25216.0,25514.0,24431.0,24980.0,3.0,198365.0,58317.0,19.081221503552115,4.911148640133088,19.738361102008923,2022,1.98365,91,56.1934065934066,9.59,0.24900000000000003,0,10,46,2023,0,1,1,0,0,0,0,upstate,12253.169661986742
36009,2024,Q2,2,8098,6780.0,5532.0,52.0,1196.0,1,0.0,Cattaraugus County,42.239099,-78.662332,6606.0,6817.0,6945.0,6590.0,6739.5,1.0,77000.0,56889.0,17.423664377601973,5.497402597402598,19.93896103896104,2022,0.77,91,54.28956043956045,9.981,4.547000000000001,0,15,44,2023,0,1,1,0,0,0,0,upstate,8805.194805194806
36011,2024,Q2,2,8098,6235.0,5200.0,97.0,938.0,1,0.0,Cayuga County,43.008546,-76.574587,6094.0,6100.0,6228.0,5772.0,6048.5,1.0,76171.0,63227.0,13.458005883734101,4.915256462433209,20.04962518543803,2022,0.76171,91,57.674175824175826,12.979,0.443,0,6,43,2023,0,1,1,0,0,0,0,upstate,8185.529926087356
36013,2024,Q2,2,8098,14611.0,13108.0,136.0,1367.0,3,0.0,Chautauqua County,42.304216,-79.407595,14276.0,14560.0,14849.0,14119.0,14451.0,3.0,127440.0,54625.0,17.543158632949794,5.190677966101695,20.813716258631512,2022,1.2744,91,55.7032967032967,10.389,4.411,0,6,45,2023,0,1,1,0,0,0,0,upstate,11465.003138731952
36015,2024,Q2,2,8098,8266.0,6871.0,37.0,1358.0,2,0.0,Chemung County,42.148697,-76.752471,8216.0,8445.0,8499.0,8375.0,8383.75,2.0,83584.0,61358.0,15.177855711422847,5.221094946401225,19.592266462480858,2022,0.83584,91,56.2021978021978,8.983,0.331,0,10,42,2023,0,1,1,0,0,0,0,upstate,9889.452526799387
36017,2024,Q2,2,8098,4397.0,4181.0,23.0,193.0,1,0.0,Chenango County,42.478024,-75.602241,4455.0,4832.0,4490.0,4449.0,4556.5,1.0,47096.0,61741.0,12.424871362476757,5.10871411584848,21.324528622388314,2022,0.47096,91,55.08461538461538,11.906,0.635,0,11,46,2023,0,1,1,0,0,0,0,upstate,9336.249363003228
36019,2024,Q2,2,8098,9442.0,7866.0,81.0,1495.0,2,0.0,Clinton County,44.752712,-73.705643,9414.0,9302.0,9832.0,8601.0,9287.25,2.0,79839.0,67097.0,13.037564943013354,4.5040644296647,17.840904820952165,2022,0.79839,91,51.792307692307695,11.636,2.427,0,17,47,2023,0,1,1,0,0,0,0,upstate,11826.3004296146
36021,2024,Q2,2,8098,5220.0,4474.0,27.0,719.0,1,0.0,Columbia County,42.247696,-73.626718,4827.0,5148.0,5559.0,5592.0,5281.5,1.0,61469.0,81741.0,10.271938605271938,3.8263189575233043,24.770209373830713,2022,0.61469,91,58.37527472527472,11.863,0.0,0,4,47,2023,0,1,1,0,0,0,0,upstate,8492.085441442028
36023,2024,Q2,2,8098,6654.0,5688.0,82.0,884.0,1,0.0,Cortland County,42.594039,-76.07624,6541.0,6686.0,6491.0,6195.0,6478.25,1.0,46755.0,65029.0,12.915855805764062,4.752432894877553,16.49877018500695,2022,0.46755,91,54.934615384615384,13.081,1.24,0,13,48,2023,0,1,1,0,0,0,0,upstate,14231.6329804299
36025,2024,Q2,2,8098,5011.0,3312.0,0.0,41.0,4,1658.0,Delaware County,42.193986,-74.966728,4737.0,4528.0,4827.0,4341.0,4608.25,4.0,44637.0,58338.0,14.799924766069497,3.7480117391401753,25.203306673835606,2022,0.44637,91,53.99285714285715,8.975,0.991,0,12,47,2023,0,1,1,0,0,0,0,upstate,11226.11286600802
36027,2024,Q2,2,8098,26961.0,23807.0,239.0,2915.0,4,0.0,Dutchess County,41.754825,-73.740014,27896.0,30093.0,30286.0,29263.0,29384.5,4.0,296467.0,94578.0,8.5741961580221,4.510451416177855,18.39934967466868,2022,2.96467,91,58.44395604395604,9.758000000000001,0.0,2,4,44,2023,0,1,1,0,0,0,0,upstate,9094.098162696017
36029,2024,Q2,2,8098,91888.0,71191.0,977.0,16872.0,10,2848.0,Erie County,42.752759,-78.778192,90439.0,92982.0,94205.0,91629.0,92313.75,10.0,951232.0,68014.0,13.752107971229224,5.296394570409743,18.47046777232053,2022,9.51232,91,56.55714285714286,12.309,1.2690000000000001,0,3,41,2023,0,1,1,0,0,0,0,upstate,9659.893695754557
36031,2024,Q2,2,8098,3727.0,3708.0,0.0,19.0,2,0.0,Essex County,44.109601,-73.778431,3572.0,3704.0,4040.0,3599.0,3728.75,2.0,37314.0,68090.0,10.426136363636363,3.9100605670793804,24.827142627432064,2022,0.37314,91,48.22197802197802,13.937,7.632,0,23,53,2023,0,1,1,0,0,0,0,upstate,9988.208179235677
36033,2024,Q2,2,8098,3449.0,3202.0,46.0,201.0,3,0.0,Franklin County,44.594376,-74.31067,3415.0,6161.0,6982.0,6386.0,5736.0,3.0,47459.0,60270.0,17.87550368208976,5.193956889104279,18.443287890600306,2022,0.47459,91,51.78626373626374,11.019,2.178,0,17,50,2023,0,1,1,0,0,0,0,upstate,7267.325480941445
36035,2024,Q2,2,8098,5477.0,5010.0,52.0,415.0,1,0.0,Fulton County,43.115609,-74.423678,5228.0,5392.0,5483.0,5189.0,5323.0,1.0,53280.0,60557.0,13.922888616891067,4.861111111111112,20.152027027027028,2022,0.5328,91,54.88241758241758,12.761,0.7170000000000001,1,8,53,2023,0,1,1,0,0,0,0,upstate,10279.654654654654
36037,2024,Q2,2,8098,6276.0,5355.0,29.0,892.0,1,0.0,Genesee County,43.00091,-78.192778,5867.0,5911.0,6557.0,5951.0,6071.5,1.0,58204.0,68178.0,10.446978175713486,5.154284928870868,19.46773417634527,2022,0.58204,91,56.759340659340666,10.568,1.571,0,8,40,2023,0,1,1,0,0,0,0,upstate,10782.764071197857
36045,2024,Q2,2,8098,12228.0,10823.0,105.0,1300.0,3,0.0,Jefferson County,43.996389,-76.052968,11840.0,14266.0,14682.0,14655.0,13860.75,3.0,117445.0,62782.0,12.794721171642392,7.457959044659203,14.190472135893398,2022,1.17445,91,55.51648351648352,12.564,0.221,0,5,43,2023,0,1,1,0,0,0,0,upstate,10411.682063944825
36047,2024,Q2,2,8098,238415.0,144752.0,762.0,24386.0,15,68515.0,Kings County,40.635045,-73.95064,239109.0,225963.0,211770.0,213330.0,222543.0,15.0,2679620.0,74692.0,18.973719542225727,6.834028705562729,14.501459162120003,2022,26.7962,91,60.67967032967034,10.344,0.0,0,1,35,2023,0,1,1,0,0,1,0,nyc,8897.34365320456
36049,2024,Q2,2,8098,2936.0,2698.0,27.0,211.0,1,0.0,Lewis County,43.782706,-75.444132,2619.0,2737.0,2861.0,2747.0,2741.0,1.0,26690.0,64401.0,13.087895871958832,6.035968527538404,19.59160734357437,2022,0.2669,91,56.174175824175826,12.667,1.322,1,8,49,2023,0,1,1,0,0,0,0,upstate,11000.374672161859
36051,2024,Q2,2,8098,3872.0,3382.0,41.0,449.0,1,0.0,Livingston County,42.729042,-77.778463,3547.0,3865.0,3811.0,3691.0,3728.5,1.0,61980.0,70443.0,11.707377034786731,4.243304291707002,18.893191352049048,2022,0.6198,91,57.22417582417582,7.953,0.608,0,9,41,2023,0,1,1,0,0,0,0,upstate,6247.176508551146
36053,2024,Q2,2,8098,9123.0,5697.0,60.0,457.0,2,2909.0,Madison County,42.910026,-75.663575,8867.0,8925.0,8942.0,8818.0,8888.0,2.0,68020.0,68869.0,9.526168597682782,4.6721552484563365,19.14877977065569,2022,0.6802,91,54.994505494505496,12.793,2.067,0,10,50,2023,0,1,1,0,0,0,0,upstate,13412.231696559835
36055,2024,Q2,2,8098,75234.0,57726.0,797.0,16711.0,6,0.0,Monroe County,43.250347,-77.700518,73202.0,75787.0,73982.0,74846.0,74454.25,6.0,756406.0,71450.0,13.448219819421169,5.280497510596161,17.913263511923493,2022,7.56406,91,55.82692307692308,9.408,1.075,0,5,41,2023,0,1,1,0,0,0,0,upstate,9946.24579921365
36057,2024,Q2,2,8098,12129.0,8624.0,19.0,729.0,2,2757.0,Montgomery County,42.900891,-74.435357,12723.0,11091.0,11351.0,11871.0,11759.0,2.0,49624.0,58033.0,15.110829120530505,6.214734805739158,18.839674351120426,2022,0.49624,91,56.637362637362635,10.487,0.083,1,9,49,2023,0,1,1,0,0,0,0,upstate,24441.802353699823
36059,2024,Q2,2,8098,113520.0,69482.0,1103.0,26944.0,12,15991.0,Nassau County,40.729612,-73.589414,110406.0,123061.0,121245.0,117720.0,118108.0,12.0,1389160.0,137709.0,5.384797883018524,5.303780702006968,18.030680411183734,2022,13.8916,91,59.75879120879121,11.506,0.0,0,1,39,2023,0,1,1,0,0,0,1,downstate_non_nyc,8171.844855884132
36061,2024,Q2,2,8098,276008.0,212005.0,1290.0,35941.0,20,26772.0,New York County,40.776642,-73.970187,273656.0,284241.0,266747.0,266211.0,272713.75,20.0,1645867.0,99880.0,15.794948281994559,4.495563736316482,17.270897344682165,2022,16.45867,91,61.22472527472527,11.005,0.0,0,1,39,2023,0,1,1,0,0,1,0,nyc,16769.763291930638
36063,2024,Q2,2,8098,10333.0,9480.0,23.0,830.0,5,0.0,Niagara County,43.272672,-78.812943,10201.0,9994.0,10620.0,9501.0,10079.0,5.0,212230.0,65882.0,12.968903593948546,5.090703482071338,19.73896244640249,2022,2.1223,91,57.10164835164835,10.286,0.441,0,3,41,2023,0,1,1,0,0,0,0,upstate,4868.774442821467
36065,2024,Q2,2,8098,24805.0,20512.0,135.0,4158.0,3,0.0,Oneida County,43.242727,-75.434282,24350.0,13722.0,27345.0,26019.0,22859.0,3.0,231055.0,66402.0,14.433624990371241,5.507779533011621,19.168163424292917,2022,2.31055,91,56.69615384615385,15.507,1.047,1,7,49,2023,0,1,1,0,0,0,0,upstate,10735.53915734349
36067,2024,Q2,2,8098,55859.0,44480.0,586.0,10793.0,6,0.0,Onondaga County,43.006516,-76.196134,55287.0,55443.0,54025.0,53731.0,54621.5,6.0,472637.0,71479.0,13.905247816625177,5.507821012743395,17.845196207660425,2022,4.72637,91,57.10164835164835,14.373000000000001,0.9100000000000001,0,7,47,2023,0,1,1,0,0,0,0,upstate,11818.58381802525
36069,2024,Q2,2,8098,16836.0,11985.0,144.0,1599.0,3,3108.0,Ontario County,42.856357,-77.303497,15946.0,16521.0,17119.0,16252.0,16459.5,3.0,112288.0,76603.0,9.004399783225711,4.6612282701624395,21.026289541179825,2022,1.12288,91,57.05879120879121,9.34,1.075,0,6,40,2023,0,1,1,0,0,0,0,upstate,14993.58791678541
36071,2024,Q2,2,8098,38748.0,27291.0,360.0,6469.0,4,4628.0,Orange County,41.40241,-74.306252,37037.0,38846.0,39085.0,38857.0,38456.25,4.0,401237.0,91806.0,13.014066988328912,6.608064560347127,14.135037396850242,2022,4.01237,91,59.720879120879125,9.981,0.0,2,4,41,2023,0,1,1,0,0,0,0,upstate,9657.13530905674
36075,2024,Q2,2,8098,6167.0,5184.0,30.0,953.0,2,0.0,Oswego County,43.461443,-76.209262,5797.0,5986.0,6397.0,6153.0,6083.25,2.0,118037.0,65054.0,17.12538226299694,5.3432398315782335,17.070918440827874,2022,1.18037,91,55.907692307692315,13.357,0.46900000000000003,0,6,44,2023,0,1,1,0,0,0,0,upstate,5224.632954073722
36077,2024,Q2,2,8098,9662.0,3765.0,167.0,1256.0,2,4474.0,Otsego County,42.629776,-75.028841,8882.0,9055.0,9412.0,9427.0,9194.0,2.0,59678.0,65778.0,12.976791858847648,3.926069908508998,21.15017259291531,2022,0.59678,91,54.86428571428571,9.051,0.771,0,11,49,2023,0,1,1,0,0,0,0,upstate,16190.220851905224
36079,2024,Q2,2,8098,4910.0,4665.0,40.0,205.0,1,0.0,Putnam County,41.427907,-73.743861,4794.0,5298.0,5512.0,5316.0,5230.0,1.0,97942.0,120970.0,6.338224800670121,4.510832941945233,18.276122603173306,2022,0.97942,91,58.497252747252745,10.628,0.0,1,2,40,2023,0,1,1,0,0,0,0,upstate,5013.171060423516
36081,2024,Q2,2,8098,198334.0,127738.0,575.0,20043.0,10,49978.0,Queens County,40.654658,-73.841209,203168.0,168828.0,158589.0,158405.0,172247.5,10.0,2360826.0,82431.0,11.693377354626477,5.796403462178068,16.494184662486774,2022,23.60826,91,59.823626373626375,10.662,0.0,0,1,33,2023,0,1,1,0,0,1,0,nyc,8401.042685907389
36083,2024,Q2,2,8098,10206.0,8640.0,20.0,1546.0,1,0.0,Rensselaer County,42.710421,-73.513845,10744.0,11004.0,11979.0,11352.0,11269.75,1.0,160943.0,83734.0,11.46523498930109,4.938394338368242,17.634814810212312,2022,1.60943,91,55.94230769230769,12.25,0.221,0,8,50,2023,0,1,1,0,0,0,0,upstate,6341.375518040549
36085,2024,Q2,2,8098,38564.0,12172.0,85.0,2319.0,3,23988.0,Richmond County,40.561263,-74.1399,38089.0,38183.0,35880.0,36101.0,37063.25,3.0,492925.0,96185.0,10.363042662791152,5.501242582542983,16.5852817365725,2022,4.92925,91,60.63791208791209,10.785,0.0,0,0,38,2023,0,1,1,0,0,1,0,nyc,7823.502561241568
36087,2024,Q2,2,8098,22828.0,18341.0,153.0,4334.0,2,0.0,Rockland County,41.154628,-74.024662,22197.0,22865.0,22220.0,22270.0,22388.0,2.0,337326.0,106173.0,15.070998666522506,8.284863900203364,15.638581075873189,2022,3.37326,91,60.208241758241755,11.561,0.0,1,1,41,2023,0,1,1,0,0,0,1,downstate_non_nyc,6767.3407919935025
36089,2024,Q2,2,8098,9905.0,5373.0,77.0,726.0,6,3729.0,St. Lawrence County,44.488112,-75.074311,10159.0,13551.0,13385.0,13285.0,12595.0,6.0,108670.0,58339.0,17.039497215267488,4.886353179350326,18.013251127266035,2022,1.0867,91,55.16648351648351,13.411999999999999,0.994,1,11,43,2023,0,1,1,0,0,0,0,upstate,9114.751081255175
36091,2024,Q2,2,8098,10027.0,8015.0,223.0,1789.0,1,0.0,Saratoga County,43.106135,-73.855387,9341.0,9559.0,9940.0,9730.0,9642.5,1.0,236328.0,97038.0,6.55053162925572,4.675281811719305,18.944856301411598,2022,2.36328,91,57.63131868131868,11.232000000000001,0.9640000000000001,1,7,48,2023,0,1,1,0,0,0,0,upstate,4242.831996208659
36093,2024,Q2,2,8098,12087.0,9983.0,51.0,2053.0,2,0.0,Schenectady County,42.817552,-74.043559,11009.0,11692.0,11415.0,10815.0,11232.75,2.0,159447.0,75056.0,11.586977917007056,5.815725601610566,17.46724616957359,2022,1.59447,91,57.619230769230775,9.646,0.0,1,5,45,2023,0,1,1,0,0,0,0,upstate,7580.575363600445
36097,2024,Q2,2,8098,1990.0,1973.0,0.0,17.0,1,0.0,Schuyler County,42.419776,-76.938603,1952.0,2008.0,2114.0,1914.0,1997.0,1.0,17855.0,61316.0,15.754588715159755,4.805376645197423,22.06104732567908,2022,0.17855,91,56.18626373626373,9.587,1.323,0,7,43,2023,0,1,1,0,0,0,0,upstate,11145.337440492858
36101,2024,Q2,2,8098,12077.0,10798.0,108.0,1171.0,3,0.0,Steuben County,42.266725,-77.385525,11553.0,12000.0,12058.0,11452.0,11765.75,3.0,93584.0,62506.0,13.434551567075154,5.393015900153872,19.97136262608993,2022,0.93584,91,55.62582417582417,8.799,1.5430000000000001,0,9,44,2023,0,1,1,0,0,0,0,upstate,12904.983757907334
36103,2024,Q2,2,8098,136636.0,75923.0,1653.0,22371.0,11,36689.0,Suffolk County,40.943554,-72.692218,132528.0,115562.0,116506.0,111726.0,119080.5,11.0,1524486.0,122498.0,6.493098326329121,5.21520040197155,17.27677394216805,2022,15.24486,91,59.957692307692305,10.0,0.0,0,1,38,2023,0,1,1,0,0,0,1,downstate_non_nyc,8962.758595356074
36105,2024,Q2,2,8098,7619.0,5930.0,15.0,576.0,2,1098.0,Sullivan County,41.719993,-74.771577,6849.0,7561.0,8583.0,7498.0,7622.75,2.0,78725.0,67841.0,14.841733190357044,5.703397904096538,18.9279136233725,2022,0.78725,91,56.16868131868132,11.033,0.441,0,8,41,2023,0,1,1,0,0,0,0,upstate,9677.993013655128
36109,2024,Q2,2,8098,8130.0,7196.0,95.0,839.0,1,0.0,Tompkins County,42.453006,-76.473483,8021.0,7830.0,8517.0,8284.0,8163.0,1.0,102555.0,69995.0,16.03587565210533,3.6351226171322706,15.678416459460779,2022,1.02555,91,56.45439560439561,10.501999999999999,0.909,0,10,43,2023,0,1,1,0,0,0,0,upstate,7927.453561503584
36111,2024,Q2,2,8098,8270.0,6797.0,44.0,1429.0,2,0.0,Ulster County,41.947212,-74.265458,7707.0,7748.0,8255.0,7578.0,7822.0,2.0,182153.0,77197.0,14.710504809203496,4.274428639660066,20.460821397396696,2022,1.82153,91,58.30329670329671,12.719000000000001,1.075,0,5,42,2023,0,1,1,0,0,0,0,upstate,4540.139333417512
36113,2024,Q2,2,8098,10574.0,8058.0,86.0,2430.0,1,0.0,Warren County,43.555105,-73.838139,10206.0,10520.0,11642.0,10725.0,10773.25,1.0,65684.0,74531.0,8.6342567640401,4.2399975640947565,23.03452895682358,2022,0.65684,91,55.97472527472527,10.859,0.0,1,10,45,2023,0,1,1,0,0,0,0,upstate,16098.288776566591
36117,2024,Q2,2,8098,5709.0,4674.0,33.0,1002.0,1,0.0,Wayne County,43.218114,-77.049402,5477.0,5655.0,5753.0,5721.0,5651.5,1.0,91324.0,71007.0,11.014877495713733,5.370986816170996,19.71661337654943,2022,0.91324,91,56.73186813186813,11.842,0.5800000000000001,0,7,41,2023,0,1,1,0,0,0,0,upstate,6251.368753011257
36119,2024,Q2,2,8098,99394.0,65284.0,689.0,17434.0,13,15987.0,Westchester County,41.152686,-73.745753,98667.0,102031.0,96003.0,95263.0,97991.0,13.0,997904.0,114651.0,8.536952316620098,5.327265949430005,17.476129968413794,2022,9.97904,91,59.74285714285715,10.013,0.0,1,1,40,2023,0,1,1,0,0,0,1,downstate_non_nyc,9960.276740047138
36123,2024,Q2,2,8098,2078.0,2023.0,0.0,55.0,1,0.0,Yates County,42.638237,-77.104324,1967.0,2048.0,2198.0,1981.0,2048.5,1.0,24713.0,63974.0,14.220163997110932,5.988750859871323,21.482620483146523,2022,0.24713,91,56.746703296703295,10.473,0.91,0,7,41,2023,0,1,1,0,0,0,0,upstate,8408.529923522034
36001,2024,Q3,3,8099,39375.0,29852.0,337.0,9186.0,3,0.0,Albany County,42.58824,-73.97401,38911.0,38862.0,40267.0,40256.0,39574.0,3.0,315041.0,78829.0,12.546455379482902,4.763824391110998,17.508832183747515,2022,3.15041,92,67.7663043478261,18.405,0.0,0,0,59,2023,0,1,0,1,0,0,0,upstate,12498.373227611644
36003,2024,Q3,3,8099,3835.0,3564.0,20.0,251.0,2,0.0,Allegany County,42.247853,-78.026153,4008.0,3763.0,6428.0,5809.0,5002.0,2.0,47222.0,58725.0,17.052363670641466,4.997670577273305,19.329973317521496,2022,0.47222,92,65.2858695652174,10.158,0.0,0,0,58,2023,0,1,0,1,0,0,0,upstate,8121.21468806912
36005,2024,Q3,3,8099,189769.0,126274.0,376.0,23608.0,11,39511.0,Bronx County,40.848711,-73.852939,194112.0,193741.0,195893.0,184352.0,192024.5,11.0,1443229.0,47036.0,26.91498993322348,6.886640997374636,13.279043034750549,2022,14.43229,92,72.72934782608696,22.278,0.0,8,0,54,2023,0,1,0,1,0,1,0,nyc,13148.918155053701
36007,2024,Q3,3,8099,27156.0,22134.0,402.0,4620.0,3,0.0,Broome County,42.161977,-75.830283,24306.0,24759.0,25216.0,25514.0,24948.75,3.0,198365.0,58317.0,19.081221503552115,4.911148640133088,19.738361102008923,2022,1.98365,92,66.68641304347825,16.692,0.0,0,0,53,2023,0,1,0,1,0,0,0,upstate,13689.91505557936
36009,2024,Q3,3,8099,6894.0,5726.0,45.0,1123.0,1,0.0,Cattaraugus County,42.239099,-78.662332,6780.0,6606.0,6817.0,6945.0,6787.0,1.0,77000.0,56889.0,17.423664377601973,5.497402597402598,19.93896103896104,2022,0.77,92,64.61847826086957,11.399000000000001,0.0,0,0,57,2023,0,1,0,1,0,0,0,upstate,8953.246753246753
36011,2024,Q3,3,8099,6391.0,5334.0,56.0,1001.0,1,0.0,Cayuga County,43.008546,-76.574587,6235.0,6094.0,6100.0,6228.0,6164.25,1.0,76171.0,63227.0,13.458005883734101,4.915256462433209,20.04962518543803,2022,0.76171,92,69.03097826086957,13.318999999999999,0.0,2,0,54,2023,0,1,0,1,0,0,0,upstate,8390.33227868874
36013,2024,Q3,3,8099,14932.0,13449.0,110.0,1373.0,3,0.0,Chautauqua County,42.304216,-79.407595,14611.0,14276.0,14560.0,14849.0,14574.0,3.0,127440.0,54625.0,17.543158632949794,5.190677966101695,20.813716258631512,2022,1.2744,92,66.35380434782608,15.256,0.0,0,0,61,2023,0,1,0,1,0,0,0,upstate,11716.886377903327
36015,2024,Q3,3,8099,8374.0,7011.0,65.0,1298.0,2,0.0,Chemung County,42.148697,-76.752471,8266.0,8216.0,8445.0,8499.0,8356.5,2.0,83584.0,61358.0,15.177855711422847,5.221094946401225,19.592266462480858,2022,0.83584,92,67.19021739130434,17.205000000000002,0.0,1,0,56,2023,0,1,0,1,0,0,0,upstate,10018.663859111792
36017,2024,Q3,3,8099,4473.0,4272.0,25.0,176.0,1,0.0,Chenango County,42.478024,-75.602241,4397.0,4455.0,4832.0,4490.0,4543.5,1.0,47096.0,61741.0,12.424871362476757,5.10871411584848,21.324528622388314,2022,0.47096,92,65.51032608695652,19.332,0.0,0,0,58,2023,0,1,0,1,0,0,0,upstate,9497.621878715814
36019,2024,Q3,3,8099,10001.0,8417.0,80.0,1504.0,2,0.0,Clinton County,44.752712,-73.705643,9442.0,9414.0,9302.0,9832.0,9497.5,2.0,79839.0,67097.0,13.037564943013354,4.5040644296647,17.840904820952165,2022,0.79839,92,63.78478260869565,14.91,0.0,0,0,58,2023,0,1,0,1,0,0,0,upstate,12526.459499743234
36021,2024,Q3,3,8099,5347.0,4598.0,29.0,720.0,1,0.0,Columbia County,42.247696,-73.626718,5220.0,4827.0,5148.0,5559.0,5188.5,1.0,61469.0,81741.0,10.271938605271938,3.8263189575233043,24.770209373830713,2022,0.61469,92,69.39782608695653,18.794,0.0,1,0,54,2023,0,1,0,1,0,0,0,upstate,8698.693650457955
36023,2024,Q3,3,8099,6895.0,5953.0,76.0,866.0,1,0.0,Cortland County,42.594039,-76.07624,6654.0,6541.0,6686.0,6491.0,6593.0,1.0,46755.0,65029.0,12.915855805764062,4.752432894877553,16.49877018500695,2022,0.46755,92,65.61032608695652,17.757,0.0,0,0,59,2023,0,1,0,1,0,0,0,upstate,14747.085873168644
36025,2024,Q3,3,8099,5070.0,3377.0,0.0,46.0,4,1647.0,Delaware County,42.193986,-74.966728,5011.0,4737.0,4528.0,4827.0,4775.75,4.0,44637.0,58338.0,14.799924766069497,3.7480117391401753,25.203306673835606,2022,0.44637,92,64.56630434782609,19.18,0.0,0,0,59,2023,0,1,0,1,0,0,0,upstate,11358.290207675247
36027,2024,Q3,3,8099,26739.0,20922.0,261.0,5556.0,4,0.0,Dutchess County,41.754825,-73.740014,26961.0,27896.0,30093.0,30286.0,28809.0,4.0,296467.0,94578.0,8.5741961580221,4.510451416177855,18.39934967466868,2022,2.96467,92,69.44076086956522,24.801,0.0,1,0,54,2023,0,1,0,1,0,0,0,upstate,9019.216304006854
36029,2024,Q3,3,8099,92004.0,71568.0,974.0,16512.0,10,2950.0,Erie County,42.752759,-78.778192,91888.0,90439.0,92982.0,94205.0,92378.5,10.0,951232.0,68014.0,13.752107971229224,5.296394570409743,18.47046777232053,2022,9.51232,92,68.04456521739131,10.746,0.0,0,0,53,2023,0,1,0,1,0,0,0,upstate,9672.088407454752
36031,2024,Q3,3,8099,4600.0,4564.0,0.0,36.0,2,0.0,Essex County,44.109601,-73.778431,3727.0,3572.0,3704.0,4040.0,3760.75,2.0,37314.0,68090.0,10.426136363636363,3.9100605670793804,24.827142627432064,2022,0.37314,92,60.26304347826087,18.064,0.0,0,0,63,2023,0,1,0,1,0,0,0,upstate,12327.812617248219
36033,2024,Q3,3,8099,4085.0,3790.0,57.0,238.0,3,0.0,Franklin County,44.594376,-74.31067,3449.0,3415.0,6161.0,6982.0,5001.75,3.0,47459.0,60270.0,17.87550368208976,5.193956889104279,18.443287890600306,2022,0.47459,92,63.104891304347824,14.107,0.0,0,0,65,2023,0,1,0,1,0,0,0,upstate,8607.429570787417
36035,2024,Q3,3,8099,5612.0,5162.0,39.0,411.0,1,0.0,Fulton County,43.115609,-74.423678,5477.0,5228.0,5392.0,5483.0,5395.0,1.0,53280.0,60557.0,13.922888616891067,4.861111111111112,20.152027027027028,2022,0.5328,92,65.19184782608696,18.976,0.0,0,0,66,2023,0,1,0,1,0,0,0,upstate,10533.033033033033
36037,2024,Q3,3,8099,6657.0,5683.0,34.0,940.0,1,0.0,Genesee County,43.00091,-78.192778,6276.0,5867.0,5911.0,6557.0,6152.75,1.0,58204.0,68178.0,10.446978175713486,5.154284928870868,19.46773417634527,2022,0.58204,92,67.94347826086957,10.658999999999999,0.0,0,0,47,2023,0,1,0,1,0,0,0,upstate,11437.358257164457
36045,2024,Q3,3,8099,12287.0,10900.0,92.0,1295.0,3,0.0,Jefferson County,43.996389,-76.052968,12228.0,11840.0,14266.0,14682.0,13254.0,3.0,117445.0,62782.0,12.794721171642392,7.457959044659203,14.190472135893398,2022,1.17445,92,68.1179347826087,14.068,0.0,0,0,52,2023,0,1,0,1,0,0,0,upstate,10461.918344757121
36047,2024,Q3,3,8099,234515.0,143144.0,805.0,24388.0,15,66178.0,Kings County,40.635045,-73.95064,238415.0,239109.0,225963.0,211770.0,228814.25,15.0,2679620.0,74692.0,18.973719542225727,6.834028705562729,14.501459162120003,2022,26.7962,92,72.92717391304348,20.628,0.0,8,0,57,2023,0,1,0,1,0,1,0,nyc,8751.800628447318
36049,2024,Q3,3,8099,3122.0,2881.0,33.0,208.0,1,0.0,Lewis County,43.782706,-75.444132,2936.0,2619.0,2737.0,2861.0,2788.25,1.0,26690.0,64401.0,13.087895871958832,6.035968527538404,19.59160734357437,2022,0.2669,92,66.67934782608695,12.244,0.0,0,0,55,2023,0,1,0,1,0,0,0,upstate,11697.264893218435
36051,2024,Q3,3,8099,3944.0,3512.0,27.0,405.0,1,0.0,Livingston County,42.729042,-77.778463,3872.0,3547.0,3865.0,3811.0,3773.75,1.0,61980.0,70443.0,11.707377034786731,4.243304291707002,18.893191352049048,2022,0.6198,92,68.5875,10.427,0.0,3,0,58,2023,0,1,0,1,0,0,0,upstate,6363.343013875445
36053,2024,Q3,3,8099,9332.0,5782.0,47.0,402.0,2,3101.0,Madison County,42.910026,-75.663575,9123.0,8867.0,8925.0,8942.0,8964.25,2.0,68020.0,68869.0,9.526168597682782,4.6721552484563365,19.14877977065569,2022,0.6802,92,65.68260869565218,16.957,0.0,0,0,62,2023,0,1,0,1,0,0,0,upstate,13719.494266392237
36055,2024,Q3,3,8099,75272.0,57426.0,848.0,16998.0,6,0.0,Monroe County,43.250347,-77.700518,75234.0,73202.0,75787.0,73982.0,74551.25,6.0,756406.0,71450.0,13.448219819421169,5.280497510596161,17.913263511923493,2022,7.56406,92,68.89728260869565,12.609,0.0,0,0,50,2023,0,1,0,1,0,0,0,upstate,9951.269556296487
36057,2024,Q3,3,8099,12658.0,9167.0,23.0,697.0,2,2771.0,Montgomery County,42.900891,-74.435357,12129.0,12723.0,11091.0,11351.0,11823.5,2.0,49624.0,58033.0,15.110829120530505,6.214734805739158,18.839674351120426,2022,0.49624,92,67.20815217391304,17.977,0.0,0,0,55,2023,0,1,0,1,0,0,0,upstate,25507.818797356118
36059,2024,Q3,3,8099,119455.0,72209.0,1025.0,27474.0,12,18747.0,Nassau County,40.729612,-73.589414,113520.0,110406.0,123061.0,121245.0,117058.0,12.0,1389160.0,137709.0,5.384797883018524,5.303780702006968,18.030680411183734,2022,13.8916,92,72.09619565217392,23.894,0.0,4,0,55,2023,0,1,0,1,0,0,1,downstate_non_nyc,8599.081459299145
36061,2024,Q3,3,8099,276968.0,208002.0,1331.0,41075.0,20,26560.0,New York County,40.776642,-73.970187,276008.0,273656.0,284241.0,266747.0,275163.0,20.0,1645867.0,99880.0,15.794948281994559,4.495563736316482,17.270897344682165,2022,16.45867,92,73.05163043478261,21.629,0.0,8,0,49,2023,0,1,0,1,0,1,0,nyc,16828.09121271646
36063,2024,Q3,3,8099,10532.0,9747.0,24.0,761.0,5,0.0,Niagara County,43.272672,-78.812943,10333.0,10201.0,9994.0,10620.0,10287.0,5.0,212230.0,65882.0,12.968903593948546,5.090703482071338,19.73896244640249,2022,2.1223,92,69.53478260869565,11.017,0.0,0,0,50,2023,0,1,0,1,0,0,0,upstate,4962.540639871838
36065,2024,Q3,3,8099,25674.0,21008.0,143.0,4523.0,3,0.0,Oneida County,43.242727,-75.434282,24805.0,24350.0,13722.0,27345.0,22555.5,3.0,231055.0,66402.0,14.433624990371241,5.507779533011621,19.168163424292917,2022,2.31055,92,67.21304347826087,17.075,0.0,0,0,58,2023,0,1,0,1,0,0,0,upstate,11111.640085693884
36067,2024,Q3,3,8099,56174.0,44731.0,582.0,10861.0,6,0.0,Onondaga County,43.006516,-76.196134,55859.0,55287.0,55443.0,54025.0,55153.5,6.0,472637.0,71479.0,13.905247816625177,5.507821012743395,17.845196207660425,2022,4.72637,92,68.15,14.914,0.0,0,0,59,2023,0,1,0,1,0,0,0,upstate,11885.231160488916
36069,2024,Q3,3,8099,17252.0,12248.0,192.0,1654.0,3,3158.0,Ontario County,42.856357,-77.303497,16836.0,15946.0,16521.0,17119.0,16605.5,3.0,112288.0,76603.0,9.004399783225711,4.6612282701624395,21.026289541179825,2022,1.12288,92,68.79782608695652,11.955,0.0,2,0,53,2023,0,1,0,1,0,0,0,upstate,15364.06383585067
36071,2024,Q3,3,8099,39474.0,27922.0,352.0,6241.0,4,4959.0,Orange County,41.40241,-74.306252,38748.0,37037.0,38846.0,39085.0,38429.0,4.0,401237.0,91806.0,13.014066988328912,6.608064560347127,14.135037396850242,2022,4.01237,92,70.24076086956521,18.701,0.0,5,0,54,2023,0,1,0,1,0,0,0,upstate,9838.075750740834
36075,2024,Q3,3,8099,6271.0,5331.0,28.0,912.0,2,0.0,Oswego County,43.461443,-76.209262,6167.0,5797.0,5986.0,6397.0,6086.75,2.0,118037.0,65054.0,17.12538226299694,5.3432398315782335,17.070918440827874,2022,1.18037,92,67.83478260869565,12.582,0.0,1,0,55,2023,0,1,0,1,0,0,0,upstate,5312.7409202199315
36077,2024,Q3,3,8099,9830.0,3781.0,121.0,1295.0,2,4633.0,Otsego County,42.629776,-75.028841,9662.0,8882.0,9055.0,9412.0,9252.75,2.0,59678.0,65778.0,12.976791858847648,3.926069908508998,21.15017259291531,2022,0.59678,92,65.56630434782609,17.091,0.0,0,0,59,2023,0,1,0,1,0,0,0,upstate,16471.731626394987
36079,2024,Q3,3,8099,5469.0,4834.0,37.0,598.0,1,0.0,Putnam County,41.427907,-73.743861,4910.0,4794.0,5298.0,5512.0,5128.5,1.0,97942.0,120970.0,6.338224800670121,4.510832941945233,18.276122603173306,2022,0.97942,92,69.30652173913043,24.53,0.0,1,0,51,2023,0,1,0,1,0,0,0,upstate,5583.9170121092075
36081,2024,Q3,3,8099,198008.0,126743.0,730.0,20333.0,10,50202.0,Queens County,40.654658,-73.841209,198334.0,203168.0,168828.0,158589.0,182229.75,10.0,2360826.0,82431.0,11.693377354626477,5.796403462178068,16.494184662486774,2022,23.60826,92,72.23913043478261,20.483,0.0,2,0,54,2023,0,1,0,1,0,1,0,nyc,8387.233959639549
36083,2024,Q3,3,8099,10803.0,9088.0,28.0,1687.0,1,0.0,Rensselaer County,42.710421,-73.513845,10206.0,10744.0,11004.0,11979.0,10983.25,1.0,160943.0,83734.0,11.46523498930109,4.938394338368242,17.634814810212312,2022,1.60943,92,66.84565217391305,21.395,0.0,0,0,64,2023,0,1,0,1,0,0,0,upstate,6712.31429760847
36085,2024,Q3,3,8099,38259.0,12039.0,93.0,2349.0,3,23778.0,Richmond County,40.561263,-74.1399,38564.0,38089.0,38183.0,35880.0,37679.0,3.0,492925.0,96185.0,10.363042662791152,5.501242582542983,16.5852817365725,2022,4.92925,92,73.38532608695652,18.927,0.0,10,0,50,2023,0,1,0,1,0,1,0,nyc,7761.627022366485
36087,2024,Q3,3,8099,22954.0,18376.0,114.0,4464.0,2,0.0,Rockland County,41.154628,-74.024662,22828.0,22197.0,22865.0,22220.0,22527.5,2.0,337326.0,106173.0,15.070998666522506,8.284863900203364,15.638581075873189,2022,3.37326,92,70.76684782608696,20.93,0.0,4,0,53,2023,0,1,0,1,0,0,1,downstate_non_nyc,6804.693382662469
36089,2024,Q3,3,8099,10682.0,5779.0,56.0,811.0,6,4036.0,St. Lawrence County,44.488112,-75.074311,9905.0,10159.0,13551.0,13385.0,11750.0,6.0,108670.0,58339.0,17.039497215267488,4.886353179350326,18.013251127266035,2022,1.0867,92,66.42445652173913,14.465,0.0,0,0,59,2023,0,1,0,1,0,0,0,upstate,9829.759823318303
36091,2024,Q3,3,8099,9989.0,7905.0,187.0,1897.0,1,0.0,Saratoga County,43.106135,-73.855387,10027.0,9341.0,9559.0,9940.0,9716.75,1.0,236328.0,97038.0,6.55053162925572,4.675281811719305,18.944856301411598,2022,2.36328,92,68.30054347826086,19.361,0.0,0,0,63,2023,0,1,0,1,0,0,0,upstate,4226.752648860905
36093,2024,Q3,3,8099,12095.0,9984.0,97.0,2014.0,2,0.0,Schenectady County,42.817552,-74.043559,12087.0,11009.0,11692.0,11415.0,11550.75,2.0,159447.0,75056.0,11.586977917007056,5.815725601610566,17.46724616957359,2022,1.59447,92,68.10217391304347,22.484,0.0,0,0,55,2023,0,1,0,1,0,0,0,upstate,7585.592704785917
36097,2024,Q3,3,8099,2197.0,2180.0,0.0,17.0,1,0.0,Schuyler County,42.419776,-76.938603,1990.0,1952.0,2008.0,2114.0,2016.0,1.0,17855.0,61316.0,15.754588715159755,4.805376645197423,22.06104732567908,2022,0.17855,92,67.55108695652174,12.954,0.0,1,0,70,2023,0,1,0,1,0,0,0,upstate,12304.676561187343
36101,2024,Q3,3,8099,12430.0,11145.0,109.0,1176.0,3,0.0,Steuben County,42.266725,-77.385525,12077.0,11553.0,12000.0,12058.0,11922.0,3.0,93584.0,62506.0,13.434551567075154,5.393015900153872,19.97136262608993,2022,0.93584,92,66.48913043478261,11.029,0.0,0,0,58,2023,0,1,0,1,0,0,0,upstate,13282.18498888699
36103,2024,Q3,3,8099,141140.0,77904.0,1501.0,24276.0,11,37459.0,Suffolk County,40.943554,-72.692218,136636.0,132528.0,115562.0,116506.0,125308.0,11.0,1524486.0,122498.0,6.493098326329121,5.21520040197155,17.27677394216805,2022,15.24486,92,73.12228260869566,23.36,0.0,3,0,48,2023,0,1,0,1,0,0,1,downstate_non_nyc,9258.202436755733
36105,2024,Q3,3,8099,8851.0,6905.0,25.0,592.0,2,1329.0,Sullivan County,41.719993,-74.771577,7619.0,6849.0,7561.0,8583.0,7653.0,2.0,78725.0,67841.0,14.841733190357044,5.703397904096538,18.9279136233725,2022,0.78725,92,66.98532608695652,19.577,0.0,0,0,53,2023,0,1,0,1,0,0,0,upstate,11242.934264845982
36109,2024,Q3,3,8099,8410.0,7503.0,112.0,795.0,1,0.0,Tompkins County,42.453006,-76.473483,8130.0,8021.0,7830.0,8517.0,8124.5,1.0,102555.0,69995.0,16.03587565210533,3.6351226171322706,15.678416459460779,2022,1.02555,92,68.02065217391304,15.409,0.0,1,0,60,2023,0,1,0,1,0,0,0,upstate,8200.477792404075
36111,2024,Q3,3,8099,8343.0,6745.0,32.0,1566.0,2,0.0,Ulster County,41.947212,-74.265458,8270.0,7707.0,7748.0,8255.0,7995.0,2.0,182153.0,77197.0,14.710504809203496,4.274428639660066,20.460821397396696,2022,1.82153,92,68.87119565217391,22.471,0.0,0,0,58,2023,0,1,0,1,0,0,0,upstate,4580.215533095804
36113,2024,Q3,3,8099,11515.0,8907.0,94.0,2514.0,1,0.0,Warren County,43.555105,-73.838139,10574.0,10206.0,10520.0,11642.0,10735.5,1.0,65684.0,74531.0,8.6342567640401,4.2399975640947565,23.03452895682358,2022,0.65684,92,67.1,15.546,0.0,0,0,56,2023,0,1,0,1,0,0,0,upstate,17530.905547774193
36117,2024,Q3,3,8099,5943.0,4864.0,26.0,1053.0,1,0.0,Wayne County,43.218114,-77.049402,5709.0,5477.0,5655.0,5753.0,5648.5,1.0,91324.0,71007.0,11.014877495713733,5.370986816170996,19.71661337654943,2022,0.91324,92,68.67826086956521,10.352,0.0,1,0,53,2023,0,1,0,1,0,0,0,upstate,6507.599316718497
36119,2024,Q3,3,8099,99003.0,64545.0,710.0,17020.0,13,16728.0,Westchester County,41.152686,-73.745753,99394.0,98667.0,102031.0,96003.0,99023.75,13.0,997904.0,114651.0,8.536952316620098,5.327265949430005,17.476129968413794,2022,9.97904,92,70.93967391304348,21.578,0.0,4,0,51,2023,0,1,0,1,0,0,1,downstate_non_nyc,9921.094614311598
36123,2024,Q3,3,8099,2434.0,2365.0,0.0,69.0,1,0.0,Yates County,42.638237,-77.104324,2078.0,1967.0,2048.0,2198.0,2072.75,1.0,24713.0,63974.0,14.220163997110932,5.988750859871323,21.482620483146523,2022,0.24713,92,68.00217391304348,11.115,0.0,1,0,56,2023,0,1,0,1,0,0,0,upstate,9849.067292518108
36001,2024,Q4,4,8100,40924.0,31065.0,307.0,9552.0,3,0.0,Albany County,42.58824,-73.97401,39375.0,38911.0,38862.0,40267.0,39353.75,3.0,315041.0,78829.0,12.546455379482902,4.763824391110998,17.508832183747515,2022,3.15041,92,42.46467391304348,14.757,8.104,0,39,43,2023,0,1,0,0,1,0,0,upstate,12990.055262648353
36003,2024,Q4,4,8100,3866.0,3564.0,24.0,278.0,2,0.0,Allegany County,42.247853,-78.026153,3835.0,4008.0,3763.0,6428.0,4508.5,2.0,47222.0,58725.0,17.052363670641466,4.997670577273305,19.329973317521496,2022,0.47222,92,41.36793478260869,8.586,7.304,0,41,54,2023,0,1,0,0,1,0,0,upstate,8186.86205582144
36005,2024,Q4,4,8100,199647.0,133133.0,288.0,24059.0,11,42167.0,Bronx County,40.848711,-73.852939,189769.0,194112.0,193741.0,195893.0,193378.75,11.0,1443229.0,47036.0,26.91498993322348,6.886640997374636,13.279043034750549,2022,14.43229,92,48.11521739130435,15.699,0.0,0,22,25,2023,0,1,0,0,1,1,0,nyc,13833.355621318586
36007,2024,Q4,4,8100,27732.0,22697.0,361.0,4674.0,3,0.0,Broome County,42.161977,-75.830283,27156.0,24306.0,24759.0,25216.0,25359.25,3.0,198365.0,58317.0,19.081221503552115,4.911148640133088,19.738361102008923,2022,1.98365,92,42.647282608695654,10.711,5.54,0,38,48,2023,0,1,0,0,1,0,0,upstate,13980.288861442292
36009,2024,Q4,4,8100,6807.0,5548.0,65.0,1194.0,1,0.0,Cattaraugus County,42.239099,-78.662332,6894.0,6780.0,6606.0,6817.0,6774.25,1.0,77000.0,56889.0,17.423664377601973,5.497402597402598,19.93896103896104,2022,0.77,92,41.06086956521739,9.839,10.115,0,38,54,2023,0,1,0,0,1,0,0,upstate,8840.25974025974
36011,2024,Q4,4,8100,6186.0,5062.0,64.0,1060.0,1,0.0,Cayuga County,43.008546,-76.574587,6391.0,6235.0,6094.0,6100.0,6205.0,1.0,76171.0,63227.0,13.458005883734101,4.915256462433209,20.04962518543803,2022,0.76171,92,44.807065217391305,12.75,7.331,0,26,59,2023,0,1,0,0,1,0,0,upstate,8121.200982001024
36013,2024,Q4,4,8100,14278.0,12762.0,111.0,1405.0,3,0.0,Chautauqua County,42.304216,-79.407595,14932.0,14611.0,14276.0,14560.0,14594.75,3.0,127440.0,54625.0,17.543158632949794,5.190677966101695,20.813716258631512,2022,1.2744,92,43.50217391304348,13.296,15.821,0,26,59,2023,0,1,0,0,1,0,0,upstate,11203.703703703703
36015,2024,Q4,4,8100,8053.0,6748.0,46.0,1259.0,2,0.0,Chemung County,42.148697,-76.752471,8374.0,8266.0,8216.0,8445.0,8325.25,2.0,83584.0,61358.0,15.177855711422847,5.221094946401225,19.592266462480858,2022,0.83584,92,42.95652173913044,10.415,3.4459999999999997,0,36,44,2023,0,1,0,0,1,0,0,upstate,9634.619065849924
36017,2024,Q4,4,8100,4651.0,4420.0,12.0,219.0,1,0.0,Chenango County,42.478024,-75.602241,4473.0,4397.0,4455.0,4832.0,4539.25,1.0,47096.0,61741.0,12.424871362476757,5.10871411584848,21.324528622388314,2022,0.47096,92,41.28967391304348,10.658999999999999,7.168,0,38,52,2023,0,1,0,0,1,0,0,upstate,9875.573297095294
36019,2024,Q4,4,8100,9537.0,8026.0,68.0,1443.0,2,0.0,Clinton County,44.752712,-73.705643,10001.0,9442.0,9414.0,9302.0,9539.75,2.0,79839.0,67097.0,13.037564943013354,4.5040644296647,17.840904820952165,2022,0.79839,92,37.136413043478264,12.835,25.741,0,50,56,2023,0,1,0,0,1,0,0,upstate,11945.28989591553
36021,2024,Q4,4,8100,5056.0,4307.0,26.0,723.0,1,0.0,Columbia County,42.247696,-73.626718,5347.0,5220.0,4827.0,5148.0,5135.5,1.0,61469.0,81741.0,10.271938605271938,3.8263189575233043,24.770209373830713,2022,0.61469,92,44.17445652173913,14.189,4.825,0,32,37,2023,0,1,0,0,1,0,0,upstate,8225.284289641933
36023,2024,Q4,4,8100,7050.0,6029.0,78.0,943.0,1,0.0,Cortland County,42.594039,-76.07624,6895.0,6654.0,6541.0,6686.0,6694.0,1.0,46755.0,65029.0,12.915855805764062,4.752432894877553,16.49877018500695,2022,0.46755,92,41.34347826086957,11.786,8.103,0,37,58,2023,0,1,0,0,1,0,0,upstate,15078.601219120948
36025,2024,Q4,4,8100,4904.0,3295.0,0.0,45.0,4,1564.0,Delaware County,42.193986,-74.966728,5070.0,5011.0,4737.0,4528.0,4836.5,4.0,44637.0,58338.0,14.799924766069497,3.7480117391401753,25.203306673835606,2022,0.44637,92,40.3875,11.237,12.046,0,41,50,2023,0,1,0,0,1,0,0,upstate,10986.401415865761
36027,2024,Q4,4,8100,31432.0,25048.0,320.0,6064.0,4,0.0,Dutchess County,41.754825,-73.740014,26739.0,26961.0,27896.0,30093.0,27922.25,4.0,296467.0,94578.0,8.5741961580221,4.510451416177855,18.39934967466868,2022,2.96467,92,44.43369565217392,17.131,0.882,0,32,33,2023,0,1,0,0,1,0,0,upstate,10602.191812242172
36029,2024,Q4,4,8100,91807.0,71239.0,871.0,17042.0,10,2655.0,Erie County,42.752759,-78.778192,92004.0,91888.0,90439.0,92982.0,91828.25,10.0,951232.0,68014.0,13.752107971229224,5.296394570409743,18.47046777232053,2022,9.51232,92,45.1875,11.256,8.047,0,20,61,2023,0,1,0,0,1,0,0,upstate,9651.378422929422
36031,2024,Q4,4,8100,3864.0,3839.0,0.0,25.0,2,0.0,Essex County,44.109601,-73.778431,4600.0,3727.0,3572.0,3704.0,3900.75,2.0,37314.0,68090.0,10.426136363636363,3.9100605670793804,24.827142627432064,2022,0.37314,92,33.715760869565216,15.688,35.548,0,60,60,2023,0,1,0,0,1,0,0,upstate,10355.362598488504
36033,2024,Q4,4,8100,3366.0,3094.0,50.0,222.0,3,0.0,Franklin County,44.594376,-74.31067,4085.0,3449.0,3415.0,6161.0,4277.5,3.0,47459.0,60270.0,17.87550368208976,5.193956889104279,18.443287890600306,2022,0.47459,92,37.011413043478264,13.413,21.14,0,52,61,2023,0,1,0,0,1,0,0,upstate,7092.437683052741
36035,2024,Q4,4,8100,5215.0,4738.0,35.0,442.0,1,0.0,Fulton County,43.115609,-74.423678,5612.0,5477.0,5228.0,5392.0,5427.25,1.0,53280.0,60557.0,13.922888616891067,4.861111111111112,20.152027027027028,2022,0.5328,92,39.716847826086955,11.489,19.485,0,43,50,2023,0,1,0,0,1,0,0,upstate,9787.912912912914
36037,2024,Q4,4,8100,6106.0,5199.0,33.0,874.0,1,0.0,Genesee County,43.00091,-78.192778,6657.0,6276.0,5867.0,5911.0,6177.75,1.0,58204.0,68178.0,10.446978175713486,5.154284928870868,19.46773417634527,2022,0.58204,92,44.05326086956522,9.429,5.484,0,30,60,2023,0,1,0,0,1,0,0,upstate,10490.687925228507
36045,2024,Q4,4,8100,11504.0,10238.0,68.0,1198.0,3,0.0,Jefferson County,43.996389,-76.052968,12287.0,12228.0,11840.0,14266.0,12655.25,3.0,117445.0,62782.0,12.794721171642392,7.457959044659203,14.190472135893398,2022,1.17445,92,43.55652173913043,15.91,4.878,0,28,65,2023,0,1,0,0,1,0,0,upstate,9795.2232960109
36047,2024,Q4,4,8100,238479.0,144732.0,738.0,24911.0,15,68098.0,Kings County,40.635045,-73.95064,234515.0,238415.0,239109.0,225963.0,234500.5,15.0,2679620.0,74692.0,18.973719542225727,6.834028705562729,14.501459162120003,2022,26.7962,92,48.25,14.436,0.0,0,21,30,2023,0,1,0,0,1,1,0,nyc,8899.73205155955
36049,2024,Q4,4,8100,2695.0,2463.0,27.0,205.0,1,0.0,Lewis County,43.782706,-75.444132,3122.0,2936.0,2619.0,2737.0,2853.5,1.0,26690.0,64401.0,13.087895871958832,6.035968527538404,19.59160734357437,2022,0.2669,92,41.714130434782604,14.628,16.286,0,36,62,2023,0,1,0,0,1,0,0,upstate,10097.414762083177
36051,2024,Q4,4,8100,3846.0,3404.0,29.0,413.0,1,0.0,Livingston County,42.729042,-77.778463,3944.0,3872.0,3547.0,3865.0,3807.0,1.0,61980.0,70443.0,11.707377034786731,4.243304291707002,18.893191352049048,2022,0.6198,92,44.264673913043474,8.769,3.999,0,32,57,2023,0,1,0,0,1,0,0,upstate,6205.227492739594
36053,2024,Q4,4,8100,9275.0,5666.0,53.0,375.0,2,3181.0,Madison County,42.910026,-75.663575,9332.0,9123.0,8867.0,8925.0,9061.75,2.0,68020.0,68869.0,9.526168597682782,4.6721552484563365,19.14877977065569,2022,0.6802,92,41.24293478260869,13.525,14.249,0,37,60,2023,0,1,0,0,1,0,0,upstate,13635.695383710672
36055,2024,Q4,4,8100,76515.0,58438.0,853.0,17224.0,6,0.0,Monroe County,43.250347,-77.700518,75272.0,75234.0,73202.0,75787.0,74873.75,6.0,756406.0,71450.0,13.448219819421169,5.280497510596161,17.913263511923493,2022,7.56406,92,45.91847826086956,10.431000000000001,6.284,0,20,64,2023,0,1,0,0,1,0,0,upstate,10115.599294558742
36057,2024,Q4,4,8100,12660.0,9063.0,20.0,772.0,2,2805.0,Montgomery County,42.900891,-74.435357,12658.0,12129.0,12723.0,11091.0,12150.25,2.0,49624.0,58033.0,15.110829120530505,6.214734805739158,18.839674351120426,2022,0.49624,92,42.106521739130436,10.099,11.242,0,45,44,2023,0,1,0,0,1,0,0,upstate,25511.849105271645
36059,2024,Q4,4,8100,117424.0,71575.0,926.0,28018.0,12,16905.0,Nassau County,40.729612,-73.589414,119455.0,113520.0,110406.0,123061.0,116610.5,12.0,1389160.0,137709.0,5.384797883018524,5.303780702006968,18.030680411183734,2022,13.8916,92,47.74239130434783,13.212,0.0,0,22,28,2023,0,1,0,0,1,0,1,downstate_non_nyc,8452.877998214748
36061,2024,Q4,4,8100,279342.0,209186.0,1382.0,42160.0,20,26614.0,New York County,40.776642,-73.970187,276968.0,276008.0,273656.0,284241.0,277718.25,20.0,1645867.0,99880.0,15.794948281994559,4.495563736316482,17.270897344682165,2022,16.45867,92,48.16956521739131,17.174,0.0,0,22,26,2023,0,1,0,0,1,1,0,nyc,16972.331300159734
36063,2024,Q4,4,8100,10452.0,9496.0,31.0,925.0,5,0.0,Niagara County,43.272672,-78.812943,10532.0,10333.0,10201.0,9994.0,10265.0,5.0,212230.0,65882.0,12.968903593948546,5.090703482071338,19.73896244640249,2022,2.1223,92,45.92336956521739,10.068,3.693,0,19,55,2023,0,1,0,0,1,0,0,upstate,4924.845686283748
36065,2024,Q4,4,8100,25335.0,20722.0,132.0,4481.0,3,0.0,Oneida County,43.242727,-75.434282,25674.0,24805.0,24350.0,13722.0,22137.75,3.0,231055.0,66402.0,14.433624990371241,5.507779533011621,19.168163424292917,2022,2.31055,92,42.39836956521739,14.119,9.619,0,37,59,2023,0,1,0,0,1,0,0,upstate,10964.921771872498
36067,2024,Q4,4,8100,55201.0,43604.0,590.0,11007.0,6,0.0,Onondaga County,43.006516,-76.196134,56174.0,55859.0,55287.0,55443.0,55690.75,6.0,472637.0,71479.0,13.905247816625177,5.507821012743395,17.845196207660425,2022,4.72637,92,43.89184782608696,12.874,8.046999999999999,0,32,61,2023,0,1,0,0,1,0,0,upstate,11679.364924878924
36069,2024,Q4,4,8100,15918.0,11118.0,136.0,1672.0,3,2992.0,Ontario County,42.856357,-77.303497,17252.0,16836.0,15946.0,16521.0,16638.75,3.0,112288.0,76603.0,9.004399783225711,4.6612282701624395,21.026289541179825,2022,1.12288,92,44.07663043478261,9.038,5.043,0,31,55,2023,0,1,0,0,1,0,0,upstate,14176.04730692505
36071,2024,Q4,4,8100,38512.0,27122.0,322.0,6530.0,4,4538.0,Orange County,41.40241,-74.306252,39474.0,38748.0,37037.0,38846.0,38526.25,4.0,401237.0,91806.0,13.014066988328912,6.608064560347127,14.135037396850242,2022,4.01237,92,45.688586956521746,17.147,0.46900000000000003,0,29,36,2023,0,1,0,0,1,0,0,upstate,9598.317204046485
36075,2024,Q4,4,8100,6057.0,5056.0,47.0,954.0,2,0.0,Oswego County,43.461443,-76.209262,6271.0,6167.0,5797.0,5986.0,6055.25,2.0,118037.0,65054.0,17.12538226299694,5.3432398315782335,17.070918440827874,2022,1.18037,92,43.8570652173913,16.39,12.102,0,25,66,2023,0,1,0,0,1,0,0,upstate,5131.441836034463
36077,2024,Q4,4,8100,8857.0,3310.0,116.0,1204.0,2,4227.0,Otsego County,42.629776,-75.028841,9830.0,9662.0,8882.0,9055.0,9357.25,2.0,59678.0,65778.0,12.976791858847648,3.926069908508998,21.15017259291531,2022,0.59678,92,41.12173913043478,10.654,9.122,0,43,52,2023,0,1,0,0,1,0,0,upstate,14841.315057475116
36079,2024,Q4,4,8100,5411.0,4777.0,40.0,594.0,1,0.0,Putnam County,41.427907,-73.743861,5469.0,4910.0,4794.0,5298.0,5117.75,1.0,97942.0,120970.0,6.338224800670121,4.510832941945233,18.276122603173306,2022,0.97942,92,44.66467391304347,15.677,0.69,0,28,32,2023,0,1,0,0,1,0,0,upstate,5524.698290825182
36081,2024,Q4,4,8100,200831.0,127905.0,682.0,20699.0,10,51545.0,Queens County,40.654658,-73.841209,198008.0,198334.0,203168.0,168828.0,192084.5,10.0,2360826.0,82431.0,11.693377354626477,5.796403462178068,16.494184662486774,2022,23.60826,92,48.36847826086956,14.025,0.0,0,18,29,2023,0,1,0,0,1,1,0,nyc,8506.81075183008
36083,2024,Q4,4,8100,10719.0,8938.0,27.0,1754.0,1,0.0,Rensselaer County,42.710421,-73.513845,10803.0,10206.0,10744.0,11004.0,10689.25,1.0,160943.0,83734.0,11.46523498930109,4.938394338368242,17.634814810212312,2022,1.60943,92,41.6570652173913,13.065999999999999,9.729000000000001,0,37,44,2023,0,1,0,0,1,0,0,upstate,6660.121906513486
36085,2024,Q4,4,8100,38854.0,12280.0,108.0,2298.0,3,24168.0,Richmond County,40.561263,-74.1399,38259.0,38564.0,38089.0,38183.0,38273.75,3.0,492925.0,96185.0,10.363042662791152,5.501242582542983,16.5852817365725,2022,4.92925,92,48.67663043478261,14.909999999999998,0.055,0,18,34,2023,0,1,0,0,1,1,0,nyc,7882.335040827712
36087,2024,Q4,4,8100,23015.0,18263.0,153.0,4599.0,2,0.0,Rockland County,41.154628,-74.024662,22954.0,22828.0,22197.0,22865.0,22711.0,2.0,337326.0,106173.0,15.070998666522506,8.284863900203364,15.638581075873189,2022,3.37326,92,46.34673913043478,17.576999999999998,0.331,0,28,31,2023,0,1,0,0,1,0,1,downstate_non_nyc,6822.776779732366
36089,2024,Q4,4,8100,10499.0,5854.0,71.0,763.0,6,3811.0,St. Lawrence County,44.488112,-75.074311,10682.0,9905.0,10159.0,13551.0,11074.25,6.0,108670.0,58339.0,17.039497215267488,4.886353179350326,18.013251127266035,2022,1.0867,92,40.69021739130435,13.991,10.5,0,42,61,2023,0,1,0,0,1,0,0,upstate,9661.360080979111
36091,2024,Q4,4,8100,10491.0,8535.0,195.0,1761.0,1,0.0,Saratoga County,43.106135,-73.855387,9989.0,10027.0,9341.0,9559.0,9729.0,1.0,236328.0,97038.0,6.55053162925572,4.675281811719305,18.944856301411598,2022,2.36328,92,42.57771739130435,13.763,14.825,0,40,47,2023,0,1,0,0,1,0,0,upstate,4439.169290139129
36093,2024,Q4,4,8100,11875.0,9731.0,64.0,2080.0,2,0.0,Schenectady County,42.817552,-74.043559,12095.0,12087.0,11009.0,11692.0,11720.75,2.0,159447.0,75056.0,11.586977917007056,5.815725601610566,17.46724616957359,2022,1.59447,92,42.665217391304346,13.616,9.369,0,41,44,2023,0,1,0,0,1,0,0,upstate,7447.615822185428
36097,2024,Q4,4,8100,2020.0,1993.0,0.0,27.0,1,0.0,Schuyler County,42.419776,-76.938603,2197.0,1990.0,1952.0,2008.0,2036.75,1.0,17855.0,61316.0,15.754588715159755,4.805376645197423,22.06104732567908,2022,0.17855,92,42.91195652173913,10.339,4.385,0,32,56,2023,0,1,0,0,1,0,0,upstate,11313.357602912349
36101,2024,Q4,4,8100,12406.0,11108.0,101.0,1197.0,3,0.0,Steuben County,42.266725,-77.385525,12430.0,12077.0,11553.0,12000.0,12015.0,3.0,93584.0,62506.0,13.434551567075154,5.393015900153872,19.97136262608993,2022,0.93584,92,42.21032608695652,8.878,4.163,0,36,43,2023,0,1,0,0,1,0,0,upstate,13256.539579415286
36103,2024,Q4,4,8100,137909.0,75741.0,1345.0,24385.0,11,36438.0,Suffolk County,40.943554,-72.692218,141140.0,136636.0,132528.0,115562.0,131466.5,11.0,1524486.0,122498.0,6.493098326329121,5.21520040197155,17.27677394216805,2022,15.24486,92,49.24782608695652,11.09,0.028,0,12,31,2023,0,1,0,0,1,0,1,downstate_non_nyc,9046.262149996785
36105,2024,Q4,4,8100,7205.0,5503.0,11.0,556.0,2,1135.0,Sullivan County,41.719993,-74.771577,8851.0,7619.0,6849.0,7561.0,7720.0,2.0,78725.0,67841.0,14.841733190357044,5.703397904096538,18.9279136233725,2022,0.78725,92,42.58858695652174,12.012,6.174,0,38,38,2023,0,1,0,0,1,0,0,upstate,9152.111781517942
36109,2024,Q4,4,8100,8002.0,7125.0,68.0,809.0,1,0.0,Tompkins County,42.453006,-76.473483,8410.0,8130.0,8021.0,7830.0,8097.75,1.0,102555.0,69995.0,16.03587565210533,3.6351226171322706,15.678416459460779,2022,1.02555,92,43.97554347826087,12.216,4.521,0,29,58,2023,0,1,0,0,1,0,0,upstate,7802.642484520501
36111,2024,Q4,4,8100,7790.0,6240.0,28.0,1522.0,2,0.0,Ulster County,41.947212,-74.265458,8343.0,8270.0,7707.0,7748.0,8017.0,2.0,182153.0,77197.0,14.710504809203496,4.274428639660066,20.460821397396696,2022,1.82153,92,44.89184782608696,16.199,6.561,0,29,35,2023,0,1,0,0,1,0,0,upstate,4276.624595806822
36113,2024,Q4,4,8100,9557.0,7163.0,122.0,2272.0,1,0.0,Warren County,43.555105,-73.838139,11515.0,10574.0,10206.0,10520.0,10703.75,1.0,65684.0,74531.0,8.6342567640401,4.2399975640947565,23.03452895682358,2022,0.65684,92,41.46521739130435,12.802000000000001,18.658,0,41,42,2023,0,1,0,0,1,0,0,upstate,14549.966506302906
36117,2024,Q4,4,8100,5760.0,4844.0,24.0,892.0,1,0.0,Wayne County,43.218114,-77.049402,5943.0,5709.0,5477.0,5655.0,5696.0,1.0,91324.0,71007.0,11.014877495713733,5.370986816170996,19.71661337654943,2022,0.91324,92,44.953804347826086,11.133000000000001,7.664,0,25,60,2023,0,1,0,0,1,0,0,upstate,6307.213875870527
36119,2024,Q4,4,8100,102656.0,67008.0,748.0,17625.0,13,17275.0,Westchester County,41.152686,-73.745753,99003.0,99394.0,98667.0,102031.0,99773.75,13.0,997904.0,114651.0,8.536952316620098,5.327265949430005,17.476129968413794,2022,9.97904,92,46.18260869565218,15.341,0.193,0,25,28,2023,0,1,0,0,1,0,1,downstate_non_nyc,10287.161891324216
36123,2024,Q4,4,8100,2107.0,2052.0,0.0,55.0,1,0.0,Yates County,42.638237,-77.104324,2434.0,2078.0,1967.0,2048.0,2131.75,1.0,24713.0,63974.0,14.220163997110932,5.988750859871323,21.482620483146523,2022,0.24713,92,43.39891304347826,9.295,3.583,0,32,55,2023,0,1,0,0,1,0,0,upstate,8525.877068749242
