"FIPS","YEAR","QUARTER","QUARTER_NUM","PERIOD_INDEX","TOTAL_ED_ENCOUNTERS","TREAT_AND_RELEASE_ED","ED_ENCOUNTERS_REQUIRING","ED_ENCOUNTERS_ADMITTED_AS","FACILITY_COUNT","FACILITY_ROW_COUNT","FACILITIES_WITH_ED_DATA","FACILITIES_MISSING_ED_DATA","COMPONENT_GAP","COUNTY_NAME","LAT","LON","TARGET_LAG1","TARGET_LAG2","TARGET_LAG3","TARGET_LAG4","TARGET_ROLL4","FACILITY_COUNT_LAG1","ACS_LAG2_POPULATION","ACS_LAG2_MEDIAN_INCOME","ACS_LAG2_POVERTY_RATE","ACS_LAG2_PCT_UNDER5","ACS_LAG2_PCT_65PLUS","ACS_SOURCE_YEAR","ACS_LAG2_POPULATION_100K","WEATHER_LAG4_DAYS_OBSERVED","WEATHER_LAG4_TAVG_MEAN","WEATHER_LAG4_PRECIP_TOTAL","WEATHER_LAG4_SNOWFALL_TOTAL","WEATHER_LAG4_HOT_DAYS","WEATHER_LAG4_FREEZE_DAYS","WEATHER_LAG4_WET_DAYS","WEATHER_SOURCE_YEAR","IS_COVID","POST_COVID","QUARTER_Q2","QUARTER_Q3","QUARTER_Q4","IS_NYC","IS_DOWNSTATE_NON_NYC","REGION","FACILITY_ED_ENCOUNTERS_PER_100K_PROXY"
"36001",2018,"Q1",1,8073,42951,32334,287,10330,5,5,3,2,0,"Albany County",42.58824,-73.97401,,,,,,,307891,60904,12.92393336209198660668433269653458228056,5.02483021588809026571091717523409258471,15.21350088180557405055685291223192623363,2016,3.07891,90,30.03888888888888888888888888888888888889,10.628,38.911,0,77,47,2017,0,0,0,0,0,0,0,"upstate",13950.0667443998038266789220860629248663
"36003",2018,"Q1",1,8073,5290,2529,14,350,2,2,2,0,2397,"Allegany County",42.247853,-78.026153,,,,,,,47700,44085,17.07094143289038880686212472755396189271,5.14046121593291404612159329140461215933,16.79245283018867924528301886792452830189,2016,0.477,90,30.04944444444444444444444444444444444444,11.423,27.01,0,71,60,2017,0,0,0,0,0,0,0,"upstate",11090.1467505241090146750524109014675052
"36005",2018,"Q1",1,8073,210214,74434,704,12646,10,10,10,0,122430,"Bronx County",40.848711,-73.852939,,,,,,,1436785,35302,30.52935197530899445822828901724201924916,7.47878075007742981726563125311024265983,11.26981420323848035718635704019738513417,2016,14.36785,90,36.72,10.788,27.645,0,52,41,2017,0,0,0,0,0,1,0,"nyc",14630.8598711707040371384723532052464356
"36007",2018,"Q1",1,8073,23818,15775,113,3563,3,3,3,0,4367,"Broome County",42.161977,-75.830283,,,,,,,197381,47744,17.42455803023019815200555466538482080863,5.18236304406199178239040231835890992547,17.58629250029131476687219134567156919866,2016,1.97381,90,30.095,12.255,40.074,0,71,57,2017,0,0,0,0,0,0,0,"upstate",12067.0175954119190803572785627795988469
"36009",2018,"Q1",1,8073,8308,7137,55,1116,1,1,1,0,0,"Cattaraugus County",42.239099,-78.662332,,,,,,,78506,43884,17.46267870777494010162976224954582554435,5.86834127327847553053269813772195755738,17.07130665172088757547193845056428807989,2016,0.78506,90,29.86222222222222222222222222222222222222,13.859,34.53,0,73,69,2017,0,0,0,0,0,0,0,"upstate",10582.6306269584490357424910197946653759
"36011",2018,"Q1",1,8073,6118,5359,51,708,1,1,1,0,0,"Cayuga County",43.008546,-76.574587,,,,,,,78783,53114,11.38972323535721948079811199313452048917,5.12800984984070167421905741086274957795,16.86404427351078278308772197047586408235,2016,0.78783,90,32.38111111111111111111111111111111111111,12.18,33.101,0,69,63,2017,0,0,0,0,0,0,0,"upstate",7765.634718149854664077275554370866811368
"36013",2018,"Q1",1,8073,10725,7561,49,1380,5,5,3,2,1735,"Chautauqua County",42.304216,-79.407595,,,,,,,131748,43211,19.39811025374095059481710466714877182387,5.36478732124965843883778121869022679661,18.04657376203054315815040835534505267632,2016,1.31748,90,32.21888888888888888888888888888888888889,14.76,39.247,0,65,69,2017,0,0,0,0,0,0,0,"upstate",8140.541032880954549594680754167046179069
"36015",2018,"Q1",1,8073,9699,7819,57,1823,2,2,1,1,0,"Chemung County",42.148697,-76.752471,,,,,,,87742,49578,15.93610563610200848861533996783516124742,5.89113537416516605502495954047092612432,16.79013471313624034099974926489024640423,2016,0.87742,90,31.3,11.384,29.102,0,69,51,2017,0,0,0,0,0,0,0,"upstate",11053.9992250005698525221672631123065351
"36017",2018,"Q1",1,8073,4312,,,,1,1,1,0,,"Chenango County",42.478024,-75.602241,,,,,,,49286,46979,15.38715127539456875592368236700045329048,5.24286815728604471858134155744024672321,18.83699224932029379539828754615915270056,2016,0.49286,90,28.03166666666666666666666666666666666667,13.666,44.786,0,78,59,2017,0,0,0,0,0,0,0,"upstate",8748.934788783833137199204642291928742442
"36019",2018,"Q1",1,8073,10914,9282,87,1545,1,1,1,0,0,"Clinton County",44.752712,-73.705643,,,,,,,81505,50502,16.13692929128075400873148639275368232078,4.79602478375559781608490276670142936016,15.12299858904361695601496840684620575425,2016,0.81505,90,22.36277777777777777777777777777777777778,10.82,57.105,0,82,62,2017,0,0,0,0,0,0,0,"upstate",13390.5895343843935954849395742592478989
"36021",2018,"Q1",1,8073,6349,5301,50,998,1,1,1,0,0,"Columbia County",42.247696,-73.626718,,,,,,,61860,59916,12.69934040243800617850880854972029723637,4.32104752667313288069835111542192046557,20.6870352408664726802457161332040090527,2016,0.6186,90,31.59833333333333333333333333333333333333,12.159,33.404,0,70,44,2017,0,0,0,0,0,0,0,"upstate",10263.4982217911412867765923052053022955
"36023",2018,"Q1",1,8073,7444,6637,20,787,1,1,1,0,0,"Cortland County",42.594039,-76.07624,,,,,,,48713,50910,13.75193798449612403100775193798449612403,4.8344384455894730359452302260176954817,15.17869973107794633875967400899143965677,2016,0.48713,90,28.30444444444444444444444444444444444444,13.279,45.801,0,76,65,2017,0,0,0,0,0,0,0,"upstate",15281.341736292160203641738345000307926
"36025",2018,"Q1",1,8073,5796,5748,0,48,4,4,4,0,0,"Delaware County",42.193986,-74.966728,,,,,,,46480,46055,15.85252410663641520136131593874078275666,4.39328743545611015490533562822719449225,22.0180722891566265060240963855421686747,2016,0.4648,90,27.51444444444444444444444444444444444444,12.29,43.487,0,79,56,2017,0,0,0,0,0,0,0,"upstate",12469.8795180722891566265060240963855422
"36027",2018,"Q1",1,8073,30906,24795,321,5790,3,3,3,0,0,"Dutchess County",41.754825,-73.740014,,,,,,,295905,72706,9.15334593789389251747450441159619571445,4.70995758773930822392321860056437032156,15.46814011253611801084807624068535509708,2016,2.95905,90,32.71888888888888888888888888888888888889,10.946,33.073,0,69,42,2017,0,0,0,0,0,0,0,"upstate",10444.5683580878998327165813352258326152
"36029",2018,"Q1",1,8073,100092,78535,613,18396,10,10,9,1,2548,"Erie County",42.752759,-78.778192,,,,,,,922129,52744,14.74019502253908765523175807115856156089,5.38059208635668111511513031257015016337,16.53716562433238733409316917698066105718,2016,9.22129,90,33.28777777777777777777777777777777777778,11.855,25.77,0,60,66,2017,0,0,0,0,0,0,0,"upstate",10854.4466121334433685525560957306407238
"36031",2018,"Q1",1,8073,4186,2545,0,0,3,3,3,0,1641,"Essex County",44.109601,-73.778431,,,,,,,38598,53244,10.07254000775236724071100282407663768758,4.06238665215814290895901342038447587958,21.08399398932587180682936939737810249236,2016,0.38598,90,18.99722222222222222222222222222222222222,13.45,73.416,0,88,64,2017,0,0,0,0,0,0,0,"upstate",10845.1215088864708015959376133478418571
"36033",2018,"Q1",1,8073,6092,5422,48,622,2,2,2,0,0,"Franklin County",44.594376,-74.31067,,,,,,,51007,49782,19.23042940448842551687577310478883194911,5.00127433489521046130923206618699394201,14.92932342619640441508028309839825906248,2016,0.51007,90,22.22111111111111111111111111111111111111,13.175,61.351,0,82,67,2017,0,0,0,0,0,0,0,"upstate",11943.45874095712353206422647871860725
"36035",2018,"Q1",1,8073,5648,5187,29,432,1,1,1,0,0,"Fulton County",43.115609,-74.423678,,,,,,,54297,46090,16.70027705007633012307054411127235718728,5.02237692690203878667329686723023371457,17.88680774260088034329705140247159143231,2016,0.54297,90,25.70444444444444444444444444444444444444,14.448,58.837,0,80,53,2017,0,0,0,0,0,0,0,"upstate",10402.0479952851907103523214910584378511
"36037",2018,"Q1",1,8073,5645,4847,27,771,1,1,1,0,0,"Genesee County",43.00091,-78.192778,,,,,,,59053,52641,12.4533750451209240765250872337865479485,5.12421045501498653751714561495605642389,17.3945438843073171557753204748276971534,2016,0.59053,90,31.975,11.118,26.513,0,67,60,2017,0,0,0,0,0,0,0,"upstate",9559.209523648248183834860210319543460959
"36045",2018,"Q1",1,8073,10860,9387,64,1409,3,3,1,2,0,"Jefferson County",43.996389,-76.052968,,,,,,,117966,49911,14.57803956075529975846928788844693058461,8.17269382703490836342675008053167861926,12.17215129783157859044131359883356221284,2016,1.17966,90,30.015,11.456,33.125,0,68,53,2017,0,0,0,0,0,0,0,"upstate",9206.042419002085346625298814912771476527
"36047",2018,"Q1",1,8073,252787,147486,1584,24956,15,15,13,2,78761,"Kings County",40.635045,-73.95064,,,,,,,2606852,50640,22.73073015445589909180457510119217576139,7.43621041777592283719981034596517178574,12.18231798352955979088954800656117033111,2016,26.06852,90,37.62111111111111111111111111111111111111,9.69,25.108,0,48,38,2017,0,0,0,0,0,1,0,"nyc",9697.021541690897680420675972398893377913
"36049",2018,"Q1",1,8073,2633,2394,28,211,1,1,1,0,0,"Lewis County",43.782706,-75.444132,,,,,,,27107,49976,14.01502410584146204731472138132077587173,6.03534142472424097096690891651602906998,16.60825616999299074039915888884789906666,2016,0.27107,90,27.98611111111111111111111111111111111111,12.468,50.493,0,71,61,2017,0,0,0,0,0,0,0,"upstate",9713.358173165602980779872357693584682923
"36051",2018,"Q1",1,8073,3629,3208,23,398,1,1,1,0,0,"Livingston County",42.729042,-77.778463,,,,,,,64622,52724,14.89350800184460878921928640967394831679,4.57274612361115409612825353594751013587,15.76398130667574510228714679211414069512,2016,0.64622,90,32.81888888888888888888888888888888888889,10.472,22.515,0,66,62,2017,0,0,0,0,0,0,0,"upstate",5615.734579554950326514190213859057286992
"36053",2018,"Q1",1,8073,8126,5255,44,388,2,2,2,0,2439,"Madison County",42.910026,-75.663575,,,,,,,72089,55858,11.85862935055615357014711158952278435594,4.68032570849921624658408356337305275423,15.90395205926008128840738531537405151965,2016,0.72089,90,27.97888888888888888888888888888888888889,14.385,54.291,0,76,67,2017,0,0,0,0,0,0,0,"upstate",11272.1774473220602311032196312891009724
"36055",2018,"Q1",1,8073,85841,68278,606,16957,6,6,5,1,0,"Monroe County",43.250347,-77.700518,,,,,,,749236,53568,14.85606480600398831638436778565695514385,5.63213727049954887378609677057696106434,15.49191443016619596495630215312665168251,2016,7.49236,90,33.47111111111111111111111111111111111111,10.458,23.485,0,64,59,2017,0,0,0,0,0,0,0,"upstate",11457.137670907431036415762189750625971
"36057",2018,"Q1",1,8073,13057,6517,31,948,2,2,2,0,5561,"Montgomery County",42.900891,-74.435357,,,,,,,49667,44455,20.60663429088813894147666474606963536094,6.0482815551573479372621660257313709304,17.66363984134334668894839631948778867256,2016,0.49667,90,29.03277777777777777777777777777777777778,11.926,41.29,0,79,50,2017,0,0,0,0,0,0,0,"upstate",26289.0853081522942799041617170354561379
"36059",2018,"Q1",1,8073,118200,67571,1176,24903,12,12,11,1,24550,"Nassau County",40.729612,-73.589414,,,,,,,1356801,102044,6.00466868562513042327072767022714404638,5.44353962003270929193006196192367193126,16.40837528863849599167453443799053803763,2016,13.56801,90,36.53,9.399,26.402,0,51,42,2017,0,0,0,0,0,0,1,"downstate_non_nyc",8711.668107555934879175354381372065616107
"36061",2018,"Q1",1,8073,296075,199726,1323,32582,17,17,16,1,62444,"New York County",40.776642,-73.970187,,,,,,,1634989,75513,17.62361697049390109886649675768573639925,5.01679216190445317980732592084717389536,14.3837053337973527650644744398891980313,2016,16.34989,90,36.99222222222222222222222222222222222222,10.52,26.101,0,54,42,2017,0,0,0,0,0,1,0,"nyc",18108.6845232597895154034675462648372558
"36063",2018,"Q1",1,8073,16945,14468,83,2394,5,5,3,2,0,"Niagara County",43.272672,-78.812943,,,,,,,213374,50094,13.61986801768677598342103503929864102148,5.18010629223804212322026113772062200643,17.26873939655253217355441618941389297665,2016,2.13374,90,33.83722222222222222222222222222222222222,9.091,18.853,0,62,54,2017,0,0,0,0,0,0,0,"upstate",7941.454910157751178681563826895498045685
"36065",2018,"Q1",1,8073,26615,21981,123,4511,3,3,3,0,0,"Oneida County",43.242727,-75.434282,,,,,,,232858,49838,16.67338938113258854721385030252215096648,5.71249430983689630590316845459464566388,17.41619356002370543421312559585670236797,2016,2.32858,90,28.45944444444444444444444444444444444444,15.01,40.984,0,75,58,2017,0,0,0,0,0,0,0,"upstate",11429.7125286655386544589406419362873511
"36067",2018,"Q1",1,8073,51460,39927,415,11118,5,5,4,1,0,"Onondaga County",43.006516,-76.196134,,,,,,,468050,55717,15.18625597687089958856888691204269987768,5.73613930135669266104048712744364918278,15.33383185557098600576861446426663817968,2016,4.6805,90,31.09555555555555555555555555555555555556,13.311,40.018,0,71,67,2017,0,0,0,0,0,0,0,"upstate",10994.5518641170815083858562119431684649
"36069",2018,"Q1",1,8073,13982,10134,97,1538,3,3,3,0,2213,"Ontario County",42.856357,-77.303497,,,,,,,109450,58070,10.28520734630702731270880915079559825591,5.06075833714024668798538145271813613522,17.80356327089995431703974417542256738237,2016,1.0945,90,31.91444444444444444444444444444444444444,10.253,28.166,0,69,59,2017,0,0,0,0,0,0,0,"upstate",12774.7830059387848332571950662402923709
"36071",2018,"Q1",1,8073,38402,30867,345,7190,4,4,4,0,0,"Orange County",41.40241,-74.306252,,,,,,,376242,71910,12.6477876879073372561434918832763834456,6.56891043530493671626240557938773449004,12.54006729711196517135248058430478256016,2016,3.76242,90,33.85166666666666666666666666666666666667,10.873,32.575,0,68,43,2017,0,0,0,0,0,0,0,"upstate",10206.7286480509884595552862253549577134
"36073",2018,"Q1",1,8073,1797,,,,1,1,1,0,,"Orleans County",43.339906,-78.207028,,,,,,,41938,48731,15.57806943485046179036508301992989996674,4.92870427774333539987600743955362678239,16.21679622299585101816967905002622919548,2016,0.41938,90,33.38833333333333333333333333333333333333,9.984,23.507,0,62,58,2017,0,0,0,0,0,0,0,"upstate",4284.896752348705231532261910439219800658
"36075",2018,"Q1",1,8073,6792,5969,24,799,2,2,2,0,0,"Oswego County",43.461443,-76.209262,,,,,,,120513,49571,18.30500828496820480788416660160147134095,5.51226838598325491855650427754682067495,14.26651066689900674616016529337083966045,2016,1.20513,90,30.53,13.116,42.828,0,68,61,2017,0,0,0,0,0,0,0,"upstate",5635.906499713723830624082049239501132658
"36077",2018,"Q1",1,8073,10648,9000,96,1552,2,2,2,0,0,"Otsego County",42.629776,-75.028841,,,,,,,60979,49689,16.31870396587874769269367932474328417053,4.19652667311697469620689089686613424294,18.53424949572803752111382607127043736368,2016,0.60979,90,27.71611111111111111111111111111111111111,13.257,44.621,0,78,57,2017,0,0,0,0,0,0,0,"upstate",17461.7491267485527804654061234195378737
"36079",2018,"Q1",1,8073,6750,5528,57,1165,1,1,1,0,0,"Putnam County",41.427907,-73.743861,,,,,,,99408,97606,5.15981036855788346842024774430341030739,4.52780460325124738451633671334299050378,14.85594720746821181393851601480766135522,2016,0.99408,90,32.89388888888888888888888888888888888889,10.297,32.245,0,70,40,2017,0,0,0,0,0,0,0,"upstate",6790.197971994205697730564944471269917914
"36081",2018,"Q1",1,8073,180453,116527,230,21656,10,10,9,1,42040,"Queens County",40.654658,-73.841209,,,,,,,2310011,59758,14.62660996056953558897067578073019897327,6.26118230605828283934578666508514461619,13.67322493269512569420665096399973852938,2016,23.10011,90,37.42111111111111111111111111111111111111,9.51,24.806,0,49,40,2017,0,0,0,0,0,1,0,"nyc",7811.780982861120574750509846057010118134
"36083",2018,"Q1",1,8073,11272,9366,76,1830,2,2,1,1,0,"Rensselaer County",42.710421,-73.513845,,,,,,,159959,61754,12.36653303753292076960002075792368868304,5.37575253658750054701517263798848454917,15.10324520658418719796947967916778674535,2016,1.59959,90,28.38555555555555555555555555555555555556,12.036,43.213,0,75,49,2017,0,0,0,0,0,0,0,"upstate",7046.805743971892797529366900268193724642
"36085",2018,"Q1",1,8073,41458,14363,118,2260,3,3,2,1,24717,"Richmond County",40.561263,-74.1399,,,,,,,473324,74021,12.94095010048317441313550262966605379057,5.79307197606713371812965326076852219621,14.53697678545774142025335710845002577516,2016,4.73324,90,37.84666666666666666666666666666666666667,11.551,24.913,0,46,40,2017,0,0,0,0,0,1,0,"nyc",8758.905105171087880606096458240021634229
"36087",2018,"Q1",1,8073,23386,18998,182,4206,2,2,2,0,0,"Rockland County",41.154628,-74.024662,,,,,,,322642,86134,14.50953871317805073683217212147901168551,7.48290675113593394536359184483111312228,14.86539260232703739748699797298553815064,2016,3.22642,90,35.075,10.805,29.85,0,56,44,2017,0,0,0,0,0,0,1,"downstate_non_nyc",7248.281376882117021342540648768604211479
"36089",2018,"Q1",1,8073,14774,12524,104,1752,5,5,4,1,394,"St. Lawrence County",44.488112,-75.074311,,,,,,,111529,46313,19.20205014823375709763328475955982111452,5.36811053627307695756260703494158469994,15.38344287136081198612020192057671098997,2016,1.11529,90,26.44166666666666666666666666666666666667,12.559,41.727,0,77,61,2017,0,0,0,0,0,0,0,"upstate",13246.7788646899012812811017762196379417
"36091",2018,"Q1",1,8073,9153,7176,107,1870,1,1,1,0,0,"Saratoga County",43.106135,-73.855387,,,,,,,224929,74080,6.43326277428507970755012034321613279001,5.21453436417714034206349559194234625148,15.78542562319665316611019477257267848966,2016,2.24929,90,28.86388888888888888888888888888888888889,11.77,48.563,0,75,50,2017,0,0,0,0,0,0,0,"upstate",4069.284085200218735689928821983826007318
"36093",2018,"Q1",1,8073,16522,13675,46,2785,2,2,2,0,16,"Schenectady County",42.817552,-74.043559,,,,,,,154845,59959,11.96495669288729547578181432613867553794,5.91042655558784591042655558784591042656,15.72475701507959572475701507959572475702,2016,1.54845,90,30.09555555555555555555555555555555555556,11.694,40.376,0,77,49,2017,0,0,0,0,0,0,0,"upstate",10670.0248635732506700248635732506700249
"36097",2018,"Q1",1,8073,1705,1685,0,20,1,1,1,0,0,"Schuyler County",42.419776,-76.938603,,,,,,,18336,47229,14.62910168259824473139918385600089440438,4.65750436300174520069808027923211169284,19.3608202443280977312390924956369982548,2016,0.18336,90,31.13833333333333333333333333333333333333,10.408,29.739,0,72,57,2017,0,0,0,0,0,0,0,"upstate",9298.64746945898778359511343804537521815
"36101",2018,"Q1",1,8073,12173,6110,67,903,3,3,3,0,5093,"Steuben County",42.266725,-77.385525,,,,,,,98151,48823,15.08100940620726805618862138979820163262,5.65659035567645770292712249493127935528,17.46390765249462562785911503703477295188,2016,0.98151,90,30.79444444444444444444444444444444444444,10.69,25.633,0,73,54,2017,0,0,0,0,0,0,0,"upstate",12402.3188760175647726462287699564956037
"36103",2018,"Q1",1,8073,129416,84795,944,25528,11,11,11,0,18149,"Suffolk County",40.943554,-72.692218,,,,,,,1498130,90128,7.25443342002405906049777460502134117682,5.40273541014464699325158697843311328122,15.24914393276951933410318196685200883768,2016,14.9813,90,37.04777777777777777777777777777777777778,9.213,30.261,0,49,38,2017,0,0,0,0,0,0,1,"downstate_non_nyc",8638.502666657766682464138626153938576759
"36105",2018,"Q1",1,8073,6934,5306,27,793,2,2,2,0,808,"Sullivan County",41.719993,-74.771577,,,,,,,75818,52027,17.11280546337182194673761004909355201448,5.71236381861827006779392756337545173969,16.73876915771980268537814239362684322984,2016,0.75818,90,30.32611111111111111111111111111111111111,10.802,35.334,0,75,47,2017,0,0,0,0,0,0,0,"upstate",9145.585481020338178269012635521907726397
"36109",2018,"Q1",1,8073,6700,5671,48,981,1,1,1,0,0,"Tompkins County",42.453006,-76.473483,,,,,,,104268,54133,20.07083955946648956776800044274724666556,4.23044462347028810373268884029615989565,12.17631488088387616526642881804580504086,2016,1.04268,90,31.57222222222222222222222222222222222222,12.508,35.166,0,70,61,2017,0,0,0,0,0,0,0,"upstate",6425.74903134231020063682050101661104078
"36111",2018,"Q1",1,8073,12537,11022,62,1453,2,2,2,0,0,"Ulster County",41.947212,-74.265458,,,,,,,180505,60393,13.01837513536677882081781803230271196845,4.52231240131852303260297498684246973768,17.37070995263289105564942799368438547409,2016,1.80505,90,32.07222222222222222222222222222222222222,11.666,42.552,0,70,46,2017,0,0,0,0,0,0,0,"upstate",6945.513974682141768926068529957618902523
"36113",2018,"Q1",1,8073,10829,8245,122,2462,1,1,1,0,0,"Warren County",43.555105,-73.838139,,,,,,,64911,57174,11.06145600575026954388486960326265293686,4.55700882747146092341821879188427231132,19.76398453266780668915900232626211273898,2016,0.64911,90,26.965,9.468,44.648,0,79,37,2017,0,0,0,0,0,0,0,"upstate",16682.8426614903483230885366116682842661
"36117",2018,"Q1",1,8073,6384,5272,33,1079,1,1,1,0,0,"Wayne County",43.218114,-77.049402,,,,,,,91874,51627,11.89981200928895278115669578679641711821,5.50318915035809913577290637177003287111,16.4965060844199664758255872172758342948,2016,0.91874,90,32.49222222222222222222222222222222222222,10.779,29.931,0,67,60,2017,0,0,0,0,0,0,0,"upstate",6948.64706010405555434616975422861745434
"36119",2018,"Q1",1,8073,82557,56761,420,14335,13,13,10,3,11041,"Westchester County",41.152686,-73.745753,,,,,,,969229,86226,9.79108820649679939265647237453978713371,5.70773264109926549865924358433352695803,15.6468698315877878189777648006817790223,2016,9.69229,90,34.78444444444444444444444444444444444444,10.206,29.158,0,59,42,2017,0,0,0,0,0,0,1,"downstate_non_nyc",8517.801262653098493751218752224706441924
"36121",2018,"Q1",1,8073,3243,2860,18,365,1,1,1,0,0,"Wyoming County",42.701365,-78.228576,,,,,,,41239,53612,11.53372920344513989193815866902048895308,4.93464923979727927447319285142704721259,15.51201532529886757680836101748345013216,2016,0.41239,90,29.53833333333333333333333333333333333333,11.311,33.676,0,77,68,2017,0,0,0,0,0,0,0,"upstate",7863.915225878416062465142219743446737312
"36123",2018,"Q1",1,8073,1962,1805,0,157,1,1,1,0,0,"Yates County",42.638237,-77.104324,,,,,,,25106,50105,13.9004062486912091133727017632030824643,5.9945829682147693778379670198358958018,18.23070182426511590854775750816537879391,2016,0.25106,90,31.55388888888888888888888888888888888889,10.427,27.756,0,70,57,2017,0,0,0,0,0,0,0,"upstate",7814.864972516529913168166972038556520354
"36001",2018,"Q2",2,8074,41928,31370,357,10201,5,5,3,2,0,"Albany County",42.58824,-73.97401,42951,,,,,5,307891,60904,12.92393336209198660668433269653458228056,5.02483021588809026571091717523409258471,15.21350088180557405055685291223192623363,2016,3.07891,91,56.41758241758241758241758241758241758242,13.399,1.874,0,3,53,2017,0,0,1,0,0,0,0,"upstate",13617.806301580754227957296575736218337
"36003",2018,"Q2",2,8074,5125,2613,21,309,2,2,2,0,2182,"Allegany County",42.247853,-78.026153,5290,,,,,2,47700,44085,17.07094143289038880686212472755396189271,5.14046121593291404612159329140461215933,16.79245283018867924528301886792452830189,2016,0.477,91,55.35879120879120879120879120879120879121,14.944,2.233,0,10,59,2017,0,0,1,0,0,0,0,"upstate",10744.2348008385744234800838574423480084
"36005",2018,"Q2",2,8074,201587,74119,677,12849,10,10,10,0,113942,"Bronx County",40.848711,-73.852939,210214,,,,,10,1436785,35302,30.52935197530899445822828901724201924916,7.47878075007742981726563125311024265983,11.26981420323848035718635704019738513417,2016,14.36785,91,60.51703296703296703296703296703296703297,12.169,0,2,0,52,2017,0,0,1,0,0,1,0,"nyc",14030.4220882038718388624602845937283588
"36007",2018,"Q2",2,8074,24006,15725,191,3647,3,3,3,0,4443,"Broome County",42.161977,-75.830283,23818,,,,,3,197381,47744,17.42455803023019815200555466538482080863,5.18236304406199178239040231835890992547,17.58629250029131476687219134567156919866,2016,1.97381,91,56.16923076923076923076923076923076923077,15.134,1.46,0,10,56,2017,0,0,1,0,0,0,0,"upstate",12162.2648583196964246812003181663888621
"36009",2018,"Q2",2,8074,7998,6957,60,981,1,1,1,0,0,"Cattaraugus County",42.239099,-78.662332,8308,,,,,1,78506,43884,17.46267870777494010162976224954582554435,5.86834127327847553053269813772195755738,17.07130665172088757547193845056428807989,2016,0.78506,91,54.99340659340659340659340659340659340659,18.734,4.712,0,8,55,2017,0,0,1,0,0,0,0,"upstate",10187.7563498331337732147861309963569663
"36011",2018,"Q2",2,8074,6700,5720,72,908,1,1,1,0,0,"Cayuga County",43.008546,-76.574587,6118,,,,,1,78783,53114,11.38972323535721948079811199313452048917,5.12800984984070167421905741086274957795,16.86404427351078278308772197047586408235,2016,0.78783,91,58.00879120879120879120879120879120879121,17.084,1.902,0,2,62,2017,0,0,1,0,0,0,0,"upstate",8504.372770775421093383090260589213408984
"36013",2018,"Q2",2,8074,10634,7507,63,1280,5,5,3,2,1784,"Chautauqua County",42.304216,-79.407595,10725,,,,,5,131748,43211,19.39811025374095059481710466714877182387,5.36478732124965843883778121869022679661,18.04657376203054315815040835534505267632,2016,1.31748,91,57.06703296703296703296703296703296703297,15.523,7.055,0,2,59,2017,0,0,1,0,0,0,0,"upstate",8071.469775632267662507210735646840938762
"36015",2018,"Q2",2,8074,9895,8253,44,1598,2,2,1,1,0,"Chemung County",42.148697,-76.752471,9699,,,,,2,87742,49578,15.93610563610200848861533996783516124742,5.89113537416516605502495954047092612432,16.79013471313624034099974926489024640423,2016,0.87742,91,56.95714285714285714285714285714285714286,13.571,2.012,0,4,51,2017,0,0,1,0,0,0,0,"upstate",11277.381413690136992546329010052198491
"36017",2018,"Q2",2,8074,4271,,,,1,1,1,0,,"Chenango County",42.478024,-75.602241,4312,,,,,1,49286,46979,15.38715127539456875592368236700045329048,5.24286815728604471858134155744024672321,18.83699224932029379539828754615915270056,2016,0.49286,91,54.72582417582417582417582417582417582418,16.216,1.984,0,12,59,2017,0,0,1,0,0,0,0,"upstate",8665.746865235563851803757659375887676013
"36019",2018,"Q2",2,8074,10736,9148,124,1464,1,1,1,0,0,"Clinton County",44.752712,-73.705643,10914,,,,,1,81505,50502,16.13692929128075400873148639275368232078,4.79602478375559781608490276670142936016,15.12299858904361695601496840684620575425,2016,0.81505,91,50.98626373626373626373626373626373626374,15.699,6.752,0,17,67,2017,0,0,1,0,0,0,0,"upstate",13172.1980246610637384209557695846880559
"36021",2018,"Q2",2,8074,6557,5496,53,1008,1,1,1,0,0,"Columbia County",42.247696,-73.626718,6349,,,,,1,61860,59916,12.69934040243800617850880854972029723637,4.32104752667313288069835111542192046557,20.6870352408664726802457161332040090527,2016,0.6186,91,57.85604395604395604395604395604395604396,13.422,0.772,0,4,48,2017,0,0,1,0,0,0,0,"upstate",10599.7413514387326220497898480439702554
"36023",2018,"Q2",2,8074,7305,6536,59,710,1,1,1,0,0,"Cortland County",42.594039,-76.07624,7444,,,,,1,48713,50910,13.75193798449612403100775193798449612403,4.8344384455894730359452302260176954817,15.17869973107794633875967400899143965677,2016,0.48713,91,55.00164835164835164835164835164835164835,16.079,3.473,0,11,61,2017,0,0,1,0,0,0,0,"upstate",14995.9969617966456592695994908956541375
"36025",2018,"Q2",2,8074,6203,6148,0,55,4,4,4,0,0,"Delaware County",42.193986,-74.966728,5796,,,,,4,46480,46055,15.85252410663641520136131593874078275666,4.39328743545611015490533562822719449225,22.0180722891566265060240963855421686747,2016,0.4648,91,53.51703296703296703296703296703296703297,16.169,1.681,0,12,64,2017,0,0,1,0,0,0,0,"upstate",13345.5249569707401032702237521514629948
"36027",2018,"Q2",2,8074,31029,25369,340,5320,3,3,3,0,0,"Dutchess County",41.754825,-73.740014,30906,,,,,3,295905,72706,9.15334593789389251747450441159619571445,4.70995758773930822392321860056437032156,15.46814011253611801084807624068535509708,2016,2.95905,91,57.86098901098901098901098901098901098901,12.068,0.469,0,2,55,2017,0,0,1,0,0,0,0,"upstate",10486.1357530288437167334110609824098951
"36029",2018,"Q2",2,8074,97420,76106,703,18084,10,10,9,1,2527,"Erie County",42.752759,-78.778192,100092,,,,,10,922129,52744,14.74019502253908765523175807115856156089,5.38059208635668111511513031257015016337,16.53716562433238733409316917698066105718,2016,9.22129,91,57.68681318681318681318681318681318681319,16.062,4.602,0,1,54,2017,0,0,1,0,0,0,0,"upstate",10564.682381749191273672121796408094746
"36031",2018,"Q2",2,8074,3940,2216,0,0,3,3,3,0,1724,"Essex County",44.109601,-73.778431,4186,,,,,3,38598,53244,10.07254000775236724071100282407663768758,4.06238665215814290895901342038447587958,21.08399398932587180682936939737810249236,2016,0.38598,91,47.66428571428571428571428571428571428571,15.67,10.059,0,21,67,2017,0,0,1,0,0,0,0,"upstate",10207.7827866728846054199699466293590341
"36033",2018,"Q2",2,8074,6181,5581,49,551,2,2,2,0,0,"Franklin County",44.594376,-74.31067,6092,,,,,2,51007,49782,19.23042940448842551687577310478883194911,5.00127433489521046130923206618699394201,14.92932342619640441508028309839825906248,2016,0.51007,91,51.06648351648351648351648351648351648352,17.714,8.545,0,16,67,2017,0,0,1,0,0,0,0,"upstate",12117.9445958397866959436940027839316172
"36035",2018,"Q2",2,8074,5573,5175,30,368,1,1,1,0,0,"Fulton County",43.115609,-74.423678,5648,,,,,1,54297,46090,16.70027705007633012307054411127235718728,5.02237692690203878667329686723023371457,17.88680774260088034329705140247159143231,2016,0.54297,91,53.31153846153846153846153846153846153846,19.549,2.811,0,9,56,2017,0,0,1,0,0,0,0,"upstate",10263.918816877543879035674162476748255
"36037",2018,"Q2",2,8074,5311,4589,24,698,1,1,1,0,0,"Genesee County",43.00091,-78.192778,5645,,,,,1,59053,52641,12.4533750451209240765250872337865479485,5.12421045501498653751714561495605642389,17.3945438843073171557753204748276971534,2016,0.59053,91,57.3989010989010989010989010989010989011,15.307,6.119,0,2,55,2017,0,0,1,0,0,0,0,"upstate",8993.615904357102941425499127902054087007
"36045",2018,"Q2",2,8074,10844,9293,80,1471,3,3,1,2,0,"Jefferson County",43.996389,-76.052968,10860,,,,,3,117966,49911,14.57803956075529975846928788844693058461,8.17269382703490836342675008053167861926,12.17215129783157859044131359883356221284,2016,1.17966,91,55.42527472527472527472527472527472527473,19.722,0.883,0,3,56,2017,0,0,1,0,0,0,0,"upstate",9192.479188918841021989386772459861315972
"36047",2018,"Q2",2,8074,246556,145573,1402,23654,15,15,13,2,75927,"Kings County",40.635045,-73.95064,252787,,,,,15,2606852,50640,22.73073015445589909180457510119217576139,7.43621041777592283719981034596517178574,12.18231798352955979088954800656117033111,2016,26.06852,91,60.72252747252747252747252747252747252747,11.803,0,1,0,49,2017,0,0,1,0,0,1,0,"nyc",9457.997615514804829733333537922367667977
"36049",2018,"Q2",2,8074,2641,2451,21,169,1,1,1,0,0,"Lewis County",43.782706,-75.444132,2633,,,,,1,27107,49976,14.01502410584146204731472138132077587173,6.03534142472424097096690891651602906998,16.60825616999299074039915888884789906666,2016,0.27107,91,55.39285714285714285714285714285714285714,15.817,3.472,0,7,59,2017,0,0,1,0,0,0,0,"upstate",9742.87084516914450142029734017043568082
"36051",2018,"Q2",2,8074,3635,3212,37,386,1,1,1,0,0,"Livingston County",42.729042,-77.778463,3629,,,,,1,64622,52724,14.89350800184460878921928640967394831679,4.57274612361115409612825353594751013587,15.76398130667574510228714679211414069512,2016,0.64622,91,58.10604395604395604395604395604395604396,15.149,3.527,0,3,58,2017,0,0,1,0,0,0,0,"upstate",5625.019343257714091176379561140168982699
"36053",2018,"Q2",2,8074,8140,5287,34,390,2,2,2,0,2429,"Madison County",42.910026,-75.663575,8126,,,,,2,72089,55858,11.85862935055615357014711158952278435594,4.68032570849921624658408356337305275423,15.90395205926008128840738531537405151965,2016,0.72089,91,54.75659340659340659340659340659340659341,16.686,4.244,0,8,60,2017,0,0,1,0,0,0,0,"upstate",11291.5978859465383068151867830043418552
"36055",2018,"Q2",2,8074,86228,68660,656,16912,6,6,5,1,0,"Monroe County",43.250347,-77.700518,85841,,,,,6,749236,53568,14.85606480600398831638436778565695514385,5.63213727049954887378609677057696106434,15.49191443016619596495630215312665168251,2016,7.49236,91,56.99065934065934065934065934065934065934,14.295,4.272,0,0,53,2017,0,0,1,0,0,0,0,"upstate",11508.7902877064102632548355925235840243
"36057",2018,"Q2",2,8074,12616,6447,30,1060,2,2,2,0,5079,"Montgomery County",42.900891,-74.435357,13057,,,,,2,49667,44455,20.60663429088813894147666474606963536094,6.0482815551573479372621660257313709304,17.66363984134334668894839631948778867256,2016,0.49667,91,55.83351648351648351648351648351648351648,16.879,1.351,0,6,51,2017,0,0,1,0,0,0,0,"upstate",25401.1718042160790867175388084643727223
"36059",2018,"Q2",2,8074,116844,65785,1212,24984,12,12,11,1,24863,"Nassau County",40.729612,-73.589414,118200,,,,,12,1356801,102044,6.00466868562513042327072767022714404638,5.44353962003270929193006196192367193126,16.40837528863849599167453443799053803763,2016,13.56801,91,60.21868131868131868131868131868131868132,11.273,0,1,0,48,2017,0,0,1,0,0,0,1,"downstate_non_nyc",8611.727143479404864825423919941096741527
"36061",2018,"Q2",2,8074,281987,192518,1848,27898,17,17,16,1,59723,"New York County",40.776642,-73.970187,296075,,,,,17,1634989,75513,17.62361697049390109886649675768573639925,5.01679216190445317980732592084717389536,14.3837053337973527650644744398891980313,2016,16.34989,91,61.0456043956043956043956043956043956044,11.105,0,2,0,49,2017,0,0,1,0,0,1,0,"nyc",17247.0273500311011266742467380514486642
"36063",2018,"Q2",2,8074,16507,14025,115,2367,5,5,3,2,0,"Niagara County",43.272672,-78.812943,16945,,,,,5,213374,50094,13.61986801768677598342103503929864102148,5.18010629223804212322026113772062200643,17.26873939655253217355441618941389297665,2016,2.13374,91,57.75549450549450549450549450549450549451,14.289,3.528,0,0,52,2017,0,0,1,0,0,0,0,"upstate",7736.181540393862419976192038392681395109
"36065",2018,"Q2",2,8074,26723,22032,116,4575,3,3,3,0,0,"Oneida County",43.242727,-75.434282,26615,,,,,3,232858,49838,16.67338938113258854721385030252215096648,5.71249430983689630590316845459464566388,17.41619356002370543421312559585670236797,2016,2.32858,91,55.83956043956043956043956043956043956044,23.364,1.626,0,6,58,2017,0,0,1,0,0,0,0,"upstate",11476.0927260390452550481409270886119438
"36067",2018,"Q2",2,8074,53852,42073,514,11265,5,5,4,1,0,"Onondaga County",43.006516,-76.196134,51460,,,,,5,468050,55717,15.18625597687089958856888691204269987768,5.73613930135669266104048712744364918278,15.33383185557098600576861446426663817968,2016,4.6805,91,57.18571428571428571428571428571428571429,18.076,2.783,0,4,62,2017,0,0,1,0,0,0,0,"upstate",11505.6083751735925648969127229996795214
"36069",2018,"Q2",2,8074,14208,10380,103,1498,3,3,3,0,2227,"Ontario County",42.856357,-77.303497,13982,,,,,3,109450,58070,10.28520734630702731270880915079559825591,5.06075833714024668798538145271813613522,17.80356327089995431703974417542256738237,2016,1.0945,91,57.41098901098901098901098901098901098901,14.697,4.85,0,1,57,2017,0,0,1,0,0,0,0,"upstate",12981.2699862951119232526267702147099132
"36071",2018,"Q2",2,8074,37984,30420,306,7258,4,4,4,0,0,"Orange County",41.40241,-74.306252,38402,,,,,4,376242,71910,12.6477876879073372561434918832763834456,6.56891043530493671626240557938773449004,12.54006729711196517135248058430478256016,2016,3.76242,91,58.94010989010989010989010989010989010989,12.82,0.138,0,0,50,2017,0,0,1,0,0,0,0,"upstate",10095.6299403043785648598508406823268003
"36073",2018,"Q2",2,8074,1860,,,,1,1,1,0,,"Orleans County",43.339906,-78.207028,1797,,,,,1,41938,48731,15.57806943485046179036508301992989996674,4.92870427774333539987600743955362678239,16.21679622299585101816967905002622919548,2016,0.41938,91,56.97307692307692307692307692307692307692,14.824,3.72,0,0,55,2017,0,0,1,0,0,0,0,"upstate",4435.11850827411893747913586723258142973
"36075",2018,"Q2",2,8074,6799,5929,33,837,2,2,2,0,0,"Oswego County",43.461443,-76.209262,6792,,,,,2,120513,49571,18.30500828496820480788416660160147134095,5.51226838598325491855650427754682067495,14.26651066689900674616016529337083966045,2016,1.20513,91,55.9989010989010989010989010989010989011,19.227,1.543,0,4,61,2017,0,0,1,0,0,0,0,"upstate",5641.715001701061296291686374084123704497
"36077",2018,"Q2",2,8074,11286,9658,133,1495,2,2,2,0,0,"Otsego County",42.629776,-75.028841,10648,,,,,2,60979,49689,16.31870396587874769269367932474328417053,4.19652667311697469620689089686613424294,18.53424949572803752111382607127043736368,2016,0.60979,91,54.41098901098901098901098901098901098901,16.75,1.792,0,11,57,2017,0,0,1,0,0,0,0,"upstate",18508.0109545909247445842011184178159694
"36079",2018,"Q2",2,8074,6693,5495,74,1124,1,1,1,0,0,"Putnam County",41.427907,-73.743861,6750,,,,,1,99408,97606,5.15981036855788346842024774430341030739,4.52780460325124738451633671334299050378,14.85594720746821181393851601480766135522,2016,0.99408,91,57.93516483516483516483516483516483516484,11.734,0.248,0,1,57,2017,0,0,1,0,0,0,0,"upstate",6732.858522452921294060840173829068083052
"36081",2018,"Q2",2,8074,167298,107598,201,18567,10,10,9,1,40932,"Queens County",40.654658,-73.841209,180453,,,,,10,2310011,59758,14.62660996056953558897067578073019897327,6.26118230605828283934578666508514461619,13.67322493269512569420665096399973852938,2016,23.10011,91,59.93076923076923076923076923076923076923,11.255,0,0,0,46,2017,0,0,1,0,0,1,0,"nyc",7242.303175179685291541901748519812243318
"36083",2018,"Q2",2,8074,12029,10171,85,1773,2,2,1,1,0,"Rensselaer County",42.710421,-73.513845,11272,,,,,2,159959,61754,12.36653303753292076960002075792368868304,5.37575253658750054701517263798848454917,15.10324520658418719796947967916778674535,2016,1.59959,91,55.08681318681318681318681318681318681319,15.676,1.488,0,5,60,2017,0,0,1,0,0,0,0,"upstate",7520.052013328415406447902274957957976732
"36085",2018,"Q2",2,8074,40840,14418,153,2155,3,3,2,1,24114,"Richmond County",40.561263,-74.1399,41458,,,,,3,473324,74021,12.94095010048317441313550262966605379057,5.79307197606713371812965326076852219621,14.53697678545774142025335710845002577516,2016,4.73324,91,60.92747252747252747252747252747252747253,12.184,0,1,0,49,2017,0,0,1,0,0,1,0,"nyc",8628.339150349443510153721340984188420617
"36087",2018,"Q2",2,8074,21057,18427,191,2439,2,2,2,0,0,"Rockland County",41.154628,-74.024662,23386,,,,,2,322642,86134,14.50953871317805073683217212147901168551,7.48290675113593394536359184483111312228,14.86539260232703739748699797298553815064,2016,3.22642,91,59.59065934065934065934065934065934065934,13.237,0,0,0,51,2017,0,0,1,0,0,0,1,"downstate_non_nyc",6526.428673266344741230218012534016030151
"36089",2018,"Q2",2,8074,14502,12321,101,1641,5,5,4,1,439,"St. Lawrence County",44.488112,-75.074311,14774,,,,,5,111529,46313,19.20205014823375709763328475955982111452,5.36811053627307695756260703494158469994,15.38344287136081198612020192057671098997,2016,1.11529,91,54.54010989010989010989010989010989010989,20.733,4.409,0,11,62,2017,0,0,1,0,0,0,0,"upstate",13002.8961077387943942831012561755238548
"36091",2018,"Q2",2,8074,9390,7440,121,1829,1,1,1,0,0,"Saratoga County",43.106135,-73.855387,9153,,,,,1,224929,74080,6.43326277428507970755012034321613279001,5.21453436417714034206349559194234625148,15.78542562319665316611019477257267848966,2016,2.24929,91,56.12032967032967032967032967032967032967,17.665,2.701,0,5,57,2017,0,0,1,0,0,0,0,"upstate",4174.650667543980544971968932418674337235
"36093",2018,"Q2",2,8074,15454,12729,59,2652,2,2,2,0,14,"Schenectady County",42.817552,-74.043559,16522,,,,,2,154845,59959,11.96495669288729547578181432613867553794,5.91042655558784591042655558784591042656,15.72475701507959572475701507959572475702,2016,1.54845,91,56.5521978021978021978021978021978021978,14.106,2.177,0,4,52,2017,0,0,1,0,0,0,0,"upstate",9980.302883528689980302883528689980302884
"36097",2018,"Q2",2,8074,1778,1759,0,19,1,1,1,0,0,"Schuyler County",42.419776,-76.938603,1705,,,,,1,18336,47229,14.62910168259824473139918385600089440438,4.65750436300174520069808027923211169284,19.3608202443280977312390924956369982548,2016,0.18336,91,56.87142857142857142857142857142857142857,13.211,2.757,0,3,55,2017,0,0,1,0,0,0,0,"upstate",9696.771378708551483420593368237347294939
"36101",2018,"Q2",2,8074,12453,6281,47,878,3,3,3,0,5247,"Steuben County",42.266725,-77.385525,12173,,,,,3,98151,48823,15.08100940620726805618862138979820163262,5.65659035567645770292712249493127935528,17.46390765249462562785911503703477295188,2016,0.98151,91,56.19065934065934065934065934065934065934,13.955,2.012,0,5,59,2017,0,0,1,0,0,0,0,"upstate",12687.5936057707002475777118928997157441
"36103",2018,"Q2",2,8074,131658,86701,1081,26211,11,11,11,0,17665,"Suffolk County",40.943554,-72.692218,129416,,,,,11,1498130,90128,7.25443342002405906049777460502134117682,5.40273541014464699325158697843311328122,15.24914393276951933410318196685200883768,2016,14.9813,91,59.98901098901098901098901098901098901099,11.02,0,1,0,48,2017,0,0,1,0,0,0,1,"downstate_non_nyc",8788.155901023275683685661457950912137131
"36105",2018,"Q2",2,8074,7332,5599,33,781,2,2,2,0,919,"Sullivan County",41.719993,-74.771577,6934,,,,,2,75818,52027,17.11280546337182194673761004909355201448,5.71236381861827006779392756337545173969,16.73876915771980268537814239362684322984,2016,0.75818,91,55.37637362637362637362637362637362637363,13.402,0.414,0,6,60,2017,0,0,1,0,0,0,0,"upstate",9670.526787834023582790366403756363924134
"36109",2018,"Q2",2,8074,6494,5501,73,920,1,1,1,0,0,"Tompkins County",42.453006,-76.473483,6700,,,,,1,104268,54133,20.07083955946648956776800044274724666556,4.23044462347028810373268884029615989565,12.17631488088387616526642881804580504086,2016,1.04268,91,57.11978021978021978021978021978021978022,13.525,2.618,0,3,57,2017,0,0,1,0,0,0,0,"upstate",6228.181225304024245214255572179383895347
"36111",2018,"Q2",2,8074,12622,11238,92,1292,2,2,2,0,0,"Ulster County",41.947212,-74.265458,12537,,,,,2,180505,60393,13.01837513536677882081781803230271196845,4.52231240131852303260297498684246973768,17.37070995263289105564942799368438547409,2016,1.80505,91,57.74120879120879120879120879120879120879,15.858,0.661,0,2,54,2017,0,0,1,0,0,0,0,"upstate",6992.604082989390875599013877731918783413
"36113",2018,"Q2",2,8074,11232,8802,142,2288,1,1,1,0,0,"Warren County",43.555105,-73.838139,10829,,,,,1,64911,57174,11.06145600575026954388486960326265293686,4.55700882747146092341821879188427231132,19.76398453266780668915900232626211273898,2016,0.64911,91,54.63736263736263736263736263736263736264,14.392,3.28,0,6,55,2017,0,0,1,0,0,0,0,"upstate",17303.6927485326061838517354531589407034
"36117",2018,"Q2",2,8074,6424,5398,39,987,1,1,1,0,0,"Wayne County",43.218114,-77.049402,6384,,,,,1,91874,51627,11.89981200928895278115669578679641711821,5.50318915035809913577290637177003287111,16.4965060844199664758255872172758342948,2016,0.91874,91,57.52197802197802197802197802197802197802,14.976,3.61,0,1,55,2017,0,0,1,0,0,0,0,"upstate",6992.18494895182532598994274767616518275
"36119",2018,"Q2",2,8074,79762,54797,427,14225,13,13,10,3,10313,"Westchester County",41.152686,-73.745753,82557,,,,,13,969229,86226,9.79108820649679939265647237453978713371,5.70773264109926549865924358433352695803,15.6468698315877878189777648006817790223,2016,9.69229,91,59.47582417582417582417582417582417582418,11.039,0,0,0,53,2017,0,0,1,0,0,0,1,"downstate_non_nyc",8229.427720383934034165300460469094507077
"36121",2018,"Q2",2,8074,3242,2854,15,373,1,1,1,0,0,"Wyoming County",42.701365,-78.228576,3243,,,,,1,41239,53612,11.53372920344513989193815866902048895308,4.93464923979727927447319285142704721259,15.51201532529886757680836101748345013216,2016,0.41239,91,55.39285714285714285714285714285714285714,16.888,5.292,0,8,57,2017,0,0,1,0,0,0,0,"upstate",7861.490336817090618104221731855767598632
"36123",2018,"Q2",2,8074,1939,1811,0,128,1,1,1,0,0,"Yates County",42.638237,-77.104324,1962,,,,,1,25106,50105,13.9004062486912091133727017632030824643,5.9945829682147693778379670198358958018,18.23070182426511590854775750816537879391,2016,0.25106,91,57.37307692307692307692307692307692307692,13.277,3.114,0,1,57,2017,0,0,1,0,0,0,0,"upstate",7723.253405560423803074962160439735521389
"36001",2018,"Q3",3,8075,43614,32847,419,10348,5,5,3,2,0,"Albany County",42.58824,-73.97401,41928,42951,,,,5,307891,60904,12.92393336209198660668433269653458228056,5.02483021588809026571091717523409258471,15.21350088180557405055685291223192623363,2016,3.07891,92,67.05489130434782608695652173913043478261,11.057,0,0,0,46,2017,0,0,0,1,0,0,0,"upstate",14165.4026912121497542961632525796466931
"36003",2018,"Q3",3,8075,4969,2682,16,263,2,2,2,0,2008,"Allegany County",42.247853,-78.026153,5125,5290,,,,2,47700,44085,17.07094143289038880686212472755396189271,5.14046121593291404612159329140461215933,16.79245283018867924528301886792452830189,2016,0.477,92,64.69945652173913043478260869565217391304,7.648,0,0,0,54,2017,0,0,0,1,0,0,0,"upstate",10417.1907756813417190775681341719077568
"36005",2018,"Q3",3,8075,203191,75079,710,12629,10,10,10,0,114773,"Bronx County",40.848711,-73.852939,201587,210214,,,,10,1436785,35302,30.52935197530899445822828901724201924916,7.47878075007742981726563125311024265983,11.26981420323848035718635704019738513417,2016,14.36785,92,71.77771739130434782608695652173913043478,11.762,0,4,0,40,2017,0,0,0,1,0,1,0,"nyc",14142.0602247378696186277000386279088381
"36007",2018,"Q3",3,8075,24284,15722,121,3814,3,3,3,0,4627,"Broome County",42.161977,-75.830283,24006,23818,,,,3,197381,47744,17.42455803023019815200555466538482080863,5.18236304406199178239040231835890992547,17.58629250029131476687219134567156919866,2016,1.97381,92,65.78043478260869565217391304347826086957,13.329,0,0,0,51,2017,0,0,0,1,0,0,0,"upstate",12303.1092151726863274580633394298336719
"36009",2018,"Q3",3,8075,8480,7417,70,993,1,1,1,0,0,"Cattaraugus County",42.239099,-78.662332,7998,8308,,,,1,78506,43884,17.46267870777494010162976224954582554435,5.86834127327847553053269813772195755738,17.07130665172088757547193845056428807989,2016,0.78506,92,64.22934782608695652173913043478260869565,8.077,0,0,0,54,2017,0,0,0,1,0,0,0,"upstate",10801.7221613634626652739917968053397193
"36011",2018,"Q3",3,8075,6760,5922,64,774,1,1,1,0,0,"Cayuga County",43.008546,-76.574587,6700,6118,,,,1,78783,53114,11.38972323535721948079811199313452048917,5.12800984984070167421905741086274957795,16.86404427351078278308772197047586408235,2016,0.78783,92,68.75706521739130434782608695652173913043,12.966,0,0,0,51,2017,0,0,0,1,0,0,0,"upstate",8580.531332901768147950700024116878006677
"36013",2018,"Q3",3,8075,11512,7953,52,1289,5,5,3,2,2218,"Chautauqua County",42.304216,-79.407595,10634,10725,,,,5,131748,43211,19.39811025374095059481710466714877182387,5.36478732124965843883778121869022679661,18.04657376203054315815040835534505267632,2016,1.31748,92,66.43423913043478260869565217391304347826,10.099,0,0,0,58,2017,0,0,0,1,0,0,0,"upstate",8737.89355436135652913137201323739259799
"36015",2018,"Q3",3,8075,9870,8331,78,1461,2,2,1,1,0,"Chemung County",42.148697,-76.752471,9895,9699,,,,2,87742,49578,15.93610563610200848861533996783516124742,5.89113537416516605502495954047092612432,16.79013471313624034099974926489024640423,2016,0.87742,92,66.91684782608695652173913043478260869565,7.327,0,0,0,46,2017,0,0,0,1,0,0,0,"upstate",11248.8887875817738369310022566159877824
"36017",2018,"Q3",3,8075,4476,,,,1,1,1,0,,"Chenango County",42.478024,-75.602241,4271,4312,,,,1,49286,46979,15.38715127539456875592368236700045329048,5.24286815728604471858134155744024672321,18.83699224932029379539828754615915270056,2016,0.49286,92,64.64728260869565217391304347826086956522,12.762,0,0,0,48,2017,0,0,0,1,0,0,0,"upstate",9081.686482976910278780992573956093008156
"36019",2018,"Q3",3,8075,10971,9348,127,1496,1,1,1,0,0,"Clinton County",44.752712,-73.705643,10736,10914,,,,1,81505,50502,16.13692929128075400873148639275368232078,4.79602478375559781608490276670142936016,15.12299858904361695601496840684620575425,2016,0.81505,92,62.99293478260869565217391304347826086957,9.113,0,0,0,49,2017,0,0,0,1,0,0,0,"upstate",13460.5238942396172013986871971044721183
"36021",2018,"Q3",3,8075,6933,5905,57,971,1,1,1,0,0,"Columbia County",42.247696,-73.626718,6557,6349,,,,1,61860,59916,12.69934040243800617850880854972029723637,4.32104752667313288069835111542192046557,20.6870352408664726802457161332040090527,2016,0.6186,92,68.44239130434782608695652173913043478261,9.362,0,0,0,39,2017,0,0,0,1,0,0,0,"upstate",11207.5654704170708050436469447138700291
"36023",2018,"Q3",3,8075,7661,6882,50,729,1,1,1,0,0,"Cortland County",42.594039,-76.07624,7305,7444,,,,1,48713,50910,13.75193798449612403100775193798449612403,4.8344384455894730359452302260176954817,15.17869973107794633875967400899143965677,2016,0.48713,92,64.9538043478260869565217391304347826087,9.819,0,0,0,55,2017,0,0,0,1,0,0,0,"upstate",15726.8080389218483772298975632787962146
"36025",2018,"Q3",3,8075,6604,6533,0,71,4,4,4,0,0,"Delaware County",42.193986,-74.966728,6203,5796,,,,4,46480,46055,15.85252410663641520136131593874078275666,4.39328743545611015490533562822719449225,22.0180722891566265060240963855421686747,2016,0.4648,92,63.2336956521739130434782608695652173913,11.213,0,0,0,49,2017,0,0,0,1,0,0,0,"upstate",14208.2616179001721170395869191049913941
"36027",2018,"Q3",3,8075,31660,25780,348,5532,3,3,3,0,0,"Dutchess County",41.754825,-73.740014,31029,30906,,,,3,295905,72706,9.15334593789389251747450441159619571445,4.70995758773930822392321860056437032156,15.46814011253611801084807624068535509708,2016,2.95905,92,68.48043478260869565217391304347826086957,11.617,0,0,0,49,2017,0,0,0,1,0,0,0,"upstate",10699.3798685388891705108058329531437455
"36029",2018,"Q3",3,8075,99611,77882,886,18183,10,10,9,1,2660,"Erie County",42.752759,-78.778192,97420,100092,,,,10,922129,52744,14.74019502253908765523175807115856156089,5.38059208635668111511513031257015016337,16.53716562433238733409316917698066105718,2016,9.22129,92,67.79402173913043478260869565217391304348,9.176,0,0,0,57,2017,0,0,0,1,0,0,0,"upstate",10802.2847128763979877002024662492991761
"36031",2018,"Q3",3,8075,4820,2942,0,0,3,3,3,0,1878,"Essex County",44.109601,-73.778431,3940,4186,,,,3,38598,53244,10.07254000775236724071100282407663768758,4.06238665215814290895901342038447587958,21.08399398932587180682936939737810249236,2016,0.38598,92,59.62336956521739130434782608695652173913,10.654,0,0,0,46,2017,0,0,0,1,0,0,0,"upstate",12487.6936628840872584071713560288097829
"36033",2018,"Q3",3,8075,6739,6131,48,560,2,2,2,0,0,"Franklin County",44.594376,-74.31067,6181,6092,,,,2,51007,49782,19.23042940448842551687577310478883194911,5.00127433489521046130923206618699394201,14.92932342619640441508028309839825906248,2016,0.51007,92,61.89836956521739130434782608695652173913,14.088,0,0,0,57,2017,0,0,0,1,0,0,0,"upstate",13211.9120904973827121767600525418079871
"36035",2018,"Q3",3,8075,5905,5490,41,374,1,1,1,0,0,"Fulton County",43.115609,-74.423678,5573,5648,,,,1,54297,46090,16.70027705007633012307054411127235718728,5.02237692690203878667329686723023371457,17.88680774260088034329705140247159143231,2016,0.54297,92,64.56793478260869565217391304347826086957,12.237,0,0,0,50,2017,0,0,0,1,0,0,0,"upstate",10875.3706466287271856640330036650275337
"36037",2018,"Q3",3,8075,5478,4780,37,661,1,1,1,0,0,"Genesee County",43.00091,-78.192778,5311,5645,,,,1,59053,52641,12.4533750451209240765250872337865479485,5.12421045501498653751714561495605642389,17.3945438843073171557753204748276971534,2016,0.59053,92,67.61956521739130434782608695652173913043,9.762,0,0,0,56,2017,0,0,0,1,0,0,0,"upstate",9276.412714002675562630179669110798773983
"36045",2018,"Q3",3,8075,11463,9933,87,1443,3,3,1,2,0,"Jefferson County",43.996389,-76.052968,10844,10860,,,,3,117966,49911,14.57803956075529975846928788844693058461,8.17269382703490836342675008053167861926,12.17215129783157859044131359883356221284,2016,1.17966,92,67.29456521739130434782608695652173913043,13.113,0,0,0,40,2017,0,0,0,1,0,0,0,"upstate",9717.206652764355831341233914856823152434
"36047",2018,"Q3",3,8075,248875,149327,1813,24076,15,15,13,2,73659,"Kings County",40.635045,-73.95064,246556,252787,,,,15,2606852,50640,22.73073015445589909180457510119217576139,7.43621041777592283719981034596517178574,12.18231798352955979088954800656117033111,2016,26.06852,92,72.2375,14.309,0,2,0,43,2017,0,0,0,1,0,1,0,"nyc",9546.955485006436882492753712140159855642
"36049",2018,"Q3",3,8075,2747,2540,27,180,1,1,1,0,0,"Lewis County",43.782706,-75.444132,2641,2633,,,,1,27107,49976,14.01502410584146204731472138132077587173,6.03534142472424097096690891651602906998,16.60825616999299074039915888884789906666,2016,0.27107,92,66.25543478260869565217391304347826086957,8.255,0,0,0,43,2017,0,0,0,1,0,0,0,"upstate",10133.913749216069649905928357988711403
"36051",2018,"Q3",3,8075,3836,3456,50,330,1,1,1,0,0,"Livingston County",42.729042,-77.778463,3635,3629,,,,1,64622,52724,14.89350800184460878921928640967394831679,4.57274612361115409612825353594751013587,15.76398130667574510228714679211414069512,2016,0.64622,92,67.83532608695652173913043478260869565217,7.108,0,0,0,48,2017,0,0,0,1,0,0,0,"upstate",5936.058927300300207359722695057410788895
"36053",2018,"Q3",3,8075,8364,5205,33,434,2,2,2,0,2692,"Madison County",42.910026,-75.663575,8140,8126,,,,2,72089,55858,11.85862935055615357014711158952278435594,4.68032570849921624658408356337305275423,15.90395205926008128840738531537405151965,2016,0.72089,92,65.02282608695652173913043478260869565217,10.919,0,0,0,56,2017,0,0,0,1,0,0,0,"upstate",11602.32490393818751820666121044819598
"36055",2018,"Q3",3,8075,88349,70897,684,16768,6,6,5,1,0,"Monroe County",43.250347,-77.700518,86228,85841,,,,6,749236,53568,14.85606480600398831638436778565695514385,5.63213727049954887378609677057696106434,15.49191443016619596495630215312665168251,2016,7.49236,92,68.36032608695652173913043478260869565217,9.137,0,0,0,52,2017,0,0,0,1,0,0,0,"upstate",11791.8786603953894367061913736125866883
"36057",2018,"Q3",3,8075,13046,6552,27,1044,2,2,2,0,5423,"Montgomery County",42.900891,-74.435357,12616,13057,,,,2,49667,44455,20.60663429088813894147666474606963536094,6.0482815551573479372621660257313709304,17.66363984134334668894839631948778867256,2016,0.49667,92,65.97010869565217391304347826086956521739,10.999,0,0,0,44,2017,0,0,0,1,0,0,0,"upstate",26266.9378057865383453802323474339098395
"36059",2018,"Q3",3,8075,118183,66952,1229,25290,12,12,11,1,24712,"Nassau County",40.729612,-73.589414,116844,118200,,,,12,1356801,102044,6.00466868562513042327072767022714404638,5.44353962003270929193006196192367193126,16.40837528863849599167453443799053803763,2016,13.56801,92,71.32826086956521739130434782608695652174,14.397,0,0,0,46,2017,0,0,0,1,0,0,1,"downstate_non_nyc",8710.415160366184871620819854938196537296
"36061",2018,"Q3",3,8075,287114,193378,1932,31161,17,17,16,1,60643,"New York County",40.776642,-73.970187,281987,296075,,,,17,1634989,75513,17.62361697049390109886649675768573639925,5.01679216190445317980732592084717389536,14.3837053337973527650644744398891980313,2016,16.34989,92,72.17826086956521739130434782608695652174,12.713,0,4,0,45,2017,0,0,0,1,0,1,0,"nyc",17560.607441395630184667909080733876497
"36063",2018,"Q3",3,8075,17098,14649,106,2343,5,5,3,2,0,"Niagara County",43.272672,-78.812943,16507,16945,,,,5,213374,50094,13.61986801768677598342103503929864102148,5.18010629223804212322026113772062200643,17.26873939655253217355441618941389297665,2016,2.13374,92,68.97608695652173913043478260869565217391,8.464,0,0,0,48,2017,0,0,0,1,0,0,0,"upstate",8013.159991376643827270426574934153177051
"36065",2018,"Q3",3,8075,26978,22414,112,4452,3,3,3,0,0,"Oneida County",43.242727,-75.434282,26723,26615,,,,3,232858,49838,16.67338938113258854721385030252215096648,5.71249430983689630590316845459464566388,17.41619356002370543421312559585670236797,2016,2.32858,92,66.1461956521739130434782608695652173913,15.109,0,0,0,49,2017,0,0,0,1,0,0,0,"upstate",11585.6015253931580619948638225871561209
"36067",2018,"Q3",3,8075,53612,41993,483,11136,5,5,4,1,0,"Onondaga County",43.006516,-76.196134,53852,51460,,,,5,468050,55717,15.18625597687089958856888691204269987768,5.73613930135669266104048712744364918278,15.33383185557098600576861446426663817968,2016,4.6805,92,67.63804347826086956521739130434782608696,12.351,0,0,0,58,2017,0,0,0,1,0,0,0,"upstate",11454.331802157889114410853541288323897
"36069",2018,"Q3",3,8075,15407,11286,120,1620,3,3,3,0,2381,"Ontario County",42.856357,-77.303497,14208,13982,,,,3,109450,58070,10.28520734630702731270880915079559825591,5.06075833714024668798538145271813613522,17.80356327089995431703974417542256738237,2016,1.0945,92,68.42717391304347826086956521739130434783,7.968,0,0,0,49,2017,0,0,0,1,0,0,0,"upstate",14076.7473732297852900867976244860666971
"36071",2018,"Q3",3,8075,39872,32603,356,6913,4,4,4,0,0,"Orange County",41.40241,-74.306252,37984,38402,,,,4,376242,71910,12.6477876879073372561434918832763834456,6.56891043530493671626240557938773449004,12.54006729711196517135248058430478256016,2016,3.76242,92,69.92065217391304347826086956521739130435,9.444,0,2,0,44,2017,0,0,0,1,0,0,0,"upstate",10597.4346298393055533406690374811956135
"36073",2018,"Q3",3,8075,1950,,,,1,1,1,0,,"Orleans County",43.339906,-78.207028,1860,1797,,,,1,41938,48731,15.57806943485046179036508301992989996674,4.92870427774333539987600743955362678239,16.21679622299585101816967905002622919548,2016,0.41938,92,68.61576086956521739130434782608695652174,9.544,0,0,0,53,2017,0,0,0,1,0,0,0,"upstate",4649.721016738995660260384376937383756975
"36075",2018,"Q3",3,8075,7172,6350,45,777,2,2,2,0,0,"Oswego County",43.461443,-76.209262,6799,6792,,,,2,120513,49571,18.30500828496820480788416660160147134095,5.51226838598325491855650427754682067495,14.26651066689900674616016529337083966045,2016,1.20513,92,67.00760869565217391304347826086956521739,13.283,0,0,0,45,2017,0,0,0,1,0,0,0,"upstate",5951.225179026329109722602540804726461046
"36077",2018,"Q3",3,8075,12161,10362,132,1667,2,2,2,0,0,"Otsego County",42.629776,-75.028841,11286,10648,,,,2,60979,49689,16.31870396587874769269367932474328417053,4.19652667311697469620689089686613424294,18.53424949572803752111382607127043736368,2016,0.60979,92,64.13804347826086956521739130434782608696,12.297,0,0,0,49,2017,0,0,0,1,0,0,0,"upstate",19942.9311730267797110480657275455484675
"36079",2018,"Q3",3,8075,6939,5831,55,1053,1,1,1,0,0,"Putnam County",41.427907,-73.743861,6693,6750,,,,1,99408,97606,5.15981036855788346842024774430341030739,4.52780460325124738451633671334299050378,14.85594720746821181393851601480766135522,2016,0.99408,92,68.67010869565217391304347826086956521739,10.336,0,0,0,49,2017,0,0,0,1,0,0,0,"upstate",6980.323515210043457267020762916465475616
"36081",2018,"Q3",3,8075,169022,109331,341,18035,10,10,9,1,41315,"Queens County",40.654658,-73.841209,167298,180453,,,,10,2310011,59758,14.62660996056953558897067578073019897327,6.26118230605828283934578666508514461619,13.67322493269512569420665096399973852938,2016,23.10011,92,71.60543478260869565217391304347826086957,14.411,0,0,0,39,2017,0,0,0,1,0,1,0,"nyc",7316.934854422771146977222186387857027521
"36083",2018,"Q3",3,8075,12919,11045,86,1788,2,2,1,1,0,"Rensselaer County",42.710421,-73.513845,12029,11272,,,,2,159959,61754,12.36653303753292076960002075792368868304,5.37575253658750054701517263798848454917,15.10324520658418719796947967916778674535,2016,1.59959,92,65.86684782608695652173913043478260869565,11.797,0,0,0,47,2017,0,0,0,1,0,0,0,"upstate",8076.44458892591226501791083965266099438
"36085",2018,"Q3",3,8075,40463,13935,103,2275,3,3,2,1,24150,"Richmond County",40.561263,-74.1399,40840,41458,,,,3,473324,74021,12.94095010048317441313550262966605379057,5.79307197606713371812965326076852219621,14.53697678545774142025335710845002577516,2016,4.73324,92,72.15163043478260869565217391304347826087,13.552,0,3,0,38,2017,0,0,0,1,0,1,0,"nyc",8548.689692472809323000735225765015084804
"36087",2018,"Q3",3,8075,22593,18948,170,3475,2,2,2,0,0,"Rockland County",41.154628,-74.024662,21057,23386,,,,2,322642,86134,14.50953871317805073683217212147901168551,7.48290675113593394536359184483111312228,14.86539260232703739748699797298553815064,2016,3.22642,92,70.36684782608695652173913043478260869565,10.816,0,0,0,45,2017,0,0,0,1,0,0,1,"downstate_non_nyc",7002.498124856652264739246595297574401349
"36089",2018,"Q3",3,8075,14961,12762,97,1661,5,5,4,1,441,"St. Lawrence County",44.488112,-75.074311,14502,14774,,,,5,111529,46313,19.20205014823375709763328475955982111452,5.36811053627307695756260703494158469994,15.38344287136081198612020192057671098997,2016,1.11529,92,64.99510869565217391304347826086956521739,13.88,0,0,0,57,2017,0,0,0,1,0,0,0,"upstate",13414.4482600937872660922271337499663765
"36091",2018,"Q3",3,8075,10277,8284,156,1837,1,1,1,0,0,"Saratoga County",43.106135,-73.855387,9390,9153,,,,1,224929,74080,6.43326277428507970755012034321613279001,5.21453436417714034206349559194234625148,15.78542562319665316611019477257267848966,2016,2.24929,92,67.5788043478260869565217391304347826087,11.101,0,0,0,43,2017,0,0,0,1,0,0,0,"upstate",4568.997328045738877601376434341503318825
"36093",2018,"Q3",3,8075,14515,11946,41,2516,2,2,2,0,12,"Schenectady County",42.817552,-74.043559,15454,16522,,,,2,154845,59959,11.96495669288729547578181432613867553794,5.91042655558784591042655558784591042656,15.72475701507959572475701507959572475702,2016,1.54845,92,67.0125,10.562,0,0,0,46,2017,0,0,0,1,0,0,0,"upstate",9373.890019051309373890019051309373890019
"36097",2018,"Q3",3,8075,2026,1997,0,29,1,1,1,0,0,"Schuyler County",42.419776,-76.938603,1778,1705,,,,1,18336,47229,14.62910168259824473139918385600089440438,4.65750436300174520069808027923211169284,19.3608202443280977312390924956369982548,2016,0.18336,92,67.11793478260869565217391304347826086957,6.828,0,0,0,44,2017,0,0,0,1,0,0,0,"upstate",11049.3019197207678883071553228621291449
"36101",2018,"Q3",3,8075,12864,6505,56,819,3,3,3,0,5484,"Steuben County",42.266725,-77.385525,12453,12173,,,,3,98151,48823,15.08100940620726805618862138979820163262,5.65659035567645770292712249493127935528,17.46390765249462562785911503703477295188,2016,0.98151,92,66.03260869565217391304347826086956521739,7.445,0,0,0,42,2017,0,0,0,1,0,0,0,"upstate",13106.3361555154812482807103340770853073
"36103",2018,"Q3",3,8075,133081,87697,1097,26111,11,11,11,0,18176,"Suffolk County",40.943554,-72.692218,131658,129416,,,,11,1498130,90128,7.25443342002405906049777460502134117682,5.40273541014464699325158697843311328122,15.24914393276951933410318196685200883768,2016,14.9813,92,71.78043478260869565217391304347826086957,9.802,0,1,0,48,2017,0,0,0,1,0,0,1,"downstate_non_nyc",8883.140982424756196057751997490204454887
"36105",2018,"Q3",3,8075,8452,6659,28,727,2,2,2,0,1038,"Sullivan County",41.719993,-74.771577,7332,6934,,,,2,75818,52027,17.11280546337182194673761004909355201448,5.71236381861827006779392756337545173969,16.73876915771980268537814239362684322984,2016,0.75818,92,65.54782608695652173913043478260869565217,11.257,0,0,0,49,2017,0,0,0,1,0,0,0,"upstate",11147.7485557519322588303569073307130233
"36109",2018,"Q3",3,8075,7203,6295,80,828,1,1,1,0,0,"Tompkins County",42.453006,-76.473483,6494,6700,,,,1,104268,54133,20.07083955946648956776800044274724666556,4.23044462347028810373268884029615989565,12.17631488088387616526642881804580504086,2016,1.04268,92,67.61576086956521739130434782608695652174,9.266,0,0,0,47,2017,0,0,0,1,0,0,0,"upstate",6908.159742202785130624928069973529750259
"36111",2018,"Q3",3,8075,13569,12112,58,1399,2,2,2,0,0,"Ulster County",41.947212,-74.265458,12622,12537,,,,2,180505,60393,13.01837513536677882081781803230271196845,4.52231240131852303260297498684246973768,17.37070995263289105564942799368438547409,2016,1.80505,92,68.04728260869565217391304347826086956522,10.416,0,0,0,48,2017,0,0,0,1,0,0,0,"upstate",7517.243289659566217002299105287942162267
"36113",2018,"Q3",3,8075,12086,9612,134,2340,1,1,1,0,0,"Warren County",43.555105,-73.838139,11232,10829,,,,1,64911,57174,11.06145600575026954388486960326265293686,4.55700882747146092341821879188427231132,19.76398453266780668915900232626211273898,2016,0.64911,92,66.50923913043478260869565217391304347826,8.078,0,0,0,43,2017,0,0,0,1,0,0,0,"upstate",18619.3403275253809061638243132905054613
"36117",2018,"Q3",3,8075,6791,5645,37,1109,1,1,1,0,0,"Wayne County",43.218114,-77.049402,6424,6384,,,,1,91874,51627,11.89981200928895278115669578679641711821,5.50318915035809913577290637177003287111,16.4965060844199664758255872172758342948,2016,0.91874,92,68.17445652173913043478260869565217391304,9.972,0,0,0,57,2017,0,0,0,1,0,0,0,"upstate",7391.645079130112980821559962557415590918
"36119",2018,"Q3",3,8075,80864,55551,524,14011,13,13,10,3,10778,"Westchester County",41.152686,-73.745753,79762,82557,,,,13,969229,86226,9.79108820649679939265647237453978713371,5.70773264109926549865924358433352695803,15.6468698315877878189777648006817790223,2016,9.69229,92,70.44347826086956521739130434782608695652,11.296,0,0,0,45,2017,0,0,0,1,0,0,1,"downstate_non_nyc",8343.126340627447177086116903229267799457
"36121",2018,"Q3",3,8075,3682,3260,20,402,1,1,1,0,0,"Wyoming County",42.701365,-78.228576,3242,3243,,,,1,41239,53612,11.53372920344513989193815866902048895308,4.93464923979727927447319285142704721259,15.51201532529886757680836101748345013216,2016,0.41239,92,65.50760869565217391304347826086956521739,7.127,0,0,0,53,2017,0,0,0,1,0,0,0,"upstate",8928.441523800286136909236402434588617571
"36123",2018,"Q3",3,8075,2252,2099,0,153,1,1,1,0,0,"Yates County",42.638237,-77.104324,1939,1962,,,,1,25106,50105,13.9004062486912091133727017632030824643,5.9945829682147693778379670198358958018,18.23070182426511590854775750816537879391,2016,0.25106,92,67.93206521739130434782608695652173913043,7.596,0,0,0,42,2017,0,0,0,1,0,0,0,"upstate",8969.967338484824344778140683501951724687
"36001",2018,"Q4",4,8076,42173,31539,320,10314,5,5,3,2,0,"Albany County",42.58824,-73.97401,43614,41928,42951,,,5,307891,60904,12.92393336209198660668433269653458228056,5.02483021588809026571091717523409258471,15.21350088180557405055685291223192623363,2016,3.07891,92,39.71956521739130434782608695652173913043,8.798,8.71,0,49,39,2017,0,0,0,0,1,0,0,"upstate",13697.3799169186497819033359208291245928
"36003",2018,"Q4",4,8076,4721,2400,12,239,2,2,2,0,2070,"Allegany County",42.247853,-78.026153,4969,5125,5290,,,2,47700,44085,17.07094143289038880686212472755396189271,5.14046121593291404612159329140461215933,16.79245283018867924528301886792452830189,2016,0.477,92,38.14456521739130434782608695652173913043,11.128,14.553,0,52,54,2017,0,0,0,0,1,0,0,"upstate",9897.274633123689727463312368972746331237
"36005",2018,"Q4",4,8076,209253,76773,797,12684,10,10,10,0,118999,"Bronx County",40.848711,-73.852939,203191,201587,210214,,,10,1436785,35302,30.52935197530899445822828901724201924916,7.47878075007742981726563125311024265983,11.26981420323848035718635704019738513417,2016,14.36785,92,46.9913043478260869565217391304347826087,8.557,4.189,0,26,37,2017,0,0,0,0,1,1,0,"nyc",14563.9744290203475119798717275027230936
"36007",2018,"Q4",4,8076,23446,15064,131,3925,3,3,3,0,4326,"Broome County",42.161977,-75.830283,24284,24006,23818,,,3,197381,47744,17.42455803023019815200555466538482080863,5.18236304406199178239040231835890992547,17.58629250029131476687219134567156919866,2016,1.97381,92,39.7336956521739130434782608695652173913,9.461,6.56,0,51,41,2017,0,0,0,0,1,0,0,"upstate",11878.5496071050405054184546638227590295
"36009",2018,"Q4",4,8076,7547,6438,62,1047,1,1,1,0,0,"Cattaraugus County",42.239099,-78.662332,8480,7998,8308,,,1,78506,43884,17.46267870777494010162976224954582554435,5.86834127327847553053269813772195755738,17.07130665172088757547193845056428807989,2016,0.78506,92,37.6461956521739130434782608695652173913,14.14,27.12,0,53,58,2017,0,0,0,0,1,0,0,"upstate",9613.277966015336407408350954067205054391
"36011",2018,"Q4",4,8076,5593,4882,56,655,1,1,1,0,0,"Cayuga County",43.008546,-76.574587,6760,6700,6118,,,1,78783,53114,11.38972323535721948079811199313452048917,5.12800984984070167421905741086274957795,16.86404427351078278308772197047586408235,2016,0.78783,92,41.97391304347826086956521739130434782609,13.026,15.959,0,39,54,2017,0,0,0,0,1,0,0,"upstate",7099.247299544317936610690123503801581559
"36013",2018,"Q4",4,8076,10235,7351,50,1199,5,5,3,2,1635,"Chautauqua County",42.304216,-79.407595,11512,10634,10725,,,5,131748,43211,19.39811025374095059481710466714877182387,5.36478732124965843883778121869022679661,18.04657376203054315815040835534505267632,2016,1.31748,92,40.3711956521739130434782608695652173913,16.8,40.351,0,41,64,2017,0,0,0,0,1,0,0,"upstate",7768.618878464948234508303731365941038953
"36015",2018,"Q4",4,8076,9322,7791,54,1477,2,2,1,1,0,"Chemung County",42.148697,-76.752471,9870,9895,9699,,,2,87742,49578,15.93610563610200848861533996783516124742,5.89113537416516605502495954047092612432,16.79013471313624034099974926489024640423,2016,0.87742,92,40.44402173913043478260869565217391304348,9.784,5.734,0,50,39,2017,0,0,0,0,1,0,0,"upstate",10624.3304232864534658430398212942490483
"36017",2018,"Q4",4,8076,4410,,,,1,1,1,0,,"Chenango County",42.478024,-75.602241,4476,4271,4312,,,1,49286,46979,15.38715127539456875592368236700045329048,5.24286815728604471858134155744024672321,18.83699224932029379539828754615915270056,2016,0.49286,92,38.07554347826086956521739130434782608696,10.131,10.002,0,52,46,2017,0,0,0,0,1,0,0,"upstate",8947.774215801647526681004747798563486588
"36019",2018,"Q4",4,8076,10480,8798,97,1585,1,1,1,0,0,"Clinton County",44.752712,-73.705643,10971,10736,10914,,,1,81505,50502,16.13692929128075400873148639275368232078,4.79602478375559781608490276670142936016,15.12299858904361695601496840684620575425,2016,0.81505,92,33.95271739130434782608695652173913043478,9.813,19.1,0,56,49,2017,0,0,0,0,1,0,0,"upstate",12858.1068646095331574750015336482424391
"36021",2018,"Q4",4,8076,6386,5382,37,967,1,1,1,0,0,"Columbia County",42.247696,-73.626718,6933,6557,6349,,,1,61860,59916,12.69934040243800617850880854972029723637,4.32104752667313288069835111542192046557,20.6870352408664726802457161332040090527,2016,0.6186,92,41.71793478260869565217391304347826086957,9.583,6.394,0,44,38,2017,0,0,0,0,1,0,0,"upstate",10323.3107015842224377626899450371807307
"36023",2018,"Q4",4,8076,7463,6677,47,739,1,1,1,0,0,"Cortland County",42.594039,-76.07624,7661,7305,7444,,,1,48713,50910,13.75193798449612403100775193798449612403,4.8344384455894730359452302260176954817,15.17869973107794633875967400899143965677,2016,0.48713,92,38.25217391304347826086956521739130434783,10.442,13.617,0,52,55,2017,0,0,0,0,1,0,0,"upstate",15320.3456982735614722969227926836778683
"36025",2018,"Q4",4,8076,5606,5541,0,65,4,4,4,0,0,"Delaware County",42.193986,-74.966728,6604,6203,5796,,,4,46480,46055,15.85252410663641520136131593874078275666,4.39328743545611015490533562822719449225,22.0180722891566265060240963855421686747,2016,0.4648,92,37.57010869565217391304347826086956521739,9.382,9.177,0,53,46,2017,0,0,0,0,1,0,0,"upstate",12061.1015490533562822719449225473321859
"36027",2018,"Q4",4,8076,30923,24903,298,5722,3,3,3,0,0,"Dutchess County",41.754825,-73.740014,31660,31029,30906,,,3,295905,72706,9.15334593789389251747450441159619571445,4.70995758773930822392321860056437032156,15.46814011253611801084807624068535509708,2016,2.95905,92,42.25978260869565217391304347826086956522,8.883,5.678,0,45,36,2017,0,0,0,0,1,0,0,"upstate",10450.3134451935587435156553623629205319
"36029",2018,"Q4",4,8076,94778,74092,802,17509,10,10,9,1,2375,"Erie County",42.752759,-78.778192,99611,97420,100092,,,10,922129,52744,14.74019502253908765523175807115856156089,5.38059208635668111511513031257015016337,16.53716562433238733409316917698066105718,2016,9.22129,92,41.96032608695652173913043478260869565217,15.588,24.613,0,36,60,2017,0,0,0,0,1,0,0,"upstate",10278.1714922749420091982791995480025029
"36031",2018,"Q4",4,8076,3497,2105,0,0,3,3,3,0,1392,"Essex County",44.109601,-73.778431,4820,3940,4186,,,3,38598,53244,10.07254000775236724071100282407663768758,4.06238665215814290895901342038447587958,21.08399398932587180682936939737810249236,2016,0.38598,92,29.71576086956521739130434782608695652174,15.103,37.401,0,62,57,2017,0,0,0,0,1,0,0,"upstate",9060.054925125654178973003782579408259495
"36033",2018,"Q4",4,8076,5890,5254,46,590,2,2,2,0,0,"Franklin County",44.594376,-74.31067,6739,6181,6092,,,2,51007,49782,19.23042940448842551687577310478883194911,5.00127433489521046130923206618699394201,14.92932342619640441508028309839825906248,2016,0.51007,92,32.98478260869565217391304347826086956522,12.931,29.409,0,57,60,2017,0,0,0,0,1,0,0,"upstate",11547.4346658301801713490305252220283491
"36035",2018,"Q4",4,8076,5504,5110,30,364,1,1,1,0,0,"Fulton County",43.115609,-74.423678,5905,5573,5648,,,1,54297,46090,16.70027705007633012307054411127235718728,5.02237692690203878667329686723023371457,17.88680774260088034329705140247159143231,2016,0.54297,92,36.38913043478260869565217391304347826087,14.423,18.435,0,51,51,2017,0,0,0,0,1,0,0,"upstate",10136.8399727425087942243586201815938265
"36037",2018,"Q4",4,8076,4994,4235,30,729,1,1,1,0,0,"Genesee County",43.00091,-78.192778,5478,5311,5645,,,1,59053,52641,12.4533750451209240765250872337865479485,5.12421045501498653751714561495605642389,17.3945438843073171557753204748276971534,2016,0.59053,92,40.48858695652173913043478260869565217391,13.937,22.294,0,46,61,2017,0,0,0,0,1,0,0,"upstate",8456.809984251435151474099537703418962627
"36045",2018,"Q4",4,8076,11007,9622,80,1305,3,3,1,2,0,"Jefferson County",43.996389,-76.052968,11463,10844,10860,,,3,117966,49911,14.57803956075529975846928788844693058461,8.17269382703490836342675008053167861926,12.17215129783157859044131359883356221284,2016,1.17966,92,40.59510869565217391304347826086956521739,17.7,22.382,0,42,57,2017,0,0,0,0,1,0,0,"upstate",9330.654595391892579217740704948883576624
"36047",2018,"Q4",4,8076,248560,146554,1216,25748,15,15,13,2,75042,"Kings County",40.635045,-73.95064,248875,246556,252787,,,15,2606852,50640,22.73073015445589909180457510119217576139,7.43621041777592283719981034596517178574,12.18231798352955979088954800656117033111,2016,26.06852,92,47.8086956521739130434782608695652173913,8.928,4.851,0,23,36,2017,0,0,0,0,1,1,0,"nyc",9534.871945166047017628925616030369196257
"36049",2018,"Q4",4,8076,2391,2171,19,201,1,1,1,0,0,"Lewis County",43.782706,-75.444132,2747,2641,2633,,,1,27107,49976,14.01502410584146204731472138132077587173,6.03534142472424097096690891651602906998,16.60825616999299074039915888884789906666,2016,0.27107,92,38.05543478260869565217391304347826086957,16.136,31.834,0,50,55,2017,0,0,0,0,1,0,0,"upstate",8820.599845058471981407016637768841996532
"36051",2018,"Q4",4,8076,3395,3040,24,331,1,1,1,0,0,"Livingston County",42.729042,-77.778463,3836,3635,3629,,,1,64622,52724,14.89350800184460878921928640967394831679,4.57274612361115409612825353594751013587,15.76398130667574510228714679211414069512,2016,0.64622,92,41.07663043478260869565217391304347826087,11.713,14.139,0,44,55,2017,0,0,0,0,1,0,0,"upstate",5253.628795147163504688805669895701154406
"36053",2018,"Q4",4,8076,7574,4663,40,433,2,2,2,0,2438,"Madison County",42.910026,-75.663575,8364,8140,8126,,,2,72089,55858,11.85862935055615357014711158952278435594,4.68032570849921624658408356337305275423,15.90395205926008128840738531537405151965,2016,0.72089,92,38.05163043478260869565217391304347826087,11.586,23.538,0,51,57,2017,0,0,0,0,1,0,0,"upstate",10506.4572958426389601742290779453175935
"36055",2018,"Q4",4,8076,84848,67290,650,16908,6,6,5,1,0,"Monroe County",43.250347,-77.700518,88349,86228,85841,,,6,749236,53568,14.85606480600398831638436778565695514385,5.63213727049954887378609677057696106434,15.49191443016619596495630215312665168251,2016,7.49236,92,42.6413043478260869565217391304347826087,13.029,17.059,0,36,56,2017,0,0,0,0,1,0,0,"upstate",11324.6026619116006171620157066665242994
"36057",2018,"Q4",4,8076,13144,6169,36,970,2,2,2,0,5969,"Montgomery County",42.900891,-74.435357,13046,12616,13057,,,2,49667,44455,20.60663429088813894147666474606963536094,6.0482815551573479372621660257313709304,17.66363984134334668894839631948778867256,2016,0.49667,92,39.00923913043478260869565217391304347826,9.441,10.061,0,52,43,2017,0,0,0,0,1,0,0,"upstate",26464.251917772363943866148549338595043
"36059",2018,"Q4",4,8076,118321,67105,1138,25737,12,12,11,1,24341,"Nassau County",40.729612,-73.589414,118183,116844,118200,,,12,1356801,102044,6.00466868562513042327072767022714404638,5.44353962003270929193006196192367193126,16.40837528863849599167453443799053803763,2016,13.56801,92,46.61684782608695652173913043478260869565,10.493,5.182,0,28,37,2017,0,0,0,0,1,0,1,"downstate_non_nyc",8720.586143435920227063511893048427882939
"36061",2018,"Q4",4,8076,292272,194018,2226,35149,17,17,16,1,60879,"New York County",40.776642,-73.970187,287114,281987,296075,,,17,1634989,75513,17.62361697049390109886649675768573639925,5.01679216190445317980732592084717389536,14.3837053337973527650644744398891980313,2016,16.34989,92,47.17663043478260869565217391304347826087,8.072,4.217,0,28,36,2017,0,0,0,0,1,1,0,"nyc",17876.0835699812047665152487264440311219
"36063",2018,"Q4",4,8076,15649,13358,78,2213,5,5,3,2,0,"Niagara County",43.272672,-78.812943,17098,16507,16945,,,5,213374,50094,13.61986801768677598342103503929864102148,5.18010629223804212322026113772062200643,17.26873939655253217355441618941389297665,2016,2.13374,92,42.575,9.976,12.955,0,35,53,2017,0,0,0,0,1,0,0,"upstate",7334.070692774189920046491137626889874118
"36065",2018,"Q4",4,8076,25180,20757,108,4315,3,3,3,0,0,"Oneida County",43.242727,-75.434282,26978,26723,26615,,,3,232858,49838,16.67338938113258854721385030252215096648,5.71249430983689630590316845459464566388,17.41619356002370543421312559585670236797,2016,2.32858,92,38.98478260869565217391304347826086956522,18.715,19.708,0,49,51,2017,0,0,0,0,1,0,0,"upstate",10813.457128378668544778362779032715217
"36067",2018,"Q4",4,8076,56210,44510,434,11266,5,5,4,1,0,"Onondaga County",43.006516,-76.196134,53612,53852,51460,,,5,468050,55717,15.18625597687089958856888691204269987768,5.73613930135669266104048712744364918278,15.33383185557098600576861446426663817968,2016,4.6805,92,40.84021739130434782608695652173913043478,12.578,18.825,0,42,57,2017,0,0,0,0,1,0,0,"upstate",12009.4007050528789659224441833137485311
"36069",2018,"Q4",4,8076,14134,10182,105,1531,3,3,3,0,2316,"Ontario County",42.856357,-77.303497,15407,14208,13982,,,3,109450,58070,10.28520734630702731270880915079559825591,5.06075833714024668798538145271813613522,17.80356327089995431703974417542256738237,2016,1.0945,92,41.16902173913043478260869565217391304348,11.03,14.414,0,41,56,2017,0,0,0,0,1,0,0,"upstate",12913.6592051164915486523526724531749657
"36071",2018,"Q4",4,8076,37216,29643,346,7227,4,4,4,0,0,"Orange County",41.40241,-74.306252,39872,37984,38402,,,4,376242,71910,12.6477876879073372561434918832763834456,6.56891043530493671626240557938773449004,12.54006729711196517135248058430478256016,2016,3.76242,92,43.83913043478260869565217391304347826087,7.634,5.87,0,42,34,2017,0,0,0,0,1,0,0,"upstate",9891.505998798645552596467167408210672918
"36073",2018,"Q4",4,8076,1697,,,,1,1,1,0,,"Orleans County",43.339906,-78.207028,1950,1860,1797,,,1,41938,48731,15.57806943485046179036508301992989996674,4.92870427774333539987600743955362678239,16.21679622299585101816967905002622919548,2016,0.41938,92,43.00706521739130434782608695652173913043,12.543,16.536,0,35,57,2017,0,0,0,0,1,0,0,"upstate",4046.449520721064428441985788544994992608
"36075",2018,"Q4",4,8076,6388,5602,42,744,2,2,2,0,0,"Oswego County",43.461443,-76.209262,7172,6799,6792,,,2,120513,49571,18.30500828496820480788416660160147134095,5.51226838598325491855650427754682067495,14.26651066689900674616016529337083966045,2016,1.20513,92,40.79836956521739130434782608695652173913,17.906,29.131,0,44,59,2017,0,0,0,0,1,0,0,"upstate",5300.672956444532954950918158206998415109
"36077",2018,"Q4",4,8076,10525,8880,93,1552,2,2,2,0,0,"Otsego County",42.629776,-75.028841,12161,11286,10648,,,2,60979,49689,16.31870396587874769269367932474328417053,4.19652667311697469620689089686613424294,18.53424949572803752111382607127043736368,2016,0.60979,92,37.9211956521739130434782608695652173913,9.285,12.073,0,52,47,2017,0,0,0,0,1,0,0,"upstate",17260.0403417569983108939142983650109054
"36079",2018,"Q4",4,8076,6288,5304,45,939,1,1,1,0,0,"Putnam County",41.427907,-73.743861,6939,6693,6750,,,1,99408,97606,5.15981036855788346842024774430341030739,4.52780460325124738451633671334299050378,14.85594720746821181393851601480766135522,2016,0.99408,92,42.8461956521739130434782608695652173913,9.514,5.844,0,43,39,2017,0,0,0,0,1,0,0,"upstate",6325.446644133268952197006277160791887977
"36081",2018,"Q4",4,8076,171723,112302,319,17609,10,10,9,1,41493,"Queens County",40.654658,-73.841209,169022,167298,180453,,,10,2310011,59758,14.62660996056953558897067578073019897327,6.26118230605828283934578666508514461619,13.67322493269512569420665096399973852938,2016,23.10011,92,47.62445652173913043478260869565217391304,9.894,4.933,0,24,36,2017,0,0,0,0,1,1,0,"nyc",7433.860704559415517934763081214764778176
"36083",2018,"Q4",4,8076,12457,10545,74,1838,2,2,1,1,0,"Rensselaer County",42.710421,-73.513845,12919,12029,11272,,,2,159959,61754,12.36653303753292076960002075792368868304,5.37575253658750054701517263798848454917,15.10324520658418719796947967916778674535,2016,1.59959,92,38.63315217391304347826086956521739130435,10.211,10.033,0,49,44,2017,0,0,0,0,1,0,0,"upstate",7787.620577773054345175951337530242124544
"36085",2018,"Q4",4,8076,41297,14431,131,2309,3,3,2,1,24426,"Richmond County",40.561263,-74.1399,40463,40840,41458,,,3,473324,74021,12.94095010048317441313550262966605379057,5.79307197606713371812965326076852219621,14.53697678545774142025335710845002577516,2016,4.73324,92,47.98097826086956521739130434782608695652,8.427,4.658,0,20,35,2017,0,0,0,0,1,1,0,"nyc",8724.890349950562405455882228663663790554
"36087",2018,"Q4",4,8076,21185,18498,168,2519,2,2,2,0,0,"Rockland County",41.154628,-74.024662,22593,21057,23386,,,2,322642,86134,14.50953871317805073683217212147901168551,7.48290675113593394536359184483111312228,14.86539260232703739748699797298553815064,2016,3.22642,92,45.15326086956521739130434782608695652174,8.708,5.927,0,31,39,2017,0,0,0,0,1,0,1,"downstate_non_nyc",6566.101127565537034855970394430979227751
"36089",2018,"Q4",4,8076,13806,11723,106,1632,5,5,4,1,345,"St. Lawrence County",44.488112,-75.074311,14961,14502,14774,,,5,111529,46313,19.20205014823375709763328475955982111452,5.36811053627307695756260703494158469994,15.38344287136081198612020192057671098997,2016,1.11529,92,36.18858695652173913043478260869565217391,16.856,24.994,0,52,56,2017,0,0,0,0,1,0,0,"upstate",12378.843170834491477552923454886173103
"36091",2018,"Q4",4,8076,9322,7257,137,1928,1,1,1,0,0,"Saratoga County",43.106135,-73.855387,10277,9390,9153,,,1,224929,74080,6.43326277428507970755012034321613279001,5.21453436417714034206349559194234625148,15.78542562319665316611019477257267848966,2016,2.24929,92,39.2913043478260869565217391304347826087,12.748,13.536,0,50,41,2017,0,0,0,0,1,0,0,"upstate",4144.418905521297831760244343770700976753
"36093",2018,"Q4",4,8076,14503,11952,42,2483,2,2,2,0,26,"Schenectady County",42.817552,-74.043559,14515,15454,16522,,,2,154845,59959,11.96495669288729547578181432613867553794,5.91042655558784591042655558784591042656,15.72475701507959572475701507959572475702,2016,1.54845,92,40.02010869565217391304347826086956521739,8.874,9.178,0,51,42,2017,0,0,0,0,1,0,0,"upstate",9366.140333882269366140333882269366140334
"36097",2018,"Q4",4,8076,1704,1673,0,31,1,1,1,0,0,"Schuyler County",42.419776,-76.938603,2026,1778,1705,,,1,18336,47229,14.62910168259824473139918385600089440438,4.65750436300174520069808027923211169284,19.3608202443280977312390924956369982548,2016,0.18336,92,40.43260869565217391304347826086956521739,8.7,8.767,0,49,48,2017,0,0,0,0,1,0,0,"upstate",9293.193717277486910994764397905759162304
"36101",2018,"Q4",4,8076,11972,6211,38,828,3,3,3,0,4895,"Steuben County",42.266725,-77.385525,12864,12453,12173,,,3,98151,48823,15.08100940620726805618862138979820163262,5.65659035567645770292712249493127935528,17.46390765249462562785911503703477295188,2016,0.98151,92,39.27826086956521739130434782608695652174,9.959,7.912,0,51,45,2017,0,0,0,0,1,0,0,"upstate",12197.5323735876353781418426709865411458
"36103",2018,"Q4",4,8076,126161,85107,998,22154,11,11,11,0,17902,"Suffolk County",40.943554,-72.692218,133081,131658,129416,,,11,1498130,90128,7.25443342002405906049777460502134117682,5.40273541014464699325158697843311328122,15.24914393276951933410318196685200883768,2016,14.9813,92,48.06521739130434782608695652173913043478,11.035,5.871,0,19,38,2017,0,0,0,0,1,0,1,"downstate_non_nyc",8421.231802313550893447164131283666971491
"36105",2018,"Q4",4,8076,7476,5971,31,693,2,2,2,0,781,"Sullivan County",41.719993,-74.771577,8452,7332,6934,,,2,75818,52027,17.11280546337182194673761004909355201448,5.71236381861827006779392756337545173969,16.73876915771980268537814239362684322984,2016,0.75818,92,40.00706521739130434782608695652173913043,9.371,6.725,0,51,40,2017,0,0,0,0,1,0,0,"upstate",9860.455300852040412566936611358780236883
"36109",2018,"Q4",4,8076,6613,5659,53,901,1,1,1,0,0,"Tompkins County",42.453006,-76.473483,7203,6494,6700,,,1,104268,54133,20.07083955946648956776800044274724666556,4.23044462347028810373268884029615989565,12.17631488088387616526642881804580504086,2016,1.04268,92,41.74782608695652173913043478260869565217,10.253,10.475,0,44,53,2017,0,0,0,0,1,0,0,"upstate",6342.310200636820501016611040779529673534
"36111",2018,"Q4",4,8076,11987,10572,67,1348,2,2,2,0,0,"Ulster County",41.947212,-74.265458,13569,12622,12537,,,2,180505,60393,13.01837513536677882081781803230271196845,4.52231240131852303260297498684246973768,17.37070995263289105564942799368438547409,2016,1.80505,92,41.90054347826086956521739130434782608696,12.493,7.774,0,44,36,2017,0,0,0,0,1,0,0,"upstate",6640.813273870529902218775103182737320296
"36113",2018,"Q4",4,8076,10664,8445,117,2102,1,1,1,0,0,"Warren County",43.555105,-73.838139,12086,11232,10829,,,1,64911,57174,11.06145600575026954388486960326265293686,4.55700882747146092341821879188427231132,19.76398453266780668915900232626211273898,2016,0.64911,92,38.22717391304347826086956521739130434783,10.394,14.359,0,50,42,2017,0,0,0,0,1,0,0,"upstate",16428.6484571182080078877231902142934171
"36117",2018,"Q4",4,8076,6092,5051,29,1012,1,1,1,0,0,"Wayne County",43.218114,-77.049402,6791,6424,6384,,,1,91874,51627,11.89981200928895278115669578679641711821,5.50318915035809913577290637177003287111,16.4965060844199664758255872172758342948,2016,0.91874,92,41.7211956521739130434782608695652173913,13.536,19.375,0,43,55,2017,0,0,0,0,1,0,0,"upstate",6630.820471515336221346626902061519036942
"36119",2018,"Q4",4,8076,82107,56184,509,14612,13,13,10,3,10802,"Westchester County",41.152686,-73.745753,80864,79762,82557,,,13,969229,86226,9.79108820649679939265647237453978713371,5.70773264109926549865924358433352695803,15.6468698315877878189777648006817790223,2016,9.69229,92,45.11032608695652173913043478260869565217,8.542,5.623,0,34,39,2017,0,0,0,0,1,0,1,"downstate_non_nyc",8471.372606473805468057600422603946023076
"36121",2018,"Q4",4,8076,3210,2805,17,388,1,1,1,0,0,"Wyoming County",42.701365,-78.228576,3682,3242,3243,,,1,41239,53612,11.53372920344513989193815866902048895308,4.93464923979727927447319285142704721259,15.51201532529886757680836101748345013216,2016,0.41239,92,37.97445652173913043478260869565217391304,13.819,26.156,0,50,61,2017,0,0,0,0,1,0,0,"upstate",7783.893886854676398554766119450035160891
"36123",2018,"Q4",4,8076,1766,1622,0,144,1,1,1,0,0,"Yates County",42.638237,-77.104324,2252,1939,1962,,,1,25106,50105,13.9004062486912091133727017632030824643,5.9945829682147693778379670198358958018,18.23070182426511590854775750816537879391,2016,0.25106,92,40.77173913043478260869565217391304347826,9.473,9.619,0,44,50,2017,0,0,0,0,1,0,0,"upstate",7034.175097586234366286943360152951485701
"36001",2019,"Q1",1,8077,42924,23969,432,9525,5,5,3,2,8998,"Albany County",42.58824,-73.97401,42173,43614,41928,42951,42666.5,5,308580,62293,12.40709621007186381397382299095554280405,5.07032212068183291204873938686888327176,15.59887225354851254131829671398016721758,2017,3.0858,90,27.86944444444444444444444444444444444444,10.767,40.704,0,77,48,2018,0,0,0,0,0,0,0,"upstate",13910.1691619677231188022554929029749174
"36003",2019,"Q1",1,8077,4899,2508,17,242,2,2,2,0,2132,"Allegany County",42.247853,-78.026153,4721,4969,5125,5290,5026.25,2,47400,45359,16.5057482117985883241660961733670121102,5.18565400843881856540084388185654008439,17.36075949367088607594936708860759493671,2017,0.474,90,25.79611111111111111111111111111111111111,11.436,41.173,0,79,59,2018,0,0,0,0,0,0,0,"upstate",10335.4430379746835443037974683544303797
"36005",2019,"Q1",1,8077,204316,123844,277,24156,10,10,10,0,56039,"Bronx County",40.848711,-73.852939,209253,203191,201587,210214,206061.25,10,1455846,36593,29.73423517961098723714735242291369404367,7.43210476932312895732103532928620197466,11.76477457093676116842028621159106114246,2017,14.55846,90,35.07722222222222222222222222222222222222,15.138,35.087,0,64,44,2018,0,0,0,0,0,1,0,"nyc",14034.1766917654751944917250863072055698
"36007",2019,"Q1",1,8077,23825,15294,108,4170,3,3,3,0,4253,"Broome County",42.161977,-75.830283,23446,24284,24006,23818,23888.5,3,196124,49064,17.09877439512984743128492220985323932906,5.22526564826334359894760457669637576227,17.89378148518284350716893393975240154188,2017,1.96124,90,26.69944444444444444444444444444444444444,10.709,41.066,0,79,55,2018,0,0,0,0,0,0,0,"upstate",12147.9268218066121433378882747649446269
"36009",2019,"Q1",1,8077,7945,6737,49,1159,1,1,1,0,0,"Cattaraugus County",42.239099,-78.662332,7547,8480,7998,8308,8083.25,1,78175,45571,16.90079365079365079365079365079365079365,5.7959705788295490885833066837224176527,17.66677326511032938919091781259993604093,2017,0.78175,90,25.56833333333333333333333333333333333333,14.116,52.2,0,80,60,2018,0,0,0,0,0,0,0,"upstate",10163.0956188039654621042532779021426287
"36011",2019,"Q1",1,8077,6152,5270,53,829,1,1,1,0,0,"Cayuga County",43.008546,-76.574587,5593,6760,6700,6118,6292.75,1,78319,54664,11.63678192029230665132958928208945124839,5.0485833578058963980643266640278859536,17.37764782492115578595232319105197972395,2017,0.78319,90,28.87833333333333333333333333333333333333,11.416,44.315,0,75,60,2018,0,0,0,0,0,0,0,"upstate",7855.054329090003702805194141906816992045
"36013",2019,"Q1",1,8077,16611,15108,71,1432,5,5,3,2,0,"Chautauqua County",42.304216,-79.407595,10235,11512,10634,10725,10776.5,5,130846,44304,18.49189513708224934960976585951570942566,5.41323387799397765311893370832887516623,18.51795240206043746083181755651682130138,2017,1.30846,90,27.78166666666666666666666666666666666667,13.943,58.426,0,75,58,2018,0,0,0,0,0,0,0,"upstate",12695.0766549990064656160677437598398117
"36015",2019,"Q1",1,8077,11582,7863,58,1531,2,2,2,0,2130,"Chemung County",42.148697,-76.752471,9322,9870,9895,9699,9696.5,2,86883,51251,15.80690498014054384356859150626336694164,5.87111402690975219548127942175109054706,17.2622952706513357043380177940448649333,2017,0.86883,90,27.51888888888888888888888888888888888889,9.948,29.104,0,79,49,2018,0,0,0,0,0,0,0,"upstate",13330.5709977786218247528285165107098051
"36017",2019,"Q1",1,8077,4589,,,,1,1,1,0,,"Chenango County",42.478024,-75.602241,4410,4476,4271,4312,4367.25,1,48763,48567,14.5379868234509215244766908514719372863,5.26628796423517831142464573549617537887,19.16822180751799520127965875766462276726,2017,0.48763,90,25.53444444444444444444444444444444444444,11.315,45.642,0,81,59,2018,0,0,0,0,0,0,0,"upstate",9410.823780325246600906424953345774460144
"36019",2019,"Q1",1,8077,10447,8802,64,1581,1,1,1,0,0,"Clinton County",44.752712,-73.705643,10480,10971,10736,10914,10775.25,1,81224,52759,15.70729179451513043952597198925391045835,4.88402442627794740470796808824977839062,15.43139958632916379395252634689254407564,2017,0.81224,90,21.34611111111111111111111111111111111111,10.869,52.582,0,87,62,2018,0,0,0,0,0,0,0,"upstate",12861.9619816802915394464690239338126662
"36021",2019,"Q1",1,8077,6436,5418,49,969,1,1,1,0,0,"Columbia County",42.247696,-73.626718,6386,6933,6557,6349,6556.25,1,61481,61093,11.40893470790378006872852233676975945017,4.28425041882858118768399993493924952424,21.58878352661797953839397537450594492607,2017,0.61481,90,29.745,11.742,38.113,0,76,46,2018,0,0,0,0,0,0,0,"upstate",10468.2747515492591207039573201476879036
"36023",2019,"Q1",1,8077,7794,6978,51,765,1,1,1,0,0,"Cortland County",42.594039,-76.07624,7463,7661,7305,7444,7468.25,1,48334,52451,14.69614989044403702544381344184590618432,5.05648197955890263582571274878967186659,15.4322009351595150411718459055737162246,2017,0.48334,90,25.70722222222222222222222222222222222222,11.342,45.255,0,83,60,2018,0,0,0,0,0,0,0,"upstate",16125.2948235196755906815078412711548806
"36025",2019,"Q1",1,8077,3346,2104,0,0,4,4,2,2,1242,"Delaware County",42.193986,-74.966728,5606,6604,6203,5796,6052.25,4,45950,47921,16.49491634343944366665901631819329370453,4.09575625680087051142546245919477693145,22.77257889009793253536452665941240478781,2017,0.4595,90,25.22666666666666666666666666666666666667,11.573,48.122,0,81,59,2018,0,0,0,0,0,0,0,"upstate",7281.828073993471164309031556039173014146
"36027",2019,"Q1",1,8077,28458,23061,255,5142,3,3,3,0,0,"Dutchess County",41.754825,-73.740014,30923,31660,31029,30906,31129.5,3,295685,75585,9.08748763387672588068304013075831218547,4.68674433941525610024181138711804792262,16.03801342645044557552801122816510813873,2017,2.95685,90,30.90833333333333333333333333333333333333,12.669,38.391,0,72,43,2018,0,0,0,0,0,0,0,"upstate",9624.431405042528366335796540237076618699
"36029",2019,"Q1",1,8077,101552,74721,801,17473,10,10,10,0,8557,"Erie County",42.752759,-78.778192,94778,99611,97420,100092,97975.25,10,923995,54006,14.8900636722688607510319586882287076702,5.44515933527778829972023658136678228778,16.86340294049210222999042202609321479012,2017,9.23995,90,29.54666666666666666666666666666666666667,10.514,41.613,0,72,56,2018,0,0,0,0,0,0,0,"upstate",10990.5356630717698688845718862115054735
"36031",2019,"Q1",1,8077,3971,2364,0,0,3,3,3,0,1607,"Essex County",44.109601,-73.778431,3497,4820,3940,4186,4110.75,3,38233,55294,8.89674721450422385001824254160702758834,4.0227029006355765961342295922370726859,21.38466769544634216514529333298459446028,2017,0.38233,90,18.18944444444444444444444444444444444444,12.935,56.912,0,89,65,2018,0,0,0,0,0,0,0,"upstate",10386.3154866215049826066487066147045746
"36033",2019,"Q1",1,8077,6247,5557,54,636,2,2,2,0,0,"Franklin County",44.594376,-74.31067,5890,6739,6181,6092,6225.5,2,51054,50733,19.37851239669421487603305785123966942149,4.85368433423434011047126571865084028676,15.49144043561718964233948368394249226309,2017,0.51054,90,20.91222222222222222222222222222222222222,12.818,58.755,0,86,70,2018,0,0,0,0,0,0,0,"upstate",12236.0637756101382849531868217965291652
"36035",2019,"Q1",1,8077,5160,4768,37,355,1,1,1,0,0,"Fulton County",43.115609,-74.423678,5504,5905,5573,5648,5657.5,1,53955,48033,16.02644239875743455695722998825624123953,5.04123806876100454082105458252247243073,18.16699101102770827541469743304605689927,2017,0.53955,90,24.205,13.402,47.569,0,84,53,2018,0,0,0,0,0,0,0,"upstate",9563.525159855435084792882958020572699472
"36037",2019,"Q1",1,8077,5033,4288,30,715,1,1,1,0,0,"Genesee County",43.00091,-78.192778,4994,5478,5311,5645,5357,1,58537,54033,12.75799324148687288796464777748895243047,5.06175581256299434545671968156892222013,17.59741701829612040248048242991612142747,2017,0.58537,90,28.31944444444444444444444444444444444444,10.016,42.799,0,75,59,2018,0,0,0,0,0,0,0,"upstate",8597.98076430291952098672634402172984608
"36045",2019,"Q1",1,8077,14895,9781,71,1292,3,3,2,1,3751,"Jefferson County",43.996389,-76.052968,11007,11463,10844,10860,11043.5,3,116567,50322,14.76249965804327804273091197578034523951,8.09148386764693266533409970231712234166,12.22043974709823534962725299613098046617,2017,1.16567,90,27.48222222222222222222222222222222222222,10.545,39.329,0,77,55,2018,0,0,0,0,0,0,0,"upstate",12778.0589703775511079465028695943105682
"36047",2019,"Q1",1,8077,247366,146914,1062,25019,15,15,14,1,74371,"Kings County",40.635045,-73.95064,248560,248875,246556,252787,249194.5,15,2635121,52782,21.85447783769212094477286286150596628918,7.44299787372192775967403394379233439375,12.81690669992004162237711285364125594233,2017,26.35121,90,35.83111111111111111111111111111111111111,15.775,36.488,0,59,43,2018,0,0,0,0,0,1,0,"nyc",9387.272918397295608057466810821969845028
"36049",2019,"Q1",1,8077,2644,2403,18,223,1,1,1,0,0,"Lewis County",43.782706,-75.444132,2391,2747,2641,2633,2603,1,26845,51475,14.20647498302014942268508037129273262395,6.18364686161296330787856211585025144347,16.66977090705904265226299124604209349972,2017,0.26845,90,25.51722222222222222222222222222222222222,13.059,54.371,0,81,61,2018,0,0,0,0,0,0,0,"upstate",9849.133916930527100018625442354255913578
"36051",2019,"Q1",1,8077,3530,3211,28,291,1,1,1,0,0,"Livingston County",42.729042,-77.778463,3395,3836,3635,3629,3623.75,1,64373,53654,14.60492617611165540830883995943553515873,4.48635297407298090814471905923290820686,16.13564693272023985211191027294051854038,2017,0.64373,90,28.76666666666666666666666666666666666667,10.3,35.912,0,75,60,2018,0,0,0,0,0,0,0,"upstate",5483.665511938234974290463393037453590791
"36053",2019,"Q1",1,8077,7409,4616,40,388,2,2,2,0,2365,"Madison County",42.910026,-75.663575,7574,8364,8140,8126,8051,2,71760,58365,11.10760729194822356368441601345466558549,4.6627647714604236343366778149386845039,16.33639910813823857302118171683389074693,2017,0.7176,90,25.59833333333333333333333333333333333333,13.647,65.207,0,81,64,2018,0,0,0,0,0,0,0,"upstate",10324.6934225195094760312151616499442586
"36055",2019,"Q1",1,8077,80628,63075,666,16887,6,6,4,2,0,"Monroe County",43.250347,-77.700518,84848,88349,86228,85841,86316.5,6,748680,55272,14.83939555015566861568835902498291442023,5.63177859699738205909066623924774269381,15.85016295346476465245498744456910829727,2017,7.4868,90,30.14111111111111111111111111111111111111,9.19,36.214,0,72,58,2018,0,0,0,0,0,0,0,"upstate",10769.3540631511460169899022279211412085
"36057",2019,"Q1",1,8077,12798,5978,26,911,2,2,2,0,5883,"Montgomery County",42.900891,-74.435357,13144,13046,12616,13057,12965.75,2,49500,47449,19.58784174444536218716445031799785248204,6.16969696969696969696969696969696969697,17.88282828282828282828282828282828282828,2017,0.495,90,26.36111111111111111111111111111111111111,11.381,39.992,0,84,50,2018,0,0,0,0,0,0,0,"upstate",25854.5454545454545454545454545454545455
"36059",2019,"Q1",1,8077,116592,61834,1011,25567,12,12,11,1,28180,"Nassau County",40.729612,-73.589414,118321,118183,116844,118200,117887,12,1363069,105744,5.85444604303695527422642967139868243889,5.45203507672759045947050369423704889481,16.76789656282990809709559824190851673686,2017,13.63069,90,35.24388888888888888888888888888888888889,16.106,43.324,0,60,42,2018,0,0,0,0,0,0,1,"downstate_non_nyc",8553.638884018343898951557111195398031941
"36061",2019,"Q1",1,8077,279944,205772,2115,39184,17,17,15,2,32873,"New York County",40.776642,-73.970187,292272,287114,281987,296075,289362,17,1653877,79781,17.26597262537886353694740058079445762546,4.9639120684307236874326204427536025956,15.2803382597375741968719560160761652771,2017,16.53877,90,35.26277777777777777777777777777777777778,14.438,34.503,0,63,43,2018,0,0,0,0,0,1,0,"nyc",16926.5308121462478769582018493515539547
"36063",2019,"Q1",1,8077,18916,13350,60,1768,4,4,4,0,3738,"Niagara County",43.272672,-78.812943,15649,17098,16507,16945,16549.75,5,212675,51656,13.4441304660184874754538052588725513674,5.2140590102268719877747737157634888915,17.68755142823557070647701892559069001998,2017,2.12675,90,30.305,9.023,28.44,0,74,55,2018,0,0,0,0,0,0,0,"upstate",8894.322322792994004937110614787821793817
"36065",2019,"Q1",1,8077,25576,20925,144,4507,3,3,3,0,0,"Oneida County",43.242727,-75.434282,25180,26978,26723,26615,26374,3,232324,51316,16.6023570096009464440096464485598580334,5.75747662746853532136154680532359980028,17.65594600643928307019507239889120366385,2017,2.32324,90,25.99611111111111111111111111111111111111,14.057,49.824,0,81,57,2018,0,0,0,0,0,0,0,"upstate",11008.7636232158537215268332156815481827
"36067",2019,"Q1",1,8077,57552,45712,437,11403,5,5,4,1,0,"Onondaga County",43.006516,-76.196134,56210,53612,53852,51460,53783.5,5,467669,57271,14.9374718768238297417345706788322143465,5.74701337912070289029206554208211363165,15.72714890232194137306513795013139635084,2017,4.67669,90,28.19333333333333333333333333333333333333,12.38,53.302,0,78,63,2018,0,0,0,0,0,0,0,"upstate",12306.1395987332921361048091705886000569
"36069",2019,"Q1",1,8077,13856,9922,104,1501,3,3,3,0,2329,"Ontario County",42.856357,-77.303497,14134,15407,14208,13982,14432.75,3,109491,61710,9.74936138525200539169942218326122406659,5.05247006603282461572184015124530783352,18.19875606214209387072910102200180836781,2017,1.09491,90,28.20444444444444444444444444444444444444,9.742,39.327,0,75,60,2018,0,0,0,0,0,0,0,"upstate",12654.9214090655852992483400462138440602
"36071",2019,"Q1",1,8077,38295,28269,307,6957,4,4,4,0,2762,"Orange County",41.40241,-74.306252,37216,39872,37984,38402,38368.5,4,378174,75146,12.24466528587987154882474775305451574287,6.56496744884629826481989771903938398727,12.96017177278184116306250561910654883731,2017,3.78174,90,32.51555555555555555555555555555555555556,12.951,33.954,0,71,46,2018,0,0,0,0,0,0,0,"upstate",10126.2910723635152072855352298148471339
"36073",2019,"Q1",1,8077,1685,,,,1,1,1,0,,"Orleans County",43.339906,-78.207028,1697,1950,1860,1797,1826,1,41584,49223,15.88065695309684394789682335375585645884,5.09090034628703347441323585994613312813,16.46065794536360138514813389765294343978,2017,0.41584,90,30.34722222222222222222222222222222222222,9.082,33.872,0,75,55,2018,0,0,0,0,0,0,0,"upstate",4052.03924586379376683339746056175452097
"36075",2019,"Q1",1,8077,6271,5412,32,827,2,2,2,0,0,"Oswego County",43.461443,-76.209262,6388,7172,6799,6792,6787.75,2,119833,51755,18.33436754385198262526328669189557678358,5.44257424916341909156910033129438468535,14.75803826992564652474693949079135129722,2017,1.19833,90,27.86388888888888888888888888888888888889,12.594,49.304,0,80,60,2018,0,0,0,0,0,0,0,"upstate",5233.116086553787354067744277452788463946
"36077",2019,"Q1",1,8077,10336,8653,85,1598,2,2,2,0,0,"Otsego County",42.629776,-75.028841,10525,12161,11286,10648,11155,2,60750,51254,16.10909482913507492184411944374573286859,4.23209876543209876543209876543209876543,19.26255144032921810699588477366255144033,2017,0.6075,90,25.43944444444444444444444444444444444444,11.642,48.505,0,81,60,2018,0,0,0,0,0,0,0,"upstate",17013.9917695473251028806584362139917695
"36079",2019,"Q1",1,8077,6274,5273,63,938,1,1,1,0,0,"Putnam County",41.427907,-73.743861,6288,6939,6693,6750,6667.5,1,99464,99608,4.81221255723361512497068211251950276863,4.4639266468269926807689214188047936942,15.59760315289954154266870425480575886753,2017,0.99464,90,31.71333333333333333333333333333333333333,14.006,40.209,0,72,45,2018,0,0,0,0,0,0,0,"upstate",6307.809860854178396203651572428215233652
"36081",2019,"Q1",1,8077,192874,164791,529,27554,10,10,10,0,0,"Queens County",40.654658,-73.841209,171723,169022,167298,180453,172124,10,2339280,62008,13.70956516476533422095802947317456955246,6.25970384049793098731233541944529940836,14.31372046099654594576108888204917752471,2017,23.3928,90,35.61,15.643,37.673,0,58,43,2018,0,0,0,0,0,1,0,"nyc",8245.015560343353510481857665606511405219
"36083",2019,"Q1",1,8077,12632,10648,99,1885,1,1,1,0,0,"Rensselaer County",42.710421,-73.513845,12457,12919,12029,11272,12169.25,2,159800,63166,12.55237736388381807433200589874684111712,5.33541927409261576971214017521902377972,15.61702127659574468085106382978723404255,2017,1.598,90,26.52611111111111111111111111111111111111,12.315,46.38,0,76,52,2018,0,0,0,0,0,0,0,"upstate",7904.881101376720901126408010012515644556
"36085",2019,"Q1",1,8077,40470,14378,110,1994,3,3,2,1,23988,"Richmond County",40.561263,-74.1399,41297,40463,40840,41458,41014.5,3,475948,76244,12.91687136722961979927647655567110946642,5.77731180717221209039642986208577407616,15.06341028851891383092270584181465202081,2017,4.75948,90,36.11555555555555555555555555555555555556,15.883,34.395,0,57,43,2018,0,0,0,0,0,1,0,"nyc",8503.029742745005756931429483893198416634
"36087",2019,"Q1",1,8077,20989,18317,191,2481,2,2,2,0,0,"Rockland County",41.154628,-74.024662,21185,22593,21057,23386,22055.25,2,325027,88571,14.21946340352092676335015463740571175338,7.60490666929208958025025613256744824276,15.10274531038959840259424601648478434099,2017,3.25027,90,33.40277777777777777777777777777777777778,13.678,35.387,0,66,47,2018,0,0,0,0,0,0,1,"downstate_non_nyc",6457.617367172573355444316933670125866466
"36089",2019,"Q1",1,8077,14226,12061,101,1652,5,5,4,1,412,"St. Lawrence County",44.488112,-75.074311,13806,14961,14502,14774,14510.75,5,110817,48330,19.37469002722699622465814431320155062298,5.36560275048052194157936056742196594385,15.77104595865255330860788507178501493453,2017,1.10817,90,24.23,11.298,47.016,0,83,62,2018,0,0,0,0,0,0,0,"upstate",12837.3805463060721730420422859308589837
"36091",2019,"Q1",1,8077,9295,7131,147,2017,1,1,1,0,0,"Saratoga County",43.106135,-73.855387,9322,10277,9390,9153,9535.5,1,226632,77548,6.59609742509131917455553508767988641827,5.20094249708778989727840728582018426348,16.48972784072858201842634755903844117336,2017,2.26632,90,27.10944444444444444444444444444444444444,10.229,38.775,0,79,42,2018,0,0,0,0,0,0,0,"upstate",4101.362561332909739136573828938543541953
"36093",2019,"Q1",1,8077,14163,11561,58,2520,2,2,2,0,24,"Schenectady County",42.817552,-74.043559,14503,14515,15454,16522,15248.5,2,155239,61315,12.35183287607840544739364691105014378739,5.92441332397142470642042270305786561367,16.18150078266415011691649649894678527947,2017,1.55239,90,27.82666666666666666666666666666666666667,10.342,37.729,0,82,44,2018,0,0,0,0,0,0,0,"upstate",9123.351735066574765361796971121947448773
"36097",2019,"Q1",1,8077,1726,1697,0,29,1,1,1,0,0,"Schuyler County",42.419776,-76.938603,1704,2026,1778,1705,1803.25,1,18112,47810,15.28813559322033898305084745762711864407,4.93043286219081272084805653710247349823,19.36837455830388692579505300353356890459,2017,0.18112,90,27.58722222222222222222222222222222222222,9.653,35.936,0,80,55,2018,0,0,0,0,0,0,0,"upstate",9529.593639575971731448763250883392226148
"36101",2019,"Q1",1,8077,10069,6295,48,961,3,3,2,1,2765,"Steuben County",42.266725,-77.385525,11972,12864,12453,12173,12365.5,3,97539,50157,14.52780966294479807993321506835020348534,5.67772890843662534986005597760895641743,17.9302637919191297839838423604917007556,2017,0.97539,90,26.60777777777777777777777777777777777778,9.368,33.681,0,78,52,2018,0,0,0,0,0,0,0,"upstate",10323.0502670726581162406832138939296076
"36103",2019,"Q1",1,8077,109321,81847,1102,24746,11,11,10,1,1626,"Suffolk County",40.943554,-72.692218,126161,133081,131658,129416,130079,11,1497595,92838,7.18532293505890395941104892695445999767,5.40566708622825263171952363623008890922,15.61817447307182515967267518922004947933,2017,14.97595,90,36.12,16.561,35.03,0,55,45,2018,0,0,0,0,0,0,1,"downstate_non_nyc",7299.770632247036081183497541057495517814
"36105",2019,"Q1",1,8077,6858,5235,37,750,2,2,2,0,836,"Sullivan County",41.719993,-74.771577,7476,8452,7332,6934,7548.5,2,75783,53877,15.87930467207720991445492432550998025883,5.6107570299407518836678410725360568993,17.46565852499901033213253632081073591703,2017,0.75783,90,27.45055555555555555555555555555555555556,13.51,42.691,0,78,48,2018,0,0,0,0,0,0,0,"upstate",9049.522980087882506630774712006650568069
"36109",2019,"Q1",1,8077,7039,5840,44,1155,2,2,1,1,0,"Tompkins County",42.453006,-76.473483,6613,7203,6494,6700,6752.5,1,104415,56200,20.35871860935720367564937578096491325069,4.2072499161997797251352774984437101949,12.72805631374802470909352104582674903031,2017,1.04415,90,28.42166666666666666666666666666666666667,11.117,37.979,0,78,63,2018,0,0,0,0,0,0,0,"upstate",6741.368577311688933582339702150074223052
"36111",2019,"Q1",1,8077,12415,10880,88,1447,3,3,2,1,0,"Ulster County",41.947212,-74.265458,11987,13569,12622,12537,12678.75,2,180129,61652,13.15989486936997046827224887878067035281,4.47790194804834313186660670963587206946,17.99876754992255550189031194310743966824,2017,1.80129,90,30.06944444444444444444444444444444444444,14.502,46.96,0,73,45,2018,0,0,0,0,0,0,0,"upstate",6892.282752915965780079831676187621093772
"36113",2019,"Q1",1,8077,10838,8605,117,2116,1,1,1,0,0,"Warren County",43.555105,-73.838139,10664,12086,11232,10829,11202.75,1,64701,60222,9.92643021851323158010321730536949599209,4.48524752322220676651056397891840929816,20.28871269377598491522542155453547858611,2017,0.64701,90,25.18666666666666666666666666666666666667,8.64,35.525,0,85,43,2018,0,0,0,0,0,0,0,"upstate",16750.9002952040926724471028268496622927
"36117",2019,"Q1",1,8077,6446,5295,40,1111,1,1,1,0,0,"Wayne County",43.218114,-77.049402,6092,6791,6424,6384,6422.75,1,91442,53693,11.70104122727171813600337455320471549408,5.5270007217689901795673760416438835546,17.19669298571772270947704555893353163754,2017,0.91442,90,29.11,10.63,43.518,0,75,56,2018,0,0,0,0,0,0,0,"upstate",7049.277137420441372673388596049955162835
"36119",2019,"Q1",1,8077,91370,64986,523,15995,13,13,12,1,9866,"Westchester County",41.152686,-73.745753,82107,80864,79762,82557,81322.5,13,975321,89968,9.43591844452147606592506223804871899915,5.69996954848711347341029261135564598732,16.02139193147691888106582345709771449605,2017,9.75321,90,33.55055555555555555555555555555555555556,13.906,35.911,0,65,47,2018,0,0,0,0,0,0,1,"downstate_non_nyc",9368.197752329745796512122675508883741865
"36121",2019,"Q1",1,8077,3361,2981,11,369,1,1,1,0,0,"Wyoming County",42.701365,-78.228576,3210,3682,3242,3243,3344.25,1,40886,55459,11.4213062098501070663811563169164882227,5.13378662622902705082424301716969133689,16.06173262241354008707136917282199285819,2017,0.40886,90,26.03722222222222222222222222222222222222,11.234,48.286,0,81,62,2018,0,0,0,0,0,0,0,"upstate",8220.417746906031404392701658269334246441
"36123",2019,"Q1",1,8077,1841,1712,0,129,1,1,1,0,0,"Yates County",42.638237,-77.104324,1766,2252,1939,1962,1979.75,1,25083,51758,13.08669938341512520447967786586133131999,6.04792090260335685524060120400271099948,18.98895666387593190607184148626559821393,2017,0.25083,90,27.96111111111111111111111111111111111111,9.123,35.993,0,79,56,2018,0,0,0,0,0,0,0,"upstate",7339.632420364390224454810030698082366543
"36001",2019,"Q2",2,8078,43926,24896,438,9591,5,5,3,2,9001,"Albany County",42.58824,-73.97401,42924,42173,43614,41928,42659.75,5,308580,62293,12.40709621007186381397382299095554280405,5.07032212068183291204873938686888327176,15.59887225354851254131829671398016721758,2017,3.0858,91,54.96538461538461538461538461538461538462,10.343,2.867,2,20,47,2018,0,0,1,0,0,0,0,"upstate",14234.8823643787672564650981917168967529
"36003",2019,"Q2",2,8078,5096,2660,18,245,2,2,2,0,2173,"Allegany County",42.247853,-78.026153,4899,4721,4969,5125,4928.5,2,47400,45359,16.5057482117985883241660961733670121102,5.18565400843881856540084388185654008439,17.36075949367088607594936708860759493671,2017,0.474,91,54.19395604395604395604395604395604395604,10.96,7.027,0,23,52,2018,0,0,1,0,0,0,0,"upstate",10751.0548523206751054852320675105485232
"36005",2019,"Q2",2,8078,205847,123830,187,25029,10,10,10,0,56801,"Bronx County",40.848711,-73.852939,204316,209253,203191,201587,204586.75,10,1455846,36593,29.73423517961098723714735242291369404367,7.43210476932312895732103532928620197466,11.76477457093676116842028621159106114246,2017,14.55846,91,59.71758241758241758241758241758241758242,11.851,3.858,0,7,48,2018,0,0,1,0,0,1,0,"nyc",14139.3389135938828694793267969276970229
"36007",2019,"Q2",2,8078,25048,16119,173,4258,3,3,3,0,4498,"Broome County",42.161977,-75.830283,23825,23446,24284,24006,23890.25,3,196124,49064,17.09877439512984743128492220985323932906,5.22526564826334359894760457669637576227,17.89378148518284350716893393975240154188,2017,1.96124,91,54.80824175824175824175824175824175824176,10.461,4.467,1,20,51,2018,0,0,1,0,0,0,0,"upstate",12771.5119006342925904019905773898146071
"36009",2019,"Q2",2,8078,7949,6744,68,1137,1,1,1,0,0,"Cattaraugus County",42.239099,-78.662332,7945,7547,8480,7998,7992.5,1,78175,45571,16.90079365079365079365079365079365079365,5.7959705788295490885833066837224176527,17.66677326511032938919091781259993604093,2017,0.78175,91,53.92197802197802197802197802197802197802,12.421,7.994,0,23,53,2018,0,0,1,0,0,0,0,"upstate",10168.2123440997761432683082826990725935
"36011",2019,"Q2",2,8078,6035,5307,61,667,1,1,1,0,0,"Cayuga County",43.008546,-76.574587,6152,5593,6760,6700,6301.25,1,78319,54664,11.63678192029230665132958928208945124839,5.0485833578058963980643266640278859536,17.37764782492115578595232319105197972395,2017,0.78319,91,56.83901098901098901098901098901098901099,10.267,3.915,2,21,52,2018,0,0,1,0,0,0,0,"upstate",7705.665291947037117429997829390058606468
"36013",2019,"Q2",2,8078,16829,15442,81,1306,5,5,3,2,0,"Chautauqua County",42.304216,-79.407595,16611,10235,11512,10634,12248,5,130846,44304,18.49189513708224934960976585951570942566,5.41323387799397765311893370832887516623,18.51795240206043746083181755651682130138,2017,1.30846,91,55.82252747252747252747252747252747252747,13.946,8.488,0,22,53,2018,0,0,1,0,0,0,0,"upstate",12861.6847286122617428121608608593308164
"36015",2019,"Q2",2,8078,11923,8251,70,1493,2,2,2,0,2109,"Chemung County",42.148697,-76.752471,11582,9322,9870,9895,10167.25,2,86883,51251,15.80690498014054384356859150626336694164,5.87111402690975219548127942175109054706,17.2622952706513357043380177940448649333,2017,0.86883,91,55.8478021978021978021978021978021978022,8.801,3.585,3,20,49,2018,0,0,1,0,0,0,0,"upstate",13723.0528411772153355662212400584694359
"36017",2019,"Q2",2,8078,4397,,,,1,1,1,0,,"Chenango County",42.478024,-75.602241,4589,4410,4476,4271,4436.5,1,48763,48567,14.5379868234509215244766908514719372863,5.26628796423517831142464573549617537887,19.16822180751799520127965875766462276726,2017,0.48763,91,53.50659340659340659340659340659340659341,10.102,7.113,0,21,55,2018,0,0,1,0,0,0,0,"upstate",9017.082624120747287902713122654471628079
"36019",2019,"Q2",2,8078,10518,8913,80,1525,1,1,1,0,0,"Clinton County",44.752712,-73.705643,10447,10480,10971,10736,10658.5,1,81224,52759,15.70729179451513043952597198925391045835,4.88402442627794740470796808824977839062,15.43139958632916379395252634689254407564,2017,0.81224,91,50.13626373626373626373626373626373626374,11.06,12.653,0,24,55,2018,0,0,1,0,0,0,0,"upstate",12949.3745690928789520338816113464000788
"36021",2019,"Q2",2,8078,6700,5662,45,993,1,1,1,0,0,"Columbia County",42.247696,-73.626718,6436,6386,6933,6557,6578,1,61481,61093,11.40893470790378006872852233676975945017,4.28425041882858118768399993493924952424,21.58878352661797953839397537450594492607,2017,0.61481,91,56.28406593406593406593406593406593406593,10.008,2.371,1,18,46,2018,0,0,1,0,0,0,0,"upstate",10897.675704689253590540166880824970316
"36023",2019,"Q2",2,8078,7277,6415,56,806,1,1,1,0,0,"Cortland County",42.594039,-76.07624,7794,7463,7661,7305,7555.75,1,48334,52451,14.69614989044403702544381344184590618432,5.05648197955890263582571274878967186659,15.4322009351595150411718459055737162246,2017,0.48334,91,53.7510989010989010989010989010989010989,11.297,7.746,0,21,51,2018,0,0,1,0,0,0,0,"upstate",15055.6544047668308023337609136425704473
"36025",2019,"Q2",2,8078,3662,2366,0,0,4,4,2,2,1296,"Delaware County",42.193986,-74.966728,3346,5606,6604,6203,5439.75,4,45950,47921,16.49491634343944366665901631819329370453,4.09575625680087051142546245919477693145,22.77257889009793253536452665941240478781,2017,0.4595,91,52.10494505494505494505494505494505494505,11.816,10.803,0,22,53,2018,0,0,1,0,0,0,0,"upstate",7969.532100108813928182807399347116430903
"36027",2019,"Q2",2,8078,31546,25636,299,5611,3,3,3,0,0,"Dutchess County",41.754825,-73.740014,28458,30923,31660,31029,30517.5,3,295685,75585,9.08748763387672588068304013075831218547,4.68674433941525610024181138711804792262,16.03801342645044557552801122816510813873,2017,2.95685,91,56.72472527472527472527472527472527472527,11.28,3.087,1,17,49,2018,0,0,1,0,0,0,0,"upstate",10668.7860391971185552192366876912930991
"36029",2019,"Q2",2,8078,105148,77766,969,17323,10,10,10,0,9090,"Erie County",42.752759,-78.778192,101552,94778,99611,97420,98340.25,10,923995,54006,14.8900636722688607510319586882287076702,5.44515933527778829972023658136678228778,16.86340294049210222999042202609321479012,2017,9.23995,91,55.78681318681318681318681318681318681319,10.859,7.332,0,18,48,2018,0,0,1,0,0,0,0,"upstate",11379.7152581994491312182425229573753105
"36031",2019,"Q2",2,8078,3928,2294,0,0,3,3,3,0,1634,"Essex County",44.109601,-73.778431,3971,3497,4820,3940,4057,3,38233,55294,8.89674721450422385001824254160702758834,4.0227029006355765961342295922370726859,21.38466769544634216514529333298459446028,2017,0.38233,91,46.24725274725274725274725274725274725275,12.32,18.877,0,28,51,2018,0,0,1,0,0,0,0,"upstate",10273.8472000627729971490597128135380431
"36033",2019,"Q2",2,8078,6316,5650,58,608,2,2,2,0,0,"Franklin County",44.594376,-74.31067,6247,5890,6739,6181,6264.25,2,51054,50733,19.37851239669421487603305785123966942149,4.85368433423434011047126571865084028676,15.49144043561718964233948368394249226309,2017,0.51054,91,49.65934065934065934065934065934065934066,13.067,17.005,0,23,58,2018,0,0,1,0,0,0,0,"upstate",12371.2147921808281427508128648098092216
"36035",2019,"Q2",2,8078,5425,5038,35,352,1,1,1,0,0,"Fulton County",43.115609,-74.423678,5160,5504,5905,5573,5535.5,1,53955,48033,16.02644239875743455695722998825624123953,5.04123806876100454082105458252247243073,18.16699101102770827541469743304605689927,2017,0.53955,91,52.34120879120879120879120879120879120879,12.283,8.903,0,21,48,2018,0,0,1,0,0,0,0,"upstate",10054.6751922898711889537577610972106385
"36037",2019,"Q2",2,8078,5260,4475,36,749,1,1,1,0,0,"Genesee County",43.00091,-78.192778,5033,4994,5478,5311,5204,1,58537,54033,12.75799324148687288796464777748895243047,5.06175581256299434545671968156892222013,17.59741701829612040248048242991612142747,2017,0.58537,91,56.18296703296703296703296703296703296703,10.488,6.917,0,20,50,2018,0,0,1,0,0,0,0,"upstate",8985.769684131404069221176350000854160616
"36045",2019,"Q2",2,8078,15058,9800,96,1373,3,3,2,1,3789,"Jefferson County",43.996389,-76.052968,14895,11007,11463,10844,12052.25,3,116567,50322,14.76249965804327804273091197578034523951,8.09148386764693266533409970231712234166,12.22043974709823534962725299613098046617,2017,1.16567,91,53.99175824175824175824175824175824175824,8.784,3.143,0,18,44,2018,0,0,1,0,0,0,0,"upstate",12917.8927140614410596480993763243456553
"36047",2019,"Q2",2,8078,247111,146508,819,25188,15,15,14,1,74596,"Kings County",40.635045,-73.95064,247366,248560,248875,246556,247839.25,15,2635121,52782,21.85447783769212094477286286150596628918,7.44299787372192775967403394379233439375,12.81690669992004162237711285364125594233,2017,26.35121,91,59.62197802197802197802197802197802197802,12.601,3.527,0,7,50,2018,0,0,1,0,0,1,0,"nyc",9377.595943412086200216232954767541983841
"36049",2019,"Q2",2,8078,2790,2522,27,241,1,1,1,0,0,"Lewis County",43.782706,-75.444132,2644,2391,2747,2641,2605.75,1,26845,51475,14.20647498302014942268508037129273262395,6.18364686161296330787856211585025144347,16.66977090705904265226299124604209349972,2017,0.26845,91,54.54450549450549450549450549450549450549,8.094,5.954,1,20,52,2018,0,0,1,0,0,0,0,"upstate",10392.9968336747997764946917489290370646
"36051",2019,"Q2",2,8078,3775,3473,44,258,1,1,1,0,0,"Livingston County",42.729042,-77.778463,3530,3395,3836,3635,3599,1,64373,53654,14.60492617611165540830883995943553515873,4.48635297407298090814471905923290820686,16.13564693272023985211191027294051854038,2017,0.64373,91,56.76758241758241758241758241758241758242,10.042,4.466,2,20,48,2018,0,0,1,0,0,0,0,"upstate",5864.259860500520404517421900486228698367
"36053",2019,"Q2",2,8078,7871,5057,38,358,2,2,2,0,2418,"Madison County",42.910026,-75.663575,7409,7574,8364,8140,7871.75,2,71760,58365,11.10760729194822356368441601345466558549,4.6627647714604236343366778149386845039,16.33639910813823857302118171683389074693,2017,0.7176,91,53.41318681318681318681318681318681318681,9.378,11.521,0,22,57,2018,0,0,1,0,0,0,0,"upstate",10968.5061315496098104793756967670011148
"36055",2019,"Q2",2,8078,82906,65198,723,16985,6,6,4,2,0,"Monroe County",43.250347,-77.700518,80628,84848,88349,86228,85013.25,6,748680,55272,14.83939555015566861568835902498291442023,5.63177859699738205909066623924774269381,15.85016295346476465245498744456910829727,2017,7.4868,91,55.29340659340659340659340659340659340659,9.56,4.989,1,17,44,2018,0,0,1,0,0,0,0,"upstate",11073.6229096543249452369503659774536518
"36057",2019,"Q2",2,8078,12538,6074,29,834,2,2,2,0,5601,"Montgomery County",42.900891,-74.435357,12798,13144,13046,12616,12901,2,49500,47449,19.58784174444536218716445031799785248204,6.16969696969696969696969696969696969697,17.88282828282828282828282828282828282828,2017,0.495,91,54.46373626373626373626373626373626373626,11.246,2.731,2,22,45,2018,0,0,1,0,0,0,0,"upstate",25329.2929292929292929292929292929292929
"36059",2019,"Q2",2,8078,118976,63248,918,25773,12,12,11,1,29037,"Nassau County",40.729612,-73.589414,116592,118321,118183,116844,117485,12,1363069,105744,5.85444604303695527422642967139868243889,5.45203507672759045947050369423704889481,16.76789656282990809709559824190851673686,2017,13.63069,91,59.05989010989010989010989010989010989011,11.329,3.583,0,7,48,2018,0,0,1,0,0,0,1,"downstate_non_nyc",8728.538320510553757733467638101959622
"36061",2019,"Q2",2,8078,273967,198575,1943,39984,17,17,15,2,33465,"New York County",40.776642,-73.970187,279944,292272,287114,281987,285329.25,17,1653877,79781,17.26597262537886353694740058079445762546,4.9639120684307236874326204427536025956,15.2803382597375741968719560160761652771,2017,16.53877,91,60.06373626373626373626373626373626373626,11.603,3.858,0,7,50,2018,0,0,1,0,0,1,0,"nyc",16565.1375525507640531913800119355913408
"36063",2019,"Q2",2,8078,19726,14095,78,1700,4,4,4,0,3853,"Niagara County",43.272672,-78.812943,18916,15649,17098,16507,17042.5,4,212675,51656,13.4441304660184874754538052588725513674,5.2140590102268719877747737157634888915,17.68755142823557070647701892559069001998,2017,2.12675,91,56.06318681318681318681318681318681318681,9.858,4.769,1,18,42,2018,0,0,1,0,0,0,0,"upstate",9275.185141648054543317268132126484071941
"36065",2019,"Q2",2,8078,25096,20580,107,4409,3,3,3,0,0,"Oneida County",43.242727,-75.434282,25576,25180,26978,26723,26114.25,3,232324,51316,16.6023570096009464440096464485598580334,5.75747662746853532136154680532359980028,17.65594600643928307019507239889120366385,2017,2.32324,91,54.67472527472527472527472527472527472527,10.978,3.418,2,22,45,2018,0,0,1,0,0,0,0,"upstate",10802.1556102684182434875432585527108693
"36067",2019,"Q2",2,8078,57786,46084,443,11259,5,5,4,1,0,"Onondaga County",43.006516,-76.196134,57552,56210,53612,53852,55306.5,5,467669,57271,14.9374718768238297417345706788322143465,5.74701337912070289029206554208211363165,15.72714890232194137306513795013139635084,2017,4.67669,91,55.87142857142857142857142857142857142857,9.865,7.302,2,21,51,2018,0,0,1,0,0,0,0,"upstate",12356.174987010043428151106872595788902
"36069",2019,"Q2",2,8078,14603,10471,123,1551,3,3,3,0,2458,"Ontario County",42.856357,-77.303497,13856,14134,15407,14208,14401.25,3,109491,61710,9.74936138525200539169942218326122406659,5.05247006603282461572184015124530783352,18.19875606214209387072910102200180836781,2017,1.09491,91,56.53021978021978021978021978021978021978,9.358,4.299,2,19,47,2018,0,0,1,0,0,0,0,"upstate",13337.1692650537487099396297412572722872
"36071",2019,"Q2",2,8078,38907,28895,343,6804,4,4,4,0,2865,"Orange County",41.40241,-74.306252,38295,37216,39872,37984,38341.75,4,378174,75146,12.24466528587987154882474775305451574287,6.56496744884629826481989771903938398727,12.96017177278184116306250561910654883731,2017,3.78174,91,57.81043956043956043956043956043956043956,11.794,3.169,2,14,51,2018,0,0,1,0,0,0,0,"upstate",10288.1213409700296688825778609846261245
"36073",2019,"Q2",2,8078,1758,,,,1,1,1,0,,"Orleans County",43.339906,-78.207028,1685,1697,1950,1860,1798,1,41584,49223,15.88065695309684394789682335375585645884,5.09090034628703347441323585994613312813,16.46065794536360138514813389765294343978,2017,0.41584,91,55.20934065934065934065934065934065934066,9.554,4.438,1,17,43,2018,0,0,1,0,0,0,0,"upstate",4227.587533666794921123509041939207387457
"36075",2019,"Q2",2,8078,6545,5701,33,811,2,2,2,0,0,"Oswego County",43.461443,-76.209262,6271,6388,7172,6799,6657.5,2,119833,51755,18.33436754385198262526328669189557678358,5.44257424916341909156910033129438468535,14.75803826992564652474693949079135129722,2017,1.19833,91,54.46428571428571428571428571428571428571,8.703,3.802,1,19,44,2018,0,0,1,0,0,0,0,"upstate",5461.767626613704071499503475670307845084
"36077",2019,"Q2",2,8078,11027,9372,109,1546,2,2,2,0,0,"Otsego County",42.629776,-75.028841,10336,10525,12161,11286,11077,2,60750,51254,16.10909482913507492184411944374573286859,4.23209876543209876543209876543209876543,19.26255144032921810699588477366255144033,2017,0.6075,91,52.93021978021978021978021978021978021978,10.307,7.774,0,22,52,2018,0,0,1,0,0,0,0,"upstate",18151.4403292181069958847736625514403292
"36079",2019,"Q2",2,8078,6700,5714,73,913,1,1,1,0,0,"Putnam County",41.427907,-73.743861,6274,6288,6939,6693,6548.5,1,99464,99608,4.81221255723361512497068211251950276863,4.4639266468269926807689214188047936942,15.59760315289954154266870425480575886753,2017,0.99464,91,57.02527472527472527472527472527472527473,11.404,4.134,0,14,52,2018,0,0,1,0,0,0,0,"upstate",6736.105525617308775034183222070296790799
"36081",2019,"Q2",2,8078,189912,162425,528,26959,10,10,10,0,0,"Queens County",40.654658,-73.841209,192874,171723,169022,167298,175229.25,10,2339280,62008,13.70956516476533422095802947317456955246,6.25970384049793098731233541944529940836,14.31372046099654594576108888204917752471,2017,23.3928,91,58.78571428571428571428571428571428571429,11.348,3.445,0,7,50,2018,0,0,1,0,0,1,0,"nyc",8118.395403713963270749974351082384323382
"36083",2019,"Q2",2,8078,12539,10698,57,1784,1,1,1,0,0,"Rensselaer County",42.710421,-73.513845,12632,12457,12919,12029,12509.25,1,159800,63166,12.55237736388381807433200589874684111712,5.33541927409261576971214017521902377972,15.61702127659574468085106382978723404255,2017,1.598,91,53.95659340659340659340659340659340659341,11.066,6.503,0,21,48,2018,0,0,1,0,0,0,0,"upstate",7846.683354192740926157697121401752190238
"36085",2019,"Q2",2,8078,40845,14189,203,1968,3,3,2,1,24485,"Richmond County",40.561263,-74.1399,40470,41297,40463,40840,40767.5,3,475948,76244,12.91687136722961979927647655567110946642,5.77731180717221209039642986208577407616,15.06341028851891383092270584181465202081,2017,4.75948,91,59.79395604395604395604395604395604395604,12.809,3.5,0,5,47,2018,0,0,1,0,0,1,0,"nyc",8581.81986267407363829662063922949565919
"36087",2019,"Q2",2,8078,21682,18699,230,2753,2,2,2,0,0,"Rockland County",41.154628,-74.024662,20989,21185,22593,21057,21456,2,325027,88571,14.21946340352092676335015463740571175338,7.60490666929208958025025613256744824276,15.10274531038959840259424601648478434099,2017,3.25027,91,58.63186813186813186813186813186813186813,12.539,4.079,2,9,49,2018,0,0,1,0,0,0,1,"downstate_non_nyc",6670.830423318678140585243687447504361176
"36089",2019,"Q2",2,8078,14840,12703,123,1609,5,5,4,1,405,"St. Lawrence County",44.488112,-75.074311,14226,13806,14961,14502,14373.75,5,110817,48330,19.37469002722699622465814431320155062298,5.36560275048052194157936056742196594385,15.77104595865255330860788507178501493453,2017,1.10817,91,53.36648351648351648351648351648351648352,12.093,9.648,0,22,51,2018,0,0,1,0,0,0,0,"upstate",13391.4471606341987240224875244772913903
"36091",2019,"Q2",2,8078,9869,7744,133,1992,1,1,1,0,0,"Saratoga County",43.106135,-73.855387,9295,9322,10277,9390,9571,1,226632,77548,6.59609742509131917455553508767988641827,5.20094249708778989727840728582018426348,16.48972784072858201842634755903844117336,2017,2.26632,91,55.17692307692307692307692307692307692308,11.108,5.403,2,21,48,2018,0,0,1,0,0,0,0,"upstate",4354.636591478696741854636591478696741855
"36093",2019,"Q2",2,8078,13775,11204,60,2498,2,2,2,0,13,"Schenectady County",42.817552,-74.043559,14163,14503,14515,15454,14658.75,2,155239,61315,12.35183287607840544739364691105014378739,5.92441332397142470642042270305786561367,16.18150078266415011691649649894678527947,2017,1.55239,91,55.12087912087912087912087912087912087912,10.516,2.618,2,21,45,2018,0,0,1,0,0,0,0,"upstate",8873.41454144899155495719503475286493729
"36097",2019,"Q2",2,8078,1933,1908,0,25,1,1,1,0,0,"Schuyler County",42.419776,-76.938603,1726,1704,2026,1778,1808.5,1,18112,47810,15.28813559322033898305084745762711864407,4.93043286219081272084805653710247349823,19.36837455830388692579505300353356890459,2017,0.18112,91,55.51813186813186813186813186813186813187,9.465,4.217,2,20,50,2018,0,0,1,0,0,0,0,"upstate",10672.4823321554770318021201413427561837
"36101",2019,"Q2",2,8078,10292,6450,70,924,3,3,2,1,2848,"Steuben County",42.266725,-77.385525,10069,11972,12864,12453,11839.5,3,97539,50157,14.52780966294479807993321506835020348534,5.67772890843662534986005597760895641743,17.9302637919191297839838423604917007556,2017,0.97539,91,55.08571428571428571428571428571428571429,9.812,4.493,1,23,51,2018,0,0,1,0,0,0,0,"upstate",10551.6767651913593536944196680302238079
"36103",2019,"Q2",2,8078,113732,85527,1130,25075,11,11,10,1,2000,"Suffolk County",40.943554,-72.692218,109321,126161,133081,131658,125055.25,11,1497595,92838,7.18532293505890395941104892695445999767,5.40566708622825263171952363623008890922,15.61817447307182515967267518922004947933,2017,14.97595,91,58.70384615384615384615384615384615384615,10.102,3.445,0,5,43,2018,0,0,1,0,0,0,1,"downstate_non_nyc",7594.309542967224115999318907982465219235
"36105",2019,"Q2",2,8078,7584,5938,59,742,2,2,2,0,845,"Sullivan County",41.719993,-74.771577,6858,7476,8452,7332,7529.5,2,75783,53877,15.87930467207720991445492432550998025883,5.6107570299407518836678410725360568993,17.46565852499901033213253632081073591703,2017,0.75783,91,54.25879120879120879120879120879120879121,11.053,6.589,0,21,52,2018,0,0,1,0,0,0,0,"upstate",10007.521475792723961838407030600530462
"36109",2019,"Q2",2,8078,6437,5415,59,963,2,2,1,1,0,"Tompkins County",42.453006,-76.473483,7039,6613,7203,6494,6837.25,2,104415,56200,20.35871860935720367564937578096491325069,4.2072499161997797251352774984437101949,12.72805631374802470909352104582674903031,2017,1.04415,91,55.81208791208791208791208791208791208791,9.812,4.63,2,19,48,2018,0,0,1,0,0,0,0,"upstate",6164.823061820619642771632428290954364794
"36111",2019,"Q2",2,8078,12744,11314,70,1360,3,3,2,1,0,"Ulster County",41.947212,-74.265458,12415,11987,13569,12622,12648.25,3,180129,61652,13.15989486936997046827224887878067035281,4.47790194804834313186660670963587206946,17.99876754992255550189031194310743966824,2017,1.80129,91,56.59450549450549450549450549450549450549,12.621,8.269,1,18,51,2018,0,0,1,0,0,0,0,"upstate",7074.929633762470229668737404859850440518
"36113",2019,"Q2",2,8078,11206,9104,107,1995,1,1,1,0,0,"Warren County",43.555105,-73.838139,10838,10664,12086,11232,11205,1,64701,60222,9.92643021851323158010321730536949599209,4.48524752322220676651056397891840929816,20.28871269377598491522542155453547858611,2017,0.64701,91,54.10934065934065934065934065934065934066,9.075,4.825,2,22,43,2018,0,0,1,0,0,0,0,"upstate",17319.6704842274462527627084589109905566
"36117",2019,"Q2",2,8078,6587,5453,34,1100,1,1,1,0,0,"Wayne County",43.218114,-77.049402,6446,6092,6791,6424,6438.25,1,91442,53693,11.70104122727171813600337455320471549408,5.5270007217689901795673760416438835546,17.19669298571772270947704555893353163754,2017,0.91442,91,56.17582417582417582417582417582417582418,8.181,2.976,3,18,47,2018,0,0,1,0,0,0,0,"upstate",7203.47323986789440300955797117298396798
"36119",2019,"Q2",2,8078,92199,65380,609,16382,13,13,12,1,9828,"Westchester County",41.152686,-73.745753,91370,82107,80864,79762,83525.75,13,975321,89968,9.43591844452147606592506223804871899915,5.69996954848711347341029261135564598732,16.02139193147691888106582345709771449605,2017,9.75321,91,58.53241758241758241758241758241758241758,10.28,4.051,0,9,51,2018,0,0,1,0,0,0,1,"downstate_non_nyc",9453.195409511330115931062696281531926412
"36121",2019,"Q2",2,8078,3656,3315,22,319,1,1,1,0,0,"Wyoming County",42.701365,-78.228576,3361,3210,3682,3242,3373.75,1,40886,55459,11.4213062098501070663811563169164882227,5.13378662622902705082424301716969133689,16.06173262241354008707136917282199285819,2017,0.40886,91,54.34395604395604395604395604395604395604,9.7,8.708,0,22,50,2018,0,0,1,0,0,0,0,"upstate",8941.936115051606907009734383407523357629
"36123",2019,"Q2",2,8078,2005,1915,0,90,1,1,1,0,0,"Yates County",42.638237,-77.104324,1841,1766,2252,1939,1949.5,1,25083,51758,13.08669938341512520447967786586133131999,6.04792090260335685524060120400271099948,18.98895666387593190607184148626559821393,2017,0.25083,91,56.31538461538461538461538461538461538462,9.33,4.107,2,19,48,2018,0,0,1,0,0,0,0,"upstate",7993.461707132320695291631782482159231352
"36001",2019,"Q3",3,8079,43800,24527,361,9859,5,5,3,2,9053,"Albany County",42.58824,-73.97401,43926,42924,42173,43614,43159.25,5,308580,62293,12.40709621007186381397382299095554280405,5.07032212068183291204873938686888327176,15.59887225354851254131829671398016721758,2017,3.0858,92,69.88967391304347826086956521739130434783,18.763,0,4,0,55,2018,0,0,0,1,0,0,0,"upstate",14194.0501652731868559206688703091580789
"36003",2019,"Q3",3,8079,5051,2658,14,245,2,2,2,0,2134,"Allegany County",42.247853,-78.026153,5096,4899,4721,4969,4921.25,2,47400,45359,16.5057482117985883241660961733670121102,5.18565400843881856540084388185654008439,17.36075949367088607594936708860759493671,2017,0.474,92,67.2625,16.002,0,0,0,68,2018,0,0,0,1,0,0,0,"upstate",10656.1181434599156118143459915611814346
"36005",2019,"Q3",3,8079,195312,115557,157,24590,10,10,10,0,55008,"Bronx County",40.848711,-73.852939,205847,204316,209253,203191,205651.75,10,1455846,36593,29.73423517961098723714735242291369404367,7.43210476932312895732103532928620197466,11.76477457093676116842028621159106114246,2017,14.55846,92,74.12826086956521739130434782608695652174,21.762,0,7,0,58,2018,0,0,0,1,0,1,0,"nyc",13415.7046830502676794111465086279730136
"36007",2019,"Q3",3,8079,25671,16532,270,4176,3,3,3,0,4693,"Broome County",42.161977,-75.830283,25048,23825,23446,24284,24150.75,3,196124,49064,17.09877439512984743128492220985323932906,5.22526564826334359894760457669637576227,17.89378148518284350716893393975240154188,2017,1.96124,92,68.52228260869565217391304347826086956522,20.8,0,2,0,61,2018,0,0,0,1,0,0,0,"upstate",13089.1680773388264567314556097163019314
"36009",2019,"Q3",3,8079,8130,6912,43,1175,1,1,1,0,0,"Cattaraugus County",42.239099,-78.662332,7949,7945,7547,8480,7980.25,1,78175,45571,16.90079365079365079365079365079365079365,5.7959705788295490885833066837224176527,17.66677326511032938919091781259993604093,2017,0.78175,92,67.03152173913043478260869565217391304348,15.286,0,0,0,66,2018,0,0,0,1,0,0,0,"upstate",10399.7441637352094659417972497601535018
"36011",2019,"Q3",3,8079,5713,5285,48,380,1,1,1,0,0,"Cayuga County",43.008546,-76.574587,6035,6152,5593,6760,6135,1,78319,54664,11.63678192029230665132958928208945124839,5.0485833578058963980643266640278859536,17.37764782492115578595232319105197972395,2017,0.78319,92,71.74836956521739130434782608695652173913,14.658,0,9,0,55,2018,0,0,0,1,0,0,0,"upstate",7294.526232459556429474329345369578263257
"36013",2019,"Q3",3,8079,18727,17027,86,1614,5,5,3,2,0,"Chautauqua County",42.304216,-79.407595,16829,16611,10235,11512,13796.75,5,130846,44304,18.49189513708224934960976585951570942566,5.41323387799397765311893370832887516623,18.51795240206043746083181755651682130138,2017,1.30846,92,69.52826086956521739130434782608695652174,14.765,0,0,0,60,2018,0,0,0,1,0,0,0,"upstate",14312.2449291533558534460357978081102976
"36015",2019,"Q3",3,8079,12420,8679,71,1629,2,2,2,0,2041,"Chemung County",42.148697,-76.752471,11923,11582,9322,9870,10674.25,2,86883,51251,15.80690498014054384356859150626336694164,5.87111402690975219548127942175109054706,17.2622952706513357043380177940448649333,2017,0.86883,92,69.20706521739130434782608695652173913043,22.283,0,3,0,61,2018,0,0,0,1,0,0,0,"upstate",14295.0864956320569041124270570767583992
"36017",2019,"Q3",3,8079,4465,,,,1,1,1,0,,"Chenango County",42.478024,-75.602241,4397,4589,4410,4476,4468,1,48763,48567,14.5379868234509215244766908514719372863,5.26628796423517831142464573549617537887,19.16822180751799520127965875766462276726,2017,0.48763,92,67.60217391304347826086956521739130434783,21.534,0,2,0,60,2018,0,0,0,1,0,0,0,"upstate",9156.532616943174127924861062690974714435
"36019",2019,"Q3",3,8079,10279,8683,101,1495,1,1,1,0,0,"Clinton County",44.752712,-73.705643,10518,10447,10480,10971,10604,1,81224,52759,15.70729179451513043952597198925391045835,4.88402442627794740470796808824977839062,15.43139958632916379395252634689254407564,2017,0.81224,92,67.17282608695652173913043478260869565217,7.849,0,2,0,49,2018,0,0,0,1,0,0,0,"upstate",12655.1265635772678026199152959716339998
"36021",2019,"Q3",3,8079,6831,5892,59,880,1,1,1,0,0,"Columbia County",42.247696,-73.626718,6700,6436,6386,6933,6613.75,1,61481,61093,11.40893470790378006872852233676975945017,4.28425041882858118768399993493924952424,21.58878352661797953839397537450594492607,2017,0.61481,92,71.67826086956521739130434782608695652174,18.168,0,8,0,52,2018,0,0,0,1,0,0,0,"upstate",11110.7496624973569070119223825246824222
"36023",2019,"Q3",3,8079,7468,6725,41,702,1,1,1,0,0,"Cortland County",42.594039,-76.07624,7277,7794,7463,7661,7548.75,1,48334,52451,14.69614989044403702544381344184590618432,5.05648197955890263582571274878967186659,15.4322009351595150411718459055737162246,2017,0.48334,92,67.67554347826086956521739130434782608696,18.782,0,2,0,63,2018,0,0,0,1,0,0,0,"upstate",15450.8213679811312947407621963834981586
"36025",2019,"Q3",3,8079,3908,2368,0,0,4,4,2,2,1540,"Delaware County",42.193986,-74.966728,3662,3346,5606,6604,4804.5,4,45950,47921,16.49491634343944366665901631819329370453,4.09575625680087051142546245919477693145,22.77257889009793253536452665941240478781,2017,0.4595,92,66.44782608695652173913043478260869565217,22.554,0,0,0,60,2018,0,0,0,1,0,0,0,"upstate",8504.896626768226332970620239390642002176
"36027",2019,"Q3",3,8079,31407,25527,304,5576,3,3,3,0,0,"Dutchess County",41.754825,-73.740014,31546,28458,30923,31660,30646.75,3,295685,75585,9.08748763387672588068304013075831218547,4.68674433941525610024181138711804792262,16.03801342645044557552801122816510813873,2017,2.95685,92,71.0961956521739130434782608695652173913,17.528,0,9,0,53,2018,0,0,0,1,0,0,0,"upstate",10621.776552750393154877656966028036593
"36029",2019,"Q3",3,8079,106356,78959,1104,16436,10,10,10,0,9857,"Erie County",42.752759,-78.778192,105148,101552,94778,99611,100272.25,10,923995,54006,14.8900636722688607510319586882287076702,5.44515933527778829972023658136678228778,16.86340294049210222999042202609321479012,2017,9.23995,92,71.13423913043478260869565217391304347826,11.999,0,0,0,57,2018,0,0,0,1,0,0,0,"upstate",11510.4518963847206965405656957018165683
"36031",2019,"Q3",3,8079,5032,3092,0,0,3,3,3,0,1940,"Essex County",44.109601,-73.778431,3928,3971,3497,4820,4054,3,38233,55294,8.89674721450422385001824254160702758834,4.0227029006355765961342295922370726859,21.38466769544634216514529333298459446028,2017,0.38233,92,62.81086956521739130434782608695652173913,11.095,0,0,0,51,2018,0,0,0,1,0,0,0,"upstate",13161.405068919519786571809693196976434
"36033",2019,"Q3",3,8079,7036,6367,70,599,2,2,2,0,0,"Franklin County",44.594376,-74.31067,6316,6247,5890,6739,6298,2,51054,50733,19.37851239669421487603305785123966942149,4.85368433423434011047126571865084028676,15.49144043561718964233948368394249226309,2017,0.51054,92,66.32663043478260869565217391304347826087,9.737,0,3,0,55,2018,0,0,0,1,0,0,0,"upstate",13781.4862694402005719434324440788185059
"36035",2019,"Q3",3,8079,5849,5507,32,310,1,1,1,0,0,"Fulton County",43.115609,-74.423678,5425,5160,5504,5905,5498.5,1,53955,48033,16.02644239875743455695722998825624123953,5.04123806876100454082105458252247243073,18.16699101102770827541469743304605689927,2017,0.53955,92,68.01358695652173913043478260869565217391,16.65,0,2,0,53,2018,0,0,0,1,0,0,0,"upstate",10840.5152441849689556111574460198313409
"36037",2019,"Q3",3,8079,5369,4650,20,699,1,1,1,0,0,"Genesee County",43.00091,-78.192778,5260,5033,4994,5478,5191.25,1,58537,54033,12.75799324148687288796464777748895243047,5.06175581256299434545671968156892222013,17.59741701829612040248048242991612142747,2017,0.58537,92,70.98532608695652173913043478260869565217,11.003,0,4,0,56,2018,0,0,0,1,0,0,0,"upstate",9171.976698498385636435075251550301518698
"36045",2019,"Q3",3,8079,14826,9366,74,1426,3,3,2,1,3960,"Jefferson County",43.996389,-76.052968,15058,14895,11007,11463,13105.75,3,116567,50322,14.76249965804327804273091197578034523951,8.09148386764693266533409970231712234166,12.22043974709823534962725299613098046617,2017,1.16567,92,71.00815217391304347826086956521739130435,11.612,0,2,0,50,2018,0,0,0,1,0,0,0,"upstate",12718.865545137131435140305575334357065
"36047",2019,"Q3",3,8079,239904,144032,1009,25484,15,15,14,1,69379,"Kings County",40.635045,-73.95064,247111,247366,248560,248875,247978,15,2635121,52782,21.85447783769212094477286286150596628918,7.44299787372192775967403394379233439375,12.81690669992004162237711285364125594233,2017,26.35121,92,73.94347826086956521739130434782608695652,22.276,0,2,0,56,2018,0,0,0,1,0,1,0,"nyc",9104.098066085010897032811776005731805105
"36049",2019,"Q3",3,8079,2795,2529,22,244,1,1,1,0,0,"Lewis County",43.782706,-75.444132,2790,2644,2391,2747,2643,1,26845,51475,14.20647498302014942268508037129273262395,6.18364686161296330787856211585025144347,16.66977090705904265226299124604209349972,2017,0.26845,92,70.2038043478260869565217391304347826087,7.904,0,4,0,54,2018,0,0,0,1,0,0,0,"upstate",10411.622276029055690072639225181598063
"36051",2019,"Q3",3,8079,3956,3573,35,348,1,1,1,0,0,"Livingston County",42.729042,-77.778463,3775,3530,3395,3836,3634,1,64373,53654,14.60492617611165540830883995943553515873,4.48635297407298090814471905923290820686,16.13564693272023985211191027294051854038,2017,0.64373,92,70.88152173913043478260869565217391304348,13.583,0,4,0,57,2018,0,0,0,1,0,0,0,"upstate",6145.43364454041290603203206313205847172
"36053",2019,"Q3",3,8079,8160,5117,47,387,2,2,2,0,2609,"Madison County",42.910026,-75.663575,7871,7409,7574,8364,7804.5,2,71760,58365,11.10760729194822356368441601345466558549,4.6627647714604236343366778149386845039,16.33639910813823857302118171683389074693,2017,0.7176,92,68.12717391304347826086956521739130434783,14.053,0,3,0,60,2018,0,0,0,1,0,0,0,"upstate",11371.2374581939799331103678929765886288
"36055",2019,"Q3",3,8079,82197,64546,687,16964,6,6,4,2,0,"Monroe County",43.250347,-77.700518,82906,80628,84848,88349,84182.75,6,748680,55272,14.83939555015566861568835902498291442023,5.63177859699738205909066623924774269381,15.85016295346476465245498744456910829727,2017,7.4868,92,72.05923913043478260869565217391304347826,10.222,0,5,0,54,2018,0,0,0,1,0,0,0,"upstate",10978.9229043115883955762141368809104023
"36057",2019,"Q3",3,8079,12233,5989,38,787,2,2,2,0,5419,"Montgomery County",42.900891,-74.435357,12538,12798,13144,13046,12881.5,2,49500,47449,19.58784174444536218716445031799785248204,6.16969696969696969696969696969696969697,17.88282828282828282828282828282828282828,2017,0.495,92,70.24239130434782608695652173913043478261,15.264,0,9,0,52,2018,0,0,0,1,0,0,0,"upstate",24713.1313131313131313131313131313131313
"36059",2019,"Q3",3,8079,120903,65040,957,25625,12,12,11,1,29281,"Nassau County",40.729612,-73.589414,118976,116592,118321,118183,118018,12,1363069,105744,5.85444604303695527422642967139868243889,5.45203507672759045947050369423704889481,16.76789656282990809709559824190851673686,2017,13.63069,92,73.41358695652173913043478260869565217391,21.513,0,4,0,58,2018,0,0,0,1,0,0,1,"downstate_non_nyc",8869.910474084584125968678034640946276381
"36061",2019,"Q3",3,8079,267927,193260,1057,40038,17,17,15,2,33572,"New York County",40.776642,-73.970187,273967,279944,292272,287114,283324.25,17,1653877,79781,17.26597262537886353694740058079445762546,4.9639120684307236874326204427536025956,15.2803382597375741968719560160761652771,2017,16.53877,92,74.11902173913043478260869565217391304348,23.735,0,6,0,60,2018,0,0,0,1,0,1,0,"nyc",16199.9350616762915259115399754637134442
"36063",2019,"Q3",3,8079,20100,14428,89,1643,4,4,4,0,3940,"Niagara County",43.272672,-78.812943,19726,18916,15649,17098,17847.25,4,212675,51656,13.4441304660184874754538052588725513674,5.2140590102268719877747737157634888915,17.68755142823557070647701892559069001998,2017,2.12675,92,72.61576086956521739130434782608695652174,9.766,0,4,0,54,2018,0,0,0,1,0,0,0,"upstate",9451.040319736687433877982837663100975667
"36065",2019,"Q3",3,8079,23149,18897,105,4147,3,3,3,0,0,"Oneida County",43.242727,-75.434282,25096,25576,25180,26978,25707.5,3,232324,51316,16.6023570096009464440096464485598580334,5.75747662746853532136154680532359980028,17.65594600643928307019507239889120366385,2017,2.32324,92,70.14402173913043478260869565217391304348,16.889,0,5,0,55,2018,0,0,0,1,0,0,0,"upstate",9964.101857750383085690673369948864516796
"36067",2019,"Q3",3,8079,58233,46431,499,11303,5,5,4,1,0,"Onondaga County",43.006516,-76.196134,57786,57552,56210,53612,56290,5,467669,57271,14.9374718768238297417345706788322143465,5.74701337912070289029206554208211363165,15.72714890232194137306513795013139635084,2017,4.67669,92,70.78043478260869565217391304347826086957,15.751,0,5,0,57,2018,0,0,0,1,0,0,0,"upstate",12451.7554082053760244959576110454188753
"36069",2019,"Q3",3,8079,15362,11310,123,1521,3,3,3,0,2408,"Ontario County",42.856357,-77.303497,14603,13856,14134,15407,14500,3,109491,61710,9.74936138525200539169942218326122406659,5.05247006603282461572184015124530783352,18.19875606214209387072910102200180836781,2017,1.09491,92,71.07989130434782608695652173913043478261,12.829,0,5,0,55,2018,0,0,0,1,0,0,0,"upstate",14030.376925957384625220337744654811811
"36071",2019,"Q3",3,8079,39793,29455,360,6956,4,4,4,0,3022,"Orange County",41.40241,-74.306252,38907,38295,37216,39872,38572.5,4,378174,75146,12.24466528587987154882474775305451574287,6.56496744884629826481989771903938398727,12.96017177278184116306250561910654883731,2017,3.78174,92,72.42336956521739130434782608695652173913,23.466,0,14,0,54,2018,0,0,0,1,0,0,0,"upstate",10522.4050304886110626325448074166917874
"36073",2019,"Q3",3,8079,1815,,,,1,1,1,0,,"Orleans County",43.339906,-78.207028,1758,1685,1697,1950,1772.5,1,41584,49223,15.88065695309684394789682335375585645884,5.09090034628703347441323585994613312813,16.46065794536360138514813389765294343978,2017,0.41584,92,72.43532608695652173913043478260869565217,10.027,0,4,0,52,2018,0,0,0,1,0,0,0,"upstate",4364.659484417083493651404386302424009234
"36075",2019,"Q3",3,8079,6882,6080,32,770,2,2,2,0,0,"Oswego County",43.461443,-76.209262,6545,6271,6388,7172,6594,2,119833,51755,18.33436754385198262526328669189557678358,5.44257424916341909156910033129438468535,14.75803826992564652474693949079135129722,2017,1.19833,92,70.6586956521739130434782608695652173913,13.992,0,5,0,51,2018,0,0,0,1,0,0,0,"upstate",5742.992330993966603523236504134921098529
"36077",2019,"Q3",3,8079,11423,9715,134,1574,2,2,2,0,0,"Otsego County",42.629776,-75.028841,11027,10336,10525,12161,11012.25,2,60750,51254,16.10909482913507492184411944374573286859,4.23209876543209876543209876543209876543,19.26255144032921810699588477366255144033,2017,0.6075,92,67.71413043478260869565217391304347826087,17.087,0,3,0,59,2018,0,0,0,1,0,0,0,"upstate",18803.2921810699588477366255144032921811
"36079",2019,"Q3",3,8079,6899,5910,60,929,1,1,1,0,0,"Putnam County",41.427907,-73.743861,6700,6274,6288,6939,6550.25,1,99464,99608,4.81221255723361512497068211251950276863,4.4639266468269926807689214188047936942,15.59760315289954154266870425480575886753,2017,0.99464,92,71.17608695652173913043478260869565217391,20.649,0,4,0,57,2018,0,0,0,1,0,0,0,"upstate",6936.177913616987050591168664039250382048
"36081",2019,"Q3",3,8079,188915,159411,494,29010,10,10,10,0,0,"Queens County",40.654658,-73.841209,189912,192874,171723,169022,180882.75,10,2339280,62008,13.70956516476533422095802947317456955246,6.25970384049793098731233541944529940836,14.31372046099654594576108888204917752471,2017,23.3928,92,73.45,21.517,0,0,0,55,2018,0,0,0,1,0,1,0,"nyc",8075.775452275913956431038610170650798536
"36083",2019,"Q3",3,8079,12515,10644,99,1772,1,1,1,0,0,"Rensselaer County",42.710421,-73.513845,12539,12632,12457,12919,12636.75,1,159800,63166,12.55237736388381807433200589874684111712,5.33541927409261576971214017521902377972,15.61702127659574468085106382978723404255,2017,1.598,92,69.03097826086956521739130434782608695652,19.876,0,3,0,54,2018,0,0,0,1,0,0,0,"upstate",7831.66458072590738423028785982478097622
"36085",2019,"Q3",3,8079,40658,13754,203,1887,3,3,2,1,24814,"Richmond County",40.561263,-74.1399,40845,40470,41297,40463,40768.75,3,475948,76244,12.91687136722961979927647655567110946642,5.77731180717221209039642986208577407616,15.06341028851891383092270584181465202081,2017,4.75948,92,73.95815217391304347826086956521739130435,22.411,0,2,0,55,2018,0,0,0,1,0,1,0,"nyc",8542.529856202778454789178649768462100902
"36087",2019,"Q3",3,8079,21530,18623,197,2710,2,2,2,0,0,"Rockland County",41.154628,-74.024662,21682,20989,21185,22593,21612.25,2,325027,88571,14.21946340352092676335015463740571175338,7.60490666929208958025025613256744824276,15.10274531038959840259424601648478434099,2017,3.25027,92,72.65597826086956521739130434782608695652,22.873,0,6,0,60,2018,0,0,0,1,0,0,1,"downstate_non_nyc",6624.065077670470453223886015623317447474
"36089",2019,"Q3",3,8079,14736,12585,112,1611,5,5,4,1,428,"St. Lawrence County",44.488112,-75.074311,14840,14226,13806,14961,14458.25,5,110817,48330,19.37469002722699622465814431320155062298,5.36560275048052194157936056742196594385,15.77104595865255330860788507178501493453,2017,1.10817,92,69.57663043478260869565217391304347826087,11.276,0,3,0,53,2018,0,0,0,1,0,0,0,"upstate",13297.5987438750372235306857251143777579
"36091",2019,"Q3",3,8079,10570,8380,144,2046,1,1,1,0,0,"Saratoga County",43.106135,-73.855387,9869,9295,9322,10277,9690.75,1,226632,77548,6.59609742509131917455553508767988641827,5.20094249708778989727840728582018426348,16.48972784072858201842634755903844117336,2017,2.26632,92,70.87663043478260869565217391304347826087,15.675,0,6,0,49,2018,0,0,0,1,0,0,0,"upstate",4663.948603904126513466765505312577217692
"36093",2019,"Q3",3,8079,11397,10169,46,1166,2,2,2,0,16,"Schenectady County",42.817552,-74.043559,13775,14163,14503,14515,14239,2,155239,61315,12.35183287607840544739364691105014378739,5.92441332397142470642042270305786561367,16.18150078266415011691649649894678527947,2017,1.55239,92,70.51032608695652173913043478260869565217,17.44,0,8,0,51,2018,0,0,0,1,0,0,0,"upstate",7341.582978504113012838268734016580884958
"36097",2019,"Q3",3,8079,2181,2161,0,20,1,1,1,0,0,"Schuyler County",42.419776,-76.938603,1933,1726,1704,2026,1847.25,1,18112,47810,15.28813559322033898305084745762711864407,4.93043286219081272084805653710247349823,19.36837455830388692579505300353356890459,2017,0.18112,92,69.47989130434782608695652173913043478261,17.379,0,3,0,60,2018,0,0,0,1,0,0,0,"upstate",12041.7402826855123674911660777385159011
"36101",2019,"Q3",3,8079,10354,6677,50,839,3,3,2,1,2788,"Steuben County",42.266725,-77.385525,10292,10069,11972,12864,11299.25,3,97539,50157,14.52780966294479807993321506835020348534,5.67772890843662534986005597760895641743,17.9302637919191297839838423604917007556,2017,0.97539,92,68.37391304347826086956521739130434782609,18.691,0,3,0,63,2018,0,0,0,1,0,0,0,"upstate",10615.2410830539579040178800274761890116
"36103",2019,"Q3",3,8079,116461,87836,1195,25185,11,11,10,1,2245,"Suffolk County",40.943554,-72.692218,113732,109321,126161,133081,120573.75,11,1497595,92838,7.18532293505890395941104892695445999767,5.40566708622825263171952363623008890922,15.61817447307182515967267518922004947933,2017,14.97595,92,73.81304347826086956521739130434782608696,15.94,0,3,0,51,2018,0,0,0,1,0,0,1,"downstate_non_nyc",7776.535044521382616795595604953275084385
"36105",2019,"Q3",3,8079,8510,6663,51,807,2,2,2,0,989,"Sullivan County",41.719993,-74.771577,7584,6858,7476,8452,7592.5,2,75783,53877,15.87930467207720991445492432550998025883,5.6107570299407518836678410725360568993,17.46565852499901033213253632081073591703,2017,0.75783,92,68.52445652173913043478260869565217391304,19.016,0,2,0,58,2018,0,0,0,1,0,0,0,"upstate",11229.4314028212132008497948088621458638
"36109",2019,"Q3",3,8079,5781,4817,57,907,2,2,1,1,0,"Tompkins County",42.453006,-76.473483,6437,7039,6613,7203,6823,2,104415,56200,20.35871860935720367564937578096491325069,4.2072499161997797251352774984437101949,12.72805631374802470909352104582674903031,2017,1.04415,92,70.08913043478260869565217391304347826087,19.28,0,4,0,55,2018,0,0,0,1,0,0,0,"upstate",5536.560838959919551788536129866398505962
"36111",2019,"Q3",3,8079,13762,12281,79,1402,3,3,2,1,0,"Ulster County",41.947212,-74.265458,12744,12415,11987,13569,12678.75,3,180129,61652,13.15989486936997046827224887878067035281,4.47790194804834313186660670963587206946,17.99876754992255550189031194310743966824,2017,1.80129,92,70.79836956521739130434782608695652173913,24.32,0,2,0,58,2018,0,0,0,1,0,0,0,"upstate",7640.080164770803146633801331268146717075
"36113",2019,"Q3",3,8079,12281,10073,146,2062,1,1,1,0,0,"Warren County",43.555105,-73.838139,11206,10838,10664,12086,11198.5,1,64701,60222,9.92643021851323158010321730536949599209,4.48524752322220676651056397891840929816,20.28871269377598491522542155453547858611,2017,0.64701,92,70.28206521739130434782608695652173913043,10.053,0,9,0,45,2018,0,0,0,1,0,0,0,"upstate",18981.1594874886014126520455634379685013
"36117",2019,"Q3",3,8079,6717,5626,39,1052,1,1,1,0,0,"Wayne County",43.218114,-77.049402,6587,6446,6092,6791,6479,1,91442,53693,11.70104122727171813600337455320471549408,5.5270007217689901795673760416438835546,17.19669298571772270947704555893353163754,2017,0.91442,92,71.6413043478260869565217391304347826087,12.404,0,11,0,53,2018,0,0,0,1,0,0,0,"upstate",7345.639859145687977078366614903436057829
"36119",2019,"Q3",3,8079,90810,64268,595,16292,13,13,12,1,9655,"Westchester County",41.152686,-73.745753,92199,91370,82107,80864,86635,13,975321,89968,9.43591844452147606592506223804871899915,5.69996954848711347341029261135564598732,16.02139193147691888106582345709771449605,2017,9.75321,92,72.71793478260869565217391304347826086957,21.407,0,8,0,54,2018,0,0,0,1,0,0,1,"downstate_non_nyc",9310.780758334948186289437016120846367504
"36121",2019,"Q3",3,8079,3774,3406,36,332,1,1,1,0,0,"Wyoming County",42.701365,-78.228576,3656,3361,3210,3682,3477.25,1,40886,55459,11.4213062098501070663811563169164882227,5.13378662622902705082424301716969133689,16.06173262241354008707136917282199285819,2017,0.40886,92,68.31358695652173913043478260869565217391,11.888,0,1,0,61,2018,0,0,0,1,0,0,0,"upstate",9230.543462309837108056547473462799002103
"36123",2019,"Q3",3,8079,2314,2236,0,78,1,1,1,0,0,"Yates County",42.638237,-77.104324,2005,1841,1766,2252,1966,1,25083,51758,13.08669938341512520447967786586133131999,6.04792090260335685524060120400271099948,18.98895666387593190607184148626559821393,2017,0.25083,92,70.38152173913043478260869565217391304348,15.18,0,5,0,59,2018,0,0,0,1,0,0,0,"upstate",9225.371765737750667782960570904596738827
"36001",2019,"Q4",4,8080,42718,24180,323,9757,5,5,3,2,8458,"Albany County",42.58824,-73.97401,43800,43926,42924,42173,43205.75,5,308580,62293,12.40709621007186381397382299095554280405,5.07032212068183291204873938686888327176,15.59887225354851254131829671398016721758,2017,3.0858,92,38.13206521739130434782608695652173913043,13.58,18.409,0,53,49,2018,0,0,0,0,1,0,0,"upstate",13843.4117570808218290232678721887354981
"36003",2019,"Q4",4,8080,5172,2594,10,281,2,2,2,0,2287,"Allegany County",42.247853,-78.026153,5051,5096,4899,4721,4941.75,2,47400,45359,16.5057482117985883241660961733670121102,5.18565400843881856540084388185654008439,17.36075949367088607594936708860759493671,2017,0.474,92,37.23804347826086956521739130434782608696,12.453,26.073,0,55,65,2018,0,0,0,0,1,0,0,"upstate",10911.3924050632911392405063291139240506
"36005",2019,"Q4",4,8080,200700,120395,141,24348,10,10,10,0,55816,"Bronx County",40.848711,-73.852939,195312,205847,204316,209253,203682,10,1455846,36593,29.73423517961098723714735242291369404367,7.43210476932312895732103532928620197466,11.76477457093676116842028621159106114246,2017,14.55846,92,45.89673913043478260869565217391304347826,17.963,7.386,0,27,50,2018,0,0,0,0,1,1,0,"nyc",13785.7987726723843043838427965595262136
"36007",2019,"Q4",4,8080,24226,15595,227,4033,3,3,3,0,4371,"Broome County",42.161977,-75.830283,25671,25048,23825,23446,24497.5,3,196124,49064,17.09877439512984743128492220985323932906,5.22526564826334359894760457669637576227,17.89378148518284350716893393975240154188,2017,1.96124,92,38.58913043478260869565217391304347826087,14.297,21.774,0,51,59,2018,0,0,0,0,1,0,0,"upstate",12352.3893047255817747955375170810303685
"36009",2019,"Q4",4,8080,7718,6516,59,1143,1,1,1,0,0,"Cattaraugus County",42.239099,-78.662332,8130,7949,7945,7547,7892.75,1,78175,45571,16.90079365079365079365079365079365079365,5.7959705788295490885833066837224176527,17.66677326511032938919091781259993604093,2017,0.78175,92,36.65054347826086956521739130434782608696,15.858,36.486,0,56,71,2018,0,0,0,0,1,0,0,"upstate",9872.72145826670930604413175567636712504
"36011",2019,"Q4",4,8080,5981,5127,63,791,1,1,1,0,0,"Cayuga County",43.008546,-76.574587,5713,6035,6152,5593,5873.25,1,78319,54664,11.63678192029230665132958928208945124839,5.0485833578058963980643266640278859536,17.37764782492115578595232319105197972395,2017,0.78319,92,40.25597826086956521739130434782608695652,15.132,22.546,0,43,63,2018,0,0,0,0,1,0,0,"upstate",7636.716505573360231872214915920785505433
"36013",2019,"Q4",4,8080,16604,14827,76,1701,5,5,3,2,0,"Chautauqua County",42.304216,-79.407595,18727,16829,16611,10235,15600.5,5,130846,44304,18.49189513708224934960976585951570942566,5.41323387799397765311893370832887516623,18.51795240206043746083181755651682130138,2017,1.30846,92,39.05163043478260869565217391304347826087,18.197,37.51,0,45,74,2018,0,0,0,0,1,0,0,"upstate",12689.7268544701404704767436528438011097
"36015",2019,"Q4",4,8080,11340,7794,62,1670,2,2,2,0,1814,"Chemung County",42.148697,-76.752471,12420,11923,11582,9322,11311.75,2,86883,51251,15.80690498014054384356859150626336694164,5.87111402690975219548127942175109054706,17.2622952706513357043380177940448649333,2017,0.86883,92,38.94347826086956521739130434782608695652,13.069,22.793,0,52,58,2018,0,0,0,0,1,0,0,"upstate",13052.0354960118780428852594868961707123
"36017",2019,"Q4",4,8080,4308,,,,1,1,1,0,,"Chenango County",42.478024,-75.602241,4465,4397,4589,4410,4465.25,1,48763,48567,14.5379868234509215244766908514719372863,5.26628796423517831142464573549617537887,19.16822180751799520127965875766462276726,2017,0.48763,92,36.77445652173913043478260869565217391304,15.092,29.541,0,56,62,2018,0,0,0,0,1,0,0,"upstate",8834.567192338453335520784201136107294465
"36019",2019,"Q4",4,8080,9571,8000,118,1453,1,1,1,0,0,"Clinton County",44.752712,-73.705643,10279,10518,10447,10480,10431,1,81224,52759,15.70729179451513043952597198925391045835,4.88402442627794740470796808824977839062,15.43139958632916379395252634689254407564,2017,0.81224,92,30.575,13.359,37.429,0,65,64,2018,0,0,0,0,1,0,0,"upstate",11783.4630158573820545651531567024524771
"36021",2019,"Q4",4,8080,6185,5272,52,861,1,1,1,0,0,"Columbia County",42.247696,-73.626718,6831,6700,6436,6386,6588.25,1,61481,61093,11.40893470790378006872852233676975945017,4.28425041882858118768399993493924952424,21.58878352661797953839397537450594492607,2017,0.61481,92,40.01467391304347826086956521739130434783,15.241,15.903,0,43,49,2018,0,0,0,0,1,0,0,"upstate",10060.0185423138855906702883817764837917
"36023",2019,"Q4",4,8080,7172,6468,43,661,1,1,1,0,0,"Cortland County",42.594039,-76.07624,7468,7277,7794,7463,7500.5,1,48334,52451,14.69614989044403702544381344184590618432,5.05648197955890263582571274878967186659,15.4322009351595150411718459055737162246,2017,0.48334,92,36.47282608695652173913043478260869565217,15.199,32.434,0,53,67,2018,0,0,0,0,1,0,0,"upstate",14838.4160218479745106964041875284478835
"36025",2019,"Q4",4,8080,3544,2184,0,0,4,4,2,2,1360,"Delaware County",42.193986,-74.966728,3908,3662,3346,5606,4130.5,4,45950,47921,16.49491634343944366665901631819329370453,4.09575625680087051142546245919477693145,22.77257889009793253536452665941240478781,2017,0.4595,92,36.10923913043478260869565217391304347826,14.288,25.355,0,59,60,2018,0,0,0,0,1,0,0,"upstate",7712.731229597388465723612622415669205658
"36027",2019,"Q4",4,8080,29542,23700,261,5581,3,3,3,0,0,"Dutchess County",41.754825,-73.740014,31407,31546,28458,30923,30583.5,3,295685,75585,9.08748763387672588068304013075831218547,4.68674433941525610024181138711804792262,16.03801342645044557552801122816510813873,2017,2.95685,92,41.49456521739130434782608695652173913043,15.676,11.519,0,42,51,2018,0,0,0,0,1,0,0,"upstate",9991.037759778142279790993794071393543805
"36029",2019,"Q4",4,8080,102260,75842,1004,16600,10,10,10,0,8814,"Erie County",42.752759,-78.778192,106356,105148,101552,94778,101958.5,10,923995,54006,14.8900636722688607510319586882287076702,5.44515933527778829972023658136678228778,16.86340294049210222999042202609321479012,2017,9.23995,92,40.82934782608695652173913043478260869565,15.674,23.619,0,40,62,2018,0,0,0,0,1,0,0,"upstate",11067.1594543260515478979864609656978663
"36031",2019,"Q4",4,8080,3764,2249,0,0,3,3,3,0,1515,"Essex County",44.109601,-73.778431,5032,3928,3971,3497,4107,3,38233,55294,8.89674721450422385001824254160702758834,4.0227029006355765961342295922370726859,21.38466769544634216514529333298459446028,2017,0.38233,92,27.37336956521739130434782608695652173913,16.265,53.135,0,73,67,2018,0,0,0,0,1,0,0,"upstate",9844.898386210864959589883085292809876285
"36033",2019,"Q4",4,8080,5979,5333,51,595,2,2,2,0,0,"Franklin County",44.594376,-74.31067,7036,6316,6247,5890,6372.25,2,51054,50733,19.37851239669421487603305785123966942149,4.85368433423434011047126571865084028676,15.49144043561718964233948368394249226309,2017,0.51054,92,30.60326086956521739130434782608695652174,14.77,38.282,0,68,68,2018,0,0,0,0,1,0,0,"upstate",11711.1293924080385474203784228463979316
"36035",2019,"Q4",4,8080,5292,4944,37,311,1,1,1,0,0,"Fulton County",43.115609,-74.423678,5849,5425,5160,5504,5484.5,1,53955,48033,16.02644239875743455695722998825624123953,5.04123806876100454082105458252247243073,18.16699101102770827541469743304605689927,2017,0.53955,92,33.9586956521739130434782608695652173913,17.676,32.772,0,59,58,2018,0,0,0,0,1,0,0,"upstate",9808.173477898248540450375312760633861551
"36037",2019,"Q4",4,8080,5075,4356,32,687,1,1,1,0,0,"Genesee County",43.00091,-78.192778,5369,5260,5033,4994,5164,1,58537,54033,12.75799324148687288796464777748895243047,5.06175581256299434545671968156892222013,17.59741701829612040248048242991612142747,2017,0.58537,92,39.15,14.211,23.316,0,47,67,2018,0,0,0,0,1,0,0,"upstate",8669.730256077352785417769957462801305157
"36045",2019,"Q4",4,8080,13927,9072,62,1394,3,3,2,1,3399,"Jefferson County",43.996389,-76.052968,14826,15058,14895,11007,13946.5,3,116567,50322,14.76249965804327804273091197578034523951,8.09148386764693266533409970231712234166,12.22043974709823534962725299613098046617,2017,1.16567,92,38.87663043478260869565217391304347826087,15.851,20.339,0,40,63,2018,0,0,0,0,1,0,0,"upstate",11947.6352655554316401726045964981512778
"36047",2019,"Q4",4,8080,237721,144217,948,26614,15,15,14,1,65942,"Kings County",40.635045,-73.95064,239904,247111,247366,248560,245735.25,15,2635121,52782,21.85447783769212094477286286150596628918,7.44299787372192775967403394379233439375,12.81690669992004162237711285364125594233,2017,26.35121,92,46.76467391304347826086956521739130434783,16.938,6.092,0,22,49,2018,0,0,0,0,1,1,0,"nyc",9021.255570427316240886092137704492507175
"36049",2019,"Q4",4,8080,2604,2357,11,236,1,1,1,0,0,"Lewis County",43.782706,-75.444132,2795,2790,2644,2391,2655,1,26845,51475,14.20647498302014942268508037129273262395,6.18364686161296330787856211585025144347,16.66977090705904265226299124604209349972,2017,0.26845,92,36.03804347826086956521739130434782608696,16.173,33.265,0,56,63,2018,0,0,0,0,1,0,0,"upstate",9700.130378096479791395045632333767926988
"36051",2019,"Q4",4,8080,3512,3177,33,302,1,1,1,0,0,"Livingston County",42.729042,-77.778463,3956,3775,3530,3395,3664,1,64373,53654,14.60492617611165540830883995943553515873,4.48635297407298090814471905923290820686,16.13564693272023985211191027294051854038,2017,0.64373,92,39.80978260869565217391304347826086956522,12.706,20.753,0,49,61,2018,0,0,0,0,1,0,0,"upstate",5455.703478166311963090115421061625215541
"36053",2019,"Q4",4,8080,7718,4956,38,334,2,2,2,0,2390,"Madison County",42.910026,-75.663575,8160,7871,7409,7574,7753.5,2,71760,58365,11.10760729194822356368441601345466558549,4.6627647714604236343366778149386845039,16.33639910813823857302118171683389074693,2017,0.7176,92,36.25543478260869565217391304347826086957,16.584,37.868,0,55,74,2018,0,0,0,0,1,0,0,"upstate",10755.295429208472686733556298773690078
"36055",2019,"Q4",4,8080,81411,63510,731,17170,6,6,4,2,0,"Monroe County",43.250347,-77.700518,82197,82906,80628,84848,82644.75,6,748680,55272,14.83939555015566861568835902498291442023,5.63177859699738205909066623924774269381,15.85016295346476465245498744456910829727,2017,7.4868,92,41.12065217391304347826086956521739130435,13.554,16.759,0,37,67,2018,0,0,0,0,1,0,0,"upstate",10873.9381311107549286744670620291713416
"36057",2019,"Q4",4,8080,12377,5565,25,816,2,2,2,0,5971,"Montgomery County",42.900891,-74.435357,12233,12538,12798,13144,12678.25,2,49500,47449,19.58784174444536218716445031799785248204,6.16969696969696969696969696969696969697,17.88282828282828282828282828282828282828,2017,0.495,92,37.40271739130434782608695652173913043478,16.001,23.098,0,53,54,2018,0,0,0,0,1,0,0,"upstate",25004.0404040404040404040404040404040404
"36059",2019,"Q4",4,8080,118366,62776,942,25490,12,12,11,1,29158,"Nassau County",40.729612,-73.589414,120903,118976,116592,118321,118698,12,1363069,105744,5.85444604303695527422642967139868243889,5.45203507672759045947050369423704889481,16.76789656282990809709559824190851673686,2017,13.63069,92,45.78097826086956521739130434782608695652,18.474,5.954,0,29,46,2018,0,0,0,0,1,0,1,"downstate_non_nyc",8683.786367381255094202861337173686731926
"36061",2019,"Q4",4,8080,269942,194943,782,40824,17,17,15,2,33393,"New York County",40.776642,-73.970187,267927,273967,279944,292272,278527.5,17,1653877,79781,17.26597262537886353694740058079445762546,4.9639120684307236874326204427536025956,15.2803382597375741968719560160761652771,2017,16.53877,92,46.08043478260869565217391304347826086957,17.799,6.285,0,25,48,2018,0,0,0,0,1,1,0,"nyc",16321.7699986153746620818839611410038352
"36063",2019,"Q4",4,8080,18554,13284,68,1553,4,4,4,0,3649,"Niagara County",43.272672,-78.812943,20100,19726,18916,15649,18597.75,4,212675,51656,13.4441304660184874754538052588725513674,5.2140590102268719877747737157634888915,17.68755142823557070647701892559069001998,2017,2.12675,92,41.39456521739130434782608695652173913043,12.075,11.161,0,35,60,2018,0,0,0,0,1,0,0,"upstate",8724.109556835547196426472316915481368285
"36065",2019,"Q4",4,8080,25759,21251,142,4366,3,3,3,0,0,"Oneida County",43.242727,-75.434282,23149,25096,25576,25180,24750.25,3,232324,51316,16.6023570096009464440096464485598580334,5.75747662746853532136154680532359980028,17.65594600643928307019507239889120366385,2017,2.32324,92,37.4663043478260869565217391304347826087,19.947,27.616,0,54,64,2018,0,0,0,0,1,0,0,"upstate",11087.5329281520634975293125118369174084
"36067",2019,"Q4",4,8080,57252,45508,479,11265,5,5,4,1,0,"Onondaga County",43.006516,-76.196134,58233,57786,57552,56210,57445.25,5,467669,57271,14.9374718768238297417345706788322143465,5.74701337912070289029206554208211363165,15.72714890232194137306513795013139635084,2017,4.67669,92,39.09184782608695652173913043478260869565,15.204,26.431,0,46,70,2018,0,0,0,0,1,0,0,"upstate",12241.9916650451494539941710910922041016
"36069",2019,"Q4",4,8080,14635,10766,141,1444,3,3,3,0,2284,"Ontario County",42.856357,-77.303497,15362,14603,13856,14134,14488.75,3,109491,61710,9.74936138525200539169942218326122406659,5.05247006603282461572184015124530783352,18.19875606214209387072910102200180836781,2017,1.09491,92,39.37010869565217391304347826086956521739,12.619,24.062,0,47,60,2018,0,0,0,0,1,0,0,"upstate",13366.3954114950087221780785635349024121
"36071",2019,"Q4",4,8080,36442,26564,308,6751,4,4,4,0,2819,"Orange County",41.40241,-74.306252,39793,38907,38295,37216,38552.75,4,378174,75146,12.24466528587987154882474775305451574287,6.56496744884629826481989771903938398727,12.96017177278184116306250561910654883731,2017,3.78174,92,42.71739130434782608695652173913043478261,15.469,10.086,0,38,47,2018,0,0,0,0,1,0,0,"upstate",9636.304981304901976338933929884127412249
"36073",2019,"Q4",4,8080,1675,,,,1,1,1,0,,"Orleans County",43.339906,-78.207028,1815,1758,1685,1697,1738.75,1,41584,49223,15.88065695309684394789682335375585645884,5.09090034628703347441323585994613312813,16.46065794536360138514813389765294343978,2017,0.41584,92,41.3125,14.29,15.325,0,36,68,2018,0,0,0,0,1,0,0,"upstate",4027.991535205848403232012312427856868026
"36075",2019,"Q4",4,8080,6359,5572,31,756,2,2,2,0,0,"Oswego County",43.461443,-76.209262,6882,6545,6271,6388,6521.5,2,119833,51755,18.33436754385198262526328669189557678358,5.44257424916341909156910033129438468535,14.75803826992564652474693949079135129722,2017,1.19833,92,39.10489130434782608695652173913043478261,18.202,23.783,0,41,69,2018,0,0,0,0,1,0,0,"upstate",5306.551617667921190323199786369364031611
"36077",2019,"Q4",4,8080,10461,8927,118,1416,2,2,2,0,0,"Otsego County",42.629776,-75.028841,11423,11027,10336,10525,10827.75,2,60750,51254,16.10909482913507492184411944374573286859,4.23209876543209876543209876543209876543,19.26255144032921810699588477366255144033,2017,0.6075,92,36.71739130434782608695652173913043478261,14.331,29.736,0,57,66,2018,0,0,0,0,1,0,0,"upstate",17219.7530864197530864197530864197530864
"36079",2019,"Q4",4,8080,6126,5159,60,907,1,1,1,0,0,"Putnam County",41.427907,-73.743861,6899,6700,6274,6288,6540.25,1,99464,99608,4.81221255723361512497068211251950276863,4.4639266468269926807689214188047936942,15.59760315289954154266870425480575886753,2017,0.99464,92,41.80652173913043478260869565217391304348,15.066,11.108,0,39,53,2018,0,0,0,0,1,0,0,"upstate",6159.012305959945306844687525134722110512
"36081",2019,"Q4",4,8080,189471,158800,473,30198,10,10,10,0,0,"Queens County",40.654658,-73.841209,188915,189912,192874,171723,185856,10,2339280,62008,13.70956516476533422095802947317456955246,6.25970384049793098731233541944529940836,14.31372046099654594576108888204917752471,2017,23.3928,92,46.69836956521739130434782608695652173913,16.839,5.623,0,22,46,2018,0,0,0,0,1,1,0,"nyc",8099.543449266440956191648712424335693034
"36083",2019,"Q4",4,8080,11745,9915,68,1762,1,1,1,0,0,"Rensselaer County",42.710421,-73.513845,12515,12539,12632,12457,12535.75,1,159800,63166,12.55237736388381807433200589874684111712,5.33541927409261576971214017521902377972,15.61702127659574468085106382978723404255,2017,1.598,92,36.99945652173913043478260869565217391304,15.858,20.231,0,55,57,2018,0,0,0,0,1,0,0,"upstate",7349.812265331664580725907384230287859825
"36085",2019,"Q4",4,8080,39960,13414,167,1823,3,3,2,1,24556,"Richmond County",40.561263,-74.1399,40658,40845,40470,41297,40817.5,3,475948,76244,12.91687136722961979927647655567110946642,5.77731180717221209039642986208577407616,15.06341028851891383092270584181465202081,2017,4.75948,92,47.07717391304347826086956521739130434783,17.081,4.41,0,20,48,2018,0,0,0,0,1,1,0,"nyc",8395.875179641473438274769512635834166758
"36087",2019,"Q4",4,8080,21132,18256,140,2736,2,2,2,0,0,"Rockland County",41.154628,-74.024662,21530,21682,20989,21185,21346.5,2,325027,88571,14.21946340352092676335015463740571175338,7.60490666929208958025025613256744824276,15.10274531038959840259424601648478434099,2017,3.25027,92,43.94891304347826086956521739130434782609,16.798,9.645,0,31,49,2018,0,0,0,0,1,0,1,"downstate_non_nyc",6501.613712091610850790857374925775397121
"36089",2019,"Q4",4,8080,14543,12492,117,1518,5,5,4,1,416,"St. Lawrence County",44.488112,-75.074311,14736,14840,14226,13806,14402,5,110817,48330,19.37469002722699622465814431320155062298,5.36560275048052194157936056742196594385,15.77104595865255330860788507178501493453,2017,1.10817,92,34.85108695652173913043478260869565217391,14.181,23.536,0,57,59,2018,0,0,0,0,1,0,0,"upstate",13123.4377396969779005026304628351245747
"36091",2019,"Q4",4,8080,9474,7361,136,1977,1,1,1,0,0,"Saratoga County",43.106135,-73.855387,10570,9869,9295,9322,9764,1,226632,77548,6.59609742509131917455553508767988641827,5.20094249708778989727840728582018426348,16.48972784072858201842634755903844117336,2017,2.26632,92,37.53804347826086956521739130434782608696,16.053,22.38,0,50,53,2018,0,0,0,0,1,0,0,"upstate",4180.345229270358996081753679974584348194
"36093",2019,"Q4",4,8080,10707,9938,28,726,2,2,2,0,15,"Schenectady County",42.817552,-74.043559,11397,13775,14163,14503,13459.5,2,155239,61315,12.35183287607840544739364691105014378739,5.92441332397142470642042270305786561367,16.18150078266415011691649649894678527947,2017,1.55239,92,38.23152173913043478260869565217391304348,14.992,17.944,0,54,51,2018,0,0,0,0,1,0,0,"upstate",6897.107041400678953098126115215892913508
"36097",2019,"Q4",4,8080,1806,1777,0,29,1,1,1,0,0,"Schuyler County",42.419776,-76.938603,2181,1933,1726,1704,1886,1,18112,47810,15.28813559322033898305084745762711864407,4.93043286219081272084805653710247349823,19.36837455830388692579505300353356890459,2017,0.18112,92,38.95163043478260869565217391304347826087,11.459,22.52,0,47,62,2018,0,0,0,0,1,0,0,"upstate",9971.289752650176678445229681978798586572
"36101",2019,"Q4",4,8080,9854,6311,53,860,3,3,2,1,2630,"Steuben County",42.266725,-77.385525,10354,10292,10069,11972,10671.75,3,97539,50157,14.52780966294479807993321506835020348534,5.67772890843662534986005597760895641743,17.9302637919191297839838423604917007556,2017,0.97539,92,38.08315217391304347826086956521739130435,11.959,23.895,0,55,62,2018,0,0,0,0,1,0,0,"upstate",10102.625616420098627215780354524856724
"36103",2019,"Q4",4,8080,109303,81891,1158,24666,11,11,10,1,1588,"Suffolk County",40.943554,-72.692218,116461,113732,109321,126161,116418.75,11,1497595,92838,7.18532293505890395941104892695445999767,5.40566708622825263171952363623008890922,15.61817447307182515967267518922004947933,2017,14.97595,92,46.97934782608695652173913043478260869565,19.507,3.748,0,24,46,2018,0,0,0,0,1,0,1,"downstate_non_nyc",7298.568705157268821009685529131707838234
"36105",2019,"Q4",4,8080,7341,5689,54,740,2,2,2,0,858,"Sullivan County",41.719993,-74.771577,8510,7584,6858,7476,7607,2,75783,53877,15.87930467207720991445492432550998025883,5.6107570299407518836678410725360568993,17.46565852499901033213253632081073591703,2017,0.75783,92,38.92010869565217391304347826086956521739,16.08,13.149,0,47,55,2018,0,0,0,0,1,0,0,"upstate",9686.869086734491904516844147104231819801
"36109",2019,"Q4",4,8080,7465,6461,63,941,2,2,1,1,0,"Tompkins County",42.453006,-76.473483,5781,6437,7039,6613,6467.5,2,104415,56200,20.35871860935720367564937578096491325069,4.2072499161997797251352774984437101949,12.72805631374802470909352104582674903031,2017,1.04415,92,40.3086956521739130434782608695652173913,13.789,23.04,0,43,62,2018,0,0,0,0,1,0,0,"upstate",7149.355935449887468275630895944069338697
"36111",2019,"Q4",4,8080,11919,10404,44,1471,3,3,2,1,0,"Ulster County",41.947212,-74.265458,13762,12744,12415,11987,12727,3,180129,61652,13.15989486936997046827224887878067035281,4.47790194804834313186660670963587206946,17.99876754992255550189031194310743966824,2017,1.80129,92,40.69728260869565217391304347826086956522,18.682,18.434,0,41,54,2018,0,0,0,0,1,0,0,"upstate",6616.924537414852688906283829921889312659
"36113",2019,"Q4",4,8080,10408,8320,133,1955,1,1,1,0,0,"Warren County",43.555105,-73.838139,12281,11206,10838,10664,11247.25,1,64701,60222,9.92643021851323158010321730536949599209,4.48524752322220676651056397891840929816,20.28871269377598491522542155453547858611,2017,0.64701,92,36.21956521739130434782608695652173913043,14.816,26.238,0,55,48,2018,0,0,0,0,1,0,0,"upstate",16086.3046938996306084913679850388711148
"36117",2019,"Q4",4,8080,6136,5017,54,1065,1,1,1,0,0,"Wayne County",43.218114,-77.049402,6717,6587,6446,6092,6460.5,1,91442,53693,11.70104122727171813600337455320471549408,5.5270007217689901795673760416438835546,17.19669298571772270947704555893353163754,2017,0.91442,92,40.17771739130434782608695652173913043478,14.781,21.106,0,42,68,2018,0,0,0,0,1,0,0,"upstate",6710.264429911856696047767984077338640887
"36119",2019,"Q4",4,8080,90666,65027,497,15749,13,13,12,1,9393,"Westchester County",41.152686,-73.745753,90810,92199,91370,82107,89121.5,13,975321,89968,9.43591844452147606592506223804871899915,5.69996954848711347341029261135564598732,16.02139193147691888106582345709771449605,2017,9.75321,92,44.05706521739130434782608695652173913043,16.084,9.728,0,31,49,2018,0,0,0,0,1,0,1,"downstate_non_nyc",9296.016388450571657946460703706779614096
"36121",2019,"Q4",4,8080,3211,2851,11,349,1,1,1,0,0,"Wyoming County",42.701365,-78.228576,3774,3656,3361,3210,3500.25,1,40886,55459,11.4213062098501070663811563169164882227,5.13378662622902705082424301716969133689,16.06173262241354008707136917282199285819,2017,0.40886,92,36.57934782608695652173913043478260869565,14.562,33.845,0,56,70,2018,0,0,0,0,1,0,0,"upstate",7853.544000391331996282346035317712664482
"36123",2019,"Q4",4,8080,1928,1860,0,68,1,1,1,0,0,"Yates County",42.638237,-77.104324,2314,2005,1841,1766,1981.5,1,25083,51758,13.08669938341512520447967786586133131999,6.04792090260335685524060120400271099948,18.98895666387593190607184148626559821393,2017,0.25083,92,39.34184782608695652173913043478260869565,11.703,20.67,0,47,62,2018,0,0,0,0,1,0,0,"upstate",7686.480883466889925447514252681098752143
"36001",2020,"Q1",1,8081,34404,24739,296,9369,5,5,2,3,0,"Albany County",42.58824,-73.97401,42718,43800,43926,42924,43342,5,307426,64535,11.97295379034387225740530569280196400468,5.06886210014767781514901146942678888578,16.07411214406068452245418409633537826989,2018,3.07426,90,25.83888888888888888888888888888888888889,9.409,33.265,0,86,44,2019,1,0,0,0,0,0,0,"upstate",11190.9857982083493263419489568221295531
"36003",2020,"Q1",1,8081,2760,,,,2,2,1,1,,"Allegany County",42.247853,-78.026153,5172,5051,5096,4899,5054.5,2,47025,47033,17.02036441586280814576634512325830653805,5.15683147262094630515683147262094630516,17.95640616693248272195640616693248272196,2018,0.47025,90,25.19722222222222222222222222222222222222,8.801,31.283,0,83,57,2019,1,0,0,0,0,0,0,"upstate",5869.218500797448165869218500797448165869
"36005",2020,"Q1",1,8081,187164,130740,148,25245,11,11,9,2,31031,"Bronx County",40.848711,-73.852939,200700,195312,205847,204316,201543.75,10,1437872,38085,29.05130999930851939745663454252142342351,7.37777771595802686191816795931765831729,12.1339034350762793906550791725549979414,2018,14.37872,90,34.23166666666666666666666666666666666667,12.212,18.438,0,71,37,2019,1,0,0,0,0,1,0,"nyc",13016.7358429679415135700535235403429513
"36007",2020,"Q1",1,8081,23544,14968,203,4030,3,3,3,0,4343,"Broome County",42.161977,-75.830283,24226,25671,25048,23825,24692.5,3,194402,50859,16.9946439413652528406626767282504987423,5.24634520220985380808839415232353576609,18.32337115873293484634931739385397269575,2018,1.94402,90,26.78277777777777777777777777777777777778,9.143,30.563,0,84,52,2019,1,0,0,0,0,0,0,"upstate",12110.9865124844394604993775784199751031
"36009",2020,"Q1",1,8081,7082,5976,50,1056,1,1,1,0,0,"Cattaraugus County",42.239099,-78.662332,7718,8130,7949,7945,7935.5,1,77686,47240,16.51518982288520139988556068610360749977,5.71531550086244625801302680019565944958,18.15771181422650155755219730710810184589,2018,0.77686,90,24.78777777777777777777777777777777777778,11.73,38.748,0,83,59,2019,1,0,0,0,0,0,0,"upstate",9116.185670519784774605463017789563113045
"36011",2020,"Q1",1,8081,5948,5025,66,857,1,1,1,0,0,"Cayuga County",43.008546,-76.574587,5981,5713,6035,6152,5970.25,1,77868,56579,11.68595447349746165183689065997052240843,5.05342374274413109364565675245286895772,17.79806852622386602969127240971901166076,2018,0.77868,90,27.32666666666666666666666666666666666667,9.004,33.398,0,81,57,2019,1,0,0,0,0,0,0,"upstate",7638.567832742590024143422201674628859095
"36013",2020,"Q1",1,8081,13027,11489,82,1456,4,4,2,2,0,"Chautauqua County",42.304216,-79.407595,16604,18727,16829,16611,17192.75,5,129656,45332,18.73277126690632405332645527380587751681,5.43129511939285493922379218856049855001,19.02572962300240636761893009193558338989,2018,1.29656,90,27.11611111111111111111111111111111111111,12.766,40.043,0,79,61,2019,1,0,0,0,0,0,0,"upstate",10047.3560807058678348861603011044610354
"36015",2020,"Q1",1,8081,8498,7084,68,1346,2,2,1,1,0,"Chemung County",42.148697,-76.752471,11340,12420,11923,11582,11816.25,2,85740,53299,14.82470124445433087408396050371359013334,5.91905761604851877770002332633543270352,17.86680662467926288780032656869605784931,2018,0.8574,90,27.21611111111111111111111111111111111111,7.9,24.251,0,84,49,2019,1,0,0,0,0,0,0,"upstate",9911.359925355726615348728714718917658036
"36017",2020,"Q1",1,8081,4103,,,,1,1,1,0,,"Chenango County",42.478024,-75.602241,4308,4465,4397,4589,4439.75,1,48348,50595,14.29683391185442305669506679288944987904,5.36940514602465458757342599487052204848,19.73194341027550260610573343261355174981,2018,0.48348,90,24.32722222222222222222222222222222222222,10.031,38.942,0,84,55,2019,1,0,0,0,0,0,0,"upstate",8486.390336725407462563084305452138661372
"36019",2020,"Q1",1,8081,9019,7425,88,1506,1,1,1,0,0,"Clinton County",44.752712,-73.705643,9571,10279,10518,10447,10203.75,1,80794,55178,15.31046758403505168754706647497775039365,4.88278832586578211253310889422481867465,15.90835953164838973191078545436542317499,2018,0.80794,90,17.50222222222222222222222222222222222222,9.687,52.171,0,88,63,2019,1,0,0,0,0,0,0,"upstate",11162.9576453697056712132089016511127064
"36021",2020,"Q1",1,8081,5950,5045,51,854,1,1,1,0,0,"Columbia County",42.247696,-73.626718,6185,6831,6700,6436,6538,1,60919,63032,11.90427870793167596820564857094537459834,4.22199970452568164283721006582511203401,22.28697122408443999409051363285674420132,2018,0.60919,90,28.16277777777777777777777777777777777778,8.97,27.147,0,80,42,2019,1,0,0,0,0,0,0,"upstate",9767.06774569510333393522546332014642394
"36023",2020,"Q1",1,8081,6789,6040,41,708,1,1,1,0,0,"Cortland County",42.594039,-76.07624,7172,7468,7277,7794,7427.75,1,48123,54489,15.46340805966126061368435239678332359944,5.25112731957691748228497807701099266463,15.68272967188246784281944184693389855163,2018,0.48123,90,24.18888888888888888888888888888888888889,9.887,41.174,0,85,62,2019,1,0,0,0,0,0,0,"upstate",14107.5992768530640234399351661367745153
"36025",2020,"Q1",1,8081,2824,2015,0,0,4,4,2,2,809,"Delaware County",42.193986,-74.966728,3544,3908,3662,3346,3615,4,45502,48827,16.22548792360113114830095962171433869547,3.94488154366841017977231770032086501692,23.28469078282273306667838776317524504417,2018,0.45502,90,23.91666666666666666666666666666666666667,9.694,35.004,0,85,53,2019,1,0,0,0,0,0,0,"upstate",6206.3206012922508900707661201705419542
"36027",2020,"Q1",1,8081,28715,23162,241,5312,3,3,3,0,0,"Dutchess County",41.754825,-73.740014,29542,31407,31546,28458,30238.25,3,293894,78028,9.13410751819791107089163454917131453994,4.63806678598406228095844079838309050202,16.57060028445630057095415353835056176717,2018,2.93894,90,30.21833333333333333333333333333333333333,10.556,23.207,0,78,37,2019,1,0,0,0,0,0,0,"upstate",9770.529510639890572791550695148590988588
"36029",2020,"Q1",1,8081,89586,64543,877,15903,10,10,9,1,8263,"Erie County",42.752759,-78.778192,102260,106356,105148,101552,103829,10,919866,55673,14.54374666923424855685477189572631965499,5.46079537671791326127936025464578536439,17.23424933631637651570989687628415443119,2018,9.19866,90,28.61833333333333333333333333333333333333,11.531,35.665,0,79,62,2019,1,0,0,0,0,0,0,"upstate",9739.027206136545975174645002641689115589
"36031",2020,"Q1",1,8081,2300,2300,0,0,3,3,2,1,0,"Essex County",44.109601,-73.778431,3764,5032,3928,3971,4173.75,3,37751,56196,9.46696675308395772200222215891285148571,3.96015999576170167677677412518873672221,22.04444915366480358136208312362586421552,2018,0.37751,90,15.18277777777777777777777777777777777778,12.718,69.146,0,88,66,2019,1,0,0,0,0,0,0,"upstate",6092.553839633387195041190961828825726471
"36033",2020,"Q1",1,8081,5607,5089,44,474,2,2,2,0,0,"Franklin County",44.594376,-74.31067,5979,7036,6316,6247,6394.5,2,50692,51696,18.19857431547156403366569696431347294086,4.85875483310976090901917462321470843526,15.94137141955338120413477471790420579184,2018,0.50692,90,17.52333333333333333333333333333333333333,12.233,63.388,0,87,65,2019,1,0,0,0,0,0,0,"upstate",11060.9169099660695967805570898761145743
"36035",2020,"Q1",1,8081,4864,4528,23,313,1,1,1,0,0,"Fulton County",43.115609,-74.423678,5292,5849,5425,5160,5431.5,1,53743,50248,15.45504730359964212970894485371100070432,4.98111381947416407718214465139646093445,18.57172096831215228029696890757866140707,2018,0.53743,90,21.44222222222222222222222222222222222222,12.486,50.765,0,86,58,2019,1,0,0,0,0,0,0,"upstate",9050.480992873490501088513852966898014625
"36037",2020,"Q1",1,8081,4922,4177,23,722,2,2,1,1,0,"Genesee County",43.00091,-78.192778,5075,5369,5260,5033,5184.25,1,58112,59338,11.35744234800838574423480083857442348008,5.12802863436123348017621145374449339207,17.98767896475770925110132158590308370044,2018,0.58112,90,27.17222222222222222222222222222222222222,10.01,34.063,0,80,58,2019,1,0,0,0,0,0,0,"upstate",8469.85132158590308370044052863436123348
"36045",2020,"Q1",1,8081,13542,8597,82,1405,3,3,2,1,3458,"Jefferson County",43.996389,-76.052968,13927,14826,15058,14895,14676.5,3,114448,52268,14.24333719582850521436848203939745075319,7.9319865790577380120229274430308961275,12.77348664895847895987697469593177687683,2018,1.14448,90,25.08666666666666666666666666666666666667,12.255,43.294,0,81,59,2019,1,0,0,0,0,0,0,"upstate",11832.4479239479938487347965888438417447
"36047",2020,"Q1",1,8081,244785,129201,588,25849,15,15,13,2,89147,"Kings County",40.635045,-73.95064,237721,239904,247111,247366,243025.5,15,2600747,56015,21.14091094003769963884118638962297255752,7.44951354360881700526810181843908692387,13.20958939873813177521688960902386891151,2018,26.00747,90,35.02055555555555555555555555555555555556,11.394,15.985,0,64,37,2019,1,0,0,0,0,1,0,"nyc",9412.103522564863095103060774462106464027
"36049",2020,"Q1",1,8081,2448,2227,30,191,1,1,1,0,0,"Lewis County",43.782706,-75.444132,2604,2795,2790,2644,2708.25,1,26719,52380,14.06859958309645631987871896911123744552,6.21655002058460271716755866611774392754,17.29106628242074927953890489913544668588,2018,0.26719,90,23.01166666666666666666666666666666666667,13.178,61.487,0,85,63,2019,1,0,0,0,0,0,0,"upstate",9162.019536659306111755679479022418503687
"36051",2020,"Q1",1,8081,3280,2907,23,350,1,1,1,0,0,"Livingston County",42.729042,-77.778463,3512,3956,3775,3530,3693.25,1,63907,56071,13.62279605719838955990559489101763154241,4.3876257686951351182186614924812618336,16.76342184737196238283756083058193938066,2018,0.63907,90,27.64666666666666666666666666666666666667,8.458,27.534,0,80,58,2019,1,0,0,0,0,0,0,"upstate",5132.458103181185159685167509036568763985
"36053",2020,"Q1",1,8081,7368,4704,52,357,2,2,2,0,2255,"Madison County",42.910026,-75.663575,7718,8160,7871,7409,7789.5,2,71359,60228,9.89678569809438895017605367748175237635,4.65113020081559438893482251713168626242,17.01537297327597079555487044381227315405,2018,0.71359,90,23.58666666666666666666666666666666666667,11.496,51.953,0,84,64,2019,1,0,0,0,0,0,0,"upstate",10325.2568001233201137908322706315951737
"36055",2020,"Q1",1,8081,74620,58076,685,15859,5,5,4,1,0,"Monroe County",43.250347,-77.700518,81411,82197,82906,80628,81785.5,6,744248,57479,14.73786693629030465989644674562787493611,5.58886285216755705087551461340843374789,16.34280508647655082714364029194569552085,2018,7.44248,90,28.64388888888888888888888888888888888889,8.609,28.718,0,79,59,2019,1,0,0,0,0,0,0,"upstate",10026.2278165342735217293160344401328589
"36057",2020,"Q1",1,8081,6172,5308,24,840,2,2,1,1,0,"Montgomery County",42.900891,-74.435357,12377,12233,12538,12798,12486.5,2,49426,45837,19.93100884078327687350243741221184830207,6.13846963136810585521790150932707481892,18.13822684417108404483470238336098409744,2018,0.49426,90,24.64555555555555555555555555555555555556,10.574,37.122,0,85,51,2019,1,0,0,0,0,0,0,"upstate",12487.3548334884473758750455225994415894
"36059",2020,"Q1",1,8081,114410,72778,813,26566,12,12,10,2,14253,"Nassau County",40.729612,-73.589414,118366,120903,118976,116592,118709.25,12,1356564,111240,5.71725742725285111397576740054375297225,5.47272373437596751793501817827983051297,17.11412067547126416446256866613001671871,2018,13.56564,90,34.305,12.711,16.178,0,69,38,2019,1,0,0,0,0,0,1,"downstate_non_nyc",8433.807767270840152031161080494543567425
"36061",2020,"Q1",1,8081,270183,175777,572,37838,19,19,16,3,55996,"New York County",40.776642,-73.970187,269942,267927,273967,279944,272945,17,1632480,82459,16.61305845565465716603030566771234212382,4.89421003626384396746055081838674899539,15.76509359992159168871900421444673135352,2018,16.3248,90,34.50555555555555555555555555555555555556,12.082,18.496,0,67,38,2019,1,0,0,0,0,1,0,"nyc",16550.4630990885033813584239929432519847
"36063",2020,"Q1",1,8081,13895,8838,82,1533,4,4,3,1,3442,"Niagara County",43.272672,-78.812943,18554,20100,19726,18916,19324,4,211704,54085,13.44515595554017153186415907080496903965,5.23277784075879529909685220874428447266,18.13853304613989343611835392812606280467,2018,2.11704,90,28.87611111111111111111111111111111111111,8.784,25.353,0,78,52,2019,1,0,0,0,0,0,0,"upstate",6563.409288440464044137097078940407361221
"36065",2020,"Q1",1,8081,23781,19595,140,4046,4,4,3,1,0,"Oneida County",43.242727,-75.434282,25759,23149,25096,25576,24895,3,230782,53844,16.13642602250892121877573428493000274499,5.70278444592732535466370860812368382283,18.04733471414581726477801561646922203638,2018,2.30782,90,24.11055555555555555555555555555555555556,12.343,43.073,0,85,64,2019,1,0,0,0,0,0,0,"upstate",10304.5298160168470677955819777972285534
"36067",2020,"Q1",1,8081,53882,42940,489,10453,6,6,4,2,0,"Onondaga County",43.006516,-76.196134,57252,58233,57786,57552,57705.75,5,464242,59225,14.63262876524629933286911206451178148656,5.72610836589537353363116650367696158469,16.16290641518863006793870438262802590028,2018,4.64242,90,26.41,9.805,38.445,0,81,61,2019,1,0,0,0,0,0,0,"upstate",11606.4466377449692186402781308024694017
"36069",2020,"Q1",1,8081,14084,10348,115,1462,3,3,3,0,2159,"Ontario County",42.856357,-77.303497,14635,15362,14603,13856,14614,3,109472,63359,9.61467786164588810674808469736804907698,5.03051008477053493130663548669979538147,18.7901929260450160771704180064308681672,2018,1.09472,90,26.78722222222222222222222222222222222222,7.981,29.544,0,81,58,2019,1,0,0,0,0,0,0,"upstate",12865.3902367728734288219818766442560655
"36071",2020,"Q1",1,8081,36820,29549,332,6939,4,4,4,0,0,"Orange County",41.40241,-74.306252,36442,39793,38907,38295,38359.25,4,378227,76716,11.81657082533901777791045100151699770144,6.57065730368270906096074579551433398462,13.33907944171093020857844627697123684983,2018,3.78227,90,31.61555555555555555555555555555555555556,11.103,23.84,0,77,37,2019,1,0,0,0,0,0,0,"upstate",9734.894653210902447472020770595436074104
"36075",2020,"Q1",1,8081,6146,5314,34,798,2,2,2,0,0,"Oswego County",43.461443,-76.209262,6359,6882,6545,6271,6514.25,2,119104,53597,17.9401233427467954639429209885014999956,5.47504701773240193444384739387426114992,15.312667920472864051585169263836646964,2018,1.19104,90,25.80611111111111111111111111111111111111,11.568,46.356,0,82,65,2019,1,0,0,0,0,0,0,"upstate",5160.196131112305212251477700161203653949
"36077",2020,"Q1",1,8081,9561,2969,78,810,2,2,2,0,5704,"Otsego County",42.629776,-75.028841,10461,11423,11027,10336,10811.75,2,60244,53121,15.36353903939322458311407885902995772169,4.23610650023238828763030343270699156762,19.95385432574198260407675453157160879092,2018,0.60244,90,23.84222222222222222222222222222222222222,10.926,43.186,0,85,59,2019,1,0,0,0,0,0,0,"upstate",15870.4601288095080007967598433038974836
"36079",2020,"Q1",1,8081,5956,4963,56,937,1,1,1,0,0,"Putnam County",41.427907,-73.743861,6126,6899,6700,6274,6499.75,1,99070,102186,5.31570647387715812972330882503532881398,4.45947309982840415867568385989704249521,16.20369435752498233572221661451498940143,2018,0.9907,90,30.64111111111111111111111111111111111111,12.044,24.556,0,79,37,2019,1,0,0,0,0,0,0,"upstate",6011.910770162511355607146462097506813364
"36081",2020,"Q1",1,8081,193781,103277,359,21015,10,10,10,0,69130,"Queens County",40.654658,-73.841209,189471,188915,189912,192874,190293,10,2298513,64987,12.99004506566207794951237545329718691687,6.29929001924287572008511589884416577152,14.82071234750466932316676042293430578813,2018,22.98513,90,34.77555555555555555555555555555555555556,11.647,15.766,0,66,38,2019,1,0,0,0,0,1,0,"nyc",8430.711507831367497160120477891575988476
"36083",2020,"Q1",1,8081,10629,8943,79,1607,1,1,1,0,0,"Rensselaer County",42.710421,-73.513845,11745,12515,12539,12632,12357.75,1,159431,65851,12.01179119434647370407485976808048205942,5.31828816227709792951182643275147242381,16.0188420068869918648192635058426529345,2018,1.59431,90,24.32166666666666666666666666666666666667,10.164,35.032,0,84,45,2019,1,0,0,0,0,0,0,"upstate",6666.833928157008360983748455444675125917
"36085",2020,"Q1",1,8081,39246,13046,145,2179,3,3,2,1,23876,"Richmond County",40.561263,-74.1399,39960,40658,40845,40470,40483.25,3,474101,79267,12.8244516182788921909417402506948910287,5.77007852757112935851221575149598925124,15.46611376057000512549013817730821069772,2018,4.74101,90,35.15777777777777777777777777777777777778,11.622,16.426,0,62,37,2019,1,0,0,0,0,1,0,"nyc",8277.982961436487162018219746425339748281
"36087",2020,"Q1",1,8081,21742,18829,147,2766,2,2,2,0,0,"Rockland County",41.154628,-74.024662,21132,21530,21682,20989,21333.25,2,323686,91108,14.28848882776940691478531085834933543005,7.7445425504964688000098861242067930031,15.33739488269495745877177264385855427791,2018,3.23686,90,32.51611111111111111111111111111111111111,13.098,22.958,0,75,41,2019,1,0,0,0,0,0,1,"downstate_non_nyc",6717.003515752921040761725870133400888515
"36089",2020,"Q1",1,8081,14971,10374,89,1226,5,5,4,1,3282,"St. Lawrence County",44.488112,-75.074311,14543,14736,14840,14226,14586.25,5,109558,49305,17.68898643174336201503481801306572861436,5.30677814490954562879935741798864528378,16.32377370890304678800270176527501414776,2018,1.09558,90,20.86777777777777777777777777777777777778,12.183,52.536,0,85,63,2019,1,0,0,0,0,0,0,"upstate",13664.9080852151371876083900764891655561
"36091",2020,"Q1",1,8081,8965,6998,123,1844,1,1,1,0,0,"Saratoga County",43.106135,-73.855387,9474,10570,9869,9295,9802,1,227377,80839,6.17403834106001754166144593409347199599,5.17994344194883387501814167659877648135,17.03646367046798928651534675890701346222,2018,2.27377,90,24.35944444444444444444444444444444444444,10.915,40.516,0,85,44,2019,1,0,0,0,0,0,0,"upstate",3942.791047467421946810803203490238678494
"36093",2020,"Q1",1,8081,12765,10434,18,2298,2,2,2,0,15,"Schenectady County",42.817552,-74.043559,10707,11397,13775,14163,12510.5,2,154883,63785,11.40477674486453512273396369037357274524,5.82181388531988662409689894952964495781,16.47372532815092682863839156008083521109,2018,1.54883,90,25.84111111111111111111111111111111111111,9.667,32.63,0,85,43,2019,1,0,0,0,0,0,0,"upstate",8241.70502895734199363390430195696106093
"36097",2020,"Q1",1,8081,1703,,,,1,1,1,0,,"Schuyler County",42.419776,-76.938603,1806,2181,1933,1726,1911.5,1,17992,51479,13.86587995007375468058549869510949733348,5.08559359715429079590929301911960871498,20.03112494441974210760337927967985771454,2018,0.17992,90,26.93055555555555555555555555555555555556,7.736,28.967,0,82,53,2019,1,0,0,0,0,0,0,"upstate",9465.31791907514450867052023121387283237
"36101",2020,"Q1",1,8081,9132,5878,56,755,3,3,2,1,2443,"Steuben County",42.266725,-77.385525,9854,10354,10292,10069,10142.25,3,96927,51789,13.97664258107881028398588472525625945219,5.58461522589165041732437814024987877475,18.45615772694914729641895447089046395741,2018,0.96927,90,25.845,7.512,26.986,0,81,53,2019,1,0,0,0,0,0,0,"upstate",9421.523414528459562351047695688507846111
"36103",2020,"Q1",1,8081,125091,80905,1132,24547,11,11,11,0,18507,"Suffolk County",40.943554,-72.692218,109303,116461,113732,109321,112204.25,11,1487901,96675,7.11624982190024221567058668800210431714,5.39195820152012801927009928751980138464,16.07223867717005365276318787338673742406,2018,14.87901,90,34.81666666666666666666666666666666666667,12.575,15.848,0,64,31,2019,1,0,0,0,0,0,1,"downstate_non_nyc",8407.212576643204084142694977690047926576
"36105",2020,"Q1",1,8081,7060,5563,34,765,2,2,2,0,698,"Sullivan County",41.719993,-74.771577,7341,8510,7584,6858,7573.25,2,75211,56256,14.66411383076901885700904971142853207344,5.62284772174283017111858637699272712768,18.01864089029530254882929358737418728643,2018,0.75211,90,27.15722222222222222222222222222222222222,9.697,27.616,0,84,45,2019,1,0,0,0,0,0,0,"upstate",9386.924784938373376234859262607863211498
"36109",2020,"Q1",1,8081,7014,6038,73,903,2,2,1,1,0,"Tompkins County",42.453006,-76.473483,7465,5781,6437,7039,6680.5,2,102962,58743,19.60586607512967879989692916120503254574,4.13162137487616790660632077853965540685,13.17087857656222684097045511936442571046,2018,1.02962,90,27.67944444444444444444444444444444444444,8.626,30.783,0,82,51,2019,1,0,0,0,0,0,0,"upstate",6812.221984809929877042015500864396573493
"36111",2020,"Q1",1,8081,11473,10109,50,1314,2,2,2,0,0,"Ulster County",41.947212,-74.265458,11919,13762,12744,12415,12710,3,179303,63348,13.90565850642495085772948127927391930752,4.43383546287569086964523739145468843243,18.59143461068693775341182244580403004969,2018,1.79303,90,28.61333333333333333333333333333333333333,11.193,34.726,0,78,43,2019,1,0,0,0,0,0,0,"upstate",6398.665945355069351879221206560961054751
"36113",2020,"Q1",1,8081,9904,7944,106,1854,1,1,1,0,0,"Warren County",43.555105,-73.838139,10408,12281,11206,10838,11183.25,1,64480,59813,10.49494646883524384667539143186010942748,4.39826302729528535980148883374689826303,20.92586848635235732009925558312655086849,2018,0.6448,90,22.47222222222222222222222222222222222222,9.507,41.973,0,86,45,2019,1,0,0,0,0,0,0,"upstate",15359.8014888337468982630272952853598015
"36117",2020,"Q1",1,8081,5743,4704,50,989,1,1,1,0,0,"Wayne County",43.218114,-77.049402,6136,6717,6587,6446,6471.5,1,90856,55765,11.30384310573842770875888780988737456607,5.48340230694725719820375099057849784274,17.7236506119573831117372545566610900766,2018,0.90856,90,27.58166666666666666666666666666666666667,8.649,30.376,0,81,62,2019,1,0,0,0,0,0,0,"upstate",6320.991459012063044818173813507088139473
"36119",2020,"Q1",1,8081,87602,47004,452,12469,13,13,9,4,27677,"Westchester County",41.152686,-73.745753,90666,90810,92199,91370,91261.25,13,968815,92758,9.22195869606363821888273602891338988983,5.66774874460036229827159984104292357158,16.40168659651223401784654448991809581809,2018,9.68815,90,32.63555555555555555555555555555555555556,11.653,20.618,0,74,37,2019,1,0,0,0,0,0,1,"downstate_non_nyc",9042.18039563797009749023291340451995479
"36121",2020,"Q1",1,8081,3288,2854,17,417,1,1,1,0,0,"Wyoming County",42.701365,-78.228576,3211,3774,3656,3361,3500.5,1,40565,57914,10.9376670586977440393456644926761466909,5.10538641686182669789227166276346604215,16.64982127449771970910883766794034265993,2018,0.40565,90,24.57111111111111111111111111111111111111,10.745,40.292,0,82,61,2019,1,0,0,0,0,0,0,"upstate",8105.509675828916553679280167632195242204
"36123",2020,"Q1",1,8081,1824,1750,0,74,1,1,1,0,0,"Yates County",42.638237,-77.104324,1928,2314,2005,1841,2022,1,25009,54343,11.4181329525889220173854617225885020787,6.04182494302051261545843496341317125835,19.49298252629053540725338878003918589308,2018,0.25009,90,26.55833333333333333333333333333333333333,7.339,26.902,0,81,56,2019,1,0,0,0,0,0,0,"upstate",7293.374385221320324683114078931584629533
"36001",2020,"Q2",2,8082,22985,14633,257,8095,5,5,2,3,0,"Albany County",42.58824,-73.97401,34404,42718,43800,43926,41212,5,307426,64535,11.97295379034387225740530569280196400468,5.06886210014767781514901146942678888578,16.07411214406068452245418409633537826989,2018,3.07426,91,55.5532967032967032967032967032967032967,14.426,0.772,0,8,56,2019,1,0,1,0,0,0,0,"upstate",7476.59599383266216910736242217639366872
"36003",2020,"Q2",2,8082,1966,,,,2,2,1,1,,"Allegany County",42.247853,-78.026153,2760,5172,5051,5096,4519.75,2,47025,47033,17.02036441586280814576634512325830653805,5.15683147262094630515683147262094630516,17.95640616693248272195640616693248272196,2018,0.47025,91,53.98846153846153846153846153846153846154,17.347,2.287,0,10,63,2019,1,0,1,0,0,0,0,"upstate",4180.754917597022860180754917597022860181
"36005",2020,"Q2",2,8082,98633,62889,83,18834,11,11,9,2,16827,"Bronx County",40.848711,-73.852939,187164,200700,195312,205847,197255.75,11,1437872,38085,29.05130999930851939745663454252142342351,7.37777771595802686191816795931765831729,12.1339034350762793906550791725549979414,2018,14.37872,91,60.51758241758241758241758241758241758242,17.312,0,0,2,62,2019,1,0,1,0,0,1,0,"nyc",6859.65092859447850712719908308945441597
"36007",2020,"Q2",2,8082,16028,9489,172,3353,3,3,3,0,3014,"Broome County",42.161977,-75.830283,23544,24226,25671,25048,24622.25,3,194402,50859,16.9946439413652528406626767282504987423,5.24634520220985380808839415232353576609,18.32337115873293484634931739385397269575,2018,1.94402,91,55.48186813186813186813186813186813186813,16.169,1.268,0,9,64,2019,1,0,1,0,0,0,0,"upstate",8244.771144329790845773191633830927665353
"36009",2020,"Q2",2,8082,5022,4087,51,884,1,1,1,0,0,"Cattaraugus County",42.239099,-78.662332,7082,7718,8130,7949,7719.75,1,77686,47240,16.51518982288520139988556068610360749977,5.71531550086244625801302680019565944958,18.15771181422650155755219730710810184589,2018,0.77686,91,53.5456043956043956043956043956043956044,16.547,1.984,0,12,62,2019,1,0,1,0,0,0,0,"upstate",6464.485235434956105347166799680766161213
"36011",2020,"Q2",2,8082,4541,3675,81,785,1,1,1,0,0,"Cayuga County",43.008546,-76.574587,5948,5981,5713,6035,5919.25,1,77868,56579,11.68595447349746165183689065997052240843,5.05342374274413109364565675245286895772,17.79806852622386602969127240971901166076,2018,0.77868,91,56.05989010989010989010989010989010989011,15.945,1.433,0,7,57,2019,1,0,1,0,0,0,0,"upstate",5831.663841372579236656906559819181178404
"36013",2020,"Q2",2,8082,9903,8670,100,1133,4,4,2,2,0,"Chautauqua County",42.304216,-79.407595,13027,16604,18727,16829,16296.75,4,129656,45332,18.73277126690632405332645527380587751681,5.43129511939285493922379218856049855001,19.02572962300240636761893009193558338989,2018,1.29656,91,55.26098901098901098901098901098901098901,17.154,1.515,0,5,58,2019,1,0,1,0,0,0,0,"upstate",7637.903375084839884000740420805824643672
"36015",2020,"Q2",2,8082,5804,4731,64,1009,2,2,1,1,0,"Chemung County",42.148697,-76.752471,8498,11340,12420,11923,11045.25,2,85740,53299,14.82470124445433087408396050371359013334,5.91905761604851877770002332633543270352,17.86680662467926288780032656869605784931,2018,0.8574,91,55.76978021978021978021978021978021978022,16.913,1.406,0,9,61,2019,1,0,1,0,0,0,0,"upstate",6769.302542570562164683928154886867273151
"36017",2020,"Q2",2,8082,2520,,,,1,1,1,0,,"Chenango County",42.478024,-75.602241,4103,4308,4465,4397,4318.25,1,48348,50595,14.29683391185442305669506679288944987904,5.36940514602465458757342599487052204848,19.73194341027550260610573343261355174981,2018,0.48348,91,53.97307692307692307692307692307692307692,15.996,2.481,0,12,59,2019,1,0,1,0,0,0,0,"upstate",5212.211466865227103499627699180938198064
"36019",2020,"Q2",2,8082,6872,5286,77,1509,1,1,1,0,0,"Clinton County",44.752712,-73.705643,9019,9571,10279,10518,9846.75,1,80794,55178,15.31046758403505168754706647497775039365,4.88278832586578211253310889422481867465,15.90835953164838973191078545436542317499,2018,0.80794,91,48.84120879120879120879120879120879120879,17.406,4.715,0,21,57,2019,1,0,1,0,0,0,0,"upstate",8505.582097680520830754759016758670198282
"36021",2020,"Q2",2,8082,4068,3273,50,745,1,1,1,0,0,"Columbia County",42.247696,-73.626718,5950,6185,6831,6700,6416.5,1,60919,63032,11.90427870793167596820564857094537459834,4.22199970452568164283721006582511203401,22.28697122408443999409051363285674420132,2018,0.60919,91,56.9543956043956043956043956043956043956,14.421,0.799,0,5,59,2019,1,0,1,0,0,0,0,"upstate",6677.719594871879052512352468031320277746
"36023",2020,"Q2",2,8082,4275,3720,50,505,1,1,1,0,0,"Cortland County",42.594039,-76.07624,6789,7172,7468,7277,7176.5,1,48123,54489,15.46340805966126061368435239678332359944,5.25112731957691748228497807701099266463,15.68272967188246784281944184693389855163,2018,0.48123,91,53.88021978021978021978021978021978021978,18.072,3.142,0,11,60,2019,1,0,1,0,0,0,0,"upstate",8883.486066953431830933233588928371049186
"36025",2020,"Q2",2,8082,1804,1259,0,0,4,4,2,2,545,"Delaware County",42.193986,-74.966728,2824,3544,3908,3662,3484.5,4,45502,48827,16.22548792360113114830095962171433869547,3.94488154366841017977231770032086501692,23.28469078282273306667838776317524504417,2018,0.45502,91,53.01593406593406593406593406593406593407,16.986,3.003,0,11,60,2019,1,0,1,0,0,0,0,"upstate",3964.660894026636191815744362885147905587
"36027",2020,"Q2",2,8082,18201,13609,183,4409,3,3,3,0,0,"Dutchess County",41.754825,-73.740014,28715,29542,31407,31546,30302.5,3,293894,78028,9.13410751819791107089163454917131453994,4.63806678598406228095844079838309050202,16.57060028445630057095415353835056176717,2018,2.93894,91,57.5021978021978021978021978021978021978,14.632,0.744,0,5,60,2019,1,0,1,0,0,0,0,"upstate",6193.04919460757960353052461091413911138
"36029",2020,"Q2",2,8082,62924,42119,674,13961,10,10,9,1,6170,"Erie County",42.752759,-78.778192,89586,102260,106356,105148,100837.5,10,919866,55673,14.54374666923424855685477189572631965499,5.46079537671791326127936025464578536439,17.23424933631637651570989687628415443119,2018,9.19866,91,55.25054945054945054945054945054945054945,15.343,0.8,0,5,56,2019,1,0,1,0,0,0,0,"upstate",6840.561560053312112851219634164106511166
"36031",2020,"Q2",2,8082,1428,1428,0,0,3,3,2,1,0,"Essex County",44.109601,-73.778431,2300,3764,5032,3928,3756,3,37751,56196,9.46696675308395772200222215891285148571,3.96015999576170167677677412518873672221,22.04444915366480358136208312362586421552,2018,0.37751,91,46.00494505494505494505494505494505494505,19.089,10.446,0,25,65,2019,1,0,1,0,0,0,0,"upstate",3782.681253476729093269052475431114407565
"36033",2020,"Q2",2,8082,3464,3070,44,350,2,2,2,0,0,"Franklin County",44.594376,-74.31067,5607,5979,7036,6316,6234.5,2,50692,51696,18.19857431547156403366569696431347294086,4.85875483310976090901917462321470843526,15.94137141955338120413477471790420579184,2018,0.50692,91,49.06153846153846153846153846153846153846,17.494,6.229,0,19,57,2019,1,0,1,0,0,0,0,"upstate",6833.425392566874457508088061232541623925
"36035",2020,"Q2",2,8082,3261,2916,30,315,1,1,1,0,0,"Fulton County",43.115609,-74.423678,4864,5292,5849,5425,5357.5,1,53743,50248,15.45504730359964212970894485371100070432,4.98111381947416407718214465139646093445,18.57172096831215228029696890757866140707,2018,0.53743,91,52.68186813186813186813186813186813186813,19.903,4.382,0,12,64,2019,1,0,1,0,0,0,0,"upstate",6067.76696500009303537204845282176283423
"36037",2020,"Q2",2,8082,4494,3892,37,565,2,2,1,1,0,"Genesee County",43.00091,-78.192778,4922,5075,5369,5260,5156.5,2,58112,59338,11.35744234800838574423480083857442348008,5.12802863436123348017621145374449339207,17.98767896475770925110132158590308370044,2018,0.58112,91,55.27967032967032967032967032967032967033,14.233,1.296,0,9,57,2019,1,0,1,0,0,0,0,"upstate",7733.342511013215859030837004405286343612
"36045",2020,"Q2",2,8082,9087,5719,97,1225,3,3,2,1,2046,"Jefferson County",43.996389,-76.052968,13542,13927,14826,15058,14338.25,3,114448,52268,14.24333719582850521436848203939745075319,7.9319865790577380120229274430308961275,12.77348664895847895987697469593177687683,2018,1.14448,91,53.08461538461538461538461538461538461538,17.077,0.524,0,8,53,2019,1,0,1,0,0,0,0,"upstate",7939.850412414371592338878792115196421082
"36047",2020,"Q2",2,8082,120049,56534,267,19952,15,15,13,2,43296,"Kings County",40.635045,-73.95064,244785,237721,239904,247111,242380.25,15,2600747,56015,21.14091094003769963884118638962297255752,7.44951354360881700526810181843908692387,13.20958939873813177521688960902386891151,2018,26.00747,91,60.5510989010989010989010989010989010989,16.582,0,0,2,60,2019,1,0,1,0,0,1,0,"nyc",4615.94303482807055049952955823845995016
"36049",2020,"Q2",2,8082,2034,1824,35,175,1,1,1,0,0,"Lewis County",43.782706,-75.444132,2448,2604,2795,2790,2659.25,1,26719,52380,14.06859958309645631987871896911123744552,6.21655002058460271716755866611774392754,17.29106628242074927953890489913544668588,2018,0.26719,91,53.79835164835164835164835164835164835165,17.61,4.74,0,10,61,2019,1,0,1,0,0,0,0,"upstate",7612.560350312511695796998390658333021445
"36051",2020,"Q2",2,8082,2567,2240,36,291,1,1,1,0,0,"Livingston County",42.729042,-77.778463,3280,3512,3956,3775,3630.75,1,63907,56071,13.62279605719838955990559489101763154241,4.3876257686951351182186614924812618336,16.76342184737196238283756083058193938066,2018,0.63907,91,56.20989010989010989010989010989010989011,14.37,0.772,0,6,56,2019,1,0,1,0,0,0,0,"upstate",4016.774375264055580765800303566119517424
"36053",2020,"Q2",2,8082,5218,3348,37,400,2,2,2,0,1433,"Madison County",42.910026,-75.663575,7368,7718,8160,7871,7779.25,2,71359,60228,9.89678569809438895017605367748175237635,4.65113020081559438893482251713168626242,17.01537297327597079555487044381227315405,2018,0.71359,91,53.42527472527472527472527472527472527473,16.919,4.354,0,11,62,2019,1,0,1,0,0,0,0,"upstate",7312.322201824577138132541095026555865413
"36055",2020,"Q2",2,8082,55512,40805,548,14159,5,5,4,1,0,"Monroe County",43.250347,-77.700518,74620,81411,82197,82906,80283.5,5,744248,57479,14.73786693629030465989644674562787493611,5.58886285216755705087551461340843374789,16.34280508647655082714364029194569552085,2018,7.44248,91,53.85604395604395604395604395604395604396,13.164,1.02,0,5,57,2019,1,0,1,0,0,0,0,"upstate",7458.804054562457675398523072954176564801
"36057",2020,"Q2",2,8082,4079,3346,30,703,2,2,1,1,0,"Montgomery County",42.900891,-74.435357,6172,12377,12233,12538,10830,2,49426,45837,19.93100884078327687350243741221184830207,6.13846963136810585521790150932707481892,18.13822684417108404483470238336098409744,2018,0.49426,91,55.00164835164835164835164835164835164835,15.165,1.24,0,10,58,2019,1,0,1,0,0,0,0,"upstate",8252.741472099704608910290130700441063408
"36059",2020,"Q2",2,8082,69332,38381,676,21843,12,12,10,2,8432,"Nassau County",40.729612,-73.589414,114410,118366,120903,118976,118163.75,12,1356564,111240,5.71725742725285111397576740054375297225,5.47272373437596751793501817827983051297,17.11412067547126416446256866613001671871,2018,13.56564,91,59.99340659340659340659340659340659340659,18.291,0,0,2,61,2019,1,0,1,0,0,0,1,"downstate_non_nyc",5110.853597766120875977838126325038848149
"36061",2020,"Q2",2,8082,142370,81210,412,29870,19,19,16,3,30878,"New York County",40.776642,-73.970187,270183,269942,267927,273967,270504.75,19,1632480,82459,16.61305845565465716603030566771234212382,4.89421003626384396746055081838674899539,15.76509359992159168871900421444673135352,2018,16.3248,91,61.02142857142857142857142857142857142857,16.363,0,0,2,61,2019,1,0,1,0,0,1,0,"nyc",8721.08693521513280407723218661178084877
"36063",2020,"Q2",2,8082,10213,6427,69,1391,4,4,3,1,2326,"Niagara County",43.272672,-78.812943,13895,18554,20100,19726,18068.75,4,211704,54085,13.44515595554017153186415907080496903965,5.23277784075879529909685220874428447266,18.13853304613989343611835392812606280467,2018,2.11704,91,54.94010989010989010989010989010989010989,13.23,0.221,0,5,50,2019,1,0,1,0,0,0,0,"upstate",4824.188489589237803725956996561236443336
"36065",2020,"Q2",2,8082,17654,14117,98,3439,4,4,3,1,0,"Oneida County",43.242727,-75.434282,23781,25759,23149,25096,24446.25,4,230782,53844,16.13642602250892121877573428493000274499,5.70278444592732535466370860812368382283,18.04733471414581726477801561646922203638,2018,2.30782,91,54.5532967032967032967032967032967032967,22.625,3.252,0,11,63,2019,1,0,1,0,0,0,0,"upstate",7649.643386399285906179858047854685374076
"36067",2020,"Q2",2,8082,36961,27751,440,8770,6,6,4,2,0,"Onondaga County",43.006516,-76.196134,53882,57252,58233,57786,56788.25,6,464242,59225,14.63262876524629933286911206451178148656,5.72610836589537353363116650367696158469,16.16290641518863006793870438262802590028,2018,4.64242,91,55.38296703296703296703296703296703296703,16.673,2.425,0,8,57,2019,1,0,1,0,0,0,0,"upstate",7961.580382645258292011494005281728064242
"36069",2020,"Q2",2,8082,10614,6881,83,1260,3,3,3,0,2390,"Ontario County",42.856357,-77.303497,14084,14635,15362,14603,14671,3,109472,63359,9.61467786164588810674808469736804907698,5.03051008477053493130663548669979538147,18.7901929260450160771704180064308681672,2018,1.09472,91,55.60824175824175824175824175824175824176,13.696,1.075,0,8,59,2019,1,0,1,0,0,0,0,"upstate",9695.629932768196433791289096755334697457
"36071",2020,"Q2",2,8082,24838,18708,342,5788,4,4,4,0,0,"Orange County",41.40241,-74.306252,36820,36442,39793,38907,37990.5,4,378227,76716,11.81657082533901777791045100151699770144,6.57065730368270906096074579551433398462,13.33907944171093020857844627697123684983,2018,3.78227,91,58.71208791208791208791208791208791208791,15.539,0.496,0,5,60,2019,1,0,1,0,0,0,0,"upstate",6566.955822825974877520642365563537240863
"36075",2020,"Q2",2,8082,4564,3788,24,752,2,2,2,0,0,"Oswego County",43.461443,-76.209262,6146,6359,6882,6545,6483,2,119104,53597,17.9401233427467954639429209885014999956,5.47504701773240193444384739387426114992,15.312667920472864051585169263836646964,2018,1.19104,91,53.67307692307692307692307692307692307692,16.987,1.792,0,8,61,2019,1,0,1,0,0,0,0,"upstate",3831.945190757657173562600752283718430951
"36077",2020,"Q2",2,8082,7137,2312,93,684,2,2,2,0,4048,"Otsego County",42.629776,-75.028841,9561,10461,11423,11027,10618,2,60244,53121,15.36353903939322458311407885902995772169,4.23610650023238828763030343270699156762,19.95385432574198260407675453157160879092,2018,0.60244,91,53.63461538461538461538461538461538461538,14.764,2.371,0,13,62,2019,1,0,1,0,0,0,0,"upstate",11846.8229201248257087842772724254697563
"36079",2020,"Q2",2,8082,3594,2830,50,714,1,1,1,0,0,"Putnam County",41.427907,-73.743861,5956,6126,6899,6700,6420.25,1,99070,102186,5.31570647387715812972330882503532881398,4.45947309982840415867568385989704249521,16.20369435752498233572221661451498940143,2018,0.9907,91,57.56593406593406593406593406593406593407,17.417,0.524,0,4,57,2019,1,0,1,0,0,0,0,"upstate",3627.737963056424750176642777833854850106
"36081",2020,"Q2",2,8082,96370,40861,196,16044,10,10,10,0,39269,"Queens County",40.654658,-73.841209,193781,189471,188915,189912,190519.75,10,2298513,64987,12.99004506566207794951237545329718691687,6.29929001924287572008511589884416577152,14.82071234750466932316676042293430578813,2018,22.98513,91,59.69505494505494505494505494505494505495,17.079,0,0,2,60,2019,1,0,1,0,0,1,0,"nyc",4192.710678599598958109003516621398269229
"36083",2020,"Q2",2,8082,7601,6119,63,1419,1,1,1,0,0,"Rensselaer County",42.710421,-73.513845,10629,11745,12515,12539,11857,1,159431,65851,12.01179119434647370407485976808048205942,5.31828816227709792951182643275147242381,16.0188420068869918648192635058426529345,2018,1.59431,91,54.34835164835164835164835164835164835165,15.18,1.682,0,11,63,2019,1,0,1,0,0,0,0,"upstate",4767.579705327069390520036881158620343597
"36085",2020,"Q2",2,8082,21296,6456,103,1765,3,3,2,1,12972,"Richmond County",40.561263,-74.1399,39246,39960,40658,40845,40177.25,3,474101,79267,12.8244516182788921909417402506948910287,5.77007852757112935851221575149598925124,15.46611376057000512549013817730821069772,2018,4.74101,91,60.94835164835164835164835164835164835165,15.062,0,0,1,58,2019,1,0,1,0,0,1,0,"nyc",4491.869875828146323251796558117363177888
"36087",2020,"Q2",2,8082,13110,9415,134,3561,2,2,2,0,0,"Rockland County",41.154628,-74.024662,21742,21132,21530,21682,21521.5,2,323686,91108,14.28848882776940691478531085834933543005,7.7445425504964688000098861242067930031,15.33739488269495745877177264385855427791,2018,3.23686,91,59.44725274725274725274725274725274725275,16.463,0.22,0,3,59,2019,1,0,1,0,0,0,1,"downstate_non_nyc",4050.221510970508455725610622640460199082
"36089",2020,"Q2",2,8082,10350,6778,82,1145,5,5,4,1,2345,"St. Lawrence County",44.488112,-75.074311,14971,14543,14736,14840,14772.5,5,109558,49305,17.68898643174336201503481801306572861436,5.30677814490954562879935741798864528378,16.32377370890304678800270176527501414776,2018,1.09558,91,52.34340659340659340659340659340659340659,16.121,1.736,0,13,56,2019,1,0,1,0,0,0,0,"upstate",9447.050877160955840741890140382263276073
"36091",2020,"Q2",2,8082,6602,4956,123,1523,1,1,1,0,0,"Saratoga County",43.106135,-73.855387,8965,9474,10570,9869,9719.5,1,227377,80839,6.17403834106001754166144593409347199599,5.17994344194883387501814167659877648135,17.03646367046798928651534675890701346222,2018,2.27377,91,55.49395604395604395604395604395604395604,17.275,2.426,0,7,60,2019,1,0,1,0,0,0,0,"upstate",2903.547852245389815152807891739270022913
"36093",2020,"Q2",2,8082,8797,6816,39,1932,2,2,2,0,10,"Schenectady County",42.817552,-74.043559,12765,10707,11397,13775,12161,2,154883,63785,11.40477674486453512273396369037357274524,5.82181388531988662409689894952964495781,16.47372532815092682863839156008083521109,2018,1.54883,91,55.71648351648351648351648351648351648352,14.242,0.965,0,8,59,2019,1,0,1,0,0,0,0,"upstate",5679.771182118114964198782306644370266588
"36097",2020,"Q2",2,8082,1256,,,,1,1,1,0,,"Schuyler County",42.419776,-76.938603,1703,1806,2181,1933,1905.75,1,17992,51479,13.86587995007375468058549869510949733348,5.08559359715429079590929301911960871498,20.03112494441974210760337927967985771454,2018,0.17992,91,55.29725274725274725274725274725274725275,15.347,1.516,0,9,57,2019,1,0,1,0,0,0,0,"upstate",6980.88039128501556247220987105380168964
"36101",2020,"Q2",2,8082,6660,4138,56,650,3,3,2,1,1816,"Steuben County",42.266725,-77.385525,9132,9854,10354,10292,9908,3,96927,51789,13.97664258107881028398588472525625945219,5.58461522589165041732437814024987877475,18.45615772694914729641895447089046395741,2018,0.96927,91,54.74945054945054945054945054945054945055,15.848,2.37,0,9,61,2019,1,0,1,0,0,0,0,"upstate",6871.150453434027670308582747841158810239
"36103",2020,"Q2",2,8082,81114,48689,840,20711,11,11,11,0,10874,"Suffolk County",40.943554,-72.692218,125091,109303,116461,113732,116146.75,11,1487901,96675,7.11624982190024221567058668800210431714,5.39195820152012801927009928751980138464,16.07223867717005365276318787338673742406,2018,14.87901,91,59.33021978021978021978021978021978021978,16.117,0,0,1,63,2019,1,0,1,0,0,0,1,"downstate_non_nyc",5451.572382839987337867237134728721870608
"36105",2020,"Q2",2,8082,6072,4752,45,709,2,2,2,0,566,"Sullivan County",41.719993,-74.771577,7060,7341,8510,7584,7623.75,2,75211,56256,14.66411383076901885700904971142853207344,5.62284772174283017111858637699272712768,18.01864089029530254882929358737418728643,2018,0.75211,91,55.28901098901098901098901098901098901099,17.896,1.461,0,9,59,2019,1,0,1,0,0,0,0,"upstate",8073.287152145297895254683490446876121844
"36109",2020,"Q2",2,8082,4632,3896,51,685,2,2,1,1,0,"Tompkins County",42.453006,-76.473483,7014,7465,5781,6437,6674.25,2,102962,58743,19.60586607512967879989692916120503254574,4.13162137487616790660632077853965540685,13.17087857656222684097045511936442571046,2018,1.02962,91,55.52417582417582417582417582417582417582,16.298,1.02,0,9,58,2019,1,0,1,0,0,0,0,"upstate",4498.747110584487480818165925292826479672
"36111",2020,"Q2",2,8082,7181,6085,37,1059,2,2,2,0,0,"Ulster County",41.947212,-74.265458,11473,11919,13762,12744,12474.5,2,179303,63348,13.90565850642495085772948127927391930752,4.43383546287569086964523739145468843243,18.59143461068693775341182244580403004969,2018,1.79303,91,57.29945054945054945054945054945054945055,18.753,1.682,0,6,58,2019,1,0,1,0,0,0,0,"upstate",4004.952510554759262254396189690077689721
"36113",2020,"Q2",2,8082,7936,6183,118,1635,1,1,1,0,0,"Warren County",43.555105,-73.838139,9904,10408,12281,11206,10949.75,1,64480,59813,10.49494646883524384667539143186010942748,4.39826302729528535980148883374689826303,20.92586848635235732009925558312655086849,2018,0.6448,91,53.83351648351648351648351648351648351648,14.484,1.709,0,10,56,2019,1,0,1,0,0,0,0,"upstate",12307.6923076923076923076923076923076923
"36117",2020,"Q2",2,8082,3997,3148,35,814,1,1,1,0,0,"Wayne County",43.218114,-77.049402,5743,6136,6717,6587,6295.75,1,90856,55765,11.30384310573842770875888780988737456607,5.48340230694725719820375099057849784274,17.7236506119573831117372545566610900766,2018,0.90856,91,55.10054945054945054945054945054945054945,14.73,1.709,0,7,55,2019,1,0,1,0,0,0,0,"upstate",4399.269173197147133926212908338469666285
"36119",2020,"Q2",2,8082,52000,27354,433,10344,13,13,9,4,13869,"Westchester County",41.152686,-73.745753,87602,90666,90810,92199,90319.25,13,968815,92758,9.22195869606363821888273602891338988983,5.66774874460036229827159984104292357158,16.40168659651223401784654448991809581809,2018,9.68815,91,59.27307692307692307692307692307692307692,15.985,0.22,0,3,60,2019,1,0,1,0,0,0,1,"downstate_non_nyc",5367.381801479126561830690069827572859627
"36121",2020,"Q2",2,8082,2135,1781,25,329,1,1,1,0,0,"Wyoming County",42.701365,-78.228576,3288,3211,3774,3656,3482.25,1,40565,57914,10.9376670586977440393456644926761466909,5.10538641686182669789227166276346604215,16.64982127449771970910883766794034265993,2018,0.40565,91,53.58351648351648351648351648351648351648,13.908,2.453,0,12,61,2019,1,0,1,0,0,0,0,"upstate",5263.157894736842105263157894736842105263
"36123",2020,"Q2",2,8082,1245,1201,0,44,1,1,1,0,0,"Yates County",42.638237,-77.104324,1824,1928,2314,2005,2017.75,1,25009,54343,11.4181329525889220173854617225885020787,6.04182494302051261545843496341317125835,19.49298252629053540725338878003918589308,2018,0.25009,91,55.73076923076923076923076923076923076923,14.233,1.295,0,7,58,2019,1,0,1,0,0,0,0,"upstate",4978.20784517573673477548082690231516654
"36001",2020,"Q3",3,8083,29054,19234,386,9434,5,5,2,3,0,"Albany County",42.58824,-73.97401,22985,34404,42718,43800,35976.75,5,307426,64535,11.97295379034387225740530569280196400468,5.06886210014767781514901146942678888578,16.07411214406068452245418409633537826989,2018,3.07426,92,69.03858695652173913043478260869565217391,8.138,0,1,0,39,2019,1,0,0,1,0,0,0,"upstate",9450.729606474403596312608562711026393343
"36003",2020,"Q3",3,8083,2454,,,,2,2,1,1,,"Allegany County",42.247853,-78.026153,1966,2760,5172,5051,3737.25,2,47025,47033,17.02036441586280814576634512325830653805,5.15683147262094630515683147262094630516,17.95640616693248272195640616693248272196,2018,0.47025,92,65.73043478260869565217391304347826086957,10.322,0,0,0,57,2019,1,0,0,1,0,0,0,"upstate",5218.500797448165869218500797448165869219
"36005",2020,"Q3",3,8083,142216,92142,135,22217,11,11,9,2,27722,"Bronx County",40.848711,-73.852939,98633,187164,200700,195312,170452.25,11,1437872,38085,29.05130999930851939745663454252142342351,7.37777771595802686191816795931765831729,12.1339034350762793906550791725549979414,2018,14.37872,92,73.63695652173913043478260869565217391304,10.285,0,4,0,47,2019,1,0,0,1,0,1,0,"nyc",9890.727408281126553684889892841643762449
"36007",2020,"Q3",3,8083,20638,12419,197,4091,3,3,3,0,3931,"Broome County",42.161977,-75.830283,16028,23544,24226,25671,22367.25,3,194402,50859,16.9946439413652528406626767282504987423,5.24634520220985380808839415232353576609,18.32337115873293484634931739385397269575,2018,1.94402,92,67.39347826086956521739130434782608695652,10.879,0,0,0,49,2019,1,0,0,1,0,0,0,"upstate",10616.1459244246458369769858334790794333
"36009",2020,"Q3",3,8083,6568,5466,45,1057,1,1,1,0,0,"Cattaraugus County",42.239099,-78.662332,5022,7082,7718,8130,6988,1,77686,47240,16.51518982288520139988556068610360749977,5.71531550086244625801302680019565944958,18.15771181422650155755219730710810184589,2018,0.77686,92,65.56847826086956521739130434782608695652,13.373,0,0,0,57,2019,1,0,0,1,0,0,0,"upstate",8454.547794969492572664315320649795329918
"36011",2020,"Q3",3,8083,5639,4550,80,1009,1,1,1,0,0,"Cayuga County",43.008546,-76.574587,4541,5948,5981,5713,5545.75,1,77868,56579,11.68595447349746165183689065997052240843,5.05342374274413109364565675245286895772,17.79806852622386602969127240971901166076,2018,0.77868,92,69.55,10.585,0,1,0,54,2019,1,0,0,1,0,0,0,"upstate",7241.742435917193198746596804849232033698
"36013",2020,"Q3",3,8083,12929,11590,100,1239,4,4,2,2,0,"Chautauqua County",42.304216,-79.407595,9903,13027,16604,18727,14565.25,4,129656,45332,18.73277126690632405332645527380587751681,5.43129511939285493922379218856049855001,19.02572962300240636761893009193558338989,2018,1.29656,92,68.12010869565217391304347826086956521739,16.344,0,0,0,63,2019,1,0,0,1,0,0,0,"upstate",9971.771456777935459986425618559881532671
"36015",2020,"Q3",3,8083,7849,6585,58,1206,2,2,1,1,0,"Chemung County",42.148697,-76.752471,5804,8498,11340,12420,9515.5,2,85740,53299,14.82470124445433087408396050371359013334,5.91905761604851877770002332633543270352,17.86680662467926288780032656869605784931,2018,0.8574,92,67.90326086956521739130434782608695652174,8.347,0,1,0,48,2019,1,0,0,1,0,0,0,"upstate",9154.420340564497317471425239094938185211
"36017",2020,"Q3",3,8083,3337,,,,1,1,1,0,,"Chenango County",42.478024,-75.602241,2520,4103,4308,4465,3849,1,48348,50595,14.29683391185442305669506679288944987904,5.36940514602465458757342599487052204848,19.73194341027550260610573343261355174981,2018,0.48348,92,66.00489130434782608695652173913043478261,9.885,0,0,0,47,2019,1,0,0,1,0,0,0,"upstate",6902.043517829072557292959377843964590055
"36019",2020,"Q3",3,8083,8350,6841,98,1411,1,1,1,0,0,"Clinton County",44.752712,-73.705643,6872,9019,9571,10279,8935.25,1,80794,55178,15.31046758403505168754706647497775039365,4.88278832586578211253310889422481867465,15.90835953164838973191078545436542317499,2018,0.80794,92,64.14456521739130434782608695652173913043,8.533,0,0,0,41,2019,1,0,0,1,0,0,0,"upstate",10334.9258608312498452855410055202118969
"36021",2020,"Q3",3,8083,5492,4647,59,786,1,1,1,0,0,"Columbia County",42.247696,-73.626718,4068,5950,6185,6831,5758.5,1,60919,63032,11.90427870793167596820564857094537459834,4.22199970452568164283721006582511203401,22.28697122408443999409051363285674420132,2018,0.60919,92,70.18586956521739130434782608695652173913,7.695,0,4,0,39,2019,1,0,0,1,0,0,0,"upstate",9015.249757875211346213824915051133472316
"36023",2020,"Q3",3,8083,5540,4946,48,546,1,1,1,0,0,"Cortland County",42.594039,-76.07624,4275,6789,7172,7468,6426,1,48123,54489,15.46340805966126061368435239678332359944,5.25112731957691748228497807701099266463,15.68272967188246784281944184693389855163,2018,0.48123,92,66.02717391304347826086956521739130434783,10.321,0,0,0,54,2019,1,0,0,1,0,0,0,"upstate",11512.1667393969619516655237620264738275
"36025",2020,"Q3",3,8083,2535,1671,0,0,4,4,2,2,864,"Delaware County",42.193986,-74.966728,1804,2824,3544,3908,3020,4,45502,48827,16.22548792360113114830095962171433869547,3.94488154366841017977231770032086501692,23.28469078282273306667838776317524504417,2018,0.45502,92,64.79782608695652173913043478260869565217,11.206,0,0,0,51,2019,1,0,0,1,0,0,0,"upstate",5571.183684233660058898509955606346973759
"36027",2020,"Q3",3,8083,25167,19749,277,5141,3,3,3,0,0,"Dutchess County",41.754825,-73.740014,18201,28715,29542,31407,26966.25,3,293894,78028,9.13410751819791107089163454917131453994,4.63806678598406228095844079838309050202,16.57060028445630057095415353835056176717,2018,2.93894,92,70.2288043478260869565217391304347826087,8.761,0,3,0,43,2019,1,0,0,1,0,0,0,"upstate",8563.291526877037299162282999993194825345
"36029",2020,"Q3",3,8083,83550,58282,934,16055,10,10,9,1,8279,"Erie County",42.752759,-78.778192,62924,89586,102260,106356,90281.5,10,919866,55673,14.54374666923424855685477189572631965499,5.46079537671791326127936025464578536439,17.23424933631637651570989687628415443119,2018,9.19866,92,69.15108695652173913043478260869565217391,13.03,0,0,0,55,2019,1,0,0,1,0,0,0,"upstate",9082.844675202692566091148058521567271755
"36031",2020,"Q3",3,8083,2341,2341,0,0,3,3,2,1,0,"Essex County",44.109601,-73.778431,1428,2300,3764,5032,3131,3,37751,56196,9.46696675308395772200222215891285148571,3.96015999576170167677677412518873672221,22.04444915366480358136208312362586421552,2018,0.37751,92,60.37934782608695652173913043478260869565,9.481,0,0,0,43,2019,1,0,0,1,0,0,0,"upstate",6201.160234165982358083229583322296098117
"36033",2020,"Q3",3,8083,5654,5149,62,443,2,2,2,0,0,"Franklin County",44.594376,-74.31067,3464,5607,5979,7036,5521.5,2,50692,51696,18.19857431547156403366569696431347294086,4.85875483310976090901917462321470843526,15.94137141955338120413477471790420579184,2018,0.50692,92,62.84565217391304347826086956521739130435,13.799,0,0,0,51,2019,1,0,0,1,0,0,0,"upstate",11153.6337094610589442121044740787500986
"36035",2020,"Q3",3,8083,4284,3875,33,376,1,1,1,0,0,"Fulton County",43.115609,-74.423678,3261,4864,5292,5849,4816.5,1,53743,50248,15.45504730359964212970894485371100070432,4.98111381947416407718214465139646093445,18.57172096831215228029696890757866140707,2018,0.53743,92,65.71304347826086956521739130434782608696,11.491,0,0,0,50,2019,1,0,0,1,0,0,0,"upstate",7971.270677111437768639636789907522840184
"36037",2020,"Q3",3,8083,4421,3730,43,648,2,2,1,1,0,"Genesee County",43.00091,-78.192778,4494,4922,5075,5369,4965,2,58112,59338,11.35744234800838574423480083857442348008,5.12802863436123348017621145374449339207,17.98767896475770925110132158590308370044,2018,0.58112,92,68.77173913043478260869565217391304347826,9.41,0,0,0,53,2019,1,0,0,1,0,0,0,"upstate",7607.72301762114537444933920704845814978
"36045",2020,"Q3",3,8083,11579,7463,59,949,3,3,2,1,3108,"Jefferson County",43.996389,-76.052968,9087,13542,13927,14826,12845.5,3,114448,52268,14.24333719582850521436848203939745075319,7.9319865790577380120229274430308961275,12.77348664895847895987697469593177687683,2018,1.14448,92,68.15597826086956521739130434782608695652,10.942,0,0,0,46,2019,1,0,0,1,0,0,0,"upstate",10117.2584929400251642667412274570110443
"36047",2020,"Q3",3,8083,169229,87498,537,20306,15,15,13,2,60888,"Kings County",40.635045,-73.95064,120049,244785,237721,239904,210614.75,15,2600747,56015,21.14091094003769963884118638962297255752,7.44951354360881700526810181843908692387,13.20958939873813177521688960902386891151,2018,26.00747,92,74.06195652173913043478260869565217391304,8.897,0,3,0,40,2019,1,0,0,1,0,1,0,"nyc",6506.938198909774768556880004091132278534
"36049",2020,"Q3",3,8083,2543,2306,43,194,1,1,1,0,0,"Lewis County",43.782706,-75.444132,2034,2448,2604,2795,2470.25,1,26719,52380,14.06859958309645631987871896911123744552,6.21655002058460271716755866611774392754,17.29106628242074927953890489913544668588,2018,0.26719,92,66.80271739130434782608695652173913043478,10.328,0,0,0,53,2019,1,0,0,1,0,0,0,"upstate",9517.571765410382125079531419589056476665
"36051",2020,"Q3",3,8083,3247,2893,50,304,1,1,1,0,0,"Livingston County",42.729042,-77.778463,2567,3280,3512,3956,3328.75,1,63907,56071,13.62279605719838955990559489101763154241,4.3876257686951351182186614924812618336,16.76342184737196238283756083058193938066,2018,0.63907,92,68.67717391304347826086956521739130434783,9.365,0,1,0,53,2019,1,0,0,1,0,0,0,"upstate",5080.820567386984211432237470073700846543
"36053",2020,"Q3",3,8083,7067,4539,51,383,2,2,2,0,2094,"Madison County",42.910026,-75.663575,5218,7368,7718,8160,7116,2,71359,60228,9.89678569809438895017605367748175237635,4.65113020081559438893482251713168626242,17.01537297327597079555487044381227315405,2018,0.71359,92,66.125,11.527,0,0,0,60,2019,1,0,0,1,0,0,0,"upstate",9903.445956361496097198671506046889670539
"36055",2020,"Q3",3,8083,71890,54810,711,16369,5,5,4,1,0,"Monroe County",43.250347,-77.700518,55512,74620,81411,82197,73435,5,744248,57479,14.73786693629030465989644674562787493611,5.58886285216755705087551461340843374789,16.34280508647655082714364029194569552085,2018,7.44248,92,69.9086956521739130434782608695652173913,9.447,0,3,0,48,2019,1,0,0,1,0,0,0,"upstate",9659.414603734239124592877642936225559222
"36057",2020,"Q3",3,8083,5086,4372,34,680,2,2,1,1,0,"Montgomery County",42.900891,-74.435357,4079,6172,12377,12233,8715.25,2,49426,45837,19.93100884078327687350243741221184830207,6.13846963136810585521790150932707481892,18.13822684417108404483470238336098409744,2018,0.49426,92,67.55978260869565217391304347826086956522,10.297,0,2,0,41,2019,1,0,0,1,0,0,0,"upstate",10290.1307004410634079229555294784121717
"36059",2020,"Q3",3,8083,88726,53561,1011,23321,12,12,10,2,10833,"Nassau County",40.729612,-73.589414,69332,114410,118366,120903,105752.75,12,1356564,111240,5.71725742725285111397576740054375297225,5.47272373437596751793501817827983051297,17.11412067547126416446256866613001671871,2018,13.56564,92,72.92173913043478260869565217391304347826,8.745,0,2,0,49,2019,1,0,0,1,0,0,1,"downstate_non_nyc",6540.494956375077032856540494956375077033
"36061",2020,"Q3",3,8083,198976,123680,730,32759,19,19,16,3,41807,"New York County",40.776642,-73.970187,142370,270183,269942,267927,237605.5,19,1632480,82459,16.61305845565465716603030566771234212382,4.89421003626384396746055081838674899539,15.76509359992159168871900421444673135352,2018,16.3248,92,73.82336956521739130434782608695652173913,10.633,0,5,0,45,2019,1,0,0,1,0,1,0,"nyc",12188.5719886307948642556110947760462609
"36063",2020,"Q3",3,8083,13771,9017,84,1506,4,4,3,1,3164,"Niagara County",43.272672,-78.812943,10213,13895,18554,20100,15690.5,4,211704,54085,13.44515595554017153186415907080496903965,5.23277784075879529909685220874428447266,18.13853304613989343611835392812606280467,2018,2.11704,92,70.46358695652173913043478260869565217391,10.202,0,0,0,49,2019,1,0,0,1,0,0,0,"upstate",6504.836942145637304916298227714166950081
"36065",2020,"Q3",3,8083,22261,18531,148,3582,4,4,3,1,0,"Oneida County",43.242727,-75.434282,17654,23781,25759,23149,22585.75,4,230782,53844,16.13642602250892121877573428493000274499,5.70278444592732535466370860812368382283,18.04733471414581726477801561646922203638,2018,2.30782,92,67.18478260869565217391304347826086956522,14.118,0,0,0,53,2019,1,0,0,1,0,0,0,"upstate",9645.899593555823244447140591553934015651
"36067",2020,"Q3",3,8083,50256,38951,638,10667,6,6,4,2,0,"Onondaga County",43.006516,-76.196134,36961,53882,57252,58233,51582,6,464242,59225,14.63262876524629933286911206451178148656,5.72610836589537353363116650367696158469,16.16290641518863006793870438262802590028,2018,4.64242,92,68.49836956521739130434782608695652173913,11.383,0,0,0,54,2019,1,0,0,1,0,0,0,"upstate",10825.38848273098944085196944696946851
"36069",2020,"Q3",3,8083,13306,9757,79,1418,3,3,3,0,2052,"Ontario County",42.856357,-77.303497,10614,14084,14635,15362,13673.75,3,109472,63359,9.61467786164588810674808469736804907698,5.03051008477053493130663548669979538147,18.7901929260450160771704180064308681672,2018,1.09472,92,69.07663043478260869565217391304347826087,8.585,0,1,0,52,2019,1,0,0,1,0,0,0,"upstate",12154.7062262496346097632271265711780181
"36071",2020,"Q3",3,8083,32075,25053,430,6592,4,4,4,0,0,"Orange County",41.40241,-74.306252,24838,36820,36442,39793,34473.25,4,378227,76716,11.81657082533901777791045100151699770144,6.57065730368270906096074579551433398462,13.33907944171093020857844627697123684983,2018,3.78227,92,71.59891304347826086956521739130434782609,6.395,0,8,0,43,2019,1,0,0,1,0,0,0,"upstate",8480.357034267780988665536833700396851626
"36075",2020,"Q3",3,8083,5917,5047,32,838,2,2,2,0,0,"Oswego County",43.461443,-76.209262,4564,6146,6359,6882,5987.75,2,119104,53597,17.9401233427467954639429209885014999956,5.47504701773240193444384739387426114992,15.312667920472864051585169263836646964,2018,1.19104,92,67.94782608695652173913043478260869565217,14.479,0,0,0,52,2019,1,0,0,1,0,0,0,"upstate",4967.927189682966147232670607200429876411
"36077",2020,"Q3",3,8083,9376,3043,104,991,2,2,2,0,5238,"Otsego County",42.629776,-75.028841,7137,9561,10461,11423,9645.5,2,60244,53121,15.36353903939322458311407885902995772169,4.23610650023238828763030343270699156762,19.95385432574198260407675453157160879092,2018,0.60244,92,65.43097826086956521739130434782608695652,10.751,0,0,0,49,2019,1,0,0,1,0,0,0,"upstate",15563.375605869464179005378128942301308
"36079",2020,"Q3",3,8083,4930,4124,63,743,1,1,1,0,0,"Putnam County",41.427907,-73.743861,3594,5956,6126,6899,5643.75,1,99070,102186,5.31570647387715812972330882503532881398,4.45947309982840415867568385989704249521,16.20369435752498233572221661451498940143,2018,0.9907,92,70.63152173913043478260869565217391304348,9.091,0,1,0,44,2019,1,0,0,1,0,0,0,"upstate",4976.279398405168062985767639043100837791
"36081",2020,"Q3",3,8083,137167,67391,376,17026,10,10,10,0,52374,"Queens County",40.654658,-73.841209,96370,193781,189471,188915,167134.25,10,2298513,64987,12.99004506566207794951237545329718691687,6.29929001924287572008511589884416577152,14.82071234750466932316676042293430578813,2018,22.98513,92,73.26739130434782608695652173913043478261,9.193,0,2,0,40,2019,1,0,0,1,0,1,0,"nyc",5967.640818215950921313040213390135274414
"36083",2020,"Q3",3,8083,10208,8558,103,1547,1,1,1,0,0,"Rensselaer County",42.710421,-73.513845,7601,10629,11745,12515,10622.5,1,159431,65851,12.01179119434647370407485976808048205942,5.31828816227709792951182643275147242381,16.0188420068869918648192635058426529345,2018,1.59431,92,67.31576086956521739130434782608695652174,9.89,0,0,0,45,2019,1,0,0,1,0,0,0,"upstate",6402.769850280058457890874422163820085178
"36085",2020,"Q3",3,8083,28892,9402,140,1735,3,3,2,1,17615,"Richmond County",40.561263,-74.1399,21296,39246,39960,40658,35290,3,474101,79267,12.8244516182788921909417402506948910287,5.77007852757112935851221575149598925124,15.46611376057000512549013817730821069772,2018,4.74101,92,73.87771739130434782608695652173913043478,9.346,0,3,0,42,2019,1,0,0,1,0,1,0,"nyc",6094.060126428756741706935863877106354975
"36087",2020,"Q3",3,8083,17503,13442,171,3890,2,2,2,0,0,"Rockland County",41.154628,-74.024662,13110,21742,21132,21530,19378.5,2,323686,91108,14.28848882776940691478531085834933543005,7.7445425504964688000098861242067930031,15.33739488269495745877177264385855427791,2018,3.23686,92,72.39293478260869565217391304347826086957,10.527,0,8,0,46,2019,1,0,0,1,0,0,1,"downstate_non_nyc",5407.400999734310411942438041805947739476
"36089",2020,"Q3",3,8083,14170,9765,101,1241,5,5,4,1,3063,"St. Lawrence County",44.488112,-75.074311,10350,14971,14543,14736,13650,5,109558,49305,17.68898643174336201503481801306572861436,5.30677814490954562879935741798864528378,16.32377370890304678800270176527501414776,2018,1.09558,92,66.275,12.909,0,0,0,51,2019,1,0,0,1,0,0,0,"upstate",12933.7884955913762573248872743204512678
"36091",2020,"Q3",3,8083,8465,6439,161,1865,1,1,1,0,0,"Saratoga County",43.106135,-73.855387,6602,8965,9474,10570,8902.75,1,227377,80839,6.17403834106001754166144593409347199599,5.17994344194883387501814167659877648135,17.03646367046798928651534675890701346222,2018,2.27377,92,68.99184782608695652173913043478260869565,10.044,0,0,0,43,2019,1,0,0,1,0,0,0,"upstate",3722.891937179222172867088579759606292633
"36093",2020,"Q3",3,8083,10687,9197,44,1432,2,2,2,0,14,"Schenectady County",42.817552,-74.043559,8797,12765,10707,11397,10916.5,2,154883,63785,11.40477674486453512273396369037357274524,5.82181388531988662409689894952964495781,16.47372532815092682863839156008083521109,2018,1.54883,92,69.13097826086956521739130434782608695652,9.809,0,4,0,41,2019,1,0,0,1,0,0,0,"upstate",6900.047132351516951505329829613321022966
"36097",2020,"Q3",3,8083,1817,,,,1,1,1,0,,"Schuyler County",42.419776,-76.938603,1256,1703,1806,2181,1736.5,1,17992,51479,13.86587995007375468058549869510949733348,5.08559359715429079590929301911960871498,20.03112494441974210760337927967985771454,2018,0.17992,92,67.95597826086956521739130434782608695652,9.544,0,0,0,54,2019,1,0,0,1,0,0,0,"upstate",10098.9328590484659848821698532681191641
"36101",2020,"Q3",3,8083,8929,5657,86,770,3,3,2,1,2416,"Steuben County",42.266725,-77.385525,6660,9132,9854,10354,9000,3,96927,51789,13.97664258107881028398588472525625945219,5.58461522589165041732437814024987877475,18.45615772694914729641895447089046395741,2018,0.96927,92,66.8125,9.927,0,0,0,48,2019,1,0,0,1,0,0,0,"upstate",9212.087447254119079307107410731787840333
"36103",2020,"Q3",3,8083,115162,75802,1341,23519,11,11,11,0,14500,"Suffolk County",40.943554,-72.692218,81114,125091,109303,116461,107992.25,11,1487901,96675,7.11624982190024221567058668800210431714,5.39195820152012801927009928751980138464,16.07223867717005365276318787338673742406,2018,14.87901,92,73.43097826086956521739130434782608695652,7.888,0,2,0,38,2019,1,0,0,1,0,0,1,"downstate_non_nyc",7739.896673232963752292659256227396849656
"36105",2020,"Q3",3,8083,7491,5860,69,738,2,2,2,0,824,"Sullivan County",41.719993,-74.771577,6072,7060,7341,8510,7245.75,2,75211,56256,14.66411383076901885700904971142853207344,5.62284772174283017111858637699272712768,18.01864089029530254882929358737418728643,2018,0.75211,92,67.34021739130434782608695652173913043478,7.7,0,0,0,42,2019,1,0,0,1,0,0,0,"upstate",9959.979258353166425123984523540439563362
"36109",2020,"Q3",3,8083,6182,5239,69,874,2,2,1,1,0,"Tompkins County",42.453006,-76.473483,4632,7014,7465,5781,6223,2,102962,58743,19.60586607512967879989692916120503254574,4.13162137487616790660632077853965540685,13.17087857656222684097045511936442571046,2018,1.02962,92,68.39728260869565217391304347826086956522,10.563,0,2,0,52,2019,1,0,0,1,0,0,0,"upstate",6004.156873409607427983139410656358656592
"36111",2020,"Q3",3,8083,10129,8765,58,1306,2,2,2,0,0,"Ulster County",41.947212,-74.265458,7181,11473,11919,13762,11083.75,2,179303,63348,13.90565850642495085772948127927391930752,4.43383546287569086964523739145468843243,18.59143461068693775341182244580403004969,2018,1.79303,92,69.77554347826086956521739130434782608696,6.574,0,1,0,46,2019,1,0,0,1,0,0,0,"upstate",5649.096780310424253916554658873526934853
"36113",2020,"Q3",3,8083,10937,8621,133,2183,1,1,1,0,0,"Warren County",43.555105,-73.838139,7936,9904,10408,12281,10132.25,1,64480,59813,10.49494646883524384667539143186010942748,4.39826302729528535980148883374689826303,20.92586848635235732009925558312655086849,2018,0.6448,92,67.70217391304347826086956521739130434783,9.128,0,1,0,44,2019,1,0,0,1,0,0,0,"upstate",16961.8486352357320099255583126550868486
"36117",2020,"Q3",3,8083,5307,4336,47,924,1,1,1,0,0,"Wayne County",43.218114,-77.049402,3997,5743,6136,6717,5648.25,1,90856,55765,11.30384310573842770875888780988737456607,5.48340230694725719820375099057849784274,17.7236506119573831117372545566610900766,2018,0.90856,92,69.325,10.111,0,4,0,54,2019,1,0,0,1,0,0,0,"upstate",5841.111208946024478295324469490182266444
"36119",2020,"Q3",3,8083,69939,40506,573,11220,13,13,9,4,17640,"Westchester County",41.152686,-73.745753,52000,87602,90666,90810,80269.5,13,968815,92758,9.22195869606363821888273602891338988983,5.66774874460036229827159984104292357158,16.40168659651223401784654448991809581809,2018,9.68815,92,72.4,10.389,0,8,0,48,2019,1,0,0,1,0,0,1,"downstate_non_nyc",7219.025304108627550151473707570588812106
"36121",2020,"Q3",3,8083,3035,2654,32,349,1,1,1,0,0,"Wyoming County",42.701365,-78.228576,2135,3288,3211,3774,3102,1,40565,57914,10.9376670586977440393456644926761466909,5.10538641686182669789227166276346604215,16.64982127449771970910883766794034265993,2018,0.40565,92,66.36358695652173913043478260869565217391,10.147,0,0,0,57,2019,1,0,0,1,0,0,0,"upstate",7481.819302354246271416245531862442992728
"36123",2020,"Q3",3,8083,1724,1663,0,61,1,1,1,0,0,"Yates County",42.638237,-77.104324,1245,1824,1928,2314,1827.75,1,25009,54343,11.4181329525889220173854617225885020787,6.04182494302051261545843496341317125835,19.49298252629053540725338878003918589308,2018,0.25009,92,68.63097826086956521739130434782608695652,9.138,0,2,0,55,2019,1,0,0,1,0,0,0,"upstate",6893.518333399976008636890719341037226598
"36001",2020,"Q4",4,8084,26805,17320,341,9144,5,5,2,3,0,"Albany County",42.58824,-73.97401,29054,22985,34404,42718,32290.25,5,307426,64535,11.97295379034387225740530569280196400468,5.06886210014767781514901146942678888578,16.07411214406068452245418409633537826989,2018,3.07426,92,38.61847826086956521739130434782608695652,16.082,22.572,0,50,42,2019,1,0,0,0,1,0,0,"upstate",8719.171442883815942698405469934228074398
"36003",2020,"Q4",4,8084,2336,,,,2,2,1,1,,"Allegany County",42.247853,-78.026153,2454,1966,2760,5172,3088,2,47025,47033,17.02036441586280814576634512325830653805,5.15683147262094630515683147262094630516,17.95640616693248272195640616693248272196,2018,0.47025,92,37.98043478260869565217391304347826086957,10.641,16.067,0,54,52,2019,1,0,0,0,1,0,0,"upstate",4967.570441254651780967570441254651780968
"36005",2020,"Q4",4,8084,137389,90683,156,21173,11,11,9,2,25377,"Bronx County",40.848711,-73.852939,142216,98633,187164,200700,157178.25,11,1437872,38085,29.05130999930851939745663454252142342351,7.37777771595802686191816795931765831729,12.1339034350762793906550791725549979414,2018,14.37872,92,45.41413043478260869565217391304347826087,14.977,8.901,0,35,42,2019,1,0,0,0,1,1,0,"nyc",9555.022978401415425016969521626403462895
"36007",2020,"Q4",4,8084,19133,11094,208,3865,3,3,3,0,3966,"Broome County",42.161977,-75.830283,20638,16028,23544,24226,21109,3,194402,50859,16.9946439413652528406626767282504987423,5.24634520220985380808839415232353576609,18.32337115873293484634931739385397269575,2018,1.94402,92,38.46304347826086956521739130434782608696,13.79,17.668,0,50,45,2019,1,0,0,0,1,0,0,"upstate",9841.976934393679077375747163095029886524
"36009",2020,"Q4",4,8084,5552,4518,44,990,1,1,1,0,0,"Cattaraugus County",42.239099,-78.662332,6568,5022,7082,7718,6597.5,1,77686,47240,16.51518982288520139988556068610360749977,5.71531550086244625801302680019565944958,18.15771181422650155755219730710810184589,2018,0.77686,92,37.69782608695652173913043478260869565217,12.704,23.317,0,55,53,2019,1,0,0,0,1,0,0,"upstate",7146.718842519887753263136215019437221636
"36011",2020,"Q4",4,8084,5332,4261,71,1000,1,1,1,0,0,"Cayuga County",43.008546,-76.574587,5639,4541,5948,5981,5527.25,1,77868,56579,11.68595447349746165183689065997052240843,5.05342374274413109364565675245286895772,17.79806852622386602969127240971901166076,2018,0.77868,92,40.75978260869565217391304347826086956522,13.928,19.87,0,42,50,2019,1,0,0,0,1,0,0,"upstate",6847.485488262187291313504905737915446653
"36013",2020,"Q4",4,8084,11576,10170,80,1326,4,4,2,2,0,"Chautauqua County",42.304216,-79.407595,12929,9903,13027,16604,13115.75,4,129656,45332,18.73277126690632405332645527380587751681,5.43129511939285493922379218856049855001,19.02572962300240636761893009193558338989,2018,1.29656,92,40.4,15.317,32.303,0,43,55,2019,1,0,0,0,1,0,0,"upstate",8928.240883568828284074782501388289010921
"36015",2020,"Q4",4,8084,7053,5808,50,1195,2,2,1,1,0,"Chemung County",42.148697,-76.752471,7849,5804,8498,11340,8372.75,2,85740,53299,14.82470124445433087408396050371359013334,5.91905761604851877770002332633543270352,17.86680662467926288780032656869605784931,2018,0.8574,92,39.02336956521739130434782608695652173913,11.812,14.801,0,49,43,2019,1,0,0,0,1,0,0,"upstate",8226.032190342897130860741777466759972008
"36017",2020,"Q4",4,8084,3213,,,,1,1,1,0,,"Chenango County",42.478024,-75.602241,3337,2520,4103,4308,3567,1,48348,50595,14.29683391185442305669506679288944987904,5.36940514602465458757342599487052204848,19.73194341027550260610573343261355174981,2018,0.48348,92,37.0375,15.84,20.806,0,53,49,2019,1,0,0,0,1,0,0,"upstate",6645.569620253164556962025316455696202532
"36019",2020,"Q4",4,8084,8246,6110,98,2038,1,1,1,0,0,"Clinton County",44.752712,-73.705643,8350,6872,9019,9571,8453,1,80794,55178,15.31046758403505168754706647497775039365,4.88278832586578211253310889422481867465,15.90835953164838973191078545436542317499,2018,0.80794,92,32.71467391304347826086956521739130434783,13.18,22.738,0,58,52,2019,1,0,0,0,1,0,0,"upstate",10206.2034309478426615837809738346906949
"36021",2020,"Q4",4,8084,5052,4217,58,777,1,1,1,0,0,"Columbia County",42.247696,-73.626718,5492,4068,5950,6185,5423.75,1,60919,63032,11.90427870793167596820564857094537459834,4.22199970452568164283721006582511203401,22.28697122408443999409051363285674420132,2018,0.60919,92,40.04347826086956521739130434782608695652,16.386,21,0,42,41,2019,1,0,0,0,1,0,0,"upstate",8292.979201891035637485841855578719282982
"36023",2020,"Q4",4,8084,5102,4422,44,636,1,1,1,0,0,"Cortland County",42.594039,-76.07624,5540,4275,6789,7172,5944,1,48123,54489,15.46340805966126061368435239678332359944,5.25112731957691748228497807701099266463,15.68272967188246784281944184693389855163,2018,0.48123,92,37.17445652173913043478260869565217391304,14.957,23.591,0,50,46,2019,1,0,0,0,1,0,0,"upstate",10601.9990441161191114435924609853916007
"36025",2020,"Q4",4,8084,2065,1374,0,0,4,4,2,2,691,"Delaware County",42.193986,-74.966728,2535,1804,2824,3544,2676.75,4,45502,48827,16.22548792360113114830095962171433869547,3.94488154366841017977231770032086501692,23.28469078282273306667838776317524504417,2018,0.45502,92,36.50923913043478260869565217391304347826,14.637,21.964,0,56,49,2019,1,0,0,0,1,0,0,"upstate",4538.262054415190541075117577249351676849
"36027",2020,"Q4",4,8084,23403,17500,258,5645,3,3,3,0,0,"Dutchess County",41.754825,-73.740014,25167,18201,28715,29542,25406.25,3,293894,78028,9.13410751819791107089163454917131453994,4.63806678598406228095844079838309050202,16.57060028445630057095415353835056176717,2018,2.93894,92,40.99347826086956521739130434782608695652,15.021,13.396,0,40,40,2019,1,0,0,0,1,0,0,"upstate",7963.075122323014420165093537125630329302
"36029",2020,"Q4",4,8084,73137,50660,705,15166,10,10,9,1,6606,"Erie County",42.752759,-78.778192,83550,62924,89586,102260,84580,10,919866,55673,14.54374666923424855685477189572631965499,5.46079537671791326127936025464578536439,17.23424933631637651570989687628415443119,2018,9.19866,92,41.78315217391304347826086956521739130435,14.331,22.267,0,37,55,2019,1,0,0,0,1,0,0,"upstate",7950.831969004181043760721670330243752894
"36031",2020,"Q4",4,8084,1664,1664,0,0,3,3,2,1,0,"Essex County",44.109601,-73.778431,2341,1428,2300,3764,2458.25,3,37751,56196,9.46696675308395772200222215891285148571,3.96015999576170167677677412518873672221,22.04444915366480358136208312362586421552,2018,0.37751,92,28.92554347826086956521739130434782608696,17.715,36.82,0,68,54,2019,1,0,0,0,1,0,0,"upstate",4407.830256152154909803713808905724351673
"36033",2020,"Q4",4,8084,4754,4233,56,465,2,2,2,0,0,"Franklin County",44.594376,-74.31067,5654,3464,5607,5979,5176,2,50692,51696,18.19857431547156403366569696431347294086,4.85875483310976090901917462321470843526,15.94137141955338120413477471790420579184,2018,0.50692,92,32.36141304347826086956521739130434782609,15.975,25.495,0,58,54,2019,1,0,0,0,1,0,0,"upstate",9378.205634025092716799494989347431547384
"36035",2020,"Q4",4,8084,3607,3245,28,334,1,1,1,0,0,"Fulton County",43.115609,-74.423678,4284,3261,4864,5292,4425.25,1,53743,50248,15.45504730359964212970894485371100070432,4.98111381947416407718214465139646093445,18.57172096831215228029696890757866140707,2018,0.53743,92,35.4336956521739130434782608695652173913,20.262,28.992,0,56,46,2019,1,0,0,0,1,0,0,"upstate",6711.571739575386561970861321474424576224
"36037",2020,"Q4",4,8084,4147,3345,35,767,2,2,1,1,0,"Genesee County",43.00091,-78.192778,4421,4494,4922,5075,4728,2,58112,59338,11.35744234800838574423480083857442348008,5.12802863436123348017621145374449339207,17.98767896475770925110132158590308370044,2018,0.58112,92,39.90923913043478260869565217391304347826,14.19,22.435,0,44,51,2019,1,0,0,0,1,0,0,"upstate",7136.219713656387665198237885462555066079
"36045",2020,"Q4",4,8084,10754,7082,45,1288,3,3,2,1,2339,"Jefferson County",43.996389,-76.052968,11579,9087,13542,13927,12033.75,3,114448,52268,14.24333719582850521436848203939745075319,7.9319865790577380120229274430308961275,12.77348664895847895987697469593177687683,2018,1.14448,92,39.75054347826086956521739130434782608696,15.982,22.296,0,41,52,2019,1,0,0,0,1,0,0,"upstate",9396.407101915280301971200894729484132532
"36047",2020,"Q4",4,8084,165726,84669,491,19241,15,15,13,2,61325,"Kings County",40.635045,-73.95064,169229,120049,244785,237721,192946,15,2600747,56015,21.14091094003769963884118638962297255752,7.44951354360881700526810181843908692387,13.20958939873813177521688960902386891151,2018,26.00747,92,46.40489130434782608695652173913043478261,14.355,6.809,1,26,44,2019,1,0,0,0,1,1,0,"nyc",6372.246127747143416872152500800731482147
"36049",2020,"Q4",4,8084,2109,1850,27,232,1,1,1,0,0,"Lewis County",43.782706,-75.444132,2543,2034,2448,2604,2407.25,1,26719,52380,14.06859958309645631987871896911123744552,6.21655002058460271716755866611774392754,17.29106628242074927953890489913544668588,2018,0.26719,92,37.18641304347826086956521739130434782609,16.86,27.422,0,49,50,2019,1,0,0,0,1,0,0,"upstate",7893.259478273887495789513080579363000112
"36051",2020,"Q4",4,8084,2735,2356,39,340,1,1,1,0,0,"Livingston County",42.729042,-77.778463,3247,2567,3280,3512,3151.5,1,63907,56071,13.62279605719838955990559489101763154241,4.3876257686951351182186614924812618336,16.76342184737196238283756083058193938066,2018,0.63907,92,40.45108695652173913043478260869565217391,10.249,17.116,0,43,50,2019,1,0,0,0,1,0,0,"upstate",4279.656375670896771871625956467992551677
"36053",2020,"Q4",4,8084,6241,4045,43,464,2,2,2,0,1689,"Madison County",42.910026,-75.663575,7067,5218,7368,7718,6842.75,2,71359,60228,9.89678569809438895017605367748175237635,4.65113020081559438893482251713168626242,17.01537297327597079555487044381227315405,2018,0.71359,92,36.91304347826086956521739130434782608696,16.14,28.081,0,50,51,2019,1,0,0,0,1,0,0,"upstate",8745.918524643002284224834989279558289774
"36055",2020,"Q4",4,8084,77599,59844,596,17159,5,5,4,1,0,"Monroe County",43.250347,-77.700518,71890,55512,74620,81411,70858.25,5,744248,57479,14.73786693629030465989644674562787493611,5.58886285216755705087551461340843374789,16.34280508647655082714364029194569552085,2018,7.44248,92,41.44728260869565217391304347826086956522,13.149,20.613,0,36,51,2019,1,0,0,0,1,0,0,"upstate",10426.497619073212155088088916597693242
"36057",2020,"Q4",4,8084,4755,3975,30,750,2,2,1,1,0,"Montgomery County",42.900891,-74.435357,5086,4079,6172,12377,6928.5,2,49426,45837,19.93100884078327687350243741221184830207,6.13846963136810585521790150932707481892,18.13822684417108404483470238336098409744,2018,0.49426,92,37.71467391304347826086956521739130434783,16.633,24.25,0,53,44,2019,1,0,0,0,1,0,0,"upstate",9620.442681989236434265366406344838748837
"36059",2020,"Q4",4,8084,92664,55355,1032,24640,12,12,10,2,11637,"Nassau County",40.729612,-73.589414,88726,69332,114410,118366,97708.5,12,1356564,111240,5.71725742725285111397576740054375297225,5.47272373437596751793501817827983051297,17.11412067547126416446256866613001671871,2018,13.56564,92,45.61141304347826086956521739130434782609,15.796,7.138,0,33,43,2019,1,0,0,0,1,0,1,"downstate_non_nyc",6830.787194706626447406830787194706626447
"36061",2020,"Q4",4,8084,206140,122420,769,32923,19,19,16,3,50028,"New York County",40.776642,-73.970187,198976,142370,270183,269942,220367.75,19,1632480,82459,16.61305845565465716603030566771234212382,4.89421003626384396746055081838674899539,15.76509359992159168871900421444673135352,2018,16.3248,92,45.65054347826086956521739130434782608696,14.498,8.324,0,34,42,2019,1,0,0,0,1,1,0,"nyc",12627.4135058316181515240615505243555817
"36063",2020,"Q4",4,8084,12118,7711,55,1462,4,4,3,1,2890,"Niagara County",43.272672,-78.812943,13771,10213,13895,18554,14108.25,4,211704,54085,13.44515595554017153186415907080496903965,5.23277784075879529909685220874428447266,18.13853304613989343611835392812606280467,2018,2.11704,92,41.83478260869565217391304347826086956522,11.03,18.768,0,35,48,2019,1,0,0,0,1,0,0,"upstate",5724.029777425084079658390960964365340286
"36065",2020,"Q4",4,8084,22810,19619,133,3058,4,4,3,1,0,"Oneida County",43.242727,-75.434282,22261,17654,23781,25759,22363.75,4,230782,53844,16.13642602250892121877573428493000274499,5.70278444592732535466370860812368382283,18.04733471414581726477801561646922203638,2018,2.30782,92,37.50054347826086956521739130434782608696,19.095,26.043,0,49,49,2019,1,0,0,0,1,0,0,"upstate",9883.786430484179875380228960664176582229
"36067",2020,"Q4",4,8084,51131,39812,545,10774,6,6,4,2,0,"Onondaga County",43.006516,-76.196134,50256,36961,53882,57252,49587.75,6,464242,59225,14.63262876524629933286911206451178148656,5.72610836589537353363116650367696158469,16.16290641518863006793870438262802590028,2018,4.64242,92,39.72282608695652173913043478260869565217,15.177,23.343,0,44,51,2019,1,0,0,0,1,0,0,"upstate",11013.8677672420849470750169092843818526
"36069",2020,"Q4",4,8084,12164,8726,83,1466,3,3,3,0,1889,"Ontario County",42.856357,-77.303497,13306,10614,14084,14635,13159.75,3,109472,63359,9.61467786164588810674808469736804907698,5.03051008477053493130663548669979538147,18.7901929260450160771704180064308681672,2018,1.09472,92,40.18152173913043478260869565217391304348,11.635,17.889,0,42,47,2019,1,0,0,0,1,0,0,"upstate",11111.5171002630809704764688687518269512
"36071",2020,"Q4",4,8084,30403,23659,364,6380,4,4,4,0,0,"Orange County",41.40241,-74.306252,32075,24838,36820,36442,32543.75,4,378227,76716,11.81657082533901777791045100151699770144,6.57065730368270906096074579551433398462,13.33907944171093020857844627697123684983,2018,3.78227,92,42.35054347826086956521739130434782608696,15.05,12.402,0,36,42,2019,1,0,0,0,1,0,0,"upstate",8038.294463377812794961755771005242883242
"36075",2020,"Q4",4,8084,5334,4491,32,811,2,2,2,0,0,"Oswego County",43.461443,-76.209262,5917,4564,6146,6359,5746.5,2,119104,53597,17.9401233427467954639429209885014999956,5.47504701773240193444384739387426114992,15.312667920472864051585169263836646964,2018,1.19104,92,39.63315217391304347826086956521739130435,15.891,22.85,0,46,51,2019,1,0,0,0,1,0,0,"upstate",4478.439011284255776464266523374529822676
"36077",2020,"Q4",4,8084,8209,2460,74,981,2,2,2,0,4694,"Otsego County",42.629776,-75.028841,9376,7137,9561,10461,9133.75,2,60244,53121,15.36353903939322458311407885902995772169,4.23610650023238828763030343270699156762,19.95385432574198260407675453157160879092,2018,0.60244,92,36.95760869565217391304347826086956521739,15.954,23.427,0,54,48,2019,1,0,0,0,1,0,0,"upstate",13626.2532368368634220835269902396919195
"36079",2020,"Q4",4,8084,4688,3832,58,798,1,1,1,0,0,"Putnam County",41.427907,-73.743861,4930,3594,5956,6126,5151.5,1,99070,102186,5.31570647387715812972330882503532881398,4.45947309982840415867568385989704249521,16.20369435752498233572221661451498940143,2018,0.9907,92,41.525,15.894,10.527,0,38,41,2019,1,0,0,0,1,0,0,"upstate",4732.007671343494498839204602806096699304
"36081",2020,"Q4",4,8084,139457,68678,380,17672,10,10,10,0,52727,"Queens County",40.654658,-73.841209,137167,96370,193781,189471,154197.25,10,2298513,64987,12.99004506566207794951237545329718691687,6.29929001924287572008511589884416577152,14.82071234750466932316676042293430578813,2018,22.98513,92,46.37336956521739130434782608695652173913,14.523,6.421,1,25,42,2019,1,0,0,0,1,1,0,"nyc",6067.270448328984869783203314490716389248
"36083",2020,"Q4",4,8084,9671,7948,108,1615,1,1,1,0,0,"Rensselaer County",42.710421,-73.513845,10208,7601,10629,11745,10045.75,1,159431,65851,12.01179119434647370407485976808048205942,5.31828816227709792951182643275147242381,16.0188420068869918648192635058426529345,2018,1.59431,92,37.56086956521739130434782608695652173913,16.536,24.858,0,52,47,2019,1,0,0,0,1,0,0,"upstate",6065.947024104471526867422270449285270744
"36085",2020,"Q4",4,8084,27991,9386,161,1768,3,3,2,1,16676,"Richmond County",40.561263,-74.1399,28892,21296,39246,39960,32348.5,3,474101,79267,12.8244516182788921909417402506948910287,5.77007852757112935851221575149598925124,15.46611376057000512549013817730821069772,2018,4.74101,92,46.50326086956521739130434782608695652174,14.181,5.869,0,24,47,2019,1,0,0,0,1,1,0,"nyc",5904.016232828026095705345485455630762222
"36087",2020,"Q4",4,8084,16445,12243,131,4071,2,2,2,0,0,"Rockland County",41.154628,-74.024662,17503,13110,21742,21132,18371.75,2,323686,91108,14.28848882776940691478531085834933543005,7.7445425504964688000098861242067930031,15.33739488269495745877177264385855427791,2018,3.23686,92,43.61521739130434782608695652173913043478,17.47,11.273,0,35,42,2019,1,0,0,0,1,0,1,"downstate_non_nyc",5080.541018147216747094406307347243933936
"36089",2020,"Q4",4,8084,12510,8392,73,1217,5,5,4,1,2828,"St. Lawrence County",44.488112,-75.074311,14170,10350,14971,14543,13508.5,5,109558,49305,17.68898643174336201503481801306572861436,5.30677814490954562879935741798864528378,16.32377370890304678800270176527501414776,2018,1.09558,92,35.97282608695652173913043478260869565217,15.385,21.886,0,54,51,2019,1,0,0,0,1,0,0,"upstate",11418.6093210901987988097628653316051772
"36091",2020,"Q4",4,8084,7931,5861,151,1919,1,1,1,0,0,"Saratoga County",43.106135,-73.855387,8465,6602,8965,9474,8376.5,1,227377,80839,6.17403834106001754166144593409347199599,5.17994344194883387501814167659877648135,17.03646367046798928651534675890701346222,2018,2.27377,92,38.30217391304347826086956521739130434783,16.619,23.59,0,47,47,2019,1,0,0,0,1,0,0,"upstate",3488.039687391424814295201361615290904533
"36093",2020,"Q4",4,8084,12166,9910,60,2180,2,2,2,0,16,"Schenectady County",42.817552,-74.043559,10687,8797,12765,10707,10739,2,154883,63785,11.40477674486453512273396369037357274524,5.82181388531988662409689894952964495781,16.47372532815092682863839156008083521109,2018,1.54883,92,38.56739130434782608695652173913043478261,15.568,24.005,0,49,45,2019,1,0,0,0,1,0,0,"upstate",7854.961487057972792365850351555690424385
"36097",2020,"Q4",4,8084,1381,,,,1,1,1,0,,"Schuyler County",42.419776,-76.938603,1817,1256,1703,1806,1645.5,1,17992,51479,13.86587995007375468058549869510949733348,5.08559359715429079590929301911960871498,20.03112494441974210760337927967985771454,2018,0.17992,92,39.31358695652173913043478260869565217391,10.936,16.646,0,46,44,2019,1,0,0,0,1,0,0,"upstate",7675.633614939973321476211649622054246332
"36101",2020,"Q4",4,8084,8477,5186,59,782,3,3,2,1,2450,"Steuben County",42.266725,-77.385525,8929,6660,9132,9854,8643.75,3,96927,51789,13.97664258107881028398588472525625945219,5.58461522589165041732437814024987877475,18.45615772694914729641895447089046395741,2018,0.96927,92,38.42717391304347826086956521739130434783,10.983,12.983,0,51,42,2019,1,0,0,0,1,0,0,"upstate",8745.757116180218102283161554571997482642
"36103",2020,"Q4",4,8084,108758,68566,1201,23145,11,11,11,0,15846,"Suffolk County",40.943554,-72.692218,115162,81114,125091,109303,107667.5,11,1487901,96675,7.11624982190024221567058668800210431714,5.39195820152012801927009928751980138464,16.07223867717005365276318787338673742406,2018,14.87901,92,46.72608695652173913043478260869565217391,18.625,7.303,0,20,45,2019,1,0,0,0,1,0,1,"downstate_non_nyc",7309.491693331747206299343840752845787455
"36105",2020,"Q4",4,8084,6568,5279,29,643,2,2,2,0,617,"Sullivan County",41.719993,-74.771577,7491,6072,7060,7341,6991,2,75211,56256,14.66411383076901885700904971142853207344,5.62284772174283017111858637699272712768,18.01864089029530254882929358737418728643,2018,0.75211,92,39.06032608695652173913043478260869565217,15.159,13.202,0,49,45,2019,1,0,0,0,1,0,0,"upstate",8732.765154033319594208293999547938466448
"36109",2020,"Q4",4,8084,5604,4526,49,1029,2,2,1,1,0,"Tompkins County",42.453006,-76.473483,6182,4632,7014,7465,6323.25,2,102962,58743,19.60586607512967879989692916120503254574,4.13162137487616790660632077853965540685,13.17087857656222684097045511936442571046,2018,1.02962,92,40.44782608695652173913043478260869565217,13.165,21,0,42,47,2019,1,0,0,0,1,0,0,"upstate",5442.78471669159495736291058837240923836
"36111",2020,"Q4",4,8084,9148,7975,64,1109,2,2,2,0,0,"Ulster County",41.947212,-74.265458,10129,7181,11473,11919,10175.5,2,179303,63348,13.90565850642495085772948127927391930752,4.43383546287569086964523739145468843243,18.59143461068693775341182244580403004969,2018,1.79303,92,41.07663043478260869565217391304347826087,19.323,18.851,0,40,45,2019,1,0,0,0,1,0,0,"upstate",5101.978215646140890001840460003457833946
"36113",2020,"Q4",4,8084,9324,7251,106,1967,1,1,1,0,0,"Warren County",43.555105,-73.838139,10937,7936,9904,10408,9796.25,1,64480,59813,10.49494646883524384667539143186010942748,4.39826302729528535980148883374689826303,20.92586848635235732009925558312655086849,2018,0.6448,92,37.1038043478260869565217391304347826087,14.138,19.625,0,53,44,2019,1,0,0,0,1,0,0,"upstate",14460.2977667493796526054590570719602978
"36117",2020,"Q4",4,8084,4749,3815,35,899,1,1,1,0,0,"Wayne County",43.218114,-77.049402,5307,3997,5743,6136,5295.75,1,90856,55765,11.30384310573842770875888780988737456607,5.48340230694725719820375099057849784274,17.7236506119573831117372545566610900766,2018,0.90856,92,40.61141304347826086956521739130434782609,12.963,21.359,0,42,50,2019,1,0,0,0,1,0,0,"upstate",5226.952540283525578938099850312582548208
"36119",2020,"Q4",4,8084,70169,38827,565,12100,13,13,9,4,18677,"Westchester County",41.152686,-73.745753,69939,52000,87602,90666,75051.75,13,968815,92758,9.22195869606363821888273602891338988983,5.66774874460036229827159984104292357158,16.40168659651223401784654448991809581809,2018,9.68815,92,43.66304347826086956521739130434782608696,16.034,8.929,0,35,41,2019,1,0,0,0,1,0,1,"downstate_non_nyc",7242.7656466920929176364940674948261536
"36121",2020,"Q4",4,8084,2841,2403,23,415,1,1,1,0,0,"Wyoming County",42.701365,-78.228576,3035,2135,3288,3211,2917.25,1,40565,57914,10.9376670586977440393456644926761466909,5.10538641686182669789227166276346604215,16.64982127449771970910883766794034265993,2018,0.40565,92,37.48858695652173913043478260869565217391,11.885,25.244,0,52,51,2019,1,0,0,0,1,0,0,"upstate",7003.57451004560581782324664119314680143
"36123",2020,"Q4",4,8084,1412,1334,0,78,1,1,1,0,0,"Yates County",42.638237,-77.104324,1724,1245,1824,1928,1680.25,1,25009,54343,11.4181329525889220173854617225885020787,6.04182494302051261545843496341317125835,19.49298252629053540725338878003918589308,2018,0.25009,92,39.82934782608695652173913043478260869565,11.189,15.461,0,43,48,2019,1,0,0,0,1,0,0,"upstate",5645.967451717381742572673837418529329441
"36001",2021,"Q1",1,8085,33062,23981,369,8712,5,5,3,2,0,"Albany County",42.58824,-73.97401,26805,29054,22985,34404,28312,5,306968,66252,11.87364545301546630762942685703883578511,5.07544760365901331734903963931093794793,16.51344765578171014568293763519324489849,2019,3.06968,91,32.77857142857142857142857142857142857143,8.805,19.431,0,74,42,2020,1,0,0,0,0,0,0,"upstate",10770.5037658648458471241302024966771781
"36003",2021,"Q1",1,8085,2178,,,,2,2,1,1,,"Allegany County",42.247853,-78.026153,2336,2454,1966,2760,2379,2,46688,48412,16.88227684346701164294954721862871927555,5.1576422206991089787525702535983550377,18.41158327621658670322138450993831391364,2019,0.46688,91,31.20054945054945054945054945054945054945,11.503,36.655,0,76,61,2020,1,0,0,0,0,0,0,"upstate",4665.010281014393420150788211103495544894
"36005",2021,"Q1",1,8085,151201,101751,224,24273,10,10,10,0,24953,"Bronx County",40.848711,-73.852939,137389,142216,98633,187164,141350.5,11,1435068,40088,28.00546438331806324316719998914550098869,7.30878258033765647342146852971427137947,12.51933706277333199541763874603851524806,2019,14.35068,91,39.9543956043956043956043956043956043956,9.719,4.271,0,43,43,2020,1,0,0,0,0,1,0,"nyc",10536.1557779840397806933190622325910689
"36007",2021,"Q1",1,8085,16164,11508,196,4460,3,3,3,0,0,"Broome County",42.161977,-75.830283,19133,20638,16028,23544,19835.75,3,193188,52226,17.41052207040511006589238122748404466948,5.23117377890966312607408327639397892209,18.69008427024452864567157380375592686916,2019,1.93188,91,33.01483516483516483516483516483516483516,9.747,28.662,0,74,59,2020,1,0,0,0,0,0,0,"upstate",8366.979315485433877880613702714454313933
"36009",2021,"Q1",1,8085,5866,4796,38,1032,1,1,1,0,0,"Cattaraugus County",42.239099,-78.662332,5552,6568,5022,7082,6056,1,77121,48703,16.50263126180050616639215843811513276825,5.70402354741250761789914549863201981302,18.70696697397595985529233282763449644066,2019,0.77121,91,30.7956043956043956043956043956043956044,14.114,44.62,0,76,61,2020,1,0,0,0,0,0,0,"upstate",7606.229172339570285655009660144448334435
"36011",2021,"Q1",1,8085,5025,3950,71,1004,1,1,1,0,0,"Cayuga County",43.008546,-76.574587,5332,5639,4541,5948,5365,1,77425,58377,12.09675205227466161491365346072536584027,5.0242169841782370035518243461414271876,18.35582822085889570552147239263803680982,2019,0.77425,91,33.62142857142857142857142857142857142857,10.618,33.484,0,66,51,2020,1,0,0,0,0,0,0,"upstate",6490.151759767516951888924765902486277042
"36013",2021,"Q1",1,8085,11118,9695,83,1340,3,3,2,1,0,"Chautauqua County",42.304216,-79.407595,11576,12929,9903,13027,11858.75,4,128496,46820,18.19851148883616627124703435275764568234,5.44997509650105839870501805503673266094,19.57804133980824305814967002863902378284,2019,1.28496,91,32.88461538461538461538461538461538461538,13.62,42.054,0,69,58,2020,1,0,0,0,0,0,0,"upstate",8652.409413522599925289503175196115054165
"36015",2021,"Q1",1,8085,6673,5470,53,1150,3,3,1,2,0,"Chemung County",42.148697,-76.752471,7053,7849,5804,8498,7301,2,84895,54940,13.87265954928805451397107371096134441219,5.81659697273102067259555922021320454679,18.39213145650509452853524942576123446611,2019,0.84895,91,33.35604395604395604395604395604395604396,9.257,27.673,0,73,51,2020,1,0,0,0,0,0,0,"upstate",7860.298015195241180281524235820719712586
"36017",2021,"Q1",1,8085,2243,,,,1,1,1,0,,"Chenango County",42.478024,-75.602241,3213,3337,2520,4103,3293.25,1,47909,52002,13.53453772582359192348565356004250797024,5.3351144878832787158988916487507566428,20.1987100544782817424700995637562879626,2019,0.47909,91,30.16483516483516483516483516483516483516,10.996,36.929,0,78,56,2020,1,0,0,0,0,0,0,"upstate",4681.792565071280970172618923375566177545
"36019",2021,"Q1",1,8085,7997,5925,99,1973,1,1,1,0,0,"Clinton County",44.752712,-73.705643,8246,8350,6872,9019,8121.75,1,80583,56365,15.00061917800679719856350702423049933266,4.86206768176910762815978556271173820781,16.40296340419195115595100703622352109006,2019,0.80583,91,24.07307692307692307692307692307692307692,9.926,41.945,0,87,51,2020,1,0,0,0,0,0,0,"upstate",9923.929364754352655026494421900400828959
"36021",2021,"Q1",1,8085,4832,4048,57,727,1,1,1,0,0,"Columbia County",42.247696,-73.626718,5052,5492,4068,5950,5140.5,1,60371,66787,11.57254828298697085090760062157408514199,4.23547729870301966175812890295009193156,23.08393102648622683076311474052111112952,2019,0.60371,91,34.73351648351648351648351648351648351648,8.655,15.569,0,72,43,2020,1,0,0,0,0,0,0,"upstate",8003.842904705901840287555283165758393931
"36023",2021,"Q1",1,8085,4628,3973,56,599,1,1,1,0,0,"Cortland County",42.594039,-76.07624,5102,5540,4275,6789,5426.5,1,47865,56023,16.401281068158238982362758807343587893,4.96396114070824193042933249764963961141,16.02005640864932623002193669696020056409,2019,0.47865,91,30.25,11.67,42.027,0,77,58,2020,1,0,0,0,0,0,0,"upstate",9668.860336362686723075315992896688603364
"36025",2021,"Q1",1,8085,3008,2057,0,13,4,4,3,1,938,"Delaware County",42.193986,-74.966728,2065,2535,1804,2824,2307,4,44995,49544,16.58029873144652613313949398550894552958,3.89376597399711079008778753194799422158,23.97599733303700411156795199466607400822,2019,0.44995,91,30.33461538461538461538461538461538461538,9.856,28.498,0,77,54,2020,1,0,0,0,0,0,0,"upstate",6685.187243027003000333370374486054006001
"36027",2021,"Q1",1,8085,22874,17127,232,5515,3,3,3,0,0,"Dutchess County",41.754825,-73.740014,23403,25167,18201,28715,23871.5,3,293754,81219,9.04109885511878052475526089873536434925,4.60827767451677253756544591733218951912,17.08095889758096911020786099933958346099,2019,2.93754,91,36.34725274725274725274725274725274725275,8.873,12.293,0,67,43,2020,1,0,0,0,0,0,0,"upstate",7786.787584169066633986260612621445154789
"36029",2021,"Q1",1,8085,73781,50268,794,16087,10,10,9,1,6632,"Erie County",42.752759,-78.778192,73137,83550,62924,89586,77299.25,10,919355,58121,14.19953887275777158412548752616096453755,5.47666570584812178103126648574272179952,17.59320393101685420756943726851977745267,2019,9.19355,91,34.13626373626373626373626373626373626374,13.039,31.333,0,62,55,2020,1,0,0,0,0,0,0,"upstate",8025.300346438535712537594291650124271908
"36031",2021,"Q1",1,8085,1616,1616,0,0,3,3,2,1,0,"Essex County",44.109601,-73.778431,1664,2341,1428,2300,1933.25,3,37459,56763,9.87295930098873304207863876753276615314,3.94564724098347526629114498518380095571,22.75821564910969326463600202888491417283,2019,0.37459,91,21.29395604395604395604395604395604395604,13.059,59.31,0,88,53,2020,1,0,0,0,0,0,0,"upstate",4314.050028030646840545663258495955578099
"36033",2021,"Q1",1,8085,4515,4014,48,453,2,2,2,0,0,"Franklin County",44.594376,-74.31067,4754,5654,3464,5607,4869.75,2,50477,50407,17.77901537090666072621964802851414568946,4.92303425322424074330883372625156011649,16.57190403550131743170156705033975870198,2019,0.50477,91,23.9489010989010989010989010989010989011,11.966,47.017,0,87,50,2020,1,0,0,0,0,0,0,"upstate",8944.667868534183885730134516710581056719
"36035",2021,"Q1",1,8085,3732,3332,25,375,1,1,1,0,0,"Fulton County",43.115609,-74.423678,3607,4284,3261,4864,4004,1,53646,50482,14.90225994087918375131114713454753504339,5.05163479103754240763523841479327442866,19.03403795250344853297543153263989859449,2019,0.53646,91,27.83681318681318681318681318681318681319,13.776,47.761,0,79,46,2020,1,0,0,0,0,0,0,"upstate",6956.716250978637736271110614025276814674
"36037",2021,"Q1",1,8085,4592,3805,39,748,2,2,2,0,0,"Genesee County",43.00091,-78.192778,4147,4421,4494,4922,4496,2,57808,60524,10.87334633426448110472777104306119222052,5.13250761140326598394685856628840298921,18.32445336285635206199833933019651259341,2019,0.57808,91,32.71483516483516483516483516483516483516,11.982,34.038,0,71,53,2020,1,0,0,0,0,0,0,"upstate",7943.537226681428176030999169665098256297
"36043",2021,"Q1",1,8085,2734,,,,1,1,1,0,,"Herkimer County",43.571009,-74.841097,,,,,,,62057,54646,13.63725908658108152477263026562038283482,5.10014986222343974088338140741576292763,20.11537779783102631451729861256586686433,2019,0.62057,91,24.42967032967032967032967032967032967033,14.246,61.213,0,84,52,2020,1,0,0,0,0,0,0,"upstate",4405.627084776898657685676071998324121372
"36045",2021,"Q1",1,8085,10977,7161,51,1318,3,3,2,1,2447,"Jefferson County",43.996389,-76.052968,10754,11579,9087,13542,11240.5,3,112842,52685,14.0176714687644086456578811174992707461,7.90308573049042023360096418000389925737,13.22468584392336186880771344003119405895,2019,1.12842,91,30.66813186813186813186813186813186813187,11.782,30.731,0,71,45,2020,1,0,0,0,0,0,0,"upstate",9727.760940075503801775934492476205668102
"36047",2021,"Q1",1,8085,144051,104497,495,22111,15,15,10,5,16948,"Kings County",40.635045,-73.95064,165726,169229,120049,244785,174947.25,15,2589974,60231,19.95021327419859865652267327578172919187,7.37300837769027797190242064206049944903,13.60222148948213379748213688631623329037,2019,25.89974,91,40.66318681318681318681318681318681318681,9.831,2.537,0,38,45,2020,1,0,0,0,0,1,0,"nyc",5561.87050526375940453456289522597524145
"36049",2021,"Q1",1,8085,2093,1773,24,296,1,1,1,0,0,"Lewis County",43.782706,-75.444132,2109,2543,2034,2448,2283.5,1,26572,54524,13.47544727826417967263037685572896840502,6.35255155803101008580460635255155803101,17.89477645642029203673039289477645642029,2019,0.26572,91,29.17362637362637362637362637362637362637,12.771,51.238,0,75,48,2020,1,0,0,0,0,0,0,"upstate",7876.712328767123287671232876712328767123
"36051",2021,"Q1",1,8085,2745,2376,31,338,1,1,1,0,0,"Livingston County",42.729042,-77.778463,2735,3247,2567,3280,2957.25,1,63591,59510,13.17511135857461024498886414253897550111,4.30721328489880643487285936689154125584,17.18639430108034155776760862386186724536,2019,0.63591,91,33.63901098901098901098901098901098901099,10.731,30.976,0,70,56,2020,1,0,0,0,0,0,0,"upstate",4316.648582346558475255932443270274095391
"36053",2021,"Q1",1,8085,6208,3986,54,432,2,2,2,0,1736,"Madison County",42.910026,-75.663575,6241,7067,5218,7368,6473.5,2,71205,61633,9.77791906989418229710704391661746673328,4.72017414507408187627273365634435784004,17.62516677199634857102731549750719752826,2019,0.71205,91,29.57857142857142857142857142857142857143,12.362,48.671,0,77,57,2020,1,0,0,0,0,0,0,"upstate",8718.488870163612105891440207850572291272
"36055",2021,"Q1",1,8085,65785,48270,566,16949,6,6,4,2,0,"Monroe County",43.250347,-77.700518,77599,71890,55512,74620,69905.25,5,743341,60075,14.39196768814944509240109227861455425067,5.55411311901267386031444518733663285087,16.86224760910537694005846576470287526182,2019,7.43341,91,33.93406593406593406593406593406593406593,10.39,26.071,0,59,48,2020,1,0,0,0,0,0,0,"upstate",8849.908722914517025160727041828716564807
"36057",2021,"Q1",1,8085,8177,3814,22,703,2,2,2,0,3638,"Montgomery County",42.900891,-74.435357,4755,5086,4079,6172,5023,2,49302,49462,19.77416347249559722366103801926862115405,6.30197557908401281895257798872256703582,18.29540383757251227130745203034359660866,2019,0.49302,91,31.04835164835164835164835164835164835165,11.084,27.121,0,75,45,2020,1,0,0,0,0,0,0,"upstate",16585.5340554135734858626424891485132449
"36059",2021,"Q1",1,8085,96713,63703,967,24778,12,12,11,1,7265,"Nassau County",40.729612,-73.589414,92664,88726,69332,114410,91283,12,1356509,116100,5.55671905923746295695152727310805575044,5.47198728500879831980473406368848271556,17.47006470285121587840552476983197310154,2019,13.56509,91,40.05769230769230769230769230769230769231,10.197,3.776,0,45,45,2020,1,0,0,0,0,0,1,"downstate_non_nyc",7129.550928154549656507992206465272253999
"36061",2021,"Q1",1,8085,225706,146649,915,39289,18,18,16,2,38853,"New York County",40.776642,-73.970187,206140,198976,142370,270183,204417.25,19,1631993,86553,15.83353999796806069061957110935682810488,4.82679766396056845832059328685846078997,16.19835379195866648937832453938221548744,2019,16.31993,91,40.24175824175824175824175824175824175824,9.857,4.051,0,42,42,2020,1,0,0,0,0,1,0,"nyc",13830.0838300164277665406653092262037889
"36063",2021,"Q1",1,8085,11363,9790,69,1504,4,4,3,1,0,"Niagara County",43.272672,-78.812943,12118,13771,10213,13895,12499.25,4,210820,55522,13.45573282711916803122298057741260801731,5.26468077032539607247889194573569870031,18.60212503557537235556398823641020776017,2019,2.1082,91,34.14230769230769230769230769230769230769,9.918,25.162,0,58,49,2020,1,0,0,0,0,0,0,"upstate",5389.906081016981311071055877051513139171
"36065",2021,"Q1",1,8085,20290,16233,116,3941,4,4,3,1,0,"Oneida County",43.242727,-75.434282,22810,22261,17654,23781,21626.5,4,229959,56027,15.47233886326610220050021798490167733645,5.66013941615679316747768080396940324145,18.38371187907409581708043607773559634544,2019,2.29959,91,30.26483516483516483516483516483516483516,13.378,40.956,0,76,52,2020,1,0,0,0,0,0,0,"upstate",8823.311981701085845737718462856422231789
"36067",2021,"Q1",1,8085,46976,35672,545,10759,4,4,4,0,0,"Onondaga County",43.006516,-76.196134,51131,50256,36961,53882,48057.5,6,462872,61359,14.11193530282847270588076192279344643618,5.69639122694827079624604642320123057778,16.59918940873502825835220104046042966522,2019,4.62872,91,32.37802197802197802197802197802197802198,11.379,41.563,0,70,53,2020,1,0,0,0,0,0,0,"upstate",10148.8100381963048099690627214435092207
"36069",2021,"Q1",1,8085,11953,8399,95,1541,3,3,3,0,1918,"Ontario County",42.856357,-77.303497,12164,13306,10614,14084,12542,3,109511,64944,8.66414084294654301440096509085425620146,4.96388490653906913460748235337089424807,19.36517792733150094511053684104793125805,2019,1.09511,91,33.07252747252747252747252747252747252747,9.797,32.794,0,71,56,2020,1,0,0,0,0,0,0,"upstate",10914.8852626676772196400361607509747879
"36071",2021,"Q1",1,8085,30427,23650,374,6403,4,4,4,0,0,"Orange County",41.40241,-74.306252,30403,32075,24838,36820,31034,4,380085,79944,11.64923233119656965723574425801016357853,6.617730244550561058710551587144980728,13.66825841588065827380717471091992580607,2019,3.80085,91,37.78846153846153846153846153846153846154,9.418,9.729,0,62,43,2020,1,0,0,0,0,0,0,"upstate",8005.314600681426523014588841969559440651
"36073",2021,"Q1",1,8085,1273,,,,1,1,1,0,,"Orleans County",43.339906,-78.207028,,,,,,,40904,52620,13.72049673133975688518994985428863976476,5.04351652650107568941912771367103461764,17.3528261294738900840993545863485233718,2019,0.40904,91,33.96098901098901098901098901098901098901,10.197,27.202,0,59,49,2020,1,0,0,0,0,0,0,"upstate",3112.165069430862507334246039507138666145
"36075",2021,"Q1",1,8085,5254,4403,38,813,2,2,2,0,0,"Oswego County",43.461443,-76.209262,5334,5917,4564,6146,5490.25,2,118339,55967,17.00054860459766046684481568655210858832,5.46227363760045293605658320587464825628,15.77501922443150609689113479072833131935,2019,1.18339,91,31.61483516483516483516483516483516483516,12.618,38.474,0,73,50,2020,1,0,0,0,0,0,0,"upstate",4439.787390462991913063318094626454507812
"36077",2021,"Q1",1,8085,8047,2483,86,911,2,2,2,0,4567,"Otsego County",42.629776,-75.028841,8209,9376,7137,9561,8570.75,2,59972,54028,14.86626921183613192583274079746212328392,4.2336423664376709130927766290935770026,20.56459681184552791302607883679050223438,2019,0.59972,91,29.96153846153846153846153846153846153846,10.738,36.049,0,79,55,2020,1,0,0,0,0,0,0,"upstate",13417.9283665710664976989261655439204962
"36079",2021,"Q1",1,8085,4703,3845,51,807,1,1,1,0,0,"Putnam County",41.427907,-73.743861,4688,4930,3594,5956,4792,1,98787,104486,4.9808862216376192042091417296941795462,4.44694139917195582414690192029315598206,16.70665168493830159838845192181157439744,2019,0.98787,91,36.40274725274725274725274725274725274725,9.646,10.886,0,61,44,2020,1,0,0,0,0,0,0,"upstate",4760.747871683521111077368479658254628645
"36081",2021,"Q1",1,8085,145101,70338,412,18568,10,10,10,0,55783,"Queens County",40.654658,-73.841209,139457,137167,96370,193781,141693.75,10,2287388,68666,12.23249831079511438140586980445047410572,6.25512593403480301549190605179357415532,15.32376667185453451709985363217783777829,2019,22.87388,91,40.47527472527472527472527472527472527473,9.872,2.398,0,37,45,2020,1,0,0,0,0,1,0,"nyc",6343.523704767184229348059883150563000243
"36083",2021,"Q1",1,8085,9612,7873,114,1625,1,1,1,0,0,"Rensselaer County",42.710421,-73.513845,9671,10208,7601,10629,9527.25,1,159185,68991,11.70876381057914806244500211843691946681,5.20526431510506643213870653641988880862,16.52605459057071960297766749379652605459,2019,1.59185,91,30.95384615384615384615384615384615384615,9.819,27.836,0,76,49,2020,1,0,0,0,0,0,0,"upstate",6038.257373496246505638094041524012940918
"36085",2021,"Q1",1,8085,17221,13890,160,3171,3,3,2,1,0,"Richmond County",40.561263,-74.1399,27991,28892,21296,39246,29356.25,3,474893,82783,11.65098867344979842580149740833173353811,5.74318846561225370767730836209419806146,15.88610486993912312878901141941447862992,2019,4.74893,91,40.65824175824175824175824175824175824176,10.138,2.646,0,34,43,2020,1,0,0,0,0,1,0,"nyc",3626.290553872135407344391262873952658809
"36087",2021,"Q1",1,8085,17720,13268,125,4327,2,2,2,0,0,"Rockland County",41.154628,-74.024662,16445,17503,13110,21742,17200,2,324422,93024,13.87052840703209925905563954868616695613,7.90729358674812435654795297482908064188,15.53871192459204369617350241352312728483,2019,3.24422,91,38.38571428571428571428571428571428571429,10.21,7.277,0,51,45,2020,1,0,0,0,0,0,1,"downstate_non_nyc",5462.021687801690390910604089734974816751
"36089",2021,"Q1",1,8085,12017,8058,75,1183,5,5,4,1,2701,"St. Lawrence County",44.488112,-75.074311,12510,14170,10350,14971,13000.25,5,108913,50940,17.86741732916756890524948185727101184768,5.20690826623084480273245618062122978891,16.89238199296686345982573246536226162166,2019,1.08913,91,27.51758241758241758241758241758241758242,11.667,37.868,0,79,45,2020,1,0,0,0,0,0,0,"upstate",11033.5772589130774104101438763049406407
"36091",2021,"Q1",1,8085,7697,5771,112,1814,1,1,1,0,0,"Saratoga County",43.106135,-73.855387,7931,8465,6602,8965,7990.75,1,228502,84291,5.84428284408726419287733584623864303113,5.12205582445667871616003361020910101443,17.58890512993321721472897392582997085365,2019,2.28502,91,30.8967032967032967032967032967032967033,11.459,34.558,0,73,40,2020,1,0,0,0,0,0,0,"upstate",3368.46066992849077907414377117049303726
"36093",2021,"Q1",1,8085,11112,9101,42,1969,2,2,1,1,0,"Schenectady County",42.817552,-74.043559,12166,10687,8797,12765,11103.75,2,154859,65499,11.44934934072271904645103979528926660789,5.84725459934521080466747170006263762519,16.82498272622191800282837936445411632517,2019,1.54859,91,32.63406593406593406593406593406593406593,9.521,21.388,0,73,39,2020,1,0,0,0,0,0,0,"upstate",7175.559702697292375644941527454006547892
"36095",2021,"Q1",1,8085,1880,1859,0,21,1,1,1,0,0,"Schoharie County",42.591294,-74.438172,,,,,,,31222,57714,12.10374639769452449567723342939481268012,4.21497661905066939978220485555057331369,20.98840561142783934405227083466786240471,2019,0.31222,91,29.33791208791208791208791208791208791209,9.198,27.228,0,82,49,2020,1,0,0,0,0,0,0,"upstate",6021.395170072384856831721222215104733842
"36101",2021,"Q1",1,8085,8158,5065,80,721,3,3,2,1,2292,"Steuben County",42.266725,-77.385525,8477,8929,6660,9132,8299.5,3,96422,53663,13.69303366516410315960602573711824506213,5.53193254651428097322187882433469540146,18.92825288834498350998734728588911244322,2019,0.96422,91,31.97307692307692307692307692307692307692,9.506,29.629,0,77,57,2020,1,0,0,0,0,0,0,"upstate",8460.72473087054821513762419364875235942
"36103",2021,"Q1",1,8085,89190,63243,1199,23500,11,11,10,1,1248,"Suffolk County",40.943554,-72.692218,108758,115162,81114,125091,107531.25,11,1483832,101031,6.87418348776269983311056236454392363864,5.3778999239806123604289434383407286,16.50260945983103208449474064449344669747,2019,14.83832,91,40.26318681318681318681318681318681318681,9.305,2.949,0,34,38,2020,1,0,0,0,0,0,1,"downstate_non_nyc",6010.788283309700828665239730643361243052
"36105",2021,"Q1",1,8085,5760,5095,24,641,2,2,1,1,0,"Sullivan County",41.719993,-74.771577,6568,7491,6072,7060,6797.75,2,75116,57426,15.15180736169274851223275292043200352656,5.66723467703285584961925555141381330209,18.54198839128814100857340646466798019064,2019,0.75116,91,33.56318681318681318681318681318681318681,10.023,17.505,0,74,44,2020,1,0,0,0,0,0,0,"upstate",7668.139943553969859949944086479578252303
"36109",2021,"Q1",1,8085,5833,4789,54,990,1,1,1,0,0,"Tompkins County",42.453006,-76.473483,5604,6182,4632,7014,5858,2,102642,60240,18.89362657091561938958707360861759425494,4.01492566395822372907776543715048420724,13.92704740749400830069562167533758110715,2019,1.02642,91,33.30824175824175824175824175824175824176,9.946,32.33,0,72,58,2020,1,0,0,0,0,0,0,"upstate",5682.858868689230529412910894175873424134
"36111",2021,"Q1",1,8085,8856,7555,52,1249,2,2,2,0,0,"Ulster County",41.947212,-74.265458,9148,10129,7181,11473,9482.75,2,178665,64304,13.79146919431279620853080568720379146919,4.39705594268603251896006492597878711555,19.17219377046427671899924439593652925867,2019,1.78665,91,35.65604395604395604395604395604395604396,12.041,19.433,0,68,41,2020,1,0,0,0,0,0,0,"upstate",4956.762656368063134917303333053479976492
"36113",2021,"Q1",1,8085,9139,7114,119,1906,1,1,1,0,0,"Warren County",43.555105,-73.838139,9324,10937,7936,9904,9525.25,1,64276,61024,9.47303573121031181878494929390579092029,4.32665380546393677266786981143817287946,21.60526479556910822079780944676084386085,2019,0.64276,91,28.6978021978021978021978021978021978022,9.238,32.773,0,78,38,2020,1,0,0,0,0,0,0,"upstate",14218.3707760283776215072499844420934719
"36117",2021,"Q1",1,8085,4628,3658,41,929,1,1,1,0,0,"Wayne County",43.218114,-77.049402,4749,5307,3997,5743,4949,1,90519,59449,11.61587312254292530492926984980343402439,5.48393155028226118273511638440548393155,18.37293827815154829372838851511837293828,2019,0.90519,91,33.34010989010989010989010989010989010989,10.637,31.088,0,68,51,2020,1,0,0,0,0,0,0,"upstate",5112.738762027861553927904638805112738762
"36119",2021,"Q1",1,8085,69131,36511,516,12629,13,13,10,3,19475,"Westchester County",41.152686,-73.745753,70169,69939,52000,87602,69927.5,13,968890,96610,8.8399092778708848579691142961369079403,5.63025730475079730413153195925234030695,16.74194180969975951862440524724168894302,2019,9.6889,91,38.2956043956043956043956043956043956044,9.391,7.054,0,51,43,2020,1,0,0,0,0,0,1,"downstate_non_nyc",7135.072092807233019228188958498900804013
"36121",2021,"Q1",1,8085,2647,2222,21,404,1,1,1,0,0,"Wyoming County",42.701365,-78.228576,2841,3035,2135,3288,2824.75,1,40305,58052,10.47347677886663826161056668086919471666,5.16065004341893065376504155811934003225,17.35764793449944175660588016375139560849,2019,0.40305,91,30.62197802197802197802197802197802197802,12.826,44.426,0,77,58,2020,1,0,0,0,0,0,0,"upstate",6567.423396600918000248108175164371666046
"36123",2021,"Q1",1,8085,1306,1233,0,73,1,1,1,0,0,"Yates County",42.638237,-77.104324,1412,1724,1245,1824,1551.25,1,25011,56563,11.90616081920429746516703038442168876951,5.98136819799288313142217424333293350926,20.11115109351885170524969013634001039543,2019,0.25011,91,32.9456043956043956043956043956043956044,9.41,33.047,0,73,56,2020,1,0,0,0,0,0,0,"upstate",5221.702450921594498420694894246531526129
"36001",2021,"Q2",2,8086,36834,26695,451,9688,5,5,3,2,0,"Albany County",42.58824,-73.97401,33062,26805,29054,22985,27976.5,5,306968,66252,11.87364545301546630762942685703883578511,5.07544760365901331734903963931093794793,16.51344765578171014568293763519324489849,2019,3.06968,91,55.06593406593406593406593406593406593407,10.658,5.348,1,14,47,2020,1,0,1,0,0,0,0,"upstate",11999.2963435928174923770555888561674181
"36003",2021,"Q2",2,8086,2772,,,,2,2,1,1,,"Allegany County",42.247853,-78.026153,2178,2336,2454,1966,2233.5,2,46688,48412,16.88227684346701164294954721862871927555,5.1576422206991089787525702535983550377,18.41158327621658670322138450993831391364,2019,0.46688,91,52.26593406593406593406593406593406593407,9.727,8.984,0,27,56,2020,1,0,1,0,0,0,0,"upstate",5937.285812200137080191912268677176148047
"36005",2021,"Q2",2,8086,165672,114358,255,25858,10,10,10,0,25201,"Bronx County",40.848711,-73.852939,151201,137389,142216,98633,132359.75,10,1435068,40088,28.00546438331806324316719998914550098869,7.30878258033765647342146852971427137947,12.51933706277333199541763874603851524806,2019,14.35068,91,58.91758241758241758241758241758241758242,11.105,0.083,0,1,41,2020,1,0,1,0,0,1,0,"nyc",11544.5400496701201615533201214158492838
"36007",2021,"Q2",2,8086,22543,17035,251,5257,3,3,3,0,0,"Broome County",42.161977,-75.830283,16164,19133,20638,16028,17990.75,3,193188,52226,17.41052207040511006589238122748404466948,5.23117377890966312607408327639397892209,18.69008427024452864567157380375592686916,2019,1.93188,91,53.53571428571428571428571428571428571429,9.952,6.726,0,23,56,2020,1,0,1,0,0,0,0,"upstate",11668.9442408431165496821748762863117792
"36009",2021,"Q2",2,8086,7038,5824,62,1152,1,1,1,0,0,"Cattaraugus County",42.239099,-78.662332,5866,5552,6568,5022,5752,1,77121,48703,16.50263126180050616639215843811513276825,5.70402354741250761789914549863201981302,18.70696697397595985529233282763449644066,2019,0.77121,91,51.77692307692307692307692307692307692308,11.156,9.479,0,25,52,2020,1,0,1,0,0,0,0,"upstate",9125.919010386276111564943400630178550589
"36011",2021,"Q2",2,8086,5975,4888,75,1012,1,1,1,0,0,"Cayuga County",43.008546,-76.574587,5025,5332,5639,4541,5134.25,1,77425,58377,12.09675205227466161491365346072536584027,5.0242169841782370035518243461414271876,18.35582822085889570552147239263803680982,2019,0.77425,91,55.9010989010989010989010989010989010989,10.493,4.492,3,12,51,2020,1,0,1,0,0,0,0,"upstate",7717.145624798191798514691637068130448821
"36013",2021,"Q2",2,8086,13203,11752,109,1342,3,3,2,1,0,"Chautauqua County",42.304216,-79.407595,11118,11576,12929,9903,11381.5,3,128496,46820,18.19851148883616627124703435275764568234,5.44997509650105839870501805503673266094,19.57804133980824305814967002863902378284,2019,1.28496,91,53.81978021978021978021978021978021978022,12.083,9.261,0,18,58,2020,1,0,1,0,0,0,0,"upstate",10275.0280164363093014568546880836757564
"36015",2021,"Q2",2,8086,8130,6899,51,1180,3,3,1,2,0,"Chemung County",42.148697,-76.752471,6673,7053,7849,5804,6844.75,3,84895,54940,13.87265954928805451397107371096134441219,5.81659697273102067259555922021320454679,18.39213145650509452853524942576123446611,2019,0.84895,91,54.32912087912087912087912087912087912088,9.93,5.98,0,22,55,2020,1,0,1,0,0,0,0,"upstate",9576.535720596030390482360563048471641439
"36017",2021,"Q2",2,8086,5213,,,,1,1,1,0,,"Chenango County",42.478024,-75.602241,2243,3213,3337,2520,2828.25,1,47909,52002,13.53453772582359192348565356004250797024,5.3351144878832787158988916487507566428,20.1987100544782817424700995637562879626,2019,0.47909,91,52.26483516483516483516483516483516483516,10.112,8.159,0,24,57,2020,1,0,1,0,0,0,0,"upstate",10881.0453150764991963931620363606003047
"36019",2021,"Q2",2,8086,8411,6746,92,1573,1,1,1,0,0,"Clinton County",44.752712,-73.705643,7997,8246,8350,6872,7866.25,1,80583,56365,15.00061917800679719856350702423049933266,4.86206768176910762815978556271173820781,16.40296340419195115595100703622352109006,2019,0.80583,91,50.79395604395604395604395604395604395604,7.119,6.726,1,30,40,2020,1,0,1,0,0,0,0,"upstate",10437.6853678815631088442971842696350347
"36021",2021,"Q2",2,8086,5475,4652,72,751,1,1,1,0,0,"Columbia County",42.247696,-73.626718,4832,5052,5492,4068,4861,1,60371,66787,11.57254828298697085090760062157408514199,4.23547729870301966175812890295009193156,23.08393102648622683076311474052111112952,2019,0.60371,91,56.52582417582417582417582417582417582418,9.365,3.666,3,9,42,2020,1,0,1,0,0,0,0,"upstate",9068.923821039903264812575574365175332527
"36023",2021,"Q2",2,8086,5805,5086,75,644,1,1,1,0,0,"Cortland County",42.594039,-76.07624,4628,5102,5540,4275,4886.25,1,47865,56023,16.401281068158238982362758807343587893,4.96396114070824193042933249764963961141,16.02005640864932623002193669696020056409,2019,0.47865,91,52.25494505494505494505494505494505494505,10.052,8.956,0,24,58,2020,1,0,1,0,0,0,0,"upstate",12127.8596051394547163898464431212785961
"36025",2021,"Q2",2,8086,4191,2939,0,27,4,4,3,1,1225,"Delaware County",42.193986,-74.966728,3008,2065,2535,1804,2353,4,44995,49544,16.58029873144652613313949398550894552958,3.89376597399711079008778753194799422158,23.97599733303700411156795199466607400822,2019,0.44995,91,51.15274725274725274725274725274725274725,11.239,11.518,0,26,54,2020,1,0,1,0,0,0,0,"upstate",9314.368263140348927658628736526280697855
"36027",2021,"Q2",2,8086,27092,21399,284,5409,3,3,3,0,0,"Dutchess County",41.754825,-73.740014,22874,23403,25167,18201,22411.25,3,293754,81219,9.04109885511878052475526089873536434925,4.60827767451677253756544591733218951912,17.08095889758096911020786099933958346099,2019,2.93754,91,56.39395604395604395604395604395604395604,10.206,3.334,2,10,45,2020,1,0,1,0,0,0,0,"upstate",9222.682925168678554164368825615991612029
"36029",2021,"Q2",2,8086,84468,58807,902,16977,10,10,9,1,7782,"Erie County",42.752759,-78.778192,73781,73137,83550,62924,73348,10,919355,58121,14.19953887275777158412548752616096453755,5.47666570584812178103126648574272179952,17.59320393101685420756943726851977745267,2019,9.19355,91,54.82747252747252747252747252747252747253,10.899,5.347,0,14,51,2020,1,0,1,0,0,0,0,"upstate",9187.745756535832186696107597174105758929
"36031",2021,"Q2",2,8086,2063,2063,0,0,3,3,2,1,0,"Essex County",44.109601,-73.778431,1616,1664,2341,1428,1762.25,3,37459,56763,9.87295930098873304207863876753276615314,3.94564724098347526629114498518380095571,22.75821564910969326463600202888491417283,2019,0.37459,91,46.31428571428571428571428571428571428571,10.137,14.88,0,36,51,2020,1,0,1,0,0,0,0,"upstate",5507.354707813876504978776795963586854961
"36033",2021,"Q2",2,8086,5542,5071,58,413,2,2,2,0,0,"Franklin County",44.594376,-74.31067,4515,4754,5654,3464,4596.75,2,50477,50407,17.77901537090666072621964802851414568946,4.92303425322424074330883372625156011649,16.57190403550131743170156705033975870198,2019,0.50477,91,50.39065934065934065934065934065934065934,7.774,7.608,1,33,50,2020,1,0,1,0,0,0,0,"upstate",10979.2578798264556134477088574994551974
"36035",2021,"Q2",2,8086,4431,4079,28,324,1,1,1,0,0,"Fulton County",43.115609,-74.423678,3732,3607,4284,3261,3721,1,53646,50482,14.90225994087918375131114713454753504339,5.05163479103754240763523841479327442866,19.03403795250344853297543153263989859449,2019,0.53646,91,52.26703296703296703296703296703296703297,11.998,8.736,0,22,47,2020,1,0,1,0,0,0,0,"upstate",8259.702494128173582373336315848339111956
"36037",2021,"Q2",2,8086,5219,4425,37,757,2,2,2,0,0,"Genesee County",43.00091,-78.192778,4592,4147,4421,4494,4413.5,2,57808,60524,10.87334633426448110472777104306119222052,5.13250761140326598394685856628840298921,18.32445336285635206199833933019651259341,2019,0.57808,91,54.87802197802197802197802197802197802198,9.296,5.21,1,19,54,2020,1,0,1,0,0,0,0,"upstate",9028.162192084140603376695267091060060891
"36043",2021,"Q2",2,8086,3221,,,,1,1,1,0,,"Herkimer County",43.571009,-74.841097,2734,,,,,1,62057,54646,13.63725908658108152477263026562038283482,5.10014986222343974088338140741576292763,20.11537779783102631451729861256586686433,2019,0.62057,91,49.10879120879120879120879120879120879121,10.632,10.969,0,31,54,2020,1,0,1,0,0,0,0,"upstate",5190.389480638767584639927808305267737725
"36045",2021,"Q2",2,8086,12917,8224,54,1361,3,3,2,1,3278,"Jefferson County",43.996389,-76.052968,10977,10754,11579,9087,10599.25,3,112842,52685,14.0176714687644086456578811174992707461,7.90308573049042023360096418000389925737,13.22468584392336186880771344003119405895,2019,1.12842,91,54.08021978021978021978021978021978021978,6.702,1.929,0,15,45,2020,1,0,1,0,0,0,0,"upstate",11446.9789617341060952482231793126672693
"36047",2021,"Q2",2,8086,162279,120548,714,23234,15,15,10,5,17783,"Kings County",40.635045,-73.95064,144051,165726,169229,120049,149763.75,15,2589974,60231,19.95021327419859865652267327578172919187,7.37300837769027797190242064206049944903,13.60222148948213379748213688631623329037,2019,25.89974,91,58.90054945054945054945054945054945054945,10.674,0.083,0,0,42,2020,1,0,1,0,0,1,0,"nyc",6265.661354129423693056378172136090941453
"36049",2021,"Q2",2,8086,2510,2276,35,199,1,1,1,0,0,"Lewis County",43.782706,-75.444132,2093,2109,2543,2034,2194.75,1,26572,54524,13.47544727826417967263037685572896840502,6.35255155803101008580460635255155803101,17.89477645642029203673039289477645642029,2019,0.26572,91,54.02527472527472527472527472527472527473,8.266,3.639,0,20,49,2020,1,0,1,0,0,0,0,"upstate",9446.033418636158362185759446033418636158
"36051",2021,"Q2",2,8086,3421,3053,37,331,1,1,1,0,0,"Livingston County",42.729042,-77.778463,2745,2735,3247,2567,2823.5,1,63591,59510,13.17511135857461024498886414253897550111,4.30721328489880643487285936689154125584,17.18639430108034155776760862386186724536,2019,0.63591,91,55.09230769230769230769230769230769230769,9.645,4.521,1,17,55,2020,1,0,1,0,0,0,0,"upstate",5379.692094793288358415499048607507351669
"36053",2021,"Q2",2,8086,7454,4786,71,434,2,2,2,0,2163,"Madison County",42.910026,-75.663575,6208,6241,7067,5218,6183.5,2,71205,61633,9.77791906989418229710704391661746673328,4.72017414507408187627273365634435784004,17.62516677199634857102731549750719752826,2019,0.71205,91,52.31593406593406593406593406593406593407,11.568,12.044,0,25,57,2020,1,0,1,0,0,0,0,"upstate",10468.3659855347236851344708938979004283
"36055",2021,"Q2",2,8086,75445,56779,735,17931,6,6,4,2,0,"Monroe County",43.250347,-77.700518,65785,77599,71890,55512,67696.5,6,743341,60075,14.39196768814944509240109227861455425067,5.55411311901267386031444518733663285087,16.86224760910537694005846576470287526182,2019,7.43341,91,54.52582417582417582417582417582417582418,7.08,2.124,1,9,47,2020,1,0,1,0,0,0,0,"upstate",10149.4468891128028724367416838301667741
"36057",2021,"Q2",2,8086,9004,4631,43,637,2,2,2,0,3693,"Montgomery County",42.900891,-74.435357,8177,4755,5086,4079,5524.25,2,49302,49462,19.77416347249559722366103801926862115405,6.30197557908401281895257798872256703582,18.29540383757251227130745203034359660866,2019,0.49302,91,54.51263736263736263736263736263736263736,8.971,5.319,1,19,46,2020,1,0,1,0,0,0,0,"upstate",18262.9507930712749989858423593363352399
"36059",2021,"Q2",2,8086,98731,66956,1080,23396,12,12,11,1,7299,"Nassau County",40.729612,-73.589414,96713,92664,88726,69332,86858.75,12,1356509,116100,5.55671905923746295695152727310805575044,5.47198728500879831980473406368848271556,17.47006470285121587840552476983197310154,2019,13.56509,91,58.22637362637362637362637362637362637363,12.609,0.111,0,2,45,2020,1,0,1,0,0,0,1,"downstate_non_nyc",7278.31514571595175557257637066912198887
"36061",2021,"Q2",2,8086,236410,163372,1059,40903,18,18,16,2,31076,"New York County",40.776642,-73.970187,225706,206140,198976,142370,193298,18,1631993,86553,15.83353999796806069061957110935682810488,4.82679766396056845832059328685846078997,16.19835379195866648937832453938221548744,2019,16.31993,91,59.0510989010989010989010989010989010989,11.142,0.055,0,1,41,2020,1,0,1,0,0,1,0,"nyc",14485.9689961905473859262876740280136005
"36063",2021,"Q2",2,8086,13206,11745,62,1399,4,4,3,1,0,"Niagara County",43.272672,-78.812943,11363,12118,13771,10213,11866.25,4,210820,55522,13.45573282711916803122298057741260801731,5.26468077032539607247889194573569870031,18.60212503557537235556398823641020776017,2019,2.1082,91,55.42747252747252747252747252747252747253,7.442,0.964,1,8,41,2020,1,0,1,0,0,0,0,"upstate",6264.111564367707048667109382411535907409
"36065",2021,"Q2",2,8086,23304,19180,135,3989,4,4,3,1,0,"Oneida County",43.242727,-75.434282,20290,22810,22261,17654,20753.75,4,229959,56027,15.47233886326610220050021798490167733645,5.66013941615679316747768080396940324145,18.38371187907409581708043607773559634544,2019,2.29959,91,54.29945054945054945054945054945054945055,11.149,5.127,2,20,50,2020,1,0,1,0,0,0,0,"upstate",10133.9804052026665623002361290490913598
"36067",2021,"Q2",2,8086,53782,41454,545,11783,4,4,4,0,0,"Onondaga County",43.006516,-76.196134,46976,51131,50256,36961,46331,4,462872,61359,14.11193530282847270588076192279344643618,5.69639122694827079624604642320123057778,16.59918940873502825835220104046042966522,2019,4.62872,91,55.02197802197802197802197802197802197802,9.993,6.145,0,15,52,2020,1,0,1,0,0,0,0,"upstate",11619.1949394216975751395634214210408061
"36069",2021,"Q2",2,8086,14057,10115,160,1573,3,3,3,0,2209,"Ontario County",42.856357,-77.303497,11953,12164,13306,10614,12009.25,3,109511,64944,8.66414084294654301440096509085425620146,4.96388490653906913460748235337089424807,19.36517792733150094511053684104793125805,2019,1.09511,91,55.02362637362637362637362637362637362637,8.532,5.403,2,17,50,2020,1,0,1,0,0,0,0,"upstate",12836.1534457725707919752353644839331209
"36071",2021,"Q2",2,8086,35216,28468,350,6398,4,4,4,0,0,"Orange County",41.40241,-74.306252,30427,30403,32075,24838,29435.75,4,380085,79944,11.64923233119656965723574425801016357853,6.617730244550561058710551587144980728,13.66825841588065827380717471091992580607,2019,3.80085,91,57.60934065934065934065934065934065934066,10.246,1.213,2,6,44,2020,1,0,1,0,0,0,0,"upstate",9265.295920649328439691121722772537721825
"36073",2021,"Q2",2,8086,1505,,,,1,1,1,0,,"Orleans County",43.339906,-78.207028,1273,,,,,1,40904,52620,13.72049673133975688518994985428863976476,5.04351652650107568941912771367103461764,17.3528261294738900840993545863485233718,2019,0.40904,91,54.71593406593406593406593406593406593407,6.579,1.82,1,7,45,2020,1,0,1,0,0,0,0,"upstate",3679.346763152747897516135341286915705066
"36075",2021,"Q2",2,8086,6105,5260,32,813,2,2,2,0,0,"Oswego County",43.461443,-76.209262,5254,5334,5917,4564,5267.25,2,118339,55967,17.00054860459766046684481568655210858832,5.46227363760045293605658320587464825628,15.77501922443150609689113479072833131935,2019,1.18339,91,54.27912087912087912087912087912087912088,9.983,3.499,0,11,52,2020,1,0,1,0,0,0,0,"upstate",5158.907883284462434193292152206795730909
"36077",2021,"Q2",2,8086,8895,3192,63,659,2,2,2,0,4981,"Otsego County",42.629776,-75.028841,8047,8209,9376,7137,8192.25,2,59972,54028,14.86626921183613192583274079746212328392,4.2336423664376709130927766290935770026,20.56459681184552791302607883679050223438,2019,0.59972,91,52.17637362637362637362637362637362637363,9.256,10.886,0,23,54,2020,1,0,1,0,0,0,0,"upstate",14831.9215633962515840725671980257453478
"36079",2021,"Q2",2,8086,5177,4395,68,714,1,1,1,0,0,"Putnam County",41.427907,-73.743861,4703,4688,4930,3594,4478.75,1,98787,104486,4.9808862216376192042091417296941795462,4.44694139917195582414690192029315598206,16.70665168493830159838845192181157439744,2019,0.98787,91,56.1956043956043956043956043956043956044,11.734,1.489,1,8,40,2020,1,0,1,0,0,0,0,"upstate",5240.568090943140291738791541397147397937
"36081",2021,"Q2",2,8086,164504,82513,452,18004,10,10,10,0,63535,"Queens County",40.654658,-73.841209,145101,139457,137167,96370,129523.75,10,2287388,68666,12.23249831079511438140586980445047410572,6.25512593403480301549190605179357415532,15.32376667185453451709985363217783777829,2019,22.87388,91,58.09505494505494505494505494505494505495,11.567,0.083,0,0,43,2020,1,0,1,0,0,1,0,"nyc",7191.783816300513948661092914713201258379
"36083",2021,"Q2",2,8086,10537,8871,75,1591,1,1,1,0,0,"Rensselaer County",42.710421,-73.513845,9612,9671,10208,7601,9273,1,159185,68991,11.70876381057914806244500211843691946681,5.20526431510506643213870653641988880862,16.52605459057071960297766749379652605459,2019,1.59185,91,53.73846153846153846153846153846153846154,9.28,6.921,0,17,43,2020,1,0,1,0,0,0,0,"upstate",6619.342274711813298991739171404340861262
"36085",2021,"Q2",2,8086,19381,15986,213,3182,3,3,2,1,0,"Richmond County",40.561263,-74.1399,17221,27991,28892,21296,23850,3,474893,82783,11.65098867344979842580149740833173353811,5.74318846561225370767730836209419806146,15.88610486993912312878901141941447862992,2019,4.74893,91,58.78186813186813186813186813186813186813,10.273,0.083,0,0,44,2020,1,0,1,0,0,1,0,"nyc",4081.129854514595919501866736296386765019
"36087",2021,"Q2",2,8086,19934,15441,130,4363,2,2,2,0,0,"Rockland County",41.154628,-74.024662,17720,16445,17503,13110,16194.5,2,324422,93024,13.87052840703209925905563954868616695613,7.90729358674812435654795297482908064188,15.53871192459204369617350241352312728483,2019,3.24422,91,57.7510989010989010989010989010989010989,12.539,0.386,0,3,45,2020,1,0,1,0,0,0,1,"downstate_non_nyc",6144.466158275332745621443675213148306835
"36089",2021,"Q2",2,8086,14645,9932,89,1258,5,5,4,1,3366,"St. Lawrence County",44.488112,-75.074311,12017,12510,14170,10350,12261.75,5,108913,50940,17.86741732916756890524948185727101184768,5.20690826623084480273245618062122978891,16.89238199296686345982573246536226162166,2019,1.08913,91,53.43736263736263736263736263736263736264,6.74,3.336,0,24,45,2020,1,0,1,0,0,0,0,"upstate",13446.5123538971472643302452416148669121
"36091",2021,"Q2",2,8086,9090,6918,148,2024,1,1,1,0,0,"Saratoga County",43.106135,-73.855387,7697,7931,8465,6602,7673.75,1,228502,84291,5.84428284408726419287733584623864303113,5.12205582445667871616003361020910101443,17.58890512993321721472897392582997085365,2019,2.28502,91,55.48681318681318681318681318681318681319,11.221,3.445,1,13,39,2020,1,0,1,0,0,0,0,"upstate",3978.083342815380171727162125495619294361
"36093",2021,"Q2",2,8086,12166,10716,61,1389,2,2,1,1,0,"Schenectady County",42.817552,-74.043559,11112,12166,10687,8797,10690.5,2,154859,65499,11.44934934072271904645103979528926660789,5.84725459934521080466747170006263762519,16.82498272622191800282837936445411632517,2019,1.54859,91,55.47637362637362637362637362637362637363,8.812,4.465,1,12,43,2020,1,0,1,0,0,0,0,"upstate",7856.178846563648221930917802646278227291
"36095",2021,"Q2",2,8086,2495,2485,0,10,1,1,1,0,0,"Schoharie County",42.591294,-74.438172,1880,,,,,1,31222,57714,12.10374639769452449567723342939481268012,4.21497661905066939978220485555057331369,20.98840561142783934405227083466786240471,2019,0.31222,91,50.82967032967032967032967032967032967033,8.752,11.298,0,29,54,2020,1,0,1,0,0,0,0,"upstate",7991.160079431170328614438536929088463263
"36101",2021,"Q2",2,8086,10107,6529,79,828,3,3,2,1,2671,"Steuben County",42.266725,-77.385525,8158,8477,8929,6660,8056,3,96422,53663,13.69303366516410315960602573711824506213,5.53193254651428097322187882433469540146,18.92825288834498350998734728588911244322,2019,0.96422,91,53.38186813186813186813186813186813186813,10.304,6.09,0,23,56,2020,1,0,1,0,0,0,0,"upstate",10482.0476654705357698450561075273277883
"36103",2021,"Q2",2,8086,103123,76279,1507,23678,11,11,10,1,1659,"Suffolk County",40.943554,-72.692218,89190,108758,115162,81114,98556,11,1483832,101031,6.87418348776269983311056236454392363864,5.3778999239806123604289434383407286,16.50260945983103208449474064449344669747,2019,14.83832,91,58.09835164835164835164835164835164835165,11.952,0.221,0,0,42,2020,1,0,1,0,0,0,1,"downstate_non_nyc",6949.775985421530200184387450870448945703
"36105",2021,"Q2",2,8086,6546,5846,37,663,2,2,1,1,0,"Sullivan County",41.719993,-74.771577,5760,6568,7491,6072,6472.75,2,75116,57426,15.15180736169274851223275292043200352656,5.66723467703285584961925555141381330209,18.54198839128814100857340646466798019064,2019,0.75116,91,53.50494505494505494505494505494505494505,11.321,6.67,0,19,47,2020,1,0,1,0,0,0,0,"upstate",8714.521540018105330422280206613770701315
"36109",2021,"Q2",2,8086,7481,6416,60,1005,1,1,1,0,0,"Tompkins County",42.453006,-76.473483,5833,5604,6182,4632,5562.75,1,102642,60240,18.89362657091561938958707360861759425494,4.01492566395822372907776543715048420724,13.92704740749400830069562167533758110715,2019,1.02642,91,54.41208791208791208791208791208791208791,10.48,6.282,0,19,54,2020,1,0,1,0,0,0,0,"upstate",7288.439430252723056838331287387229399271
"36111",2021,"Q2",2,8086,10643,9274,55,1314,2,2,2,0,0,"Ulster County",41.947212,-74.265458,8856,9148,10129,7181,8828.5,2,178665,64304,13.79146919431279620853080568720379146919,4.39705594268603251896006492597878711555,19.17219377046427671899924439593652925867,2019,1.78665,91,55.90769230769230769230769230769230769231,14.227,5.403,0,10,47,2020,1,0,1,0,0,0,0,"upstate",5956.958553717851845632888366495956118994
"36113",2021,"Q2",2,8086,10476,8161,137,2178,1,1,1,0,0,"Warren County",43.555105,-73.838139,9139,9324,10937,7936,9334,1,64276,61024,9.47303573121031181878494929390579092029,4.32665380546393677266786981143817287946,21.60526479556910822079780944676084386085,2019,0.64276,91,54.5032967032967032967032967032967032967,7.413,3.032,3,16,35,2020,1,0,1,0,0,0,0,"upstate",16298.4628788350239591760532702719522061
"36117",2021,"Q2",2,8086,5389,4368,38,983,1,1,1,0,0,"Wayne County",43.218114,-77.049402,4628,4749,5307,3997,4670.25,1,90519,59449,11.61587312254292530492926984980343402439,5.48393155028226118273511638440548393155,18.37293827815154829372838851511837293828,2019,0.90519,91,55.3456043956043956043956043956043956044,7.914,3.224,3,10,49,2020,1,0,1,0,0,0,0,"upstate",5953.446237806427379887095526905953446238
"36119",2021,"Q2",2,8086,79255,45199,601,12936,13,13,10,3,20519,"Westchester County",41.152686,-73.745753,69131,70169,69939,52000,65309.75,13,968890,96610,8.8399092778708848579691142961369079403,5.63025730475079730413153195925234030695,16.74194180969975951862440524724168894302,2019,9.6889,91,57.91868131868131868131868131868131868132,11.504,0.359,1,2,43,2020,1,0,1,0,0,0,1,"downstate_non_nyc",8179.979151400055733881039127248707283593
"36121",2021,"Q2",2,8086,3284,2870,25,389,1,1,1,0,0,"Wyoming County",42.701365,-78.228576,2647,2841,3035,2135,2664.5,1,40305,58052,10.47347677886663826161056668086919471666,5.16065004341893065376504155811934003225,17.35764793449944175660588016375139560849,2019,0.40305,91,52.36483516483516483516483516483516483516,10.528,7.605,0,23,55,2020,1,0,1,0,0,0,0,"upstate",8147.872472397965512963652152338419550924
"36123",2021,"Q2",2,8086,1729,1672,0,57,1,1,1,0,0,"Yates County",42.638237,-77.104324,1306,1412,1724,1245,1421.75,1,25011,56563,11.90616081920429746516703038442168876951,5.98136819799288313142217424333293350926,20.11115109351885170524969013634001039543,2019,0.25011,91,54.61373626373626373626373626373626373626,10.217,5.403,0,18,52,2020,1,0,1,0,0,0,0,"upstate",6912.95829834872656031346207668625804646
"36001",2021,"Q3",3,8087,41275,31159,431,9685,5,5,3,2,0,"Albany County",42.58824,-73.97401,36834,33062,26805,29054,31438.75,5,306968,66252,11.87364545301546630762942685703883578511,5.07544760365901331734903963931093794793,16.51344765578171014568293763519324489849,2019,3.06968,92,69.6836956521739130434782608695652173913,12.894,0,3,0,48,2020,1,0,0,1,0,0,0,"upstate",13446.0269474342602486252638711526934404
"36003",2021,"Q3",3,8087,2933,,,,2,2,1,1,,"Allegany County",42.247853,-78.026153,2772,2178,2336,2454,2435,2,46688,48412,16.88227684346701164294954721862871927555,5.1576422206991089787525702535983550377,18.41158327621658670322138450993831391364,2019,0.46688,92,66.89565217391304347826086956521739130435,8.668,0,0,0,46,2020,1,0,0,1,0,0,0,"upstate",6282.128169979437971213159698423577793009
"36005",2021,"Q3",3,8087,176052,123080,214,25790,10,10,10,0,26968,"Bronx County",40.848711,-73.852939,165672,151201,137389,142216,149119.5,10,1435068,40088,28.00546438331806324316719998914550098869,7.30878258033765647342146852971427137947,12.51933706277333199541763874603851524806,2019,14.35068,92,74.23097826086956521739130434782608695652,13.115,0,14,0,45,2020,1,0,0,1,0,1,0,"nyc",12267.8507220563764225806721353970682922
"36007",2021,"Q3",3,8087,23618,18720,265,4633,3,3,3,0,0,"Broome County",42.161977,-75.830283,22543,16164,19133,20638,19619.5,3,193188,52226,17.41052207040511006589238122748404466948,5.23117377890966312607408327639397892209,18.69008427024452864567157380375592686916,2019,1.93188,92,68.4038043478260869565217391304347826087,11.572,0,2,0,44,2020,1,0,0,1,0,0,0,"upstate",12225.3970225893947864256579083586972276
"36009",2021,"Q3",3,8087,7087,5960,50,1077,1,1,1,0,0,"Cattaraugus County",42.239099,-78.662332,7038,5866,5552,6568,6256,1,77121,48703,16.50263126180050616639215843811513276825,5.70402354741250761789914549863201981302,18.70696697397595985529233282763449644066,2019,0.77121,92,66.27771739130434782608695652173913043478,9.489,0,0,0,50,2020,1,0,0,1,0,0,0,"upstate",9189.455530918945553091894555309189455531
"36011",2021,"Q3",3,8087,6668,5544,64,1060,1,1,1,0,0,"Cayuga County",43.008546,-76.574587,5975,5025,5332,5639,5492.75,1,77425,58377,12.09675205227466161491365346072536584027,5.0242169841782370035518243461414271876,18.35582822085889570552147239263803680982,2019,0.77425,92,71.28478260869565217391304347826086956522,8.787,0,10,0,45,2020,1,0,0,1,0,0,0,"upstate",8612.205360025831449790119470455279302551
"36013",2021,"Q3",3,8087,14440,12981,93,1366,3,3,2,1,0,"Chautauqua County",42.304216,-79.407595,13203,11118,11576,12929,12206.5,3,128496,46820,18.19851148883616627124703435275764568234,5.44997509650105839870501805503673266094,19.57804133980824305814967002863902378284,2019,1.28496,92,68.59239130434782608695652173913043478261,9.37,0,1,0,48,2020,1,0,0,1,0,0,0,"upstate",11237.7038973975843606026646743867513386
"36015",2021,"Q3",3,8087,8810,7554,70,1186,3,3,1,2,0,"Chemung County",42.148697,-76.752471,8130,6673,7053,7849,7426.25,3,84895,54940,13.87265954928805451397107371096134441219,5.81659697273102067259555922021320454679,18.39213145650509452853524942576123446611,2019,0.84895,92,69.48043478260869565217391304347826086957,7.907,0,5,0,42,2020,1,0,0,1,0,0,0,"upstate",10377.5251781612580246186465634018493433
"36017",2021,"Q3",3,8087,4090,,,,1,1,1,0,,"Chenango County",42.478024,-75.602241,5213,2243,3213,3337,3501.5,1,47909,52002,13.53453772582359192348565356004250797024,5.3351144878832787158988916487507566428,20.1987100544782817424700995637562879626,2019,0.47909,92,67.06358695652173913043478260869565217391,11.66,0,1,0,41,2020,1,0,0,1,0,0,0,"upstate",8537.018096808532843515832098353127804797
"36019",2021,"Q3",3,8087,9248,7186,95,1967,1,1,1,0,0,"Clinton County",44.752712,-73.705643,8411,7997,8246,8350,8251,1,80583,56365,15.00061917800679719856350702423049933266,4.86206768176910762815978556271173820781,16.40296340419195115595100703622352109006,2019,0.80583,92,64.38478260869565217391304347826086956522,11.042,0,0,0,56,2020,1,0,0,1,0,0,0,"upstate",11476.3659828996190263455071168856954941
"36021",2021,"Q3",3,8087,5989,5121,63,805,1,1,1,0,0,"Columbia County",42.247696,-73.626718,5475,4832,5052,5492,5212.75,1,60371,66787,11.57254828298697085090760062157408514199,4.23547729870301966175812890295009193156,23.08393102648622683076311474052111112952,2019,0.60371,92,71.62989130434782608695652173913043478261,8.661,0,8,0,39,2020,1,0,0,1,0,0,0,"upstate",9920.325984330224776796806413675440194796
"36023",2021,"Q3",3,8087,6468,5744,58,666,1,1,1,0,0,"Cortland County",42.594039,-76.07624,5805,4628,5102,5540,5268.75,1,47865,56023,16.401281068158238982362758807343587893,4.96396114070824193042933249764963961141,16.02005640864932623002193669696020056409,2019,0.47865,92,67.3038043478260869565217391304347826087,11.15,0,0,0,50,2020,1,0,0,1,0,0,0,"upstate",13513.0053274835474772798495769351300533
"36025",2021,"Q3",3,8087,4918,3387,0,23,4,4,3,1,1508,"Delaware County",42.193986,-74.966728,4191,3008,2065,2535,2949.75,4,44995,49544,16.58029873144652613313949398550894552958,3.89376597399711079008778753194799422158,23.97599733303700411156795199466607400822,2019,0.44995,92,65.49293478260869565217391304347826086957,14.933,0,0,0,46,2020,1,0,0,1,0,0,0,"upstate",10930.1033448160906767418602066896321814
"36027",2021,"Q3",3,8087,28395,22674,256,5465,3,3,3,0,0,"Dutchess County",41.754825,-73.740014,27092,22874,23403,25167,24634,3,293754,81219,9.04109885511878052475526089873536434925,4.60827767451677253756544591733218951912,17.08095889758096911020786099933958346099,2019,2.93754,92,71.88315217391304347826086956521739130435,10.485,0,14,0,34,2020,1,0,0,1,0,0,0,"upstate",9666.251353173063175309953226168835147777
"36029",2021,"Q3",3,8087,89218,62220,993,17228,10,10,9,1,8777,"Erie County",42.752759,-78.778192,84468,73781,73137,83550,78734,10,919355,58121,14.19953887275777158412548752616096453755,5.47666570584812178103126648574272179952,17.59320393101685420756943726851977745267,2019,9.19355,92,69.79239130434782608695652173913043478261,9.027,0,2,0,43,2020,1,0,0,1,0,0,0,"upstate",9704.412332559239901887736510923419136242
"36031",2021,"Q3",3,8087,2776,2776,0,0,3,3,2,1,0,"Essex County",44.109601,-73.778431,2063,1616,1664,2341,1921,3,37459,56763,9.87295930098873304207863876753276615314,3.94564724098347526629114498518380095571,22.75821564910969326463600202888491417283,2019,0.37459,92,60.62934782608695652173913043478260869565,12.893,0,0,1,57,2020,1,0,0,1,0,0,0,"upstate",7410.769107557596305293787874743052403962
"36033",2021,"Q3",3,8087,6794,6291,61,442,2,2,2,0,0,"Franklin County",44.594376,-74.31067,5542,4515,4754,5654,5116.25,2,50477,50407,17.77901537090666072621964802851414568946,4.92303425322424074330883372625156011649,16.57190403550131743170156705033975870198,2019,0.50477,92,63.6125,13.072,0,0,0,52,2020,1,0,0,1,0,0,0,"upstate",13459.5954593181052756701071775263981615
"36035",2021,"Q3",3,8087,4979,4499,30,450,1,1,1,0,0,"Fulton County",43.115609,-74.423678,4431,3732,3607,4284,4013.5,1,53646,50482,14.90225994087918375131114713454753504339,5.05163479103754240763523841479327442866,19.03403795250344853297543153263989859449,2019,0.53646,92,66.43423913043478260869565217391304347826,15.295,0,0,0,43,2020,1,0,0,1,0,0,0,"upstate",9281.213883607351899489244305260410841442
"36037",2021,"Q3",3,8087,6135,5302,35,798,2,2,2,0,0,"Genesee County",43.00091,-78.192778,5219,4592,4147,4421,4594.75,2,57808,60524,10.87334633426448110472777104306119222052,5.13250761140326598394685856628840298921,18.32445336285635206199833933019651259341,2019,0.57808,92,70.16684782608695652173913043478260869565,7.255,0,4,0,43,2020,1,0,0,1,0,0,0,"upstate",10612.7179629117077221145862164406310545
"36043",2021,"Q3",3,8087,3699,,,,1,1,1,0,,"Herkimer County",43.571009,-74.841097,3221,2734,,,,1,62057,54646,13.63725908658108152477263026562038283482,5.10014986222343974088338140741576292763,20.11537779783102631451729861256586686433,2019,0.62057,92,62.92010869565217391304347826086956521739,14.903,0,0,0,54,2020,1,0,0,1,0,0,0,"upstate",5960.64908068388739384759173018354093817
"36045",2021,"Q3",3,8087,12250,7822,47,1394,3,3,2,1,2987,"Jefferson County",43.996389,-76.052968,12917,10977,10754,11579,11556.75,3,112842,52685,14.0176714687644086456578811174992707461,7.90308573049042023360096418000389925737,13.22468584392336186880771344003119405895,2019,1.12842,92,69.29347826086956521739130434782608695652,11.203,0,3,0,46,2020,1,0,0,1,0,0,0,"upstate",10855.886992431895925276049697807553925
"36047",2021,"Q3",3,8087,175218,130653,646,24036,15,15,10,5,19883,"Kings County",40.635045,-73.95064,162279,144051,165726,169229,160321.25,15,2589974,60231,19.95021327419859865652267327578172919187,7.37300837769027797190242064206049944903,13.60222148948213379748213688631623329037,2019,25.89974,92,74.50543478260869565217391304347826086957,11.947,0,9,0,42,2020,1,0,0,1,0,1,0,"nyc",6765.241658796574791870497541674163524421
"36049",2021,"Q3",3,8087,2911,2671,30,210,1,1,1,0,0,"Lewis County",43.782706,-75.444132,2510,2093,2109,2543,2313.75,1,26572,54524,13.47544727826417967263037685572896840502,6.35255155803101008580460635255155803101,17.89477645642029203673039289477645642029,2019,0.26572,92,68.25217391304347826086956521739130434783,10.463,0,1,0,50,2020,1,0,0,1,0,0,0,"upstate",10955.1407496612976065030859551407496613
"36051",2021,"Q3",3,8087,3769,3385,48,336,1,1,1,0,0,"Livingston County",42.729042,-77.778463,3421,2745,2735,3247,3037,1,63591,59510,13.17511135857461024498886414253897550111,4.30721328489880643487285936689154125584,17.18639430108034155776760862386186724536,2019,0.63591,92,70.49565217391304347826086956521739130435,6.011,0,4,0,45,2020,1,0,0,1,0,0,0,"upstate",5926.93934676290670063373747857401204573
"36053",2021,"Q3",3,8087,8420,5206,59,468,2,2,2,0,2687,"Madison County",42.910026,-75.663575,7454,6208,6241,7067,6742.5,2,71205,61633,9.77791906989418229710704391661746673328,4.72017414507408187627273365634435784004,17.62516677199634857102731549750719752826,2019,0.71205,92,67.2913043478260869565217391304347826087,11.11,0,0,0,43,2020,1,0,0,1,0,0,0,"upstate",11825.0122884628888420756969313952671863
"36055",2021,"Q3",3,8087,76113,57874,737,17502,6,6,4,2,0,"Monroe County",43.250347,-77.700518,75445,65785,77599,71890,72679.75,6,743341,60075,14.39196768814944509240109227861455425067,5.55411311901267386031444518733663285087,16.86224760910537694005846576470287526182,2019,7.43341,92,71.03967391304347826086956521739130434783,6.77,0,3,0,46,2020,1,0,0,1,0,0,0,"upstate",10239.3114331107795749191824478940351736
"36057",2021,"Q3",3,8087,11122,5104,29,698,2,2,2,0,5291,"Montgomery County",42.900891,-74.435357,9004,8177,4755,5086,6755.5,2,49302,49462,19.77416347249559722366103801926862115405,6.30197557908401281895257798872256703582,18.29540383757251227130745203034359660866,2019,0.49302,92,68.72934782608695652173913043478260869565,12.099,0,3,0,39,2020,1,0,0,1,0,0,0,"upstate",22558.9225589225589225589225589225589226
"36059",2021,"Q3",3,8087,111843,77791,1000,24631,12,12,11,1,8421,"Nassau County",40.729612,-73.589414,98731,96713,92664,88726,94208.5,12,1356509,116100,5.55671905923746295695152727310805575044,5.47198728500879831980473406368848271556,17.47006470285121587840552476983197310154,2019,13.56509,92,73.46521739130434782608695652173913043478,13.159,0,7,0,53,2020,1,0,0,1,0,0,1,"downstate_non_nyc",8244.913966660007416095285766625949403948
"36061",2021,"Q3",3,8087,250167,176621,1019,41388,18,18,16,2,31139,"New York County",40.776642,-73.970187,236410,225706,206140,198976,216808,18,1631993,86553,15.83353999796806069061957110935682810488,4.82679766396056845832059328685846078997,16.19835379195866648937832453938221548744,2019,16.31993,92,74.24782608695652173913043478260869565217,13.584,0,12,0,46,2020,1,0,0,1,0,1,0,"nyc",15328.9260431876852412969908571911766778
"36063",2021,"Q3",3,8087,13817,12379,64,1374,4,4,3,1,0,"Niagara County",43.272672,-78.812943,13206,11363,12118,13771,12614.5,4,210820,55522,13.45573282711916803122298057741260801731,5.26468077032539607247889194573569870031,18.60212503557537235556398823641020776017,2019,2.1082,92,71.68097826086956521739130434782608695652,7.739,0,5,0,44,2020,1,0,0,1,0,0,0,"upstate",6553.932264491035006166397874964424627644
"36065",2021,"Q3",3,8087,26472,21973,171,4328,4,4,3,1,0,"Oneida County",43.242727,-75.434282,23304,20290,22810,22261,22166.25,4,229959,56027,15.47233886326610220050021798490167733645,5.66013941615679316747768080396940324145,18.38371187907409581708043607773559634544,2019,2.29959,92,68.63804347826086956521739130434782608696,13.526,0,2,0,43,2020,1,0,0,1,0,0,0,"upstate",11511.6172882992185563513495884048895673
"36067",2021,"Q3",3,8087,54541,42155,552,11834,4,4,4,0,0,"Onondaga County",43.006516,-76.196134,53782,46976,51131,50256,50536.25,4,462872,61359,14.11193530282847270588076192279344643618,5.69639122694827079624604642320123057778,16.59918940873502825835220104046042966522,2019,4.62872,92,70.23097826086956521739130434782608695652,10.349,0,2,0,49,2020,1,0,0,1,0,0,0,"upstate",11783.1711574690195129539051832904129003
"36069",2021,"Q3",3,8087,16159,11931,151,1699,3,3,3,0,2378,"Ontario County",42.856357,-77.303497,14057,11953,12164,13306,12870,3,109511,64944,8.66414084294654301440096509085425620146,4.96388490653906913460748235337089424807,19.36517792733150094511053684104793125805,2019,1.09511,92,70.88586956521739130434782608695652173913,6.679,0,6,0,47,2020,1,0,0,1,0,0,0,"upstate",14755.59532832318214608578133703463579
"36071",2021,"Q3",3,8087,38044,30991,368,6685,4,4,4,0,0,"Orange County",41.40241,-74.306252,35216,30427,30403,32075,32030.25,4,380085,79944,11.64923233119656965723574425801016357853,6.617730244550561058710551587144980728,13.66825841588065827380717471091992580607,2019,3.80085,92,72.88586956521739130434782608695652173913,11.427,0,18,0,36,2020,1,0,0,1,0,0,0,"upstate",10009.340016049041661733559598510859413
"36073",2021,"Q3",3,8087,1757,,,,1,1,1,0,,"Orleans County",43.339906,-78.207028,1505,1273,,,,1,40904,52620,13.72049673133975688518994985428863976476,5.04351652650107568941912771367103461764,17.3528261294738900840993545863485233718,2019,0.40904,92,71.23804347826086956521739130434782608696,7.774,0,1,0,45,2020,1,0,0,1,0,0,0,"upstate",4295.4234304713475454723254449442597301
"36075",2021,"Q3",3,8087,6831,5852,40,939,2,2,2,0,0,"Oswego County",43.461443,-76.209262,6105,5254,5334,5917,5652.5,2,118339,55967,17.00054860459766046684481568655210858832,5.46227363760045293605658320587464825628,15.77501922443150609689113479072833131935,2019,1.18339,92,69.35489130434782608695652173913043478261,10.822,0,4,0,49,2020,1,0,0,1,0,0,0,"upstate",5772.39963156693904798925121895571197999
"36077",2021,"Q3",3,8087,8610,3466,43,800,2,2,2,0,4301,"Otsego County",42.629776,-75.028841,8895,8047,8209,9376,8631.75,2,59972,54028,14.86626921183613192583274079746212328392,4.2336423664376709130927766290935770026,20.56459681184552791302607883679050223438,2019,0.59972,92,66.53423913043478260869565217391304347826,13.806,0,0,0,43,2020,1,0,0,1,0,0,0,"upstate",14356.6997932368438604682185019675848729
"36079",2021,"Q3",3,8087,5401,4663,64,674,1,1,1,0,0,"Putnam County",41.427907,-73.743861,5177,4703,4688,4930,4874.5,1,98787,104486,4.9808862216376192042091417296941795462,4.44694139917195582414690192029315598206,16.70665168493830159838845192181157439744,2019,0.98787,92,71.70271739130434782608695652173913043478,9.92,0,8,0,42,2020,1,0,0,1,0,0,0,"upstate",5467.318574306335853907902861712573516758
"36081",2021,"Q3",3,8087,177209,89846,537,18410,10,10,10,0,68416,"Queens County",40.654658,-73.841209,164504,145101,139457,137167,146557.25,10,2287388,68666,12.23249831079511438140586980445047410572,6.25512593403480301549190605179357415532,15.32376667185453451709985363217783777829,2019,22.87388,92,73.84184782608695652173913043478260869565,11.457,0,6,0,45,2020,1,0,0,1,0,1,0,"nyc",7747.220847534392940769121810554221671181
"36083",2021,"Q3",3,8087,12452,10742,107,1603,1,1,1,0,0,"Rensselaer County",42.710421,-73.513845,10537,9612,9671,10208,10007,1,159185,68991,11.70876381057914806244500211843691946681,5.20526431510506643213870653641988880862,16.52605459057071960297766749379652605459,2019,1.59185,92,68.61358695652173913043478260869565217391,10.528,0,2,0,46,2020,1,0,0,1,0,0,0,"upstate",7822.345070201338065772528818670100826083
"36085",2021,"Q3",3,8087,21242,17533,131,3578,3,3,2,1,0,"Richmond County",40.561263,-74.1399,19381,17221,27991,28892,23371.25,3,474893,82783,11.65098867344979842580149740833173353811,5.74318846561225370767730836209419806146,15.88610486993912312878901141941447862992,2019,4.74893,92,74.19076086956521739130434782608695652174,11.469,0,8,0,43,2020,1,0,0,1,0,1,0,"nyc",4473.007603818123240393099077055252446341
"36087",2021,"Q3",3,8087,21873,17222,160,4491,2,2,2,0,0,"Rockland County",41.154628,-74.024662,19934,17720,16445,17503,17900.5,2,324422,93024,13.87052840703209925905563954868616695613,7.90729358674812435654795297482908064188,15.53871192459204369617350241352312728483,2019,3.24422,92,73.19836956521739130434782608695652173913,12.123,0,12,0,42,2020,1,0,0,1,0,0,1,"downstate_non_nyc",6742.144490817515458261153682549272244176
"36089",2021,"Q3",3,8087,16826,11533,88,1439,5,5,4,1,3766,"St. Lawrence County",44.488112,-75.074311,14645,12017,12510,14170,13335.5,5,108913,50940,17.86741732916756890524948185727101184768,5.20690826623084480273245618062122978891,16.89238199296686345982573246536226162166,2019,1.08913,92,67.33913043478260869565217391304347826087,13.184,0,2,0,47,2020,1,0,0,1,0,0,0,"upstate",15449.0281233645203051977266258389723908
"36091",2021,"Q3",3,8087,9843,7622,126,2095,1,1,1,0,0,"Saratoga County",43.106135,-73.855387,9090,7697,7931,8465,8295.75,1,228502,84291,5.84428284408726419287733584623864303113,5.12205582445667871616003361020910101443,17.58890512993321721472897392582997085365,2019,2.28502,92,69.5625,13.81,0,2,0,45,2020,1,0,0,1,0,0,0,"upstate",4307.620939860482621596309879125784457029
"36093",2021,"Q3",3,8087,12223,11240,65,918,2,2,1,1,0,"Schenectady County",42.817552,-74.043559,12166,11112,12166,10687,11532.75,2,154859,65499,11.44934934072271904645103979528926660789,5.84725459934521080466747170006263762519,16.82498272622191800282837936445411632517,2019,1.54859,92,70.00706521739130434782608695652173913043,12.701,0,4,0,36,2020,1,0,0,1,0,0,0,"upstate",7892.986523224352475477692610697473185285
"36095",2021,"Q3",3,8087,3028,3013,0,15,1,1,1,0,0,"Schoharie County",42.591294,-74.438172,2495,1880,,,,1,31222,57714,12.10374639769452449567723342939481268012,4.21497661905066939978220485555057331369,20.98840561142783934405227083466786240471,2019,0.31222,92,65.3875,13.963,0,0,0,41,2020,1,0,0,1,0,0,0,"upstate",9698.289667542117737492793543014541028762
"36101",2021,"Q3",3,8087,11389,7472,68,779,3,3,2,1,3070,"Steuben County",42.266725,-77.385525,10107,8158,8477,8929,8917.75,3,96422,53663,13.69303366516410315960602573711824506213,5.53193254651428097322187882433469540146,18.92825288834498350998734728588911244322,2019,0.96422,92,68.63152173913043478260869565217391304348,6.795,0,2,0,41,2020,1,0,0,1,0,0,0,"upstate",11811.6197548277364087034079359482275829
"36103",2021,"Q3",3,8087,116463,87518,1392,25515,11,11,10,1,2038,"Suffolk County",40.943554,-72.692218,103123,89190,108758,115162,104058.25,11,1483832,101031,6.87418348776269983311056236454392363864,5.3778999239806123604289434383407286,16.50260945983103208449474064449344669747,2019,14.83832,92,74.18152173913043478260869565217391304348,10.677,0,9,0,49,2020,1,0,0,1,0,0,1,"downstate_non_nyc",7848.799594563265922287698337817219200017
"36105",2021,"Q3",3,8087,7925,7046,45,834,2,2,1,1,0,"Sullivan County",41.719993,-74.771577,6546,5760,6568,7491,6591.25,2,75116,57426,15.15180736169274851223275292043200352656,5.66723467703285584961925555141381330209,18.54198839128814100857340646466798019064,2019,0.75116,92,68.54673913043478260869565217391304347826,13.116,0,1,0,41,2020,1,0,0,1,0,0,0,"upstate",10550.3487938654880451568241120400447308
"36109",2021,"Q3",3,8087,8519,7392,66,1061,1,1,1,0,0,"Tompkins County",42.453006,-76.473483,7481,5833,5604,6182,6275,1,102642,60240,18.89362657091561938958707360861759425494,4.01492566395822372907776543715048420724,13.92704740749400830069562167533758110715,2019,1.02642,92,69.89836956521739130434782608695652173913,10.607,0,6,0,47,2020,1,0,0,1,0,0,0,"upstate",8299.721361625845170592934666121081038951
"36111",2021,"Q3",3,8087,10929,9790,29,1110,2,2,2,0,0,"Ulster County",41.947212,-74.265458,10643,8856,9148,10129,9694,2,178665,64304,13.79146919431279620853080568720379146919,4.39705594268603251896006492597878711555,19.17219377046427671899924439593652925867,2019,1.78665,92,70.57717391304347826086956521739130434783,13.834,0,2,0,43,2020,1,0,0,1,0,0,0,"upstate",6117.034673830912601796658550919318277223
"36113",2021,"Q3",3,8087,11119,8798,113,2208,1,1,1,0,0,"Warren County",43.555105,-73.838139,10476,9139,9324,10937,9969,1,64276,61024,9.47303573121031181878494929390579092029,4.32665380546393677266786981143817287946,21.60526479556910822079780944676084386085,2019,0.64276,92,68.00543478260869565217391304347826086957,11.476,0,1,0,37,2020,1,0,0,1,0,0,0,"upstate",17298.8362685916983010766071317443524799
"36117",2021,"Q3",3,8087,6012,4985,30,997,1,1,1,0,0,"Wayne County",43.218114,-77.049402,5389,4628,4749,5307,5018.25,1,90519,59449,11.61587312254292530492926984980343402439,5.48393155028226118273511638440548393155,18.37293827815154829372838851511837293828,2019,0.90519,92,70.74891304347826086956521739130434782609,7.91,0,7,0,47,2020,1,0,0,1,0,0,0,"upstate",6641.699532694793358300467305206641699533
"36119",2021,"Q3",3,8087,87645,50470,550,13778,13,13,10,3,22847,"Westchester County",41.152686,-73.745753,79255,69131,70169,69939,72123.5,13,968890,96610,8.8399092778708848579691142961369079403,5.63025730475079730413153195925234030695,16.74194180969975951862440524724168894302,2019,9.6889,92,73.31847826086956521739130434782608695652,11.964,0,14,0,42,2020,1,0,0,1,0,0,1,"downstate_non_nyc",9045.918525322792061018278648763017473604
"36121",2021,"Q3",3,8087,3681,3302,14,365,1,1,1,0,0,"Wyoming County",42.701365,-78.228576,3284,2647,2841,3035,2951.75,1,40305,58052,10.47347677886663826161056668086919471666,5.16065004341893065376504155811934003225,17.35764793449944175660588016375139560849,2019,0.40305,92,67.71086956521739130434782608695652173913,8.535,0,0,0,49,2020,1,0,0,1,0,0,0,"upstate",9132.86192780052102716784518049869743208
"36123",2021,"Q3",3,8087,2088,2042,0,46,1,1,1,0,0,"Yates County",42.638237,-77.104324,1729,1306,1412,1724,1542.75,1,25011,56563,11.90616081920429746516703038442168876951,5.98136819799288313142217424333293350926,20.11115109351885170524969013634001039543,2019,0.25011,92,70.48315217391304347826086956521739130435,5.963,0,4,0,42,2020,1,0,0,1,0,0,0,"upstate",8348.326736236056135300467794170564951421
"36001",2021,"Q4",4,8088,39044,29458,382,9204,5,5,3,2,0,"Albany County",42.58824,-73.97401,41275,36834,33062,26805,34494,5,306968,66252,11.87364545301546630762942685703883578511,5.07544760365901331734903963931093794793,16.51344765578171014568293763519324489849,2019,3.06968,92,41.72989130434782608695652173913043478261,12.369,15.735,0,41,47,2020,1,0,0,0,1,0,0,"upstate",12719.2410935341794584451799536107998228
"36003",2021,"Q4",4,8088,2668,,,,2,2,1,1,,"Allegany County",42.247853,-78.026153,2933,2772,2178,2336,2554.75,2,46688,48412,16.88227684346701164294954721862871927555,5.1576422206991089787525702535983550377,18.41158327621658670322138450993831391364,2019,0.46688,92,40.04021739130434782608695652173913043478,10.023,15.433,0,44,55,2020,1,0,0,0,1,0,0,"upstate",5714.530500342700479780671692940370116518
"36005",2021,"Q4",4,8088,190068,134883,180,25144,10,10,10,0,29861,"Bronx County",40.848711,-73.852939,176052,165672,151201,137389,157578.5,10,1435068,40088,28.00546438331806324316719998914550098869,7.30878258033765647342146852971427137947,12.51933706277333199541763874603851524806,2019,14.35068,92,47.83423913043478260869565217391304347826,14.983,8.874,0,22,39,2020,1,0,0,0,1,1,0,"nyc",13244.5291791051016397829231785532114158
"36007",2021,"Q4",4,8088,22477,17614,211,4652,3,3,3,0,0,"Broome County",42.161977,-75.830283,23618,22543,16164,19133,20364.5,3,193188,52226,17.41052207040511006589238122748404466948,5.23117377890966312607408327639397892209,18.69008427024452864567157380375592686916,2019,1.93188,92,41.64510869565217391304347826086956521739,11.747,20.45,0,43,48,2020,1,0,0,0,1,0,0,"upstate",11634.7806281963683044495517319916350912
"36009",2021,"Q4",4,8088,5548,4475,42,1031,1,1,1,0,0,"Cattaraugus County",42.239099,-78.662332,7087,7038,5866,5552,6385.75,1,77121,48703,16.50263126180050616639215843811513276825,5.70402354741250761789914549863201981302,18.70696697397595985529233282763449644066,2019,0.77121,92,39.61847826086956521739130434782608695652,12.091,22.324,0,46,58,2020,1,0,0,0,1,0,0,"upstate",7193.890120719389012071938901207193890121
"36011",2021,"Q4",4,8088,6251,5150,61,1040,1,1,1,0,0,"Cayuga County",43.008546,-76.574587,6668,5975,5025,5332,5750,1,77425,58377,12.09675205227466161491365346072536584027,5.0242169841782370035518243461414271876,18.35582822085889570552147239263803680982,2019,0.77425,92,44.06195652173913043478260869565217391304,11.649,11.025,0,22,58,2020,1,0,0,0,1,0,0,"upstate",8073.619631901840490797546012269938650307
"36013",2021,"Q4",4,8088,12547,11088,83,1376,3,3,2,1,0,"Chautauqua County",42.304216,-79.407595,14440,13203,11118,11576,12584.25,3,128496,46820,18.19851148883616627124703435275764568234,5.44997509650105839870501805503673266094,19.57804133980824305814967002863902378284,2019,1.28496,92,42.30815217391304347826086956521739130435,16.349,34.613,0,30,58,2020,1,0,0,0,1,0,0,"upstate",9764.506288133482754326982941103225003113
"36015",2021,"Q4",4,8088,7809,6566,79,1164,3,3,1,2,0,"Chemung County",42.148697,-76.752471,8810,8130,6673,7053,7666.5,3,84895,54940,13.87265954928805451397107371096134441219,5.81659697273102067259555922021320454679,18.39213145650509452853524942576123446611,2019,0.84895,92,42.01141304347826086956521739130434782609,11.326,15.792,0,39,48,2020,1,0,0,0,1,0,0,"upstate",9198.421579598327345544496142293421285117
"36017",2021,"Q4",4,8088,5356,,,,1,1,1,0,,"Chenango County",42.478024,-75.602241,4090,5213,2243,3213,3689.75,1,47909,52002,13.53453772582359192348565356004250797024,5.3351144878832787158988916487507566428,20.1987100544782817424700995637562879626,2019,0.47909,92,40.23858695652173913043478260869565217391,12.783,21.251,0,47,54,2020,1,0,0,0,1,0,0,"upstate",11179.5278548915652591371141121709908368
"36019",2021,"Q4",4,8088,7911,6411,91,1409,1,1,1,0,0,"Clinton County",44.752712,-73.705643,9248,8411,7997,8246,8475.5,1,80583,56365,15.00061917800679719856350702423049933266,4.86206768176910762815978556271173820781,16.40296340419195115595100703622352109006,2019,0.80583,92,36.425,8.366,14.25,0,55,57,2020,1,0,0,0,1,0,0,"upstate",9817.207103235173671866274524403410148542
"36021",2021,"Q4",4,8088,5168,4376,56,736,1,1,1,0,0,"Columbia County",42.247696,-73.626718,5989,5475,4832,5052,5337,1,60371,66787,11.57254828298697085090760062157408514199,4.23547729870301966175812890295009193156,23.08393102648622683076311474052111112952,2019,0.60371,92,43.54565217391304347826086956521739130435,11.495,12.706,0,35,50,2020,1,0,0,0,1,0,0,"upstate",8560.401517284789054347285948551456825297
"36023",2021,"Q4",4,8088,6186,5408,53,725,1,1,1,0,0,"Cortland County",42.594039,-76.07624,6468,5805,4628,5102,5500.75,1,47865,56023,16.401281068158238982362758807343587893,4.96396114070824193042933249764963961141,16.02005640864932623002193669696020056409,2019,0.47865,92,40.34945652173913043478260869565217391304,12.944,20.397,0,47,55,2020,1,0,0,0,1,0,0,"upstate",12923.8483234095894703854591037292384832
"36025",2021,"Q4",4,8088,4613,3246,0,39,4,4,3,1,1328,"Delaware County",42.193986,-74.966728,4918,4191,3008,2065,3545.5,4,44995,49544,16.58029873144652613313949398550894552958,3.89376597399711079008778753194799422158,23.97599733303700411156795199466607400822,2019,0.44995,92,39.5413043478260869565217391304347826087,10.839,19.181,0,49,54,2020,1,0,0,0,1,0,0,"upstate",10252.2502500277808645405045005000555617
"36027",2021,"Q4",4,8088,28503,22470,235,5798,3,3,3,0,0,"Dutchess County",41.754825,-73.740014,28395,27092,22874,23403,25441,3,293754,81219,9.04109885511878052475526089873536434925,4.60827767451677253756544591733218951912,17.08095889758096911020786099933958346099,2019,2.93754,92,43.98804347826086956521739130434782608696,11.889,12.127,0,35,40,2020,1,0,0,0,1,0,0,"upstate",9703.016809983864049510815171878510590494
"36029",2021,"Q4",4,8088,74679,53189,812,16546,10,10,9,1,4132,"Erie County",42.752759,-78.778192,89218,84468,73781,73137,80151,10,919355,58121,14.19953887275777158412548752616096453755,5.47666570584812178103126648574272179952,17.59320393101685420756943726851977745267,2019,9.19355,92,44.02391304347826086956521739130434782609,14.174,23.263,0,24,58,2020,1,0,0,0,1,0,0,"upstate",8122.977522284645213220138031554731306187
"36031",2021,"Q4",4,8088,2124,2124,0,0,3,3,2,1,0,"Essex County",44.109601,-73.778431,2776,2063,1616,1664,2029.75,3,37459,56763,9.87295930098873304207863876753276615314,3.94564724098347526629114498518380095571,22.75821564910969326463600202888491417283,2019,0.37459,92,32.53858695652173913043478260869565217391,15.065,22.818,0,64,55,2020,1,0,0,0,1,0,0,"upstate",5670.199418030379882004324728369684188046
"36033",2021,"Q4",4,8088,5788,5256,52,480,2,2,2,0,0,"Franklin County",44.594376,-74.31067,6794,5542,4515,4754,5401.25,2,50477,50407,17.77901537090666072621964802851414568946,4.92303425322424074330883372625156011649,16.57190403550131743170156705033975870198,2019,0.50477,92,35.89402173913043478260869565217391304348,11.448,18.826,0,55,57,2020,1,0,0,0,1,0,0,"upstate",11466.6085543911088218396497414664104444
"36035",2021,"Q4",4,8088,4617,4178,12,427,1,1,1,0,0,"Fulton County",43.115609,-74.423678,4979,4431,3732,3607,4187.25,1,53646,50482,14.90225994087918375131114713454753504339,5.05163479103754240763523841479327442866,19.03403795250344853297543153263989859449,2019,0.53646,92,38.56413043478260869565217391304347826087,13.175,19.953,0,47,52,2020,1,0,0,0,1,0,0,"upstate",8606.419863549938485628005815904261268315
"36037",2021,"Q4",4,8088,5590,4681,21,888,2,2,2,0,0,"Genesee County",43.00091,-78.192778,6135,5219,4592,4147,5023.25,2,57808,60524,10.87334633426448110472777104306119222052,5.13250761140326598394685856628840298921,18.32445336285635206199833933019651259341,2019,0.57808,92,42.9711956521739130434782608695652173913,9.919,13.066,0,30,50,2020,1,0,0,0,1,0,0,"upstate",9669.941876556877940769443675615831718793
"36043",2021,"Q4",4,8088,3737,,,,1,1,1,0,,"Herkimer County",43.571009,-74.841097,3699,3221,2734,,,1,62057,54646,13.63725908658108152477263026562038283482,5.10014986222343974088338140741576292763,20.11537779783102631451729861256586686433,2019,0.62057,92,35.55271739130434782608695652173913043478,15.3,30.259,0,52,54,2020,1,0,0,0,1,0,0,"upstate",6021.883107465717002110962502215704916448
"36045",2021,"Q4",4,8088,11097,5893,37,1464,3,3,2,1,3703,"Jefferson County",43.996389,-76.052968,12250,12917,10977,10754,11724.5,3,112842,52685,14.0176714687644086456578811174992707461,7.90308573049042023360096418000389925737,13.22468584392336186880771344003119405895,2019,1.12842,92,42.63152173913043478260869565217391304348,16.187,12.843,0,29,53,2020,1,0,0,0,1,0,0,"upstate",9834.104322858510129207210081352687829
"36047",2021,"Q4",4,8088,181318,134125,596,24425,15,15,10,5,22172,"Kings County",40.635045,-73.95064,175218,162279,144051,165726,161818.5,15,2589974,60231,19.95021327419859865652267327578172919187,7.37300837769027797190242064206049944903,13.60222148948213379748213688631623329037,2019,25.89974,92,48.68478260869565217391304347826086956522,14.486,8.708,0,18,41,2020,1,0,0,0,1,1,0,"nyc",7000.765258647384105014181609545115124708
"36049",2021,"Q4",4,8088,2499,2230,24,245,1,1,1,0,0,"Lewis County",43.782706,-75.444132,2911,2510,2093,2109,2405.75,1,26572,54524,13.47544727826417967263037685572896840502,6.35255155803101008580460635255155803101,17.89477645642029203673039289477645642029,2019,0.26572,92,40.225,12.903,18.52,0,43,57,2020,1,0,0,0,1,0,0,"upstate",9404.63645943097997892518440463645943098
"36051",2021,"Q4",4,8088,3207,2714,39,454,1,1,1,0,0,"Livingston County",42.729042,-77.778463,3769,3421,2745,2735,3167.5,1,63591,59510,13.17511135857461024498886414253897550111,4.30721328489880643487285936689154125584,17.18639430108034155776760862386186724536,2019,0.63591,92,43.39565217391304347826086956521739130435,9.377,9.73,0,27,50,2020,1,0,0,0,1,0,0,"upstate",5043.166485823465584752559324432702740954
"36053",2021,"Q4",4,8088,8680,5498,39,458,2,2,2,0,2685,"Madison County",42.910026,-75.663575,8420,7454,6208,6241,7080.75,2,71205,61633,9.77791906989418229710704391661746673328,4.72017414507408187627273365634435784004,17.62516677199634857102731549750719752826,2019,0.71205,92,40.14402173913043478260869565217391304348,13.081,21.386,0,45,60,2020,1,0,0,0,1,0,0,"upstate",12190.1551857313390913559441050488027526
"36055",2021,"Q4",4,8088,69790,52886,552,16352,6,6,4,2,0,"Monroe County",43.250347,-77.700518,76113,75445,65785,77599,73735.5,6,743341,60075,14.39196768814944509240109227861455425067,5.55411311901267386031444518733663285087,16.86224760910537694005846576470287526182,2019,7.43341,92,44.97391304347826086956521739130434782609,9.221,8.546,0,21,50,2020,1,0,0,0,1,0,0,"upstate",9388.692403620949200972366652720622163987
"36057",2021,"Q4",4,8088,10481,4829,38,682,2,2,2,0,4932,"Montgomery County",42.900891,-74.435357,11122,9004,8177,4755,8264.5,2,49302,49462,19.77416347249559722366103801926862115405,6.30197557908401281895257798872256703582,18.29540383757251227130745203034359660866,2019,0.49302,92,40.77282608695652173913043478260869565217,9.898,13.171,0,45,47,2020,1,0,0,0,1,0,0,"upstate",21258.7724635917407001744351141941503387
"36059",2021,"Q4",4,8088,118863,84279,926,24601,12,12,11,1,9057,"Nassau County",40.729612,-73.589414,111843,98731,96713,92664,99987.75,12,1356509,116100,5.55671905923746295695152727310805575044,5.47198728500879831980473406368848271556,17.47006470285121587840552476983197310154,2019,13.56509,92,47.86467391304347826086956521739130434783,17.418,9.068,0,23,39,2020,1,0,0,0,1,0,1,"downstate_non_nyc",8762.418826561416105606376367572939066383
"36061",2021,"Q4",4,8088,263132,187274,976,41616,18,18,16,2,33266,"New York County",40.776642,-73.970187,250167,236410,225706,206140,229605.75,18,1631993,86553,15.83353999796806069061957110935682810488,4.82679766396056845832059328685846078997,16.19835379195866648937832453938221548744,2019,16.31993,92,48.04239130434782608695652173913043478261,14.091,8.654,0,22,40,2020,1,0,0,0,1,1,0,"nyc",16123.3534702661102100315381254699009126
"36063",2021,"Q4",4,8088,12476,10952,62,1462,4,4,3,1,0,"Niagara County",43.272672,-78.812943,13817,13206,11363,12118,12626,4,210820,55522,13.45573282711916803122298057741260801731,5.26468077032539607247889194573569870031,18.60212503557537235556398823641020776017,2019,2.1082,92,44.72989130434782608695652173913043478261,9.541,13.835,0,19,50,2020,1,0,0,0,1,0,0,"upstate",5917.844606773550896499383360212503557537
"36065",2021,"Q4",4,8088,26962,22455,112,4395,4,4,3,1,0,"Oneida County",43.242727,-75.434282,26472,23304,20290,22810,23219,4,229959,56027,15.47233886326610220050021798490167733645,5.66013941615679316747768080396940324145,18.38371187907409581708043607773559634544,2019,2.29959,92,40.94456521739130434782608695652173913043,14.892,15.626,0,43,53,2020,1,0,0,0,1,0,0,"upstate",11724.6987506468544392696089302875730021
"36067",2021,"Q4",4,8088,49476,38478,459,10539,4,4,4,0,0,"Onondaga County",43.006516,-76.196134,54541,53782,46976,51131,51607.5,4,462872,61359,14.11193530282847270588076192279344643618,5.69639122694827079624604642320123057778,16.59918940873502825835220104046042966522,2019,4.62872,92,43.01739130434782608695652173913043478261,12.162,13.256,0,32,56,2020,1,0,0,0,1,0,0,"upstate",10688.9161582467723258265784061252354863
"36069",2021,"Q4",4,8088,15289,11028,148,1735,3,3,3,0,2378,"Ontario County",42.856357,-77.303497,16159,14057,11953,12164,13583.25,3,109511,64944,8.66414084294654301440096509085425620146,4.96388490653906913460748235337089424807,19.36517792733150094511053684104793125805,2019,1.09511,92,43.21304347826086956521739130434782608696,9.236,10.003,0,28,47,2020,1,0,0,0,1,0,0,"upstate",13961.1545872104172183616257727534220307
"36071",2021,"Q4",4,8088,37916,30701,270,6945,4,4,4,0,0,"Orange County",41.40241,-74.306252,38044,35216,30427,30403,33522.5,4,380085,79944,11.64923233119656965723574425801016357853,6.617730244550561058710551587144980728,13.66825841588065827380717471091992580607,2019,3.80085,92,45.13152173913043478260869565217391304348,11.833,11.383,0,30,36,2020,1,0,0,0,1,0,0,"upstate",9975.663338463764684215372877119591670284
"36073",2021,"Q4",4,8088,1141,,,,1,1,1,0,,"Orleans County",43.339906,-78.207028,1757,1505,1273,,,1,40904,52620,13.72049673133975688518994985428863976476,5.04351652650107568941912771367103461764,17.3528261294738900840993545863485233718,2019,0.40904,92,44.93260869565217391304347826086956521739,9.472,9.233,0,21,49,2020,1,0,0,0,1,0,0,"upstate",2789.458243692548406023860747115196557794
"36075",2021,"Q4",4,8088,5747,4697,30,1020,2,2,2,0,0,"Oswego County",43.461443,-76.209262,6831,6105,5254,5334,5881,2,118339,55967,17.00054860459766046684481568655210858832,5.46227363760045293605658320587464825628,15.77501922443150609689113479072833131935,2019,1.18339,92,42.84945652173913043478260869565217391304,13.724,13.367,0,30,59,2020,1,0,0,0,1,0,0,"upstate",4856.387158924783883588673218465594605329
"36077",2021,"Q4",4,8088,7743,2978,35,540,2,2,2,0,4190,"Otsego County",42.629776,-75.028841,8610,8895,8047,8209,8440.25,2,59972,54028,14.86626921183613192583274079746212328392,4.2336423664376709130927766290935770026,20.56459681184552791302607883679050223438,2019,0.59972,92,39.97065217391304347826086956521739130435,10.686,20.944,0,46,52,2020,1,0,0,0,1,0,0,"upstate",12911.025145067698259187620889748549323
"36079",2021,"Q4",4,8088,5081,4274,52,755,1,1,1,0,0,"Putnam County",41.427907,-73.743861,5401,5177,4703,4688,4992.25,1,98787,104486,4.9808862216376192042091417296941795462,4.44694139917195582414690192029315598206,16.70665168493830159838845192181157439744,2019,0.98787,92,44.4125,14.202,12.375,0,31,35,2020,1,0,0,0,1,0,0,"upstate",5143.389312358913622237743832690536204156
"36081",2021,"Q4",4,8088,186459,92952,450,18069,10,10,10,0,74988,"Queens County",40.654658,-73.841209,177209,164504,145101,139457,156567.75,10,2287388,68666,12.23249831079511438140586980445047410572,6.25512593403480301549190605179357415532,15.32376667185453451709985363217783777829,2019,22.87388,92,48.55,15.682,9.15,0,18,41,2020,1,0,0,0,1,1,0,"nyc",8151.61223194315962136725382838416569467
"36083",2021,"Q4",4,8088,12074,10368,95,1611,1,1,1,0,0,"Rensselaer County",42.710421,-73.513845,12452,10537,9612,9671,10568,1,159185,68991,11.70876381057914806244500211843691946681,5.20526431510506643213870653641988880862,16.52605459057071960297766749379652605459,2019,1.59185,92,40.93206521739130434782608695652173913043,11.662,17.585,0,45,51,2020,1,0,0,0,1,0,0,"upstate",7584.885510569463203191255457486572227283
"36085",2021,"Q4",4,8088,22847,19143,98,3606,3,3,2,1,0,"Richmond County",40.561263,-74.1399,21242,19381,17221,27991,21458.75,3,474893,82783,11.65098867344979842580149740833173353811,5.74318846561225370767730836209419806146,15.88610486993912312878901141941447862992,2019,4.74893,92,48.85163043478260869565217391304347826087,14.185,8.351,0,18,38,2020,1,0,0,0,1,1,0,"nyc",4810.978473045507093176778769112200011371
"36087",2021,"Q4",4,8088,21993,17297,117,4579,2,2,2,0,0,"Rockland County",41.154628,-74.024662,21873,19934,17720,16445,18993,2,324422,93024,13.87052840703209925905563954868616695613,7.90729358674812435654795297482908064188,15.53871192459204369617350241352312728483,2019,3.24422,92,46.46086956521739130434782608695652173913,14.198,9.259,0,25,37,2020,1,0,0,0,1,0,1,"downstate_non_nyc",6779.133351005788756619464771193075685373
"36089",2021,"Q4",4,8088,15950,10852,71,1444,5,5,4,1,3583,"St. Lawrence County",44.488112,-75.074311,16826,14645,12017,12510,13999.5,5,108913,50940,17.86741732916756890524948185727101184768,5.20690826623084480273245618062122978891,16.89238199296686345982573246536226162166,2019,1.08913,92,39.61086956521739130434782608695652173913,12.533,13.008,0,45,52,2020,1,0,0,0,1,0,0,"upstate",14644.7164250364970205576928374023303003
"36091",2021,"Q4",4,8088,9009,6899,140,1970,1,1,1,0,0,"Saratoga County",43.106135,-73.855387,9843,9090,7697,7931,8640.25,1,228502,84291,5.84428284408726419287733584623864303113,5.12205582445667871616003361020910101443,17.58890512993321721472897392582997085365,2019,2.28502,92,41.24728260869565217391304347826086956522,11.741,14.246,0,40,46,2020,1,0,0,0,1,0,0,"upstate",3942.635075404154011781078502595163280847
"36093",2021,"Q4",4,8088,11858,10325,76,1457,2,2,1,1,0,"Schenectady County",42.817552,-74.043559,12223,12166,11112,12166,11916.75,2,154859,65499,11.44934934072271904645103979528926660789,5.84725459934521080466747170006263762519,16.82498272622191800282837936445411632517,2019,1.54859,92,41.79402173913043478260869565217391304348,10.038,13.644,0,37,46,2020,1,0,0,0,1,0,0,"upstate",7657.288242853176115046590769667891436726
"36095",2021,"Q4",4,8088,3050,3032,0,18,1,1,1,0,0,"Schoharie County",42.591294,-74.438172,3028,2495,1880,,,1,31222,57714,12.10374639769452449567723342939481268012,4.21497661905066939978220485555057331369,20.98840561142783934405227083466786240471,2019,0.31222,92,38.9336956521739130434782608695652173913,9.266,19.706,0,50,50,2020,1,0,0,0,1,0,0,"upstate",9768.752802511049900711037089231951828839
"36101",2021,"Q4",4,8088,10806,6915,72,918,3,3,2,1,2901,"Steuben County",42.266725,-77.385525,11389,10107,8158,8477,9532.75,3,96422,53663,13.69303366516410315960602573711824506213,5.53193254651428097322187882433469540146,18.92825288834498350998734728588911244322,2019,0.96422,92,41.07010869565217391304347826086956521739,9.633,12.596,0,41,49,2020,1,0,0,0,1,0,0,"upstate",11206.9859575615523428263259422123581755
"36103",2021,"Q4",4,8088,115476,88542,1237,24250,11,11,10,1,1447,"Suffolk County",40.943554,-72.692218,116463,103123,89190,108758,104383.5,11,1483832,101031,6.87418348776269983311056236454392363864,5.3778999239806123604289434383407286,16.50260945983103208449474064449344669747,2019,14.83832,92,49.24239130434782608695652173913043478261,17.699,9.646,0,17,35,2020,1,0,0,0,1,0,1,"downstate_non_nyc",7782.282630378641247796246475342222030526
"36105",2021,"Q4",4,8088,6591,5791,22,778,2,2,1,1,0,"Sullivan County",41.719993,-74.771577,7925,6546,5760,6568,6699.75,2,75116,57426,15.15180736169274851223275292043200352656,5.66723467703285584961925555141381330209,18.54198839128814100857340646466798019064,2019,0.75116,92,41.79184782608695652173913043478260869565,10.328,12.513,0,42,41,2020,1,0,0,0,1,0,0,"upstate",8774.428883327120719953139144789392406411
"36109",2021,"Q4",4,8088,7824,6716,48,1060,1,1,1,0,0,"Tompkins County",42.453006,-76.473483,8519,7481,5833,5604,6859.25,1,102642,60240,18.89362657091561938958707360861759425494,4.01492566395822372907776543715048420724,13.92704740749400830069562167533758110715,2019,1.02642,92,43.4586956521739130434782608695652173913,11.909,16.012,0,30,51,2020,1,0,0,0,1,0,0,"upstate",7622.610627228619863213889051265563804291
"36111",2021,"Q4",4,8088,10917,9769,34,1114,2,2,2,0,0,"Ulster County",41.947212,-74.265458,10929,10643,8856,9148,9894,2,178665,64304,13.79146919431279620853080568720379146919,4.39705594268603251896006492597878711555,19.17219377046427671899924439593652925867,2019,1.78665,92,44.025,16.184,14.196,0,35,44,2020,1,0,0,0,1,0,0,"upstate",6110.318193266728234405171690034421962891
"36113",2021,"Q4",4,8088,10255,7962,109,2184,1,1,1,0,0,"Warren County",43.555105,-73.838139,11119,10476,9139,9324,10014.5,1,64276,61024,9.47303573121031181878494929390579092029,4.32665380546393677266786981143817287946,21.60526479556910822079780944676084386085,2019,0.64276,92,39.89728260869565217391304347826086956522,10.273,12.319,0,42,48,2020,1,0,0,0,1,0,0,"upstate",15954.633144564067459082705831103366731
"36117",2021,"Q4",4,8088,5257,4243,34,980,1,1,1,0,0,"Wayne County",43.218114,-77.049402,6012,5389,4628,4749,5194.5,1,90519,59449,11.61587312254292530492926984980343402439,5.48393155028226118273511638440548393155,18.37293827815154829372838851511837293828,2019,0.90519,92,43.9336956521739130434782608695652173913,10.162,8.986,0,26,54,2020,1,0,0,0,1,0,0,"upstate",5807.6204995636275257128337697058076205
"36119",2021,"Q4",4,8088,93243,53937,514,13845,13,13,10,3,24947,"Westchester County",41.152686,-73.745753,87645,79255,69131,70169,76550,13,968890,96610,8.8399092778708848579691142961369079403,5.63025730475079730413153195925234030695,16.74194180969975951862440524724168894302,2019,9.6889,92,46.32010869565217391304347826086956521739,14.51,9.013,0,25,38,2020,1,0,0,0,1,0,1,"downstate_non_nyc",9623.693092095077872617118558350277121242
"36121",2021,"Q4",4,8088,3351,2857,19,475,1,1,1,0,0,"Wyoming County",42.701365,-78.228576,3681,3284,2647,2841,3113.25,1,40305,58052,10.47347677886663826161056668086919471666,5.16065004341893065376504155811934003225,17.35764793449944175660588016375139560849,2019,0.40305,92,40.33641304347826086956521739130434782609,10.368,17.418,0,40,56,2020,1,0,0,0,1,0,0,"upstate",8314.104949758094529214737625604763676963
"36123",2021,"Q4",4,8088,1877,1797,0,80,1,1,1,0,0,"Yates County",42.638237,-77.104324,2088,1729,1306,1412,1633.75,1,25011,56563,11.90616081920429746516703038442168876951,5.98136819799288313142217424333293350926,20.11115109351885170524969013634001039543,2019,0.25011,92,42.68913043478260869565217391304347826087,9.264,10.995,0,31,52,2020,1,0,0,0,1,0,0,"upstate",7504.697932909519811283035464395665907001
"36001",2022,"Q1",1,8089,36417,27407,379,8631,4,4,3,1,0,"Albany County",42.58824,-73.97401,39044,41275,36834,33062,37553.75,5,306165,68327,12.07037784034197682983073248298031981166,5.03323371384710858523998497542174971012,16.94217170479969950843499420247252298597,2020,3.06165,90,28.77055555555555555555555555555555555556,6.697,25.994,0,82,37,2021,0,1,0,0,0,0,0,"upstate",11894.566655234922345793934643084611239
"36003",2022,"Q1",1,8089,2417,2136,18,263,2,2,1,1,0,"Allegany County",42.247853,-78.026153,2668,2933,2772,2178,2637.75,2,46304,51227,16.72429217340844797988345946468725065887,5.08163441603317208016586040082930200415,18.84502418797512093987560469937802349689,2020,0.46304,90,27.70944444444444444444444444444444444444,6.037,24.885,0,81,56,2021,0,1,0,0,0,0,0,"upstate",5219.851416724257083621285418106427090532
"36005",2022,"Q1",1,8089,165112,91750,152,19905,10,10,10,0,53305,"Bronx County",40.848711,-73.852939,190068,176052,165672,151201,170748.25,10,1427056,41895,26.95828327560986644012928716126210810458,7.19516262851633012299447253646668385824,12.90467928378423832000986646634750142952,2020,14.27056,90,35.36722222222222222222222222222222222222,11.457,25.464,0,69,36,2021,0,1,0,0,0,1,0,"nyc",11570.1135764819320335011380071980356762
"36007",2022,"Q1",1,8089,21154,16733,256,4165,3,3,3,0,0,"Broome County",42.161977,-75.830283,22477,23618,22543,16164,21200.5,3,192042,52237,18.54348219525170150105024158298553792661,5.19105195738432217952322929359202674415,19.1005092635985878089167994501202861874,2020,1.92042,90,28.86722222222222222222222222222222222222,7.206,25.383,0,81,53,2021,0,1,0,0,0,0,0,"upstate",11015.2987367346726236968996365378406807
"36009",2022,"Q1",1,8089,5326,4351,46,929,1,1,1,0,0,"Cattaraugus County",42.239099,-78.662332,5548,7087,7038,5866,6384.75,1,76750,50700,16.88079559199032388119876360704206423868,5.7172638436482084690553745928338762215,19.21302931596091205211726384364820846906,2020,0.7675,90,27.45611111111111111111111111111111111111,6.954,29.078,0,81,56,2021,0,1,0,0,0,0,0,"upstate",6939.413680781758957654723127035830618893
"36011",2022,"Q1",1,8089,5565,4721,65,779,1,1,1,0,0,"Cayuga County",43.008546,-76.574587,6251,6668,5975,5025,5979.75,1,76958,57985,12.32606294864715626725565985643290999448,4.90137477585176329946204423191870890616,18.95059642922113360534317419891369318329,2020,0.76958,90,30.44277777777777777777777777777777777778,7.371,31.363,0,78,52,2021,0,1,0,0,0,0,0,"upstate",7231.217027469528833909405130070947789703
"36013",2022,"Q1",1,8089,11759,10400,90,1269,3,3,2,1,0,"Chautauqua County",42.304216,-79.407595,12547,14440,13203,11118,12827,3,127584,48315,17.7593550971687392182351835046152085224,5.46149987459242538249310258339603712064,20.10205041384499623777276147479307750188,2020,1.27584,90,29.70277777777777777777777777777777777778,7.347,30.702,0,76,57,2021,0,1,0,0,0,0,0,"upstate",9216.672937045397542011537496864810634562
"36015",2022,"Q1",1,8089,7644,6397,77,1170,2,2,1,1,0,"Chemung County",42.148697,-76.752471,7809,8810,8130,6673,7855.5,3,84115,54883,14.66319876361717365901466319876361717366,5.55667835701123461927123580811983593889,18.86702728407537300124829103013731201332,2020,0.84115,90,29.525,6.724,24.777,0,81,49,2021,0,1,0,0,0,0,0,"upstate",9087.558699399631456933959460262735540629
"36017",2022,"Q1",1,8089,3435,3248,15,172,1,1,1,0,0,"Chenango County",42.478024,-75.602241,5356,4090,5213,2243,4225.5,1,47527,51756,12.91256514186450492182976259409380428489,5.33591432238517053464346581942895617228,20.53990363372398846971195320554632103857,2020,0.47527,90,26.71333333333333333333333333333333333333,7.332,29.903,0,83,52,2021,0,1,0,0,0,0,0,"upstate",7227.470700864771603509584025922107433669
"36019",2022,"Q1",1,8089,7417,6020,89,1308,1,1,1,0,0,"Clinton County",44.752712,-73.705643,7911,9248,8411,7997,8391.75,1,80320,59510,12.33627611662787334554519536683790819067,4.69995019920318725099601593625498007968,16.86005976095617529880478087649402390438,2020,0.8032,90,21.40555555555555555555555555555555555556,7.231,40.542,0,83,47,2021,0,1,0,0,0,0,0,"upstate",9234.312749003984063745019920318725099602
"36021",2022,"Q1",1,8089,4763,4045,59,659,1,1,1,0,0,"Columbia County",42.247696,-73.626718,5168,5989,5475,4832,5366,1,60016,68750,10.16724822524365299001323547106244735892,4.07391362303385763796320981071714209544,23.92195414556118368435083977605971740869,2020,0.60016,90,30.26611111111111111111111111111111111111,7.086,20.613,0,76,34,2021,0,1,0,0,0,0,0,"upstate",7936.217008797653958944281524926686217009
"36023",2022,"Q1",1,8089,5475,4799,49,627,1,1,1,0,0,"Cortland County",42.594039,-76.07624,6186,6468,5805,4628,5771.75,1,47618,59194,14.44424272681886261516815685562565243045,4.92250829518249401486832710319627031795,16.28585828888235541181906001932042504935,2020,0.47618,90,26.77277777777777777777777777777777777778,7.487,33.461,0,83,56,2021,0,1,0,0,0,0,0,"upstate",11497.7529505649124280734176151875341258
"36025",2022,"Q1",1,8089,3521,2683,0,37,4,4,3,1,801,"Delaware County",42.193986,-74.966728,4613,4918,4191,3008,4182.5,4,44676,49945,16.16337683139397936590191736938804352947,3.8924702301011728892470230101172889247,24.50308890679559495030889067955949503089,2020,0.44676,90,26.39833333333333333333333333333333333333,7.852,32.248,0,82,49,2021,0,1,0,0,0,0,0,"upstate",7881.18900528247828811890052824782881189
"36027",2022,"Q1",1,8089,25747,20060,269,5418,3,3,3,0,0,"Dutchess County",41.754825,-73.740014,28503,28395,27092,22874,26716,3,293524,81842,8.79308104361887985676951731904878788316,4.57611643340919311538409124977855303144,17.59447268366470884833948842343385890081,2020,2.93524,90,31.63777777777777777777777777777777777778,8.387,22.71,0,79,33,2021,0,1,0,0,0,0,0,"upstate",8771.684768536814706804213624780256469658
"36029",2022,"Q1",1,8089,76143,54133,857,16048,10,10,10,0,5105,"Erie County",42.752759,-78.778192,74679,89218,84468,73781,80536.5,10,918873,59464,13.70969728870124197865454178938998577716,5.46560841378514767546766528127390836383,17.97408346964161532660117339392930252603,2020,9.18873,90,31.10722222222222222222222222222222222222,6.696,25.356,0,73,52,2021,0,1,0,0,0,0,0,"upstate",8286.564084481751014558051003783983205514
"36031",2022,"Q1",1,8089,3185,1992,0,0,3,3,3,0,1193,"Essex County",44.109601,-73.778431,2124,2776,2063,1616,2144.75,3,37281,58109,10.1490643831271804630510624801776086267,4.03959121268206324937635793031302808401,23.46771814060781631394007671468040020386,2020,0.37281,90,18.46222222222222222222222222222222222222,8.998,47.818,0,84,53,2021,0,1,0,0,0,0,0,"upstate",8543.225771840884096456640111584989673024
"36033",2022,"Q1",1,8089,5258,2271,41,256,3,3,2,1,2690,"Franklin County",44.594376,-74.31067,5788,6794,5542,4515,5659.75,2,50389,52905,17.78129035130682577140567255888507947816,4.77286709400861299093056024132251086547,17.08706265256305939788445890968266883645,2020,0.50389,90,20.70222222222222222222222222222222222222,7.996,43.326,0,84,52,2021,0,1,0,0,0,0,0,"upstate",10434.8171227847347635396614340431443371
"36035",2022,"Q1",1,8089,4226,3778,18,430,1,1,1,0,0,"Fulton County",43.115609,-74.423678,4617,4979,4431,3732,4439.75,1,53452,51663,14.82933358829716034037670905440290658763,5.14480281373942976876449898974781112026,19.51657561924717503554591034947242385692,2020,0.53452,90,24.51055555555555555555555555555555555556,8.184,32.492,0,81,48,2021,0,1,0,0,0,0,0,"upstate",7906.158796677392801017735538426999925167
"36037",2022,"Q1",1,8089,4688,3840,19,829,2,2,1,1,0,"Genesee County",43.00091,-78.192778,5590,6135,5219,4592,5384,2,57554,60635,10.77748178466206799216696363989203112044,5.21944608541543593842304618271536296348,18.74934843798867150849636862772352920735,2020,0.57554,90,30.06333333333333333333333333333333333333,6.116,25.828,0,77,53,2021,0,1,0,0,0,0,0,"upstate",8145.393890954581784063661952253535809848
"36043",2022,"Q1",1,8089,3199,,,,1,1,1,0,,"Herkimer County",43.571009,-74.841097,3737,3699,3221,2734,3347.75,1,61738,58438,13.60955518945634266886326194398682042834,5.03741617804269655641582169814376882957,20.6161521267290809550034014707311542324,2020,0.61738,90,21.43555555555555555555555555555555555556,9.071,44.427,0,83,54,2021,0,1,0,0,0,0,0,"upstate",5181.573747124947358191065470212834882892
"36045",2022,"Q1",1,8089,10907,6247,70,1335,3,3,2,1,3255,"Jefferson County",43.996389,-76.052968,11097,12250,12917,10977,11810.25,3,111454,54726,14.35222807537501075556660324865913936346,7.78168571787463886446426328350709709835,13.61009923376460243687978897123476950132,2020,1.11454,90,27.81611111111111111111111111111111111111,7.503,28.77,0,77,45,2021,0,1,0,0,0,0,0,"upstate",9786.100095106501336874405584366644534965
"36047",2022,"Q1",1,8089,181604,106040,619,22742,15,15,11,4,52203,"Kings County",40.635045,-73.95064,181318,175218,162279,144051,165716.5,15,2576771,63973,19.23261654155974255876823427701005887116,7.27658763623154715727552040907011139135,14.00042921936019925713227911987522368111,2020,25.76771,90,35.865,10.922,23.07,0,65,35,2021,0,1,0,0,0,1,0,"nyc",7047.735324559303096782756403265947963556
"36049",2022,"Q1",1,8089,2287,2083,22,182,1,1,1,0,0,"Lewis County",43.782706,-75.444132,2499,2911,2510,2093,2503.25,1,26456,56192,13.26709973251815055406954528085594191823,6.229210765043846386452978530390081645,18.74433020864832174175990323556093135773,2020,0.26456,90,25.96777777777777777777777777777777777778,8.13,40.731,0,81,52,2021,0,1,0,0,0,0,0,"upstate",8644.541880858784396734200181433323253704
"36051",2022,"Q1",1,8089,2888,2516,30,342,1,1,1,0,0,"Livingston County",42.729042,-77.778463,3207,3769,3421,2745,3285.5,1,63218,60248,12.62281635573550199821992635381581473273,4.24878990161030086367806637350121800753,17.85409218893353158910436900882660001898,2020,0.63218,90,30.51111111111111111111111111111111111111,5.391,22.516,0,77,53,2021,0,1,0,0,0,0,0,"upstate",4568.319149609288493783416115663260463792
"36053",2022,"Q1",1,8089,7639,4914,54,354,2,2,2,0,2317,"Madison County",42.910026,-75.663575,8680,8420,7454,6208,7690.5,2,70990,61176,8.45404026601074974947617746196592876013,4.79645020425412029863361036765741653754,18.34906324834483730102831384702070714185,2020,0.7099,90,26.23388888888888888888888888888888888889,7.749,37.096,0,81,58,2021,0,1,0,0,0,0,0,"upstate",10760.6705169742217213692069305535990985
"36055",2022,"Q1",1,8089,63655,47885,623,15147,5,5,4,1,0,"Monroe County",43.250347,-77.700518,69790,76113,75445,65785,71783.25,6,743084,62087,14.07657187109138872871417309454765267436,5.49480274100909183887689682458510747103,17.32280603538765469314370919034725549198,2020,7.43084,90,31.79777777777777777777777777777777777778,5.893,25.328,0,71,48,2021,0,1,0,0,0,0,0,"upstate",8566.326283434981778641445650828170166495
"36057",2022,"Q1",1,8089,6596,6012,37,547,2,2,1,1,0,"Montgomery County",42.900891,-74.435357,10481,11122,9004,8177,9696,2,49294,50146,17.82700421940928270042194092827004219409,6.31719884772994684951515397411449669331,18.63715665192518359232360936422282630746,2020,0.49294,90,27.01055555555555555555555555555555555556,6.526,25.08,0,83,42,2021,0,1,0,0,0,0,0,"upstate",13380.9388566559824725118675700896660851
"36059",2022,"Q1",1,8089,105783,60257,1007,21521,12,12,12,0,22998,"Nassau County",40.729612,-73.589414,118863,111843,98731,96713,106537.5,12,1355683,120036,5.4054843172602969449052806842070588799,5.46897762972612328988413958130329878002,17.81854607603694964088212362329541640634,2020,13.55683,90,35.46444444444444444444444444444444444444,12.227,22.903,0,66,36,2021,0,1,0,0,0,0,1,"downstate_non_nyc",7802.930331058219362491083830069418883323
"36061",2022,"Q1",1,8089,228969,159963,1008,40546,21,21,16,5,27452,"New York County",40.776642,-73.970187,263132,250167,236410,225706,243853.75,18,1629153,89812,15.56797510135301695095234543585905767925,4.7279168991494353200712271959723856507,16.61906524433248442595630981252221246255,2020,16.29153,90,35.58944444444444444444444444444444444444,11.328,25.354,0,69,35,2021,0,1,0,0,0,1,0,"nyc",14054.4810708386505134876834772424689394
"36063",2022,"Q1",1,8089,11171,9799,68,1304,4,4,3,1,0,"Niagara County",43.272672,-78.812943,12476,13817,13206,11363,12715.5,4,210145,57252,12.43304036726601092684251094380965769993,5.24209474410526065335839539365676080801,19.12679340455399842965571391182278902662,2020,2.10145,90,32.105,5.465,20.946,0,74,45,2021,0,1,0,0,0,0,0,"upstate",5315.853339360917461752599395655380808489
"36065",2022,"Q1",1,8089,22706,18648,137,3921,4,4,3,1,0,"Oneida County",43.242727,-75.434282,26962,26472,23304,20290,24257,4,229074,59113,14.2400898289017128236279463603648378754,5.63791613190497393855260745435972655125,18.74896321712634345233418022123855173437,2020,2.29074,90,27.055,7.759,31.717,0,82,53,2021,0,1,0,0,0,0,0,"upstate",9912.080812313924757938482761029187074919
"36067",2022,"Q1",1,8089,43839,34528,509,8802,5,5,4,1,0,"Onondaga County",43.006516,-76.196134,49476,54541,53782,46976,51193.75,4,461591,62668,13.87425090162971265354821798197644464129,5.7005010929589181764809105896778750019,17.08113893035176162446841467879573041935,2020,4.61591,90,29.16611111111111111111111111111111111111,7.289,31.943,0,80,54,2021,0,1,0,0,0,0,0,"upstate",9497.368882842169799671137435521923087755
"36069",2022,"Q1",1,8089,13681,11591,152,1938,3,3,3,0,0,"Ontario County",42.856357,-77.303497,15289,16159,14057,11953,14364.5,3,109774,64795,9.04253819036427732079905992949471210341,4.92739628691675624464809517736440322845,20.00109315502760216444695465228560497021,2020,1.09774,90,29.95833333333333333333333333333333333333,5.841,26.566,0,80,55,2021,0,1,0,0,0,0,0,"upstate",12462.8782771876764989888315994679978866
"36071",2022,"Q1",1,8089,33033,22693,308,5763,4,4,4,0,4269,"Orange County",41.40241,-74.306252,37916,38044,35216,30427,35400.75,4,382077,80816,11.38024611747004137782793272072653017357,6.65703510025466070975222271950418371166,13.98330702973484402358686861548850100896,2020,3.82077,90,33.18777777777777777777777777777777777778,9.569,28.8,0,79,33,2021,0,1,0,0,0,0,0,"upstate",8645.639491516108009642035505932050345873
"36075",2022,"Q1",1,8089,5476,4580,22,874,2,2,2,0,0,"Oswego County",43.461443,-76.209262,5747,6831,6105,5254,5984.25,2,117630,59070,16.76076154517444656182656859427594436232,5.50369803621525121142565672022443254272,16.39972796055428037065374479299498427272,2020,1.1763,90,28.84055555555555555555555555555555555556,8.038,33.432,0,79,52,2021,0,1,0,0,0,0,0,"upstate",4655.275014877157187792229873331633086798
"36077",2022,"Q1",1,8089,7212,2737,74,810,2,2,2,0,3591,"Otsego County",42.629776,-75.028841,7743,8610,8895,8047,8323.75,2,59593,56171,13.35461266120008071469190835213618769835,4.1733089456815397781618646485325457688,21.11321799540214454717835987448190223684,2020,0.59593,90,26.34222222222222222222222222222222222222,7.214,30.069,0,83,51,2021,0,1,0,0,0,0,0,"upstate",12102.0925276458644471666135284345476818
"36079",2022,"Q1",1,8089,4317,3519,42,756,1,1,1,0,0,"Putnam County",41.427907,-73.743861,5081,5401,5177,4703,5090.5,1,98714,107246,5.59268016860285802405674925465199958877,4.485685920943331239743096217355187714,17.40482606317239702575115991652653119112,2020,0.98714,90,31.93833333333333333333333333333333333333,9.364,26.872,0,79,34,2021,0,1,0,0,0,0,0,"upstate",4373.239864659521445792896650930972303827
"36081",2022,"Q1",1,8089,144956,91265,537,19377,10,10,9,1,33777,"Queens County",40.654658,-73.841209,186459,177209,164504,145101,168318.25,10,2270976,72028,11.59697469837685766382853355595065276467,6.18240791624394093112388682222973734641,15.8316952711081050614361402322173373915,2020,22.70976,90,35.70444444444444444444444444444444444444,11.226,22.268,0,65,35,2021,0,1,0,0,0,1,0,"nyc",6382.982470972832826062450681997520009018
"36083",2022,"Q1",1,8089,10921,9565,103,1253,1,1,1,0,0,"Rensselaer County",42.710421,-73.513845,12074,12452,10537,9612,11168.75,1,159013,72510,10.79145605739442360997880319582586010109,5.17316194273424185443957412287045713244,17.00993000572280253815725758271336305837,2020,1.59013,90,27.03388888888888888888888888888888888889,7.31,24.145,0,80,41,2021,0,1,0,0,0,0,0,"upstate",6867.991925188506600089300874771245118324
"36085",2022,"Q1",1,8089,12144,10050,101,1993,3,3,1,2,0,"Richmond County",40.561263,-74.1399,22847,21242,19381,17221,20172.75,3,475596,85381,10.80972969292571662014026009396064546878,5.70925743698433123911891605480281583529,16.25602402038705119471147780889662654858,2020,4.75596,90,36.18777777777777777777777777777777777778,11.295,24.142,0,60,36,2021,0,1,0,0,0,1,0,"nyc",2553.427699139605883985567582570080488482
"36087",2022,"Q1",1,8089,19307,14664,155,4488,2,2,2,0,0,"Rockland County",41.154628,-74.024662,21993,21873,19934,17720,20380,2,325213,94840,14.54808378549367806598995845630744202427,8.12359899512012127436480091509257010021,15.73891572600111311663432888599164240052,2020,3.25213,90,33.97388888888888888888888888888888888889,10.867,30.594,0,75,35,2021,0,1,0,0,0,0,1,"downstate_non_nyc",5936.724546681713215646361000329015137771
"36089",2022,"Q1",1,8089,14504,7091,62,696,5,5,5,0,6655,"St. Lawrence County",44.488112,-75.074311,15950,16826,14645,12017,14859.5,5,108352,52071,17.59475173335820663495320710132761247396,5.14803603071470761961015948021264028352,17.38408151210868281157708210277613703485,2020,1.08352,90,24.29888888888888888888888888888888888889,7.697,35.193,0,82,47,2021,0,1,0,0,0,0,0,"upstate",13386.0011813349084465445953927938570585
"36091",2022,"Q1",1,8089,8802,6729,134,1939,1,1,1,0,0,"Saratoga County",43.106135,-73.855387,9009,9843,9090,7697,8909.75,1,229313,85224,5.927233942741318038387834853534079493,5.00669390745400391604488188633003798302,18.11759472860239061893569051907218517921,2020,2.29313,90,27.29722222222222222222222222222222222222,6.969,23.98,0,78,37,2021,0,1,0,0,0,0,0,"upstate",3838.421720530454008276896643452399122597
"36093",2022,"Q1",1,8089,11921,9919,65,1937,2,2,1,1,0,"Schenectady County",42.817552,-74.043559,11858,12223,12166,11112,11839.75,2,155086,66488,11.3992009874839069322962982626123196581,5.91026914099273951227061114478418425906,17.20722695794591388004075158299266213585,2020,1.55086,90,28.43277777777777777777777777777777777778,6.359,24.033,0,81,39,2021,0,1,0,0,0,0,0,"upstate",7686.70286163805888345821028332667036354
"36095",2022,"Q1",1,8089,2583,2567,0,16,1,1,1,0,0,"Schoharie County",42.591294,-74.438172,3050,3028,2495,1880,2613.25,1,31189,58926,11.63203753351206434316353887399463806971,4.2963865465388438231427746962069960563,21.79935233575940235339382474590400461701,2020,0.31189,90,25.40277777777777777777777777777777777778,6.987,32.632,0,83,48,2021,0,1,0,0,0,0,0,"upstate",8281.766007246144474013273910673634935394
"36097",2022,"Q1",1,8089,1567,1549,0,18,1,1,1,0,0,"Schuyler County",42.419776,-76.938603,,,,,,,17845,53291,14.72960690752101795046580322653942285844,5.06024096385542168674698795180722891566,21.23283833006444382179882319977584757635,2020,0.17845,90,29.29555555555555555555555555555555555556,6.343,27.696,0,82,54,2021,0,1,0,0,0,0,0,"upstate",8781.171196413561221630708882039787055198
"36101",2022,"Q1",1,8089,9879,8874,69,936,3,3,2,1,0,"Steuben County",42.266725,-77.385525,10806,11389,10107,8158,10115,3,95843,55349,12.72397055855894129767506080528501481631,5.52257337520737038698705174086787767495,19.40256461087403357574366411735859687197,2020,0.95843,90,28.90833333333333333333333333333333333333,5.554,22.843,0,83,49,2021,0,1,0,0,0,0,0,"upstate",10307.4820278997944555157914506015045439
"36103",2022,"Q1",1,8089,114963,73549,1404,23027,11,11,11,0,16983,"Suffolk County",40.943554,-72.692218,115476,116463,103123,89190,106063,11,1481364,105362,6.45808657225851308532184972559710454792,5.35101433543680013825096330138980021116,16.92251195519804720514336786907201741098,2020,14.81364,90,36.07888888888888888888888888888888888889,10.307,20.864,0,58,37,2021,0,1,0,0,0,0,1,"downstate_non_nyc",7760.617917000818164880475021669218369017
"36105",2022,"Q1",1,8089,6231,4970,29,615,2,2,2,0,617,"Sullivan County",41.719993,-74.771577,6591,7925,6546,5760,6705.5,2,75329,60433,13.31868433701847146879077113232163702534,5.80520118413891064530260590210941337334,18.92365490050312628602530234040011151084,2020,0.75329,90,29.03055555555555555555555555555555555556,9.973,35.636,0,80,41,2021,0,1,0,0,0,0,0,"upstate",8271.714744653453517237717213822034010806
"36109",2022,"Q1",1,8089,6994,5996,73,925,1,1,1,0,0,"Tompkins County",42.453006,-76.473483,7824,8519,7481,5833,7414.25,1,102237,61361,17.47094563367262971605063519439090099534,3.88509052495671821356260453651809031955,14.31966900437219401977757563308782534699,2020,1.02237,90,29.97666666666666666666666666666666666667,6.969,29.768,0,82,51,2021,0,1,0,0,0,0,0,"upstate",6840.967555777262634858221583184170114538
"36111",2022,"Q1",1,8089,6631,5503,33,1095,3,3,1,2,0,"Ulster County",41.947212,-74.265458,10917,10929,10643,8856,10336.25,2,178371,65306,13.66912376510295203384467544034407190822,4.36057430860397710390141895263243464465,19.78180309579471999372095239697035953154,2020,1.78371,90,31.39777777777777777777777777777777777778,10.396,35.913,0,77,35,2021,0,1,0,0,0,0,0,"upstate",3717.532558543709459497339814207466460355
"36113",2022,"Q1",1,8089,9893,7737,106,2050,1,1,1,0,0,"Warren County",43.555105,-73.838139,10255,11119,10476,9139,10247.25,1,64187,64658,8.46879294820150703758115729112364342922,4.40743452724071852555813482480876189883,22.30825556576876937697664636141274712948,2020,0.64187,90,25.65388888888888888888888888888888888889,5.872,25.052,0,83,37,2021,0,1,0,0,0,0,0,"upstate",15412.7782884384688488323180706373564741
"36117",2022,"Q1",1,8089,4951,3996,41,914,1,1,1,0,0,"Wayne County",43.218114,-77.049402,5257,6012,5389,4628,5321.5,1,90103,62003,11.21185564693721630488517370005842434048,5.44598958969179716546618869515998357435,18.81957315516686458830449596572811116167,2020,0.90103,90,30.58777777777777777777777777777777777778,6.799,29.019,0,79,54,2021,0,1,0,0,0,0,0,"upstate",5494.822591922577494645017369011020720731
"36119",2022,"Q1",1,8089,73689,49490,525,14855,13,13,11,2,8819,"Westchester County",41.152686,-73.745753,93243,87645,79255,69131,82318.5,13,968738,99489,8.37913685648605380530524285560205814492,5.56301084503756433628081070423582021145,17.12103788640478643348356315123387334862,2020,9.68738,90,33.86944444444444444444444444444444444444,10.001,26.32,0,77,37,2021,0,1,0,0,0,0,1,"downstate_non_nyc",7606.700676550315978107599784461846237063
"36121",2022,"Q1",1,8089,2994,2550,10,434,1,1,1,0,0,"Wyoming County",42.701365,-78.228576,3351,3681,3284,2647,3240.75,1,40027,58746,8.70237968199765233166150891046846654573,4.78427061733330002248482274464736302995,18.08529242761136233042696180078447048242,2020,0.40027,90,27.58444444444444444444444444444444444444,6.584,31.307,0,79,57,2021,0,1,0,0,0,0,0,"upstate",7479.951033052689434631623654033527369026
"36123",2022,"Q1",1,8089,1463,1409,0,54,1,1,1,0,0,"Yates County",42.638237,-77.104324,1877,2088,1729,1306,1750,1,24981,55307,13.53522607781282860147213459516298633018,6.18069732997077779112125215163524278452,20.65169528841919859092910612065169528842,2020,0.24981,90,29.87666666666666666666666666666666666667,5.726,25.657,0,78,50,2021,0,1,0,0,0,0,0,"upstate",5856.450902686041391457507705856450902686
"36001",2022,"Q2",2,8090,40816,31629,452,8735,4,4,3,1,0,"Albany County",42.58824,-73.97401,36417,39044,41275,36834,38392.5,4,306165,68327,12.07037784034197682983073248298031981166,5.03323371384710858523998497542174971012,16.94217170479969950843499420247252298597,2020,3.06165,91,57.32032967032967032967032967032967032967,11.305,3.059,2,7,46,2021,0,1,1,0,0,0,0,"upstate",13331.3736057354694364150049809743112374
"36003",2022,"Q2",2,8090,3011,2759,20,232,2,2,1,1,0,"Allegany County",42.247853,-78.026153,2417,2668,2933,2772,2697.5,2,46304,51227,16.72429217340844797988345946468725065887,5.08163441603317208016586040082930200415,18.84502418797512093987560469937802349689,2020,0.46304,91,55.02032967032967032967032967032967032967,11.545,7.277,0,12,56,2021,0,1,1,0,0,0,0,"upstate",6502.677954388389771941948859709744298549
"36005",2022,"Q2",2,8090,185243,106607,149,21136,10,10,10,0,57351,"Bronx County",40.848711,-73.852939,165112,190068,176052,165672,174226,10,1427056,41895,26.95828327560986644012928716126210810458,7.19516262851633012299447253646668385824,12.90467928378423832000986646634750142952,2020,14.27056,91,60.77362637362637362637362637362637362637,10.365,0,2,2,40,2021,0,1,1,0,0,1,0,"nyc",12980.7800114361314482402933031359666334
"36007",2022,"Q2",2,8090,24012,19471,234,4307,3,3,3,0,0,"Broome County",42.161977,-75.830283,21154,22477,23618,22543,22448,3,192042,52237,18.54348219525170150105024158298553792661,5.19105195738432217952322929359202674415,19.1005092635985878089167994501202861874,2020,1.92042,91,55.98186813186813186813186813186813186813,12.489,2.451,1,10,50,2021,0,1,1,0,0,0,0,"upstate",12503.5148561252226075545974318117911707
"36009",2022,"Q2",2,8090,6639,5626,70,943,1,1,1,0,0,"Cattaraugus County",42.239099,-78.662332,5326,5548,7087,7038,6249.75,1,76750,50700,16.88079559199032388119876360704206423868,5.7172638436482084690553745928338762215,19.21302931596091205211726384364820846906,2020,0.7675,91,54.6456043956043956043956043956043956044,11.239,7.523,0,13,55,2021,0,1,1,0,0,0,0,"upstate",8650.162866449511400651465798045602605863
"36011",2022,"Q2",2,8090,6248,5280,70,898,1,1,1,0,0,"Cayuga County",43.008546,-76.574587,5565,6251,6668,5975,6114.75,1,76958,57985,12.32606294864715626725565985643290999448,4.90137477585176329946204423191870890616,18.95059642922113360534317419891369318329,2020,0.76958,91,58.56593406593406593406593406593406593407,9.64,3.61,3,6,54,2021,0,1,1,0,0,0,0,"upstate",8118.714103796876218196938589880194391746
"36013",2022,"Q2",2,8090,14024,12684,60,1280,3,3,2,1,0,"Chautauqua County",42.304216,-79.407595,11759,12547,14440,13203,12987.25,3,127584,48315,17.7593550971687392182351835046152085224,5.46149987459242538249310258339603712064,20.10205041384499623777276147479307750188,2020,1.27584,91,56.81538461538461538461538461538461538462,10.733,5.76,0,7,54,2021,0,1,1,0,0,0,0,"upstate",10991.9739152244795585653373463757210936
"36015",2022,"Q2",2,8090,8741,7538,58,1145,2,2,1,1,0,"Chemung County",42.148697,-76.752471,7644,7809,8810,8130,8098.25,2,84115,54883,14.66319876361717365901466319876361717366,5.55667835701123461927123580811983593889,18.86702728407537300124829103013731201332,2020,0.84115,91,56.70714285714285714285714285714285714286,11.131,3.913,1,8,51,2021,0,1,1,0,0,0,0,"upstate",10391.7256137430898175117398799262913868
"36017",2022,"Q2",2,8090,4012,3811,18,183,1,1,1,0,0,"Chenango County",42.478024,-75.602241,3435,5356,4090,5213,4523.5,1,47527,51756,12.91256514186450492182976259409380428489,5.33591432238517053464346581942895617228,20.53990363372398846971195320554632103857,2020,0.47527,91,55.03901098901098901098901098901098901099,11.97,3.694,0,11,54,2021,0,1,1,0,0,0,0,"upstate",8441.51745323710732846592463231426347129
"36019",2022,"Q2",2,8090,7823,6296,93,1434,1,1,1,0,0,"Clinton County",44.752712,-73.705643,7417,7911,9248,8411,8246.75,1,80320,59510,12.33627611662787334554519536683790819067,4.69995019920318725099601593625498007968,16.86005976095617529880478087649402390438,2020,0.8032,91,53.58241758241758241758241758241758241758,9.054,10.472,0,15,47,2021,0,1,1,0,0,0,0,"upstate",9739.790836653386454183266932270916334661
"36021",2022,"Q2",2,8090,5369,4658,53,658,1,1,1,0,0,"Columbia County",42.247696,-73.626718,4763,5168,5989,5475,5348.75,1,60016,68750,10.16724822524365299001323547106244735892,4.07391362303385763796320981071714209544,23.92195414556118368435083977605971740869,2020,0.60016,91,58.64945054945054945054945054945054945055,10.256,1.379,3,7,43,2021,0,1,1,0,0,0,0,"upstate",8945.94774726739536123700346574246867502
"36023",2022,"Q2",2,8090,6308,5572,66,670,1,1,1,0,0,"Cortland County",42.594039,-76.07624,5475,6186,6468,5805,5983.5,1,47618,59194,14.44424272681886261516815685562565243045,4.92250829518249401486832710319627031795,16.28585828888235541181906001932042504935,2020,0.47618,91,55.04285714285714285714285714285714285714,11.156,3.886,0,11,54,2021,0,1,1,0,0,0,0,"upstate",13247.0914360115922550296106514343315553
"36025",2022,"Q2",2,8090,4180,3370,0,26,4,4,3,1,784,"Delaware County",42.193986,-74.966728,3521,4613,4918,4191,4310.75,4,44676,49945,16.16337683139397936590191736938804352947,3.8924702301011728892470230101172889247,24.50308890679559495030889067955949503089,2020,0.44676,91,53.71648351648351648351648351648351648352,12.698,3.28,0,13,55,2021,0,1,1,0,0,0,0,"upstate",9356.253917091950935625391709195093562539
"36027",2022,"Q2",2,8090,29483,23263,264,5956,3,3,3,0,0,"Dutchess County",41.754825,-73.740014,25747,28503,28395,27092,27434.25,3,293524,81842,8.79308104361887985676951731904878788316,4.57611643340919311538409124977855303144,17.59447268366470884833948842343385890081,2020,2.93524,91,58.67912087912087912087912087912087912088,10.977,0.028,3,5,47,2021,0,1,1,0,0,0,0,"upstate",10044.4938062986331611725105953857265505
"36029",2022,"Q2",2,8090,87697,61880,878,16939,10,10,10,0,8000,"Erie County",42.752759,-78.778192,76143,74679,89218,84468,81127,10,918873,59464,13.70969728870124197865454178938998577716,5.46560841378514767546766528127390836383,17.97408346964161532660117339392930252603,2020,9.18873,91,57.04835164835164835164835164835164835165,9.431,4.216,0,6,49,2021,0,1,1,0,0,0,0,"upstate",9543.973976817253309216834100033410493071
"36031",2022,"Q2",2,8090,3999,2381,0,0,3,3,3,0,1618,"Essex County",44.109601,-73.778431,3185,2124,2776,2063,2537,3,37281,58109,10.1490643831271804630510624801776086267,4.03959121268206324937635793031302808401,23.46771814060781631394007671468040020386,2020,0.37281,91,49.58516483516483516483516483516483516484,11.257,15.875,0,22,58,2021,0,1,1,0,0,0,0,"upstate",10726.643598615916955017301038062283737
"36033",2022,"Q2",2,8090,6188,2613,23,265,3,3,2,1,3287,"Franklin County",44.594376,-74.31067,5258,5788,6794,5542,5845.5,3,50389,52905,17.78129035130682577140567255888507947816,4.77286709400861299093056024132251086547,17.08706265256305939788445890968266883645,2020,0.50389,91,53.17912087912087912087912087912087912088,11.538,10.804,0,15,53,2021,0,1,1,0,0,0,0,"upstate",12280.4580364762150469348468911865684971
"36035",2022,"Q2",2,8090,4922,4420,41,461,1,1,1,0,0,"Fulton County",43.115609,-74.423678,4226,4617,4979,4431,4563.25,1,53452,51663,14.82933358829716034037670905440290658763,5.14480281373942976876449898974781112026,19.51657561924717503554591034947242385692,2020,0.53452,91,55.01208791208791208791208791208791208791,11.543,6.229,0,12,47,2021,0,1,1,0,0,0,0,"upstate",9208.261617900172117039586919104991394148
"36037",2022,"Q2",2,8090,5048,4211,24,813,2,2,1,1,0,"Genesee County",43.00091,-78.192778,4688,5590,6135,5219,5408,2,57554,60635,10.77748178466206799216696363989203112044,5.21944608541543593842304618271536296348,18.74934843798867150849636862772352920735,2020,0.57554,91,57.66043956043956043956043956043956043956,9.347,4.933,1,7,52,2021,0,1,1,0,0,0,0,"upstate",8770.893421829933627549779337665496750877
"36043",2022,"Q2",2,8090,3896,,,,1,1,1,0,,"Herkimer County",43.571009,-74.841097,3199,3737,3699,3221,3464,1,61738,58438,13.60955518945634266886326194398682042834,5.03741617804269655641582169814376882957,20.6161521267290809550034014707311542324,2020,0.61738,91,51.7510989010989010989010989010989010989,12.696,9.314,0,17,54,2021,0,1,1,0,0,0,0,"upstate",6310.538080274709255239884673944734199359
"36045",2022,"Q2",2,8090,11961,6655,42,1382,3,3,2,1,3882,"Jefferson County",43.996389,-76.052968,10907,11097,12250,12917,11792.75,3,111454,54726,14.35222807537501075556660324865913936346,7.78168571787463886446426328350709709835,13.61009923376460243687978897123476950132,2020,1.11454,91,56.33241758241758241758241758241758241758,7.933,3.61,0,7,39,2021,0,1,1,0,0,0,0,"upstate",10731.7817216071204263642399554973352235
"36047",2022,"Q2",2,8090,206525,125398,722,22905,15,15,11,4,57500,"Kings County",40.635045,-73.95064,181604,181318,175218,162279,175104.75,15,2576771,63973,19.23261654155974255876823427701005887116,7.27658763623154715727552040907011139135,14.00042921936019925713227911987522368111,2020,25.76771,91,60.72692307692307692307692307692307692308,9.899,0.028,2,2,37,2021,0,1,1,0,0,1,0,"nyc",8014.875982382602101622534559726106821289
"36049",2022,"Q2",2,8090,2661,2448,41,172,1,1,1,0,0,"Lewis County",43.782706,-75.444132,2287,2499,2911,2510,2551.75,1,26456,56192,13.26709973251815055406954528085594191823,6.229210765043846386452978530390081645,18.74433020864832174175990323556093135773,2020,0.26456,91,57.09285714285714285714285714285714285714,8.47,5.042,0,10,49,2021,0,1,1,0,0,0,0,"upstate",10058.209857877230117931660114907771394
"36051",2022,"Q2",2,8090,3548,3178,37,333,1,1,1,0,0,"Livingston County",42.729042,-77.778463,2888,3207,3769,3421,3321.25,1,63218,60248,12.62281635573550199821992635381581473273,4.24878990161030086367806637350121800753,17.85409218893353158910436900882660001898,2020,0.63218,91,58.18516483516483516483516483516483516484,8.751,4.134,3,7,52,2021,0,1,1,0,0,0,0,"upstate",5612.325603467366889177133095004587301085
"36053",2022,"Q2",2,8090,8829,5572,57,378,2,2,2,0,2822,"Madison County",42.910026,-75.663575,7639,8680,8420,7454,8048.25,2,70990,61176,8.45404026601074974947617746196592876013,4.79645020425412029863361036765741653754,18.34906324834483730102831384702070714185,2020,0.7099,91,55.12802197802197802197802197802197802198,11.711,7.385,0,12,57,2021,0,1,1,0,0,0,0,"upstate",12436.9629525285251443865333145513452599
"36055",2022,"Q2",2,8090,71463,54730,648,16085,5,5,4,1,0,"Monroe County",43.250347,-77.700518,63655,69790,76113,75445,71250.75,5,743084,62087,14.07657187109138872871417309454765267436,5.49480274100909183887689682458510747103,17.32280603538765469314370919034725549198,2020,7.43084,91,57.47252747252747252747252747252747252747,7.91,3.638,2,5,45,2021,0,1,1,0,0,0,0,"upstate",9617.082321783270801147649525491061575811
"36057",2022,"Q2",2,8090,9370,8735,38,597,2,2,1,1,0,"Montgomery County",42.900891,-74.435357,6596,10481,11122,9004,9300.75,2,49294,50146,17.82700421940928270042194092827004219409,6.31719884772994684951515397411449669331,18.63715665192518359232360936422282630746,2020,0.49294,91,56.87747252747252747252747252747252747253,11.903,1.791,3,9,43,2021,0,1,1,0,0,0,0,"upstate",19008.3985880634559987016675457459325679
"36059",2022,"Q2",2,8090,122037,72528,1096,22600,12,12,12,0,25813,"Nassau County",40.729612,-73.589414,105783,118863,111843,98731,108805,12,1355683,120036,5.4054843172602969449052806842070588799,5.46897762972612328988413958130329878002,17.81854607603694964088212362329541640634,2020,13.55683,91,60.2956043956043956043956043956043956044,10.682,0,3,2,38,2021,0,1,1,0,0,0,1,"downstate_non_nyc",9001.883183605606915480978960420688317254
"36061",2022,"Q2",2,8090,261128,187978,1109,43033,21,21,16,5,29008,"New York County",40.776642,-73.970187,228969,263132,250167,236410,244669.5,21,1629153,89812,15.56797510135301695095234543585905767925,4.7279168991494353200712271959723856507,16.61906524433248442595630981252221246255,2020,16.29153,91,61.07527472527472527472527472527472527473,10.501,0,3,2,39,2021,0,1,1,0,0,1,0,"nyc",16028.4515941719408797086584255745163284
"36063",2022,"Q2",2,8090,12993,11798,55,1140,4,4,3,1,0,"Niagara County",43.272672,-78.812943,11171,12476,13817,13206,12667.5,4,210145,57252,12.43304036726601092684251094380965769993,5.24209474410526065335839539365676080801,19.12679340455399842965571391182278902662,2020,2.10145,91,58.30549450549450549450549450549450549451,7.973,3.418,0,5,47,2021,0,1,1,0,0,0,0,"upstate",6182.873730043541364296081277213352685051
"36065",2022,"Q2",2,8090,26647,22240,147,4260,4,4,3,1,0,"Oneida County",43.242727,-75.434282,22706,26962,26472,23304,24861,4,229074,59113,14.2400898289017128236279463603648378754,5.63791613190497393855260745435972655125,18.74896321712634345233418022123855173437,2020,2.29074,91,56.97912087912087912087912087912087912088,12.643,2.921,2,8,50,2021,0,1,1,0,0,0,0,"upstate",11632.4855723478002741472188026576564778
"36067",2022,"Q2",2,8090,46170,35964,496,9710,5,5,4,1,0,"Onondaga County",43.006516,-76.196134,43839,49476,54541,53782,50409.5,5,461591,62668,13.87425090162971265354821798197644464129,5.7005010929589181764809105896778750019,17.08113893035176162446841467879573041935,2020,4.61591,91,57.56483516483516483516483516483516483516,9.621,5.513,4,7,53,2021,0,1,1,0,0,0,0,"upstate",10002.3613978608768368534048540807771382
"36069",2022,"Q2",2,8090,15908,13731,167,2010,3,3,3,0,0,"Ontario County",42.856357,-77.303497,13681,15289,16159,14057,14796.5,3,109774,64795,9.04253819036427732079905992949471210341,4.92739628691675624464809517736440322845,20.00109315502760216444695465228560497021,2020,1.09774,91,58.28021978021978021978021978021978021978,8.545,4.134,4,7,51,2021,0,1,1,0,0,0,0,"upstate",14491.5918159126933517955071328365551041
"36071",2022,"Q2",2,8090,37972,26669,327,5863,4,4,4,0,5113,"Orange County",41.40241,-74.306252,33033,37916,38044,35216,36052.25,4,382077,80816,11.38024611747004137782793272072653017357,6.65703510025466070975222271950418371166,13.98330702973484402358686861548850100896,2020,3.82077,91,59.57912087912087912087912087912087912088,10.942,0.22,3,4,48,2021,0,1,1,0,0,0,0,"upstate",9938.310864040494455306129392766379551766
"36075",2022,"Q2",2,8090,5971,5018,26,927,2,2,2,0,0,"Oswego County",43.461443,-76.209262,5476,5747,6831,6105,6039.75,2,117630,59070,16.76076154517444656182656859427594436232,5.50369803621525121142565672022443254272,16.39972796055428037065374479299498427272,2020,1.1763,91,56.87417582417582417582417582417582417582,9.018,3.114,1,6,51,2021,0,1,1,0,0,0,0,"upstate",5076.086032474708832780753209215336223752
"36077",2022,"Q2",2,8090,8772,3443,110,788,2,2,2,0,4431,"Otsego County",42.629776,-75.028841,7212,7743,8610,8895,8115,2,59593,56171,13.35461266120008071469190835213618769835,4.1733089456815397781618646485325457688,21.11321799540214454717835987448190223684,2020,0.59593,91,54.54945054945054945054945054945054945055,12.382,3.003,0,12,57,2021,0,1,1,0,0,0,0,"upstate",14719.8496467705938616951655395767959324
"36079",2022,"Q2",2,8090,5106,4362,38,706,1,1,1,0,0,"Putnam County",41.427907,-73.743861,4317,5081,5401,5177,4994,1,98714,107246,5.59268016860285802405674925465199958877,4.485685920943331239743096217355187714,17.40482606317239702575115991652653119112,2020,0.98714,91,58.61923076923076923076923076923076923077,10.788,0,2,5,43,2021,0,1,1,0,0,0,0,"upstate",5172.518589055250521709180055513908868043
"36081",2022,"Q2",2,8090,172078,109968,562,20592,10,10,9,1,40956,"Queens County",40.654658,-73.841209,144956,186459,177209,164504,168282,10,2270976,72028,11.59697469837685766382853355595065276467,6.18240791624394093112388682222973734641,15.8316952711081050614361402322173373915,2020,22.70976,91,59.94285714285714285714285714285714285714,9.58,0,0,2,36,2021,0,1,1,0,0,1,0,"nyc",7577.270741742757299064367038665313944313
"36083",2022,"Q2",2,8090,11637,9943,123,1571,1,1,1,0,0,"Rensselaer County",42.710421,-73.513845,10921,12074,12452,10537,11496,1,159013,72510,10.79145605739442360997880319582586010109,5.17316194273424185443957412287045713244,17.00993000572280253815725758271336305837,2020,1.59013,91,56.22967032967032967032967032967032967033,11.739,5.925,2,10,46,2021,0,1,1,0,0,0,0,"upstate",7318.269575443517196707187462660285637023
"36085",2022,"Q2",2,8090,13860,11742,111,2007,3,3,1,2,0,"Richmond County",40.561263,-74.1399,12144,22847,21242,19381,18903.5,3,475596,85381,10.80972969292571662014026009396064546878,5.70925743698433123911891605480281583529,16.25602402038705119471147780889662654858,2020,4.75596,91,60.8456043956043956043956043956043956044,9.671,0,2,2,36,2021,0,1,1,0,0,1,0,"nyc",2914.238134887593671940049958368026644463
"36087",2022,"Q2",2,8090,21981,17457,145,4379,2,2,2,0,0,"Rockland County",41.154628,-74.024662,19307,21993,21873,19934,20776.75,2,325213,94840,14.54808378549367806598995845630744202427,8.12359899512012127436480091509257010021,15.73891572600111311663432888599164240052,2020,3.25213,91,60.12087912087912087912087912087912087912,11.009,0,3,3,43,2021,0,1,1,0,0,0,1,"downstate_non_nyc",6758.954900326862702290498842297202141366
"36089",2022,"Q2",2,8090,17014,8521,60,851,5,5,5,0,7582,"St. Lawrence County",44.488112,-75.074311,14504,15950,16826,14645,15481.25,5,108352,52071,17.59475173335820663495320710132761247396,5.14803603071470761961015948021264028352,17.38408151210868281157708210277613703485,2020,1.08352,91,56.57472527472527472527472527472527472527,10.854,7.166,0,11,46,2021,0,1,1,0,0,0,0,"upstate",15702.5251033668044890726520968694624926
"36091",2022,"Q2",2,8090,9872,7638,149,2085,1,1,1,0,0,"Saratoga County",43.106135,-73.855387,8802,9009,9843,9090,9186,1,229313,85224,5.927233942741318038387834853534079493,5.00669390745400391604488188633003798302,18.11759472860239061893569051907218517921,2020,2.29313,91,57.82087912087912087912087912087912087912,12.168,3.527,2,6,42,2021,0,1,1,0,0,0,0,"upstate",4305.032859018023400330552563526708036614
"36093",2022,"Q2",2,8090,11769,10212,95,1462,2,2,1,1,0,"Schenectady County",42.817552,-74.043559,11921,11858,12223,12166,12042,2,155086,66488,11.3992009874839069322962982626123196581,5.91026914099273951227061114478418425906,17.20722695794591388004075158299266213585,2020,1.55086,91,57.60934065934065934065934065934065934066,10.851,2.261,3,6,43,2021,0,1,1,0,0,0,0,"upstate",7588.69272532659298711682550326915388881
"36095",2022,"Q2",2,8090,2781,2770,0,11,1,1,1,0,0,"Schoharie County",42.591294,-74.438172,2583,3050,3028,2495,2789,1,31189,58926,11.63203753351206434316353887399463806971,4.2963865465388438231427746962069960563,21.79935233575940235339382474590400461701,2020,0.31189,91,53.58956043956043956043956043956043956044,11.51,4.934,0,13,53,2021,0,1,1,0,0,0,0,"upstate",8916.6052133765109493731764404116836064
"36097",2022,"Q2",2,8090,2019,2008,0,11,1,1,1,0,0,"Schuyler County",42.419776,-76.938603,1567,,,,,1,17845,53291,14.72960690752101795046580322653942285844,5.06024096385542168674698795180722891566,21.23283833006444382179882319977584757635,2020,0.17845,91,56.80769230769230769230769230769230769231,11.088,5.044,2,7,55,2021,0,1,1,0,0,0,0,"upstate",11314.0935836368730736901092743065284393
"36101",2022,"Q2",2,8090,11167,10053,103,1011,3,3,2,1,0,"Steuben County",42.266725,-77.385525,9879,10806,11389,10107,10545.25,3,95843,55349,12.72397055855894129767506080528501481631,5.52257337520737038698705174086787767495,19.40256461087403357574366411735859687197,2020,0.95843,91,56.25989010989010989010989010989010989011,10.831,5.815,1,8,55,2021,0,1,1,0,0,0,0,"upstate",11651.3464728775184416180628736579614578
"36103",2022,"Q2",2,8090,135381,89299,1346,24928,11,11,11,0,19808,"Suffolk County",40.943554,-72.692218,114963,115476,116463,103123,112506.25,11,1481364,105362,6.45808657225851308532184972559710454792,5.35101433543680013825096330138980021116,16.92251195519804720514336786907201741098,2020,14.81364,91,60.33241758241758241758241758241758241758,11.486,0,2,2,37,2021,0,1,1,0,0,0,1,"downstate_non_nyc",9138.942218117896749212212528453506363055
"36105",2022,"Q2",2,8090,7475,5928,41,646,2,2,2,0,860,"Sullivan County",41.719993,-74.771577,6231,6591,7925,6546,6823.25,2,75329,60433,13.31868433701847146879077113232163702534,5.80520118413891064530260590210941337334,18.92365490050312628602530234040011151084,2020,0.75329,91,56.11263736263736263736263736263736263736,11.41,0.882,1,9,53,2021,0,1,1,0,0,0,0,"upstate",9923.13717160721634430299088000637204795
"36109",2022,"Q2",2,8090,8152,7197,89,866,1,1,1,0,0,"Tompkins County",42.453006,-76.473483,6994,7824,8519,7481,7704.5,1,102237,61361,17.47094563367262971605063519439090099534,3.88509052495671821356260453651809031955,14.31966900437219401977757563308782534699,2020,1.02237,91,57.06208791208791208791208791208791208791,10.501,3.776,3,9,52,2021,0,1,1,0,0,0,0,"upstate",7973.62989915588289953734949186693662764
"36111",2022,"Q2",2,8090,7608,6398,32,1178,3,3,1,2,0,"Ulster County",41.947212,-74.265458,6631,10917,10929,10643,9780,3,178371,65306,13.66912376510295203384467544034407190822,4.36057430860397710390141895263243464465,19.78180309579471999372095239697035953154,2020,1.78371,91,58.5532967032967032967032967032967032967,13.39,0.359,3,7,50,2021,0,1,1,0,0,0,0,"upstate",4265.267336057991489647980893755150781237
"36113",2022,"Q2",2,8090,11128,8675,113,2340,1,1,1,0,0,"Warren County",43.555105,-73.838139,9893,10255,11119,10476,10435.75,1,64187,64658,8.46879294820150703758115729112364342922,4.40743452724071852555813482480876189883,22.30825556576876937697664636141274712948,2020,0.64187,91,56.80659340659340659340659340659340659341,10.106,5.897,4,8,45,2021,0,1,1,0,0,0,0,"upstate",17336.8439092027980743764313646065402652
"36117",2022,"Q2",2,8090,5814,4843,31,940,1,1,1,0,0,"Wayne County",43.218114,-77.049402,4951,5257,6012,5389,5402.25,1,90103,62003,11.21185564693721630488517370005842434048,5.44598958969179716546618869515998357435,18.81957315516686458830449596572811116167,2020,0.90103,91,58.43076923076923076923076923076923076923,8.014,3.803,5,5,49,2021,0,1,1,0,0,0,0,"upstate",6452.615340221746223766134312952953841714
"36119",2022,"Q2",2,8090,88218,60973,600,16239,13,13,11,2,10406,"Westchester County",41.152686,-73.745753,73689,93243,87645,79255,83458,13,968738,99489,8.37913685648605380530524285560205814492,5.56301084503756433628081070423582021145,17.12103788640478643348356315123387334862,2020,9.68738,91,60.03901098901098901098901098901098901099,10.685,0,3,2,41,2021,0,1,1,0,0,0,1,"downstate_non_nyc",9106.486996484085480284659009969671882387
"36121",2022,"Q2",2,8090,3339,2881,10,448,1,1,1,0,0,"Wyoming County",42.701365,-78.228576,2994,3351,3681,3284,3327.5,1,40027,58746,8.70237968199765233166150891046846654573,4.78427061733330002248482274464736302995,18.08529242761136233042696180078447048242,2020,0.40027,91,55.60549450549450549450549450549450549451,9.283,6.698,0,9,53,2021,0,1,1,0,0,0,0,"upstate",8341.869238264171684113223574087490943613
"36123",2022,"Q2",2,8090,1961,1895,0,66,1,1,1,0,0,"Yates County",42.638237,-77.104324,1463,1877,2088,1729,1789.25,1,24981,55307,13.53522607781282860147213459516298633018,6.18069732997077779112125215163524278452,20.65169528841919859092910612065169528842,2020,0.24981,91,57.69285714285714285714285714285714285714,9.278,3.252,3,7,53,2021,0,1,1,0,0,0,0,"upstate",7849.965974140346663464232816940875065049
"36001",2022,"Q3",3,8091,39556,30703,401,8452,4,4,3,1,0,"Albany County",42.58824,-73.97401,40816,36417,39044,41275,39388,4,306165,68327,12.07037784034197682983073248298031981166,5.03323371384710858523998497542174971012,16.94217170479969950843499420247252298597,2020,3.06165,92,68.27282608695652173913043478260869565217,22.893,0,3,0,57,2021,0,1,0,1,0,0,0,"upstate",12919.8308101840510835660509855796710924
"36003",2022,"Q3",3,8091,3259,2971,22,266,2,2,1,1,0,"Allegany County",42.247853,-78.026153,3011,2417,2668,2933,2757.25,2,46304,51227,16.72429217340844797988345946468725065887,5.08163441603317208016586040082930200415,18.84502418797512093987560469937802349689,2020,0.46304,92,66.08967391304347826086956521739130434783,16.025,0,0,0,65,2021,0,1,0,1,0,0,0,"upstate",7038.268832066344160331720801658604008293
"36005",2022,"Q3",3,8091,184732,105637,196,20733,10,10,10,0,58166,"Bronx County",40.848711,-73.852939,185243,165112,190068,176052,179118.75,10,1427056,41895,26.95828327560986644012928716126210810458,7.19516262851633012299447253646668385824,12.90467928378423832000986646634750142952,2020,14.27056,92,73.39293478260869565217391304347826086957,22.916,0,4,0,55,2021,0,1,0,1,0,1,0,"nyc",12944.9720263255261181060869370227937796
"36007",2022,"Q3",3,8091,24296,19641,265,4390,3,3,3,0,0,"Broome County",42.161977,-75.830283,24012,21154,22477,23618,22815.25,3,192042,52237,18.54348219525170150105024158298553792661,5.19105195738432217952322929359202674415,19.1005092635985878089167994501202861874,2020,1.92042,92,67.44076086956521739130434782608695652174,20.8,0,0,0,62,2021,0,1,0,1,0,0,0,"upstate",12651.3991730975515772591412295227085742
"36009",2022,"Q3",3,8091,6541,5510,58,973,1,1,1,0,0,"Cattaraugus County",42.239099,-78.662332,6639,5326,5548,7087,6150,1,76750,50700,16.88079559199032388119876360704206423868,5.7172638436482084690553745928338762215,19.21302931596091205211726384364820846906,2020,0.7675,92,65.57336956521739130434782608695652173913,17.709,0,0,0,64,2021,0,1,0,1,0,0,0,"upstate",8522.475570032573289902280130293159609121
"36011",2022,"Q3",3,8091,6505,5534,85,886,1,1,1,0,0,"Cayuga County",43.008546,-76.574587,6248,5565,6251,6668,6183,1,76958,57985,12.32606294864715626725565985643290999448,4.90137477585176329946204423191870890616,18.95059642922113360534317419891369318329,2020,0.76958,92,69.58097826086956521739130434782608695652,21.865,0,1,0,62,2021,0,1,0,1,0,0,0,"upstate",8452.662491228982042152862600379427739806
"36013",2022,"Q3",3,8091,14122,12800,96,1226,3,3,2,1,0,"Chautauqua County",42.304216,-79.407595,14024,11759,12547,14440,13192.5,3,127584,48315,17.7593550971687392182351835046152085224,5.46149987459242538249310258339603712064,20.10205041384499623777276147479307750188,2020,1.27584,92,68.04293478260869565217391304347826086957,16.114,0,0,0,60,2021,0,1,0,1,0,0,0,"upstate",11068.7860546777025332330072736393278154
"36015",2022,"Q3",3,8091,8260,7129,63,1068,2,2,1,1,0,"Chemung County",42.148697,-76.752471,8741,7644,7809,8810,8251,2,84115,54883,14.66319876361717365901466319876361717366,5.55667835701123461927123580811983593889,18.86702728407537300124829103013731201332,2020,0.84115,92,68.05054347826086956521739130434782608696,17.529,0,0,0,58,2021,0,1,0,1,0,0,0,"upstate",9819.889437080187838078820662188670272841
"36017",2022,"Q3",3,8091,4342,4134,17,191,1,1,1,0,0,"Chenango County",42.478024,-75.602241,4012,3435,5356,4090,4223.25,1,47527,51756,12.91256514186450492182976259409380428489,5.33591432238517053464346581942895617228,20.53990363372398846971195320554632103857,2020,0.47527,92,66.24836956521739130434782608695652173913,21.864,0,0,0,63,2021,0,1,0,1,0,0,0,"upstate",9135.859616638963115702653228691059818629
"36019",2022,"Q3",3,8091,8501,6869,91,1541,1,1,1,0,0,"Clinton County",44.752712,-73.705643,7823,7417,7911,9248,8099.75,1,80320,59510,12.33627611662787334554519536683790819067,4.69995019920318725099601593625498007968,16.86005976095617529880478087649402390438,2020,0.8032,92,64.34184782608695652173913043478260869565,10.809,0,0,0,59,2021,0,1,0,1,0,0,0,"upstate",10583.9143426294820717131474103585657371
"36021",2022,"Q3",3,8091,5414,4781,54,579,1,1,1,0,0,"Columbia County",42.247696,-73.626718,5369,4763,5168,5989,5322.25,1,60016,68750,10.16724822524365299001323547106244735892,4.07391362303385763796320981071714209544,23.92195414556118368435083977605971740869,2020,0.60016,92,69.88423913043478260869565217391304347826,21.535,0,3,0,60,2021,0,1,0,1,0,0,0,"upstate",9020.927752599306851506264996001066382298
"36023",2022,"Q3",3,8091,6294,5530,69,695,1,1,1,0,0,"Cortland County",42.594039,-76.07624,6308,5475,6186,6468,6109.25,1,47618,59194,14.44424272681886261516815685562565243045,4.92250829518249401486832710319627031795,16.28585828888235541181906001932042504935,2020,0.47618,92,66.2788043478260869565217391304347826087,20.451,0,0,0,61,2021,0,1,0,1,0,0,0,"upstate",13217.6907891973623419715233735142173128
"36025",2022,"Q3",3,8091,4450,3316,0,25,4,4,3,1,1109,"Delaware County",42.193986,-74.966728,4180,3521,4613,4918,4308,4,44676,49945,16.16337683139397936590191736938804352947,3.8924702301011728892470230101172889247,24.50308890679559495030889067955949503089,2020,0.44676,92,64.97826086956521739130434782608695652174,24.744,0,0,0,64,2021,0,1,0,1,0,0,0,"upstate",9960.605246664875996060524666487599606052
"36027",2022,"Q3",3,8091,30267,23923,270,6074,3,3,3,0,0,"Dutchess County",41.754825,-73.740014,29483,25747,28503,28395,28032,3,293524,81842,8.79308104361887985676951731904878788316,4.57611643340919311538409124977855303144,17.59447268366470884833948842343385890081,2020,2.93524,92,69.99347826086956521739130434782608695652,23.068,0,3,0,53,2021,0,1,0,1,0,0,0,"upstate",10311.5929191480083400335236641637481092
"36029",2022,"Q3",3,8091,90435,63899,922,17019,10,10,10,0,8595,"Erie County",42.752759,-78.778192,87697,76143,74679,89218,81934.25,10,918873,59464,13.70969728870124197865454178938998577716,5.46560841378514767546766528127390836383,17.97408346964161532660117339392930252603,2020,9.18873,92,69.2836956521739130434782608695652173913,18.571,0,0,0,65,2021,0,1,0,1,0,0,0,"upstate",9841.947690268404882938120937278601068918
"36031",2022,"Q3",3,8091,4712,2913,0,0,3,3,3,0,1799,"Essex County",44.109601,-73.778431,3999,3185,2124,2776,3021,3,37281,58109,10.1490643831271804630510624801776086267,4.03959121268206324937635793031302808401,23.46771814060781631394007671468040020386,2020,0.37281,92,60.03804347826086956521739130434782608696,18.308,0,0,0,62,2021,0,1,0,1,0,0,0,"upstate",12639.1459456559641640513934712051715351
"36033",2022,"Q3",3,8091,6659,3198,44,250,3,3,2,1,3167,"Franklin County",44.594376,-74.31067,6188,5258,5788,6794,6007,3,50389,52905,17.78129035130682577140567255888507947816,4.77286709400861299093056024132251086547,17.08706265256305939788445890968266883645,2020,0.50389,92,63.37663043478260869565217391304347826087,14.847,0,0,0,68,2021,0,1,0,1,0,0,0,"upstate",13215.185854055448609815634364643076862
"36035",2022,"Q3",3,8091,5302,4810,43,449,1,1,1,0,0,"Fulton County",43.115609,-74.423678,4922,4226,4617,4979,4686,1,53452,51663,14.82933358829716034037670905440290658763,5.14480281373942976876449898974781112026,19.51657561924717503554591034947242385692,2020,0.53452,92,65.44076086956521739130434782608695652174,24.297,0,0,0,63,2021,0,1,0,1,0,0,0,"upstate",9919.179824889620594177954052233779839856
"36037",2022,"Q3",3,8091,5615,4754,33,828,2,2,1,1,0,"Genesee County",43.00091,-78.192778,5048,4688,5590,6135,5365.25,2,57554,60635,10.77748178466206799216696363989203112044,5.21944608541543593842304618271536296348,18.74934843798867150849636862772352920735,2020,0.57554,92,68.9288043478260869565217391304347826087,18.42,0,0,0,65,2021,0,1,0,1,0,0,0,"upstate",9756.055182958612781040414219689335232999
"36043",2022,"Q3",3,8091,3879,,,,1,1,1,0,,"Herkimer County",43.571009,-74.841097,3896,3199,3737,3699,3632.75,1,61738,58438,13.60955518945634266886326194398682042834,5.03741617804269655641582169814376882957,20.6161521267290809550034014707311542324,2020,0.61738,92,62.45923913043478260869565217391304347826,26.172,0,0,0,69,2021,0,1,0,1,0,0,0,"upstate",6283.002364832032135799669571414687874567
"36045",2022,"Q3",3,8091,12103,6578,60,1358,3,3,2,1,4107,"Jefferson County",43.996389,-76.052968,11961,10907,11097,12250,11553.75,3,111454,54726,14.35222807537501075556660324865913936346,7.78168571787463886446426328350709709835,13.61009923376460243687978897123476950132,2020,1.11454,92,68.57010869565217391304347826086956521739,17.392,0,0,0,62,2021,0,1,0,1,0,0,0,"upstate",10859.1885441527446300715990453460620525
"36047",2022,"Q3",3,8091,208195,125808,703,22105,15,15,11,4,59579,"Kings County",40.635045,-73.95064,206525,181604,181318,175218,186166.25,15,2576771,63973,19.23261654155974255876823427701005887116,7.27658763623154715727552040907011139135,14.00042921936019925713227911987522368111,2020,25.76771,92,73.87173913043478260869565217391304347826,20.393,0,3,0,55,2021,0,1,0,1,0,1,0,"nyc",8079.685777277064977834662063489537875116
"36049",2022,"Q3",3,8091,2717,2503,27,187,1,1,1,0,0,"Lewis County",43.782706,-75.444132,2661,2287,2499,2911,2589.5,1,26456,56192,13.26709973251815055406954528085594191823,6.229210765043846386452978530390081645,18.74433020864832174175990323556093135773,2020,0.26456,92,67.0586956521739130434782608695652173913,16.157,0,0,0,60,2021,0,1,0,1,0,0,0,"upstate",10269.8820683398850922286059872996673722
"36051",2022,"Q3",3,8091,3711,3262,53,396,1,1,1,0,0,"Livingston County",42.729042,-77.778463,3548,2888,3207,3769,3353,1,63218,60248,12.62281635573550199821992635381581473273,4.24878990161030086367806637350121800753,17.85409218893353158910436900882660001898,2020,0.63218,92,69.30271739130434782608695652173913043478,17.252,0,0,0,62,2021,0,1,0,1,0,0,0,"upstate",5870.163561011104432281945015660096807871
"36053",2022,"Q3",3,8091,8762,5353,60,332,2,2,2,0,3017,"Madison County",42.910026,-75.663575,8829,7639,8680,8420,8392,2,70990,61176,8.45404026601074974947617746196592876013,4.79645020425412029863361036765741653754,18.34906324834483730102831384702070714185,2020,0.7099,92,66.15923913043478260869565217391304347826,22.62,0,0,0,65,2021,0,1,0,1,0,0,0,"upstate",12342.5834624595013382166502324271024088
"36055",2022,"Q3",3,8091,70916,54044,795,16077,5,5,4,1,0,"Monroe County",43.250347,-77.700518,71463,63655,69790,76113,70255.25,5,743084,62087,14.07657187109138872871417309454765267436,5.49480274100909183887689682458510747103,17.32280603538765469314370919034725549198,2020,7.43084,92,70.31847826086956521739130434782608695652,15.251,0,0,0,64,2021,0,1,0,1,0,0,0,"upstate",9543.470186412303319678528941546312395368
"36057",2022,"Q3",3,8091,9547,8933,42,572,2,2,1,1,0,"Montgomery County",42.900891,-74.435357,9370,6596,10481,11122,9392.25,2,49294,50146,17.82700421940928270042194092827004219409,6.31719884772994684951515397411449669331,18.63715665192518359232360936422282630746,2020,0.49294,92,67.80815217391304347826086956521739130435,19.738,0,1,0,67,2021,0,1,0,1,0,0,0,"upstate",19367.4686574430965229033959508256582951
"36059",2022,"Q3",3,8091,123337,72496,977,22992,12,12,12,0,26872,"Nassau County",40.729612,-73.589414,122037,105783,118863,111843,114631.5,12,1355683,120036,5.4054843172602969449052806842070588799,5.46897762972612328988413958130329878002,17.81854607603694964088212362329541640634,2020,13.55683,92,72.9663043478260869565217391304347826087,20.703,0,3,0,57,2021,0,1,0,1,0,0,1,"downstate_non_nyc",9097.775807471215616040032957557187041513
"36061",2022,"Q3",3,8091,263431,190193,1045,43077,21,21,16,5,29116,"New York County",40.776642,-73.970187,261128,228969,263132,250167,250849,21,1629153,89812,15.56797510135301695095234543585905767925,4.7279168991494353200712271959723856507,16.61906524433248442595630981252221246255,2020,16.29153,92,73.67826086956521739130434782608695652174,22.86,0,5,0,52,2021,0,1,0,1,0,1,0,"nyc",16169.81339383102753393941514394289548
"36063",2022,"Q3",3,8091,13013,11755,63,1195,4,4,3,1,0,"Niagara County",43.272672,-78.812943,12993,11171,12476,13817,12614.25,4,210145,57252,12.43304036726601092684251094380965769993,5.24209474410526065335839539365676080801,19.12679340455399842965571391182278902662,2020,2.10145,92,70.92282608695652173913043478260869565217,15.042,0,0,0,59,2021,0,1,0,1,0,0,0,"upstate",6192.390968141045468605010825858335910919
"36065",2022,"Q3",3,8091,25890,21839,152,3899,4,4,3,1,0,"Oneida County",43.242727,-75.434282,26647,22706,26962,26472,25696.75,4,229074,59113,14.2400898289017128236279463603648378754,5.63791613190497393855260745435972655125,18.74896321712634345233418022123855173437,2020,2.29074,92,67.50326086956521739130434782608695652174,27.883,0,0,0,67,2021,0,1,0,1,0,0,0,"upstate",11302.0246732496922391890830037455145499
"36067",2022,"Q3",3,8091,47247,36366,514,10367,5,5,4,1,0,"Onondaga County",43.006516,-76.196134,46170,43839,49476,54541,48506.5,5,461591,62668,13.87425090162971265354821798197644464129,5.7005010929589181764809105896778750019,17.08113893035176162446841467879573041935,2020,4.61591,92,68.46684782608695652173913043478260869565,22.261,0,0,0,65,2021,0,1,0,1,0,0,0,"upstate",10235.6848378759551204421230049979310688
"36069",2022,"Q3",3,8091,16558,14427,178,1953,3,3,3,0,0,"Ontario County",42.856357,-77.303497,15908,13681,15289,16159,15259.25,3,109774,64795,9.04253819036427732079905992949471210341,4.92739628691675624464809517736440322845,20.00109315502760216444695465228560497021,2020,1.09774,92,69.24184782608695652173913043478260869565,18.016,0,0,0,63,2021,0,1,0,1,0,0,0,"upstate",15083.7174558638657605626104542059139687
"36071",2022,"Q3",3,8091,38444,26568,335,6017,4,4,4,0,5524,"Orange County",41.40241,-74.306252,37972,33033,37916,38044,36741.25,4,382077,80816,11.38024611747004137782793272072653017357,6.65703510025466070975222271950418371166,13.98330702973484402358686861548850100896,2020,3.82077,92,71.11793478260869565217391304347826086957,19.065,0,6,0,51,2021,0,1,0,1,0,0,0,"upstate",10061.8461723683969461653017585460522355
"36075",2022,"Q3",3,8091,6405,5557,32,816,2,2,2,0,0,"Oswego County",43.461443,-76.209262,5971,5476,5747,6831,6006.25,2,117630,59070,16.76076154517444656182656859427594436232,5.50369803621525121142565672022443254272,16.39972796055428037065374479299498427272,2020,1.1763,92,68.43206521739130434782608695652173913043,21.96,0,0,0,62,2021,0,1,0,1,0,0,0,"upstate",5445.03953073195613363937770976791634787
"36077",2022,"Q3",3,8091,9161,3781,104,796,2,2,2,0,4480,"Otsego County",42.629776,-75.028841,8772,7212,7743,8610,8084.25,2,59593,56171,13.35461266120008071469190835213618769835,4.1733089456815397781618646485325457688,21.11321799540214454717835987448190223684,2020,0.59593,92,65.9788043478260869565217391304347826087,20.743,0,0,0,63,2021,0,1,0,1,0,0,0,"upstate",15372.6108771164398503179903679962411693
"36079",2022,"Q3",3,8091,5144,4403,49,692,1,1,1,0,0,"Putnam County",41.427907,-73.743861,5106,4317,5081,5401,4976.25,1,98714,107246,5.59268016860285802405674925465199958877,4.485685920943331239743096217355187714,17.40482606317239702575115991652653119112,2020,0.98714,92,70.07934782608695652173913043478260869565,23.886,0,2,0,53,2021,0,1,0,1,0,0,0,"upstate",5211.013635350608829547987114289766395851
"36081",2022,"Q3",3,8091,170065,109222,546,21054,10,10,9,1,39243,"Queens County",40.654658,-73.841209,172078,144956,186459,177209,170175.5,10,2270976,72028,11.59697469837685766382853355595065276467,6.18240791624394093112388682222973734641,15.8316952711081050614361402322173373915,2020,22.70976,92,73.25815217391304347826086956521739130435,19.827,0,0,0,55,2021,0,1,0,1,0,1,0,"nyc",7488.630439071130650433998421823920640289
"36083",2022,"Q3",3,8091,11993,10352,103,1538,1,1,1,0,0,"Rensselaer County",42.710421,-73.513845,11637,10921,12074,12452,11771,1,159013,72510,10.79145605739442360997880319582586010109,5.17316194273424185443957412287045713244,17.00993000572280253815725758271336305837,2020,1.59013,92,66.91956521739130434782608695652173913043,28.919,0,0,0,71,2021,0,1,0,1,0,0,0,"upstate",7542.15064177142749334960034714142868822
"36085",2022,"Q3",3,8091,13420,11423,122,1875,3,3,1,2,0,"Richmond County",40.561263,-74.1399,13860,12144,22847,21242,17523.25,3,475596,85381,10.80972969292571662014026009396064546878,5.70925743698433123911891605480281583529,16.25602402038705119471147780889662654858,2020,4.75596,92,73.73858695652173913043478260869565217391,19.317,0,2,0,49,2021,0,1,0,1,0,1,0,"nyc",2821.722638541955777592746785086501989083
"36087",2022,"Q3",3,8091,22550,18174,157,4219,2,2,2,0,0,"Rockland County",41.154628,-74.024662,21981,19307,21993,21873,21288.5,2,325213,94840,14.54808378549367806598995845630744202427,8.12359899512012127436480091509257010021,15.73891572600111311663432888599164240052,2020,3.25213,92,72.03315217391304347826086956521739130435,21.706,0,4,0,50,2021,0,1,0,1,0,0,1,"downstate_non_nyc",6933.917155833253898214401023329325703462
"36089",2022,"Q3",3,8091,16591,8285,74,790,5,5,5,0,7442,"St. Lawrence County",44.488112,-75.074311,17014,14504,15950,16826,16073.5,5,108352,52071,17.59475173335820663495320710132761247396,5.14803603071470761961015948021264028352,17.38408151210868281157708210277613703485,2020,1.08352,92,66.7711956521739130434782608695652173913,15.591,0,0,0,65,2021,0,1,0,1,0,0,0,"upstate",15312.1308328411104548139397519196692262
"36091",2022,"Q3",3,8091,9936,7829,165,1942,1,1,1,0,0,"Saratoga County",43.106135,-73.855387,9872,8802,9009,9843,9381.5,1,229313,85224,5.927233942741318038387834853534079493,5.00669390745400391604488188633003798302,18.11759472860239061893569051907218517921,2020,2.29313,92,68.50543478260869565217391304347826086957,21.147,0,1,0,62,2021,0,1,0,1,0,0,0,"upstate",4332.942310292046242472079646596573242686
"36093",2022,"Q3",3,8091,12409,10324,76,2009,2,2,1,1,0,"Schenectady County",42.817552,-74.043559,11769,11921,11858,12223,11942.75,2,155086,66488,11.3992009874839069322962982626123196581,5.91026914099273951227061114478418425906,17.20722695794591388004075158299266213585,2020,1.55086,92,68.69836956521739130434782608695652173913,18.901,0,3,0,59,2021,0,1,0,1,0,0,0,"upstate",8001.36698348013360329107720877448641399
"36095",2022,"Q3",3,8091,2947,2932,0,15,1,1,1,0,0,"Schoharie County",42.591294,-74.438172,2781,2583,3050,3028,2860.5,1,31189,58926,11.63203753351206434316353887399463806971,4.2963865465388438231427746962069960563,21.79935233575940235339382474590400461701,2020,0.31189,92,64.66739130434782608695652173913043478261,22.371,0,0,0,66,2021,0,1,0,1,0,0,0,"upstate",9448.844143768636378210266440091057744718
"36097",2022,"Q3",3,8091,2131,2116,0,15,1,1,1,0,0,"Schuyler County",42.419776,-76.938603,2019,1567,,,,1,17845,53291,14.72960690752101795046580322653942285844,5.06024096385542168674698795180722891566,21.23283833006444382179882319977584757635,2020,0.17845,92,68.21358695652173913043478260869565217391,18.521,0,0,0,61,2021,0,1,0,1,0,0,0,"upstate",11941.7203698514990193331465396469599328
"36101",2022,"Q3",3,8091,11441,10344,118,979,3,3,2,1,0,"Steuben County",42.266725,-77.385525,11167,9879,10806,11389,10810.25,3,95843,55349,12.72397055855894129767506080528501481631,5.52257337520737038698705174086787767495,19.40256461087403357574366411735859687197,2020,0.95843,92,67.35054347826086956521739130434782608696,17.006,0,0,0,63,2021,0,1,0,1,0,0,0,"upstate",11937.2306793401709045000678192460586584
"36103",2022,"Q3",3,8091,139049,91461,1457,25695,11,11,11,0,20436,"Suffolk County",40.943554,-72.692218,135381,114963,115476,116463,120570.75,11,1481364,105362,6.45808657225851308532184972559710454792,5.35101433543680013825096330138980021116,16.92251195519804720514336786907201741098,2020,14.81364,92,73.22989130434782608695652173913043478261,17.313,0,1,0,51,2021,0,1,0,1,0,0,1,"downstate_non_nyc",9386.551853561987465606022557588816793172
"36105",2022,"Q3",3,8091,8513,6729,45,634,2,2,2,0,1105,"Sullivan County",41.719993,-74.771577,7475,6231,6591,7925,7055.5,2,75329,60433,13.31868433701847146879077113232163702534,5.80520118413891064530260590210941337334,18.92365490050312628602530234040011151084,2020,0.75329,92,67.37554347826086956521739130434782608696,20.704,0,1,0,53,2021,0,1,0,1,0,0,0,"upstate",11301.0925407213689283011854664206348153
"36109",2022,"Q3",3,8091,8685,7753,72,860,1,1,1,0,0,"Tompkins County",42.453006,-76.473483,8152,6994,7824,8519,7872.25,1,102237,61361,17.47094563367262971605063519439090099534,3.88509052495671821356260453651809031955,14.31966900437219401977757563308782534699,2020,1.02237,92,68.60978260869565217391304347826086956522,17.662,0,0,0,60,2021,0,1,0,1,0,0,0,"upstate",8494.967575339651985093459315120748848264
"36111",2022,"Q3",3,8091,7741,6747,28,966,3,3,1,2,0,"Ulster County",41.947212,-74.265458,7608,6631,10917,10929,9021.25,3,178371,65306,13.66912376510295203384467544034407190822,4.36057430860397710390141895263243464465,19.78180309579471999372095239697035953154,2020,1.78371,92,69.4538043478260869565217391304347826087,22.525,0,3,0,57,2021,0,1,0,1,0,0,0,"upstate",4339.831026343968470210964786876790509668
"36113",2022,"Q3",3,8091,11338,8935,122,2281,1,1,1,0,0,"Warren County",43.555105,-73.838139,11128,9893,10255,11119,10598.75,1,64187,64658,8.46879294820150703758115729112364342922,4.40743452724071852555813482480876189883,22.30825556576876937697664636141274712948,2020,0.64187,92,67.09836956521739130434782608695652173913,19.104,0,0,0,59,2021,0,1,0,1,0,0,0,"upstate",17664.0129621262872544284668235000856871
"36117",2022,"Q3",3,8091,5754,4757,44,953,1,1,1,0,0,"Wayne County",43.218114,-77.049402,5814,4951,5257,6012,5508.5,1,90103,62003,11.21185564693721630488517370005842434048,5.44598958969179716546618869515998357435,18.81957315516686458830449596572811116167,2020,0.90103,92,69.5788043478260869565217391304347826087,20.144,0,2,0,65,2021,0,1,0,1,0,0,0,"upstate",6386.02488263431850215864066679244864211
"36119",2022,"Q3",3,8091,88461,60842,606,16459,13,13,11,2,10554,"Westchester County",41.152686,-73.745753,88218,73689,93243,87645,85698.75,13,968738,99489,8.37913685648605380530524285560205814492,5.56301084503756433628081070423582021145,17.12103788640478643348356315123387334862,2020,9.68738,92,72.06358695652173913043478260869565217391,21.42,0,2,0,49,2021,0,1,0,1,0,0,1,"downstate_non_nyc",9131.57117817201348558640210252927003999
"36121",2022,"Q3",3,8091,3597,3144,16,437,1,1,1,0,0,"Wyoming County",42.701365,-78.228576,3339,2994,3351,3681,3341.25,1,40027,58746,8.70237968199765233166150891046846654573,4.78427061733330002248482274464736302995,18.08529242761136233042696180078447048242,2020,0.40027,92,66.57771739130434782608695652173913043478,20.273,0,0,0,63,2021,0,1,0,1,0,0,0,"upstate",8986.434156944062757638593949084368051565
"36123",2022,"Q3",3,8091,2205,2134,0,71,1,1,1,0,0,"Yates County",42.638237,-77.104324,1961,1463,1877,2088,1847.25,1,24981,55307,13.53522607781282860147213459516298633018,6.18069732997077779112125215163524278452,20.65169528841919859092910612065169528842,2020,0.24981,92,68.88152173913043478260869565217391304348,17.631,0,0,0,63,2021,0,1,0,1,0,0,0,"upstate",8826.708298306713101957487690644890116489
"36001",2022,"Q4",4,8092,41418,31783,368,9267,4,4,3,1,0,"Albany County",42.58824,-73.97401,39556,40816,36417,39044,38958.25,4,306165,68327,12.07037784034197682983073248298031981166,5.03323371384710858523998497542174971012,16.94217170479969950843499420247252298597,2020,3.06165,92,42.92445652173913043478260869565217391304,11.48,6.536,0,40,46,2021,0,1,0,0,1,0,0,"upstate",13527.9996080544804272206163343295281956
"36003",2022,"Q4",4,8092,3511,3198,29,284,2,2,1,1,0,"Allegany County",42.247853,-78.026153,3259,3011,2417,2668,2838.75,2,46304,51227,16.72429217340844797988345946468725065887,5.08163441603317208016586040082930200415,18.84502418797512093987560469937802349689,2020,0.46304,92,42.36793478260869565217391304347826086957,10.162,12.816,0,45,60,2021,0,1,0,0,1,0,0,"upstate",7582.498272287491361437456807187284035936
"36005",2022,"Q4",4,8092,199815,116435,207,21401,10,10,10,0,61772,"Bronx County",40.848711,-73.852939,184732,185243,165112,190068,181288.75,10,1427056,41895,26.95828327560986644012928716126210810458,7.19516262851633012299447253646668385824,12.90467928378423832000986646634750142952,2020,14.27056,92,49.38858695652173913043478260869565217391,11.148,1.185,0,14,43,2021,0,1,0,0,1,1,0,"nyc",14001.9032189346458723413797356235494613
"36007",2022,"Q4",4,8092,24170,19481,254,4435,3,3,3,0,0,"Broome County",42.161977,-75.830283,24296,24012,21154,22477,22984.75,3,192042,52237,18.54348219525170150105024158298553792661,5.19105195738432217952322929359202674415,19.1005092635985878089167994501202861874,2020,1.92042,92,42.97717391304347826086956521739130434783,13.477,7.197,0,41,55,2021,0,1,0,0,1,0,0,"upstate",12585.7885254267295695733225023692733881
"36009",2022,"Q4",4,8092,6684,5600,57,1027,1,1,1,0,0,"Cattaraugus County",42.239099,-78.662332,6541,6639,5326,5548,6013.5,1,76750,50700,16.88079559199032388119876360704206423868,5.7172638436482084690553745928338762215,19.21302931596091205211726384364820846906,2020,0.7675,92,42.22010869565217391304347826086956521739,12.872,21.109,0,45,66,2021,0,1,0,0,1,0,0,"upstate",8708.794788273615635179153094462540716612
"36011",2022,"Q4",4,8092,5966,4942,83,941,1,1,1,0,0,"Cayuga County",43.008546,-76.574587,6505,6248,5565,6251,6142.25,1,76958,57985,12.32606294864715626725565985643290999448,4.90137477585176329946204423191870890616,18.95059642922113360534317419891369318329,2020,0.76958,92,45.57336956521739130434782608695652173913,16.496,12.128,0,26,62,2021,0,1,0,0,1,0,0,"upstate",7752.280464669040255723901348787650406715
"36013",2022,"Q4",4,8092,14501,13077,103,1321,3,3,2,1,0,"Chautauqua County",42.304216,-79.407595,14122,14024,11759,12547,13113,3,127584,48315,17.7593550971687392182351835046152085224,5.46149987459242538249310258339603712064,20.10205041384499623777276147479307750188,2020,1.27584,92,44.66195652173913043478260869565217391304,18.416,29.878,0,29,68,2021,0,1,0,0,1,0,0,"upstate",11365.8452470529219964885879107098068723
"36015",2022,"Q4",4,8092,8360,7119,46,1195,2,2,1,1,0,"Chemung County",42.148697,-76.752471,8260,8741,7644,7809,8113.5,2,84115,54883,14.66319876361717365901466319876361717366,5.55667835701123461927123580811983593889,18.86702728407537300124829103013731201332,2020,0.84115,92,43.79565217391304347826086956521739130435,10.429,6.368,0,36,53,2021,0,1,0,0,1,0,0,"upstate",9938.774297093265172680259168994828508589
"36017",2022,"Q4",4,8092,4435,4183,13,239,1,1,1,0,0,"Chenango County",42.478024,-75.602241,4342,4012,3435,5356,4286.25,1,47527,51756,12.91256514186450492182976259409380428489,5.33591432238517053464346581942895617228,20.53990363372398846971195320554632103857,2020,0.47527,92,41.81195652173913043478260869565217391304,14.675,11.3,0,49,57,2021,0,1,0,0,1,0,0,"upstate",9331.537862688577019378458560397247880152
"36019",2022,"Q4",4,8092,8598,7066,95,1437,1,1,1,0,0,"Clinton County",44.752712,-73.705643,8501,7823,7417,7911,7913,1,80320,59510,12.33627611662787334554519536683790819067,4.69995019920318725099601593625498007968,16.86005976095617529880478087649402390438,2020,0.8032,92,36.74565217391304347826086956521739130435,11.072,17.666,0,51,53,2021,0,1,0,0,1,0,0,"upstate",10704.68127490039840637450199203187251
"36021",2022,"Q4",4,8092,5304,4617,56,631,1,1,1,0,0,"Columbia County",42.247696,-73.626718,5414,5369,4763,5168,5178.5,1,60016,68750,10.16724822524365299001323547106244735892,4.07391362303385763796320981071714209544,23.92195414556118368435083977605971740869,2020,0.60016,92,44.50271739130434782608695652173913043478,10.455,3.94,0,36,45,2021,0,1,0,0,1,0,0,"upstate",8837.643295121300986403625699813383097841
"36023",2022,"Q4",4,8092,6727,5828,68,831,1,1,1,0,0,"Cortland County",42.594039,-76.07624,6294,6308,5475,6186,6065.75,1,47618,59194,14.44424272681886261516815685562565243045,4.92250829518249401486832710319627031795,16.28585828888235541181906001932042504935,2020,0.47618,92,42.01521739130434782608695652173913043478,13.845,11.907,0,45,62,2021,0,1,0,0,1,0,0,"upstate",14127.0107942374732244109370406148935277
"36025",2022,"Q4",4,8092,4713,3680,0,37,4,4,3,1,996,"Delaware County",42.193986,-74.966728,4450,4180,3521,4613,4191,4,44676,49945,16.16337683139397936590191736938804352947,3.8924702301011728892470230101172889247,24.50308890679559495030889067955949503089,2020,0.44676,92,40.70923913043478260869565217391304347826,11.998,10.031,0,51,54,2021,0,1,0,0,1,0,0,"upstate",10549.2882084340585549288208434058554929
"36027",2022,"Q4",4,8092,30260,24281,256,5723,3,3,3,0,0,"Dutchess County",41.754825,-73.740014,30267,29483,25747,28503,28500,3,293524,81842,8.79308104361887985676951731904878788316,4.57611643340919311538409124977855303144,17.59447268366470884833948842343385890081,2020,2.93524,92,45.22391304347826086956521739130434782609,10.864,2.481,0,34,45,2021,0,1,0,0,1,0,0,"upstate",10309.208105640424633079407476049658631
"36029",2022,"Q4",4,8092,88052,61318,811,17567,10,10,10,0,8356,"Erie County",42.752759,-78.778192,90435,87697,76143,74679,82238.5,10,918873,59464,13.70969728870124197865454178938998577716,5.46560841378514767546766528127390836383,17.97408346964161532660117339392930252603,2020,9.18873,92,46.21956521739130434782608695652173913043,14.914,13.31,0,25,64,2021,0,1,0,0,1,0,0,"upstate",9582.608260336303275860755512459284362474
"36031",2022,"Q4",4,8092,4172,2360,0,0,3,3,3,0,1812,"Essex County",44.109601,-73.778431,4712,3999,3185,2124,3505,3,37281,58109,10.1490643831271804630510624801776086267,4.03959121268206324937635793031302808401,23.46771814060781631394007671468040020386,2020,0.37281,92,32.97717391304347826086956521739130434783,14.071,26.399,0,61,63,2021,0,1,0,0,1,0,0,"upstate",11190.686945092674552721225289021217242
"36033",2022,"Q4",4,8092,6537,2825,32,272,3,3,2,1,3408,"Franklin County",44.594376,-74.31067,6659,6188,5258,5788,5973.25,3,50389,52905,17.78129035130682577140567255888507947816,4.77286709400861299093056024132251086547,17.08706265256305939788445890968266883645,2020,0.50389,92,36.42173913043478260869565217391304347826,12.653,23.567,0,55,61,2021,0,1,0,0,1,0,0,"upstate",12973.0695191410823790906745519855524023
"36035",2022,"Q4",4,8092,5130,4596,32,502,1,1,1,0,0,"Fulton County",43.115609,-74.423678,5302,4922,4226,4617,4766.75,1,53452,51663,14.82933358829716034037670905440290658763,5.14480281373942976876449898974781112026,19.51657561924717503554591034947242385692,2020,0.53452,92,39.57826086956521739130434782608695652174,14.2,14.991,0,52,56,2021,0,1,0,0,1,0,0,"upstate",9597.395794357554441367956297238644017062
"36037",2022,"Q4",4,8092,6205,5233,16,956,2,2,1,1,0,"Genesee County",43.00091,-78.192778,5615,5048,4688,5590,5235.25,2,57554,60635,10.77748178466206799216696363989203112044,5.21944608541543593842304618271536296348,18.74934843798867150849636862772352920735,2020,0.57554,92,44.88043478260869565217391304347826086957,12.931,10.86,0,35,60,2021,0,1,0,0,1,0,0,"upstate",10781.1794141154394134204399346700489975
"36043",2022,"Q4",4,8092,4247,,,,1,1,1,0,,"Herkimer County",43.571009,-74.841097,3879,3896,3199,3737,3677.75,1,61738,58438,13.60955518945634266886326194398682042834,5.03741617804269655641582169814376882957,20.6161521267290809550034014707311542324,2020,0.61738,92,36.65434782608695652173913043478260869565,16.078,30.399,0,55,67,2021,0,1,0,0,1,0,0,"upstate",6879.069616767630956623149437947455375944
"36045",2022,"Q4",4,8092,11610,5953,59,1360,3,3,2,1,4238,"Jefferson County",43.996389,-76.052968,12103,11961,10907,11097,11517,3,111454,54726,14.35222807537501075556660324865913936346,7.78168571787463886446426328350709709835,13.61009923376460243687978897123476950132,2020,1.11454,92,44.18586956521739130434782608695652173913,16.229,11.88,0,29,57,2021,0,1,0,0,1,0,0,"upstate",10416.8535898218098946650636136881583434
"36047",2022,"Q4",4,8092,224386,137996,608,22967,15,15,11,4,62815,"Kings County",40.635045,-73.95064,208195,206525,181604,181318,194410.5,15,2576771,63973,19.23261654155974255876823427701005887116,7.27658763623154715727552040907011139135,14.00042921936019925713227911987522368111,2020,25.76771,92,50.27826086956521739130434782608695652174,10.427,1.295,0,9,42,2021,0,1,0,0,1,1,0,"nyc",8708.030321670028108823019197282179906557
"36049",2022,"Q4",4,8092,2739,2491,30,218,1,1,1,0,0,"Lewis County",43.782706,-75.444132,2717,2661,2287,2499,2541,1,26456,56192,13.26709973251815055406954528085594191823,6.229210765043846386452978530390081645,18.74433020864832174175990323556093135773,2020,0.26456,92,42.08804347826086956521739130434782608696,15.073,14.995,0,43,63,2021,0,1,0,0,1,0,0,"upstate",10353.0390081644995464166918657393407923
"36051",2022,"Q4",4,8092,3549,3100,50,399,1,1,1,0,0,"Livingston County",42.729042,-77.778463,3711,3548,2888,3207,3338.5,1,63218,60248,12.62281635573550199821992635381581473273,4.24878990161030086367806637350121800753,17.85409218893353158910436900882660001898,2020,0.63218,92,45.34728260869565217391304347826086956522,13.268,9.869,0,32,60,2021,0,1,0,0,1,0,0,"upstate",5613.907431427757917048941757094498402354
"36053",2022,"Q4",4,8092,9324,5577,65,364,2,2,2,0,3318,"Madison County",42.910026,-75.663575,8762,8829,7639,8680,8477.5,2,70990,61176,8.45404026601074974947617746196592876013,4.79645020425412029863361036765741653754,18.34906324834483730102831384702070714185,2020,0.7099,92,41.6836956521739130434782608695652173913,15.945,14.331,0,46,63,2021,0,1,0,0,1,0,0,"upstate",13134.2442597548950556416396675588111002
"36055",2022,"Q4",4,8092,73960,56872,677,16411,5,5,4,1,0,"Monroe County",43.250347,-77.700518,70916,71463,63655,69790,68956,5,743084,62087,14.07657187109138872871417309454765267436,5.49480274100909183887689682458510747103,17.32280603538765469314370919034725549198,2020,7.43084,92,46.38206521739130434782608695652173913043,16.059,11.822,0,22,59,2021,0,1,0,0,1,0,0,"upstate",9953.114318165913947817474202109048236808
"36057",2022,"Q4",4,8092,10456,9873,44,539,2,2,1,1,0,"Montgomery County",42.900891,-74.435357,9547,9370,6596,10481,8998.5,2,49294,50146,17.82700421940928270042194092827004219409,6.31719884772994684951515397411449669331,18.63715665192518359232360936422282630746,2020,0.49294,92,42.16358695652173913043478260869565217391,13.17,6.065,0,49,52,2021,0,1,0,0,1,0,0,"upstate",21211.506471375826672617357081997809064
"36059",2022,"Q4",4,8092,123804,71950,944,23716,12,12,12,0,27194,"Nassau County",40.729612,-73.589414,123337,122037,105783,118863,117505,12,1355683,120036,5.4054843172602969449052806842070588799,5.46897762972612328988413958130329878002,17.81854607603694964088212362329541640634,2020,13.55683,92,49.22065217391304347826086956521739130435,11.241,2.039,0,17,41,2021,0,1,0,0,1,0,1,"downstate_non_nyc",9132.223388506015049240862354990067737074
"36061",2022,"Q4",4,8092,277461,203642,1033,42927,21,21,16,5,29859,"New York County",40.776642,-73.970187,263431,261128,228969,263132,254165,21,1629153,89812,15.56797510135301695095234543585905767925,4.7279168991494353200712271959723856507,16.61906524433248442595630981252221246255,2020,16.29153,92,49.66032608695652173913043478260869565217,10.172,1.131,0,12,42,2021,0,1,0,0,1,1,0,"nyc",17030.9970886712297739991271538032339504
"36063",2022,"Q4",4,8092,12386,11119,59,1208,4,4,3,1,0,"Niagara County",43.272672,-78.812943,13013,12993,11171,12476,12413.25,4,210145,57252,12.43304036726601092684251094380965769993,5.24209474410526065335839539365676080801,19.12679340455399842965571391182278902662,2020,2.10145,92,46.5211956521739130434782608695652173913,13.209,11.797,0,20,60,2021,0,1,0,0,1,0,0,"upstate",5894.025553784291798520069475838111779961
"36065",2022,"Q4",4,8092,26656,22249,111,4296,4,4,3,1,0,"Oneida County",43.242727,-75.434282,25890,26647,22706,26962,25551.25,4,229074,59113,14.2400898289017128236279463603648378754,5.63791613190497393855260745435972655125,18.74896321712634345233418022123855173437,2020,2.29074,92,42.54456521739130434782608695652173913043,18.732,12.762,0,44,63,2021,0,1,0,0,1,0,0,"upstate",11636.4144337637619284597990169115656949
"36067",2022,"Q4",4,8092,49830,38417,424,10989,5,5,4,1,0,"Onondaga County",43.006516,-76.196134,47247,46170,43839,49476,46683,5,461591,62668,13.87425090162971265354821798197644464129,5.7005010929589181764809105896778750019,17.08113893035176162446841467879573041935,2020,4.61591,92,44.53641304347826086956521739130434782609,17.619,11.657,0,35,65,2021,0,1,0,0,1,0,0,"upstate",10795.2711383020899454278787931307152869
"36069",2022,"Q4",4,8092,16173,13783,181,2209,3,3,3,0,0,"Ontario County",42.856357,-77.303497,16558,15908,13681,15289,15359,3,109774,64795,9.04253819036427732079905992949471210341,4.92739628691675624464809517736440322845,20.00109315502760216444695465228560497021,2020,1.09774,92,44.96141304347826086956521739130434782609,13.966,10.667,0,31,59,2021,0,1,0,0,1,0,0,"upstate",14732.9968845081713338313261792409860258
"36071",2022,"Q4",4,8092,39164,27494,278,6232,4,4,4,0,5160,"Orange County",41.40241,-74.306252,38444,37972,33033,37916,36841.25,4,382077,80816,11.38024611747004137782793272072653017357,6.65703510025466070975222271950418371166,13.98330702973484402358686861548850100896,2020,3.82077,92,46.52010869565217391304347826086956521739,10.22,2.674,0,32,44,2021,0,1,0,0,1,0,0,"upstate",10250.2898630380787118826833334641970074
"36075",2022,"Q4",4,8092,6060,5149,36,875,2,2,2,0,0,"Oswego County",43.461443,-76.209262,6405,5971,5476,5747,5899.75,2,117630,59070,16.76076154517444656182656859427594436232,5.50369803621525121142565672022443254272,16.39972796055428037065374479299498427272,2020,1.1763,92,44.36521739130434782608695652173913043478,19.14,18.771,0,33,69,2021,0,1,0,0,1,0,0,"upstate",5151.747003315480744707982657485335373629
"36077",2022,"Q4",4,8092,8791,3416,108,794,2,2,2,0,4473,"Otsego County",42.629776,-75.028841,9161,8772,7212,7743,8222,2,59593,56171,13.35461266120008071469190835213618769835,4.1733089456815397781618646485325457688,21.11321799540214454717835987448190223684,2020,0.59593,92,41.46358695652173913043478260869565217391,13.738,10.143,0,51,55,2021,0,1,0,0,1,0,0,"upstate",14751.7325860419847968721158525330156226
"36079",2022,"Q4",4,8092,5597,4830,41,726,1,1,1,0,0,"Putnam County",41.427907,-73.743861,5144,5106,4317,5081,4912,1,98714,107246,5.59268016860285802405674925465199958877,4.485685920943331239743096217355187714,17.40482606317239702575115991652653119112,2020,0.98714,92,45.58804347826086956521739130434782608696,11.243,1.711,0,31,47,2021,0,1,0,0,1,0,0,"upstate",5669.915108292643394047450209696699556294
"36081",2022,"Q4",4,8092,186836,119000,532,20652,10,10,9,1,46652,"Queens County",40.654658,-73.841209,170065,172078,144956,186459,168389.5,10,2270976,72028,11.59697469837685766382853355595065276467,6.18240791624394093112388682222973734641,15.8316952711081050614361402322173373915,2020,22.70976,92,50.07826086956521739130434782608695652174,10.263,1.047,0,11,43,2021,0,1,0,0,1,1,0,"nyc",8227.123492278209897418554841618757749972
"36083",2022,"Q4",4,8092,12470,10762,102,1606,1,1,1,0,0,"Rensselaer County",42.710421,-73.513845,11993,11637,10921,12074,11656.25,1,159013,72510,10.79145605739442360997880319582586010109,5.17316194273424185443957412287045713244,17.00993000572280253815725758271336305837,2020,1.59013,92,41.67173913043478260869565217391304347826,14.018,13.477,0,40,53,2021,0,1,0,0,1,0,0,"upstate",7842.126115474835390817103004156892832661
"36085",2022,"Q4",4,8092,13941,11823,107,2011,3,3,1,2,0,"Richmond County",40.561263,-74.1399,13420,13860,12144,22847,15567.75,3,475596,85381,10.80972969292571662014026009396064546878,5.70925743698433123911891605480281583529,16.25602402038705119471147780889662654858,2020,4.75596,92,50.39891304347826086956521739130434782609,9.699,1.599,0,9,44,2021,0,1,0,0,1,1,0,"nyc",2931.26939671485882976307622435848913784
"36087",2022,"Q4",4,8092,22990,18102,133,4755,2,2,2,0,0,"Rockland County",41.154628,-74.024662,22550,21981,19307,21993,21457.75,2,325213,94840,14.54808378549367806598995845630744202427,8.12359899512012127436480091509257010021,15.73891572600111311663432888599164240052,2020,3.25213,92,47.95652173913043478260869565217391304348,12.168,1.212,0,17,43,2021,0,1,0,0,1,0,1,"downstate_non_nyc",7069.213100337317388911267384760141814749
"36089",2022,"Q4",4,8092,17092,8867,69,919,5,5,5,0,7237,"St. Lawrence County",44.488112,-75.074311,16591,17014,14504,15950,16014.75,5,108352,52071,17.59475173335820663495320710132761247396,5.14803603071470761961015948021264028352,17.38408151210868281157708210277613703485,2020,1.08352,92,40.3875,14.833,15.652,0,47,57,2021,0,1,0,0,1,0,0,"upstate",15774.5126993502658003544004725339633786
"36091",2022,"Q4",4,8092,9244,7067,134,2043,1,1,1,0,0,"Saratoga County",43.106135,-73.855387,9936,9872,8802,9009,9404.75,1,229313,85224,5.927233942741318038387834853534079493,5.00669390745400391604488188633003798302,18.11759472860239061893569051907218517921,2020,2.29313,92,42.44891304347826086956521739130434782609,12.356,10.391,0,43,45,2021,0,1,0,0,1,0,0,"upstate",4031.171368391674261816818060903655702032
"36093",2022,"Q4",4,8092,11783,9758,60,1965,2,2,1,1,0,"Schenectady County",42.817552,-74.043559,12409,11769,11921,11858,11989.25,2,155086,66488,11.3992009874839069322962982626123196581,5.91026914099273951227061114478418425906,17.20722695794591388004075158299266213585,2020,1.55086,92,43.03586956521739130434782608695652173913,12.369,6.092,0,43,46,2021,0,1,0,0,1,0,0,"upstate",7597.719974723701688095637259327083037798
"36095",2022,"Q4",4,8092,3191,3167,0,24,1,1,1,0,0,"Schoharie County",42.591294,-74.438172,2947,2781,2583,3050,2840.25,1,31189,58926,11.63203753351206434316353887399463806971,4.2963865465388438231427746962069960563,21.79935233575940235339382474590400461701,2020,0.31189,92,40.06902173913043478260869565217391304348,12.016,9.289,0,53,54,2021,0,1,0,0,1,0,0,"upstate",10231.1712462727243579467119817884510565
"36097",2022,"Q4",4,8092,1989,1959,0,30,1,1,1,0,0,"Schuyler County",42.419776,-76.938603,2131,2019,1567,,,1,17845,53291,14.72960690752101795046580322653942285844,5.06024096385542168674698795180722891566,21.23283833006444382179882319977584757635,2020,0.17845,92,44.02228260869565217391304347826086956522,11.488,8.572,0,37,55,2021,0,1,0,0,1,0,0,"upstate",11145.9792659008125525357242925189128607
"36101",2022,"Q4",4,8092,12033,10800,91,1142,3,3,2,1,0,"Steuben County",42.266725,-77.385525,11441,11167,9879,10806,10823.25,3,95843,55349,12.72397055855894129767506080528501481631,5.52257337520737038698705174086787767495,19.40256461087403357574366411735859687197,2020,0.95843,92,43.26358695652173913043478260869565217391,11.019,9.012,0,41,51,2021,0,1,0,0,1,0,0,"upstate",12554.9075049821061527706770447502686686
"36103",2022,"Q4",4,8092,137306,89117,1328,25907,11,11,11,0,20954,"Suffolk County",40.943554,-72.692218,139049,135381,114963,115476,126217.25,11,1481364,105362,6.45808657225851308532184972559710454792,5.35101433543680013825096330138980021116,16.92251195519804720514336786907201741098,2020,14.81364,92,50.3711956521739130434782608695652173913,10.375,1.074,0,8,44,2021,0,1,0,0,1,0,1,"downstate_non_nyc",9268.890022978822220602093746034060500998
"36105",2022,"Q4",4,8092,7735,6144,51,657,2,2,2,0,883,"Sullivan County",41.719993,-74.771577,8513,7475,6231,6591,7202.5,2,75329,60433,13.31868433701847146879077113232163702534,5.80520118413891064530260590210941337334,18.92365490050312628602530234040011151084,2020,0.75329,92,42.90543478260869565217391304347826086957,12.066,4.575,0,44,46,2021,0,1,0,0,1,0,0,"upstate",10268.2897688805108258439644758326806409
"36109",2022,"Q4",4,8092,8723,7721,58,944,1,1,1,0,0,"Tompkins County",42.453006,-76.473483,8685,8152,6994,7824,7913.75,1,102237,61361,17.47094563367262971605063519439090099534,3.88509052495671821356260453651809031955,14.31966900437219401977757563308782534699,2020,1.02237,92,45.06467391304347826086956521739130434783,13.272,9.149,0,30,59,2021,0,1,0,0,1,0,0,"upstate",8532.136115105098936784138814714829269247
"36111",2022,"Q4",4,8092,6010,5152,34,824,3,3,1,2,0,"Ulster County",41.947212,-74.265458,7741,7608,6631,10917,8224.25,3,178371,65306,13.66912376510295203384467544034407190822,4.36057430860397710390141895263243464465,19.78180309579471999372095239697035953154,2020,1.78371,92,45.12010869565217391304347826086956521739,13.652,6.392,0,32,48,2021,0,1,0,0,1,0,0,"upstate",3369.381794125726715665663140308682465199
"36113",2022,"Q4",4,8092,10323,7922,99,2302,1,1,1,0,0,"Warren County",43.555105,-73.838139,11338,11128,9893,10255,10653.5,1,64187,64658,8.46879294820150703758115729112364342922,4.40743452724071852555813482480876189883,22.30825556576876937697664636141274712948,2020,0.64187,92,41.19347826086956521739130434782608695652,11.132,9.454,0,46,48,2021,0,1,0,0,1,0,0,"upstate",16082.6958729960895508436287721812828143
"36117",2022,"Q4",4,8092,5611,4561,37,1013,1,1,1,0,0,"Wayne County",43.218114,-77.049402,5754,5814,4951,5257,5444,1,90103,62003,11.21185564693721630488517370005842434048,5.44598958969179716546618869515998357435,18.81957315516686458830449596572811116167,2020,0.90103,92,45.55326086956521739130434782608695652174,16.193,14.718,0,28,65,2021,0,1,0,0,1,0,0,"upstate",6227.317625384282432327447476776577916385
"36119",2022,"Q4",4,8092,93641,65021,607,16275,13,13,11,2,11738,"Westchester County",41.152686,-73.745753,88461,88218,73689,93243,85902.75,13,968738,99489,8.37913685648605380530524285560205814492,5.56301084503756433628081070423582021145,17.12103788640478643348356315123387334862,2020,9.68738,92,47.74945652173913043478260869565217391304,10.33,1.103,0,21,41,2021,0,1,0,0,1,0,1,"downstate_non_nyc",9666.28747917393557391162522787379043663
"36121",2022,"Q4",4,8092,3678,3224,19,435,1,1,1,0,0,"Wyoming County",42.701365,-78.228576,3597,3339,2994,3351,3320.25,1,40027,58746,8.70237968199765233166150891046846654573,4.78427061733330002248482274464736302995,18.08529242761136233042696180078447048242,2020,0.40027,92,42.46141304347826086956521739130434782609,13.855,16.402,0,42,63,2021,0,1,0,0,1,0,0,"upstate",9188.797561645889024908186973792689934294
"36123",2022,"Q4",4,8092,2030,1952,0,78,1,1,1,0,0,"Yates County",42.638237,-77.104324,2205,1961,1463,1877,1876.5,1,24981,55307,13.53522607781282860147213459516298633018,6.18069732997077779112125215163524278452,20.65169528841919859092910612065169528842,2020,0.24981,92,44.65815217391304347826086956521739130435,12.219,7.634,0,34,55,2021,0,1,0,0,1,0,0,"upstate",8126.175893679196189103718826307994075497
"36001",2023,"Q1",1,8093,38431,29394,383,8654,5,5,3,2,0,"Albany County",42.58824,-73.97401,41418,39556,40816,36417,39551.75,4,314679,73810,11.71367175209698689927099162544098647084,4.89514711817439358838689585259899770878,17.01924818624693735520959453919708655487,2021,3.14679,90,26.38888888888888888888888888888888888889,9.568,29.16,0,77,44,2022,0,1,0,0,0,0,0,"upstate",12212.7628472189119706113213782934355327
"36003",2023,"Q1",1,8093,5525,5259,22,244,2,2,2,0,0,"Allegany County",42.247853,-78.026153,3511,3259,3011,2417,3049.5,2,46654,54375,16.28058021216713574366746048928339467417,5.12281905088524027950443691859218930853,18.95657392720881382089424272302482102285,2021,0.46654,90,25.77333333333333333333333333333333333333,11.186,37.764,0,78,55,2022,0,1,0,0,0,0,0,"upstate",11842.500107171946671239336391306211686
"36005",2023,"Q1",1,8093,185600,124561,244,22732,11,11,10,1,38063,"Bronx County",40.848711,-73.852939,199815,184732,185243,165112,183725.5,10,1468262,43726,26.50396840344481694003937013366592865105,7.01155515841178209338660266355732151346,13.00959910424706217282746539786495870628,2021,14.68262,90,35.285,12.673,18.906,0,64,39,2022,0,1,0,0,0,1,0,"nyc",12640.7957162958654518062852542666090929
"36007",2023,"Q1",1,8093,23327,18956,267,4104,3,3,3,0,0,"Broome County",42.161977,-75.830283,24170,24296,24012,21154,23408,3,198591,53982,18.7406288908315452064955363055974992715,5.10697866469276049770634117356778504565,19.00992492106893061619106606039548620028,2021,1.98591,90,27.015,10.063,25.683,0,76,52,2022,0,1,0,0,0,0,0,"upstate",11746.252347790181830999390707534581124
"36009",2023,"Q1",1,8093,6185,5236,52,897,1,1,1,0,0,"Cattaraugus County",42.239099,-78.662332,6684,6541,6639,5326,6297.5,1,77211,53537,17.27015029149061346740118735626036262502,5.56915465412959293364935048114905907189,19.31331027962336972711142194764994625118,2021,0.77211,90,25.15111111111111111111111111111111111111,12.996,46.439,0,78,62,2022,0,1,0,0,0,0,0,"upstate",8010.516636230588905725868075792309385968
"36011",2023,"Q1",1,8093,5445,4512,67,866,1,1,1,0,0,"Cayuga County",43.008546,-76.574587,5966,6505,6248,5565,6071,1,76644,59602,13.48103903319905542436449506875954993749,4.88361776525233547309639371640311048484,19.17436459474975210062105318094045195971,2021,0.76644,90,27.94222222222222222222222222222222222222,11.896,39.135,0,75,61,2022,0,1,0,0,0,0,0,"upstate",7104.274307186472522310944105213715359324
"36013",2023,"Q1",1,8093,13478,12028,111,1339,3,3,2,1,0,"Chautauqua County",42.304216,-79.407595,14501,14122,14024,11759,13601.5,3,128042,50408,17.33350731540230634980182354956042342886,5.34668311960138079692600865341059964699,20.17384920572937005045219537339310538729,2021,1.28042,90,27.34444444444444444444444444444444444444,15.51,63.142,0,76,71,2022,0,1,0,0,0,0,0,"upstate",10526.23357960669155433373424345136752
"36015",2023,"Q1",1,8093,7934,6836,48,1050,2,2,1,1,0,"Chemung County",42.148697,-76.752471,8360,8260,8741,7644,8251.25,2,84456,58175,14.47817765602131572034375351821968701918,5.43833475419153168513782324524012503552,18.8216349341669034763663919674149853178,2021,0.84456,90,27.49555555555555555555555555555555555556,9.055,30.566,0,77,45,2022,0,1,0,0,0,0,0,"upstate",9394.240788102680685800890404470967130814
"36017",2023,"Q1",1,8093,3870,3645,13,212,1,1,1,0,0,"Chenango County",42.478024,-75.602241,4435,4342,4012,3435,4056,1,47407,55690,12.20608798537162525545875013445197375497,5.17223194886831058704410741029805724893,20.62142721539013225894910034383107979834,2021,0.47407,90,24.76,10.36,33.707,0,78,49,2022,0,1,0,0,0,0,0,"upstate",8163.35140380112641593013689961398105765
"36019",2023,"Q1",1,8093,7593,6188,97,1308,1,1,1,0,0,"Clinton County",44.752712,-73.705643,8598,8501,7823,7417,8084.75,1,80095,62470,12.71222674298324253499758637335356182332,4.66446095261876521630563705599600474437,16.99731568762095012173044509644796803795,2021,0.80095,90,17.95333333333333333333333333333333333333,9.219,40.489,0,84,51,2022,0,1,0,0,0,0,0,"upstate",9479.992508895686372432736125850552468943
"36021",2023,"Q1",1,8093,4971,4233,46,692,1,1,1,0,0,"Columbia County",42.247696,-73.626718,5304,5414,5369,4763,5212.5,1,61587,73065,9.70081747520771911015813454837845081748,3.9423904395408121843895627323948235829,24.22426810852939743777095815675386039262,2021,0.61587,90,28.89722222222222222222222222222222222222,10.143,27.147,0,74,43,2022,0,1,0,0,0,0,0,"upstate",8071.50859759364801013200837839154366993
"36023",2023,"Q1",1,8093,5949,5095,77,777,1,1,1,0,0,"Cortland County",42.594039,-76.07624,6727,6294,6308,5475,6201,1,46984,62163,12.76930553305718186656793094670585240553,5.10599352971224246552017708155967989103,16.18636131449003916226800612974629661161,2021,0.46984,90,24.67444444444444444444444444444444444444,11.632,41.204,0,80,52,2022,0,1,0,0,0,0,0,"upstate",12661.7571939383619955729610080027243317
"36025",2023,"Q1",1,8093,4077,1792,0,0,4,4,3,1,2285,"Delaware County",42.193986,-74.966728,4713,4450,4180,3521,4216,4,44644,52757,15.44320513122833494470252552644610559577,3.8437416002150344951169250067198279724,24.58785055102589373712032971955917928501,2021,0.44644,90,24.20833333333333333333333333333333333333,10.222,31.033,0,79,49,2022,0,1,0,0,0,0,0,"upstate",9132.246214496908879132694203028402472897
"36027",2023,"Q1",1,8093,28110,22050,282,5778,3,3,3,0,0,"Dutchess County",41.754825,-73.740014,30260,30267,29483,25747,28939.25,3,296012,87112,8.82058577525503456460041606199466697168,4.55690985500587814007540234855343702282,17.68340472683539856492304366039214626434,2021,2.96012,90,30.27444444444444444444444444444444444444,11.233,28.997,0,73,40,2022,0,1,0,0,0,0,0,"upstate",9496.236639055173438914638595732605434915
"36029",2023,"Q1",1,8093,86485,66547,891,16436,10,10,10,0,2611,"Erie County",42.752759,-78.778192,88052,90435,87697,76143,85581.75,10,949715,62578,13.78655743624171231447638259621174529765,5.37856093670206325055411360250180317253,17.95412307902897184944957171361934896258,2021,9.49715,90,28.62611111111111111111111111111111111111,13.326,45.504,0,74,58,2022,0,1,0,0,0,0,0,"upstate",9106.416135366925867233854366836366699484
"36031",2023,"Q1",1,8093,3127,3110,0,17,3,3,2,1,0,"Essex County",44.109601,-73.778431,4172,4712,3999,3185,4017,3,37501,61563,9.51412364636452185870623961496590843981,3.94389482947121410095730780512519666142,23.4500413322311405029199221354097224074,2021,0.37501,90,15.48,12.781,53.244,0,87,53,2022,0,1,0,0,0,0,0,"upstate",8338.444308151782619130156529159222420735
"36033",2023,"Q1",1,8093,5666,2442,34,257,3,3,2,1,2933,"Franklin County",44.594376,-74.31067,6537,6659,6188,5258,6160.5,3,47996,55279,18.39858149409733563529466660445149549718,4.82123510292524377031419284940411700975,16.94932911075922993582798566547212267689,2021,0.47996,90,17.48777777777777777777777777777777777778,11.607,51.563,0,84,63,2022,0,1,0,0,0,0,0,"upstate",11805.1504292024335361280106675556296358
"36035",2023,"Q1",1,8093,4509,4046,41,422,1,1,1,0,0,"Fulton County",43.115609,-74.423678,5130,5302,4922,4226,4895,1,53588,55240,14.75359774019925945718975455204794442112,5.02724490557587519593938941554079271479,19.56408151078599686496976935134731656341,2021,0.53588,90,22.19888888888888888888888888888888888889,12.576,42.472,0,83,45,2022,0,1,0,0,0,0,0,"upstate",8414.197208330223184294991415988654176308
"36037",2023,"Q1",1,8093,5597,4708,22,867,1,1,1,0,0,"Genesee County",43.00091,-78.192778,6205,5615,5048,4688,5389,2,58387,63734,10.42506061081750475293461008494235431601,5.21177659410485210748968092212307534211,18.83467210166646685049754226111976981177,2021,0.58387,90,27.14055555555555555555555555555555555556,11.619,44.179,0,78,64,2022,0,1,0,0,0,0,0,"upstate",9586.037987908267251271687190641752444894
"36045",2023,"Q1",1,8093,12855,7468,42,1422,3,3,3,0,3923,"Jefferson County",43.996389,-76.052968,11610,12103,11961,10907,11645.25,3,117634,58271,13.12990756386045124739091541596262796939,7.6670010371151197782953907883775099036,13.74347552578336195317680262509138514375,2021,1.17634,90,25.06166666666666666666666666666666666667,13.882,44.486,0,77,55,2022,0,1,0,0,0,0,0,"upstate",10927.9630038934321709709777785334172093
"36047",2023,"Q1",1,8093,205125,130436,616,21396,15,15,11,4,52677,"Kings County",40.635045,-73.95064,224386,208195,206525,181604,205177.5,15,2712360,67753,18.79478912253529516888068147971644725085,7.06985798345352386851302924390567623767,14.10867289002934713681074783583300151897,2021,27.1236,90,35.91222222222222222222222222222222222222,12.583,17.003,0,61,35,2022,0,1,0,0,0,1,0,"nyc",7562.602309427952041764367561828075919126
"36049",2023,"Q1",1,8093,2515,2323,26,166,1,1,1,0,0,"Lewis County",43.782706,-75.444132,2739,2717,2661,2287,2601,1,26681,60049,11.92587539790814006366530241018644838563,6.50650275476931149507139912297140287096,18.97605037292455305273415539147708106893,2021,0.26681,90,23.25111111111111111111111111111111111111,13.253,47.571,0,77,57,2022,0,1,0,0,0,0,0,"upstate",9426.183426408305535774521194857763951876
"36051",2023,"Q1",1,8093,3313,2928,39,346,1,1,1,0,0,"Livingston County",42.729042,-77.778463,3549,3711,3548,2888,3424,1,62253,64467,11.52455879226025940888794386561769083564,4.26003566093200327695050840923328996193,17.85295487767657783560631616147012995358,2021,0.62253,90,27.90555555555555555555555555555555555556,10.426,39.11,0,75,55,2022,0,1,0,0,0,0,0,"upstate",5321.831879588132298845035580614588855156
"36053",2023,"Q1",1,8093,7873,4867,67,328,2,2,2,0,2611,"Madison County",42.910026,-75.663575,9324,8762,8829,7639,8638.5,2,68466,63312,8.98536012815835805034339461037004139769,4.74980282183857681184821663307335027605,18.62384249116349721029416060526392662051,2021,0.68466,90,24.31388888888888888888888888888888888889,11.624,48.672,0,79,57,2022,0,1,0,0,0,0,0,"upstate",11499.1382584056319925218356556539012064
"36055",2023,"Q1",1,8093,69817,52904,767,16146,7,7,4,3,0,"Monroe County",43.250347,-77.700518,73960,70916,71463,63655,69998.5,5,757332,66317,13.65578512566082440278144048447019953515,5.40066971948894276222317292812135232632,17.39725774165095361083382189053149741461,2021,7.57332,90,28.79944444444444444444444444444444444444,11.755,44.347,0,73,60,2022,0,1,0,0,0,0,0,"upstate",9218.810244384233070832871184632367310506
"36057",2023,"Q1",1,8093,10400,7533,53,575,2,2,2,0,2239,"Montgomery County",42.900891,-74.435357,10456,9547,9370,6596,8992.25,2,49539,53533,16.73817980250056457738816235192674865015,6.24154706392942933850097902662548699005,18.46827751872262258018934576798078281758,2021,0.49539,90,25.14333333333333333333333333333333333333,10.597,30.758,0,82,46,2022,0,1,0,0,0,0,0,"upstate",20993.5606289993742304043279032681321787
"36059",2023,"Q1",1,8093,113891,59418,1003,24545,12,12,12,0,28925,"Nassau County",40.729612,-73.589414,123804,123337,122037,105783,118740.25,12,1391678,126576,5.46371185318489265078619699988041522168,5.39528540366377854647411254614932477197,17.72931669538499566710115414628958710276,2021,13.91678,90,35.23722222222222222222222222222222222222,12.98,19.459,0,63,37,2022,0,1,0,0,0,0,1,"downstate_non_nyc",8183.717785292287440054380395465042919411
"36061",2023,"Q1",1,8093,260924,190996,988,39305,22,22,18,4,29635,"New York County",40.776642,-73.970187,277461,263431,261128,228969,257747.25,21,1669127,93956,15.553597393355869327410338027578433029,4.63721454389030912566868788294719335317,16.79794287672537799700082737862367572989,2021,16.69127,90,35.40666666666666666666666666666666666667,12.412,18.273,0,65,39,2022,0,1,0,0,0,1,0,"nyc",15632.3635049939279635402219243952077943
"36063",2023,"Q1",1,8093,9186,4478,17,498,6,6,2,4,4193,"Niagara County",43.272672,-78.812943,12386,13013,12993,11171,12390.75,4,212808,60834,12.43635876430731539256593806224399954063,5.19717303860757114394195706928310965753,19.16046389233487462877335438517348971843,2021,2.12808,90,28.715,10.773,43.349,0,72,60,2022,0,1,0,0,0,0,0,"upstate",4316.567046351640915755046802751776249013
"36065",2023,"Q1",1,8093,24692,13441,100,2495,4,4,3,1,8656,"Oneida County",43.242727,-75.434282,26656,25890,26647,22706,25474.75,4,232034,61733,14.50378562777004069152917587178312367594,5.53151693286328727686459742968702862512,18.67269451890671194738702086763146780213,2021,2.32034,90,24.41944444444444444444444444444444444444,13.606,36.985,0,78,55,2022,0,1,0,0,0,0,0,"upstate",10641.5439116681176034546661265159416292
"36067",2023,"Q1",1,8093,47159,36341,492,10326,6,6,4,2,0,"Onondaga County",43.006516,-76.196134,49830,47247,46170,43839,46771.5,5,474621,66012,13.81475977771525042205965109735509285312,5.60299691754052180581980148371016031739,17.14947294788894718101390372528817730357,2021,4.74621,90,27.22222222222222222222222222222222222222,12.165,41.367,0,73,63,2022,0,1,0,0,0,0,0,"upstate",9936.138518944589472442222320546288512308
"36069",2023,"Q1",1,8093,14916,10648,163,1528,3,3,3,0,2577,"Ontario County",42.856357,-77.303497,16173,16558,15908,13681,15580,3,112060,70694,8.5421171274784928923034457376822928647,4.80278422273781902552204176334106728538,20.12671782973407103337497769052293414242,2021,1.1206,90,27.39611111111111111111111111111111111111,10.368,41.037,0,77,57,2022,0,1,0,0,0,0,0,"upstate",13310.7263965732643226842762805639835802
"36071",2023,"Q1",1,8093,35923,22062,353,5656,4,4,4,0,7852,"Orange County",41.40241,-74.306252,39164,38444,37972,33033,37153.25,4,398277,85640,11.70611592409240924092409240924092409241,6.63909791426569950059882945788986057442,13.94582162665682427054537419936375939359,2021,3.98277,90,31.875,11.711,24.806,0,71,36,2022,0,1,0,0,0,0,0,"upstate",9019.601935336461809243315581868900287991
"36075",2023,"Q1",1,8093,5372,4512,28,832,2,2,2,0,0,"Oswego County",43.461443,-76.209262,6060,6405,5971,5476,5978,2,118019,61983,16.44111257523416076071085152605149756045,5.41438242994772028232742185580287919742,16.5083588235792541878850015675442089833,2021,1.18019,90,26.10944444444444444444444444444444444444,12.074,42.553,0,74,62,2022,0,1,0,0,0,0,0,"upstate",4551.80945440988315440734119082520611088
"36077",2023,"Q1",1,8093,7878,3060,105,791,3,3,2,1,3922,"Otsego County",42.629776,-75.028841,8791,9161,8772,7212,8484,2,58952,60523,12.38176807924331570715722052580621136516,4.04566426923598860089564391369249558963,21.13753562220111276971095128239924005971,2021,0.58952,90,24.49111111111111111111111111111111111111,10.071,33.486,0,79,49,2022,0,1,0,0,0,0,0,"upstate",13363.4143031618944225810829149138281992
"36079",2023,"Q1",1,8093,4932,4210,66,656,1,1,1,0,0,"Putnam County",41.427907,-73.743861,5597,5144,5106,4317,5041,1,97960,111617,6.04949777363570467018742880811846329088,4.50081665986116782360146998775010208248,17.66026949775418538178848509595753368722,2021,0.9796,90,31.42722222222222222222222222222222222222,12.261,25.907,0,71,43,2022,0,1,0,0,0,0,0,"upstate",5034.708044099632503062474479379338505512
"36081",2023,"Q1",1,8093,152489,119083,567,19551,10,10,8,2,13288,"Queens County",40.654658,-73.841209,186836,170065,172078,144956,168483.75,10,2393104,75886,11.41475478352886387465309722321416119785,6.0027061088861996804150592703033382586,16.03829169146012876999913083593525396305,2021,23.93104,90,35.62722222222222222222222222222222222222,12.765,17.308,0,62,36,2022,0,1,0,0,0,1,0,"nyc",6372.017262935501340518422935233905421578
"36083",2023,"Q1",1,8093,11309,9619,93,1597,1,1,1,0,0,"Rensselaer County",42.710421,-73.513845,12470,11993,11637,10921,11755.25,1,161125,76731,11.19399622833383750941307468027727538956,5.06252909231962761830876648564778898371,17.2071373157486423584173778122575640031,2021,1.61125,90,25.06722222222222222222222222222222222222,11.023,32.023,0,77,48,2022,0,1,0,0,0,0,0,"upstate",7018.774243599689681923972071373157486424
"36085",2023,"Q1",1,8093,36026,11093,110,2109,3,3,2,1,22714,"Richmond County",40.561263,-74.1399,13941,13420,13860,12144,13341.25,3,493194,89427,10.30427975375636307001221381554679366849,5.61178765353998629342611629500764405082,16.28547792552220829937103857711164369396,2021,4.93194,90,36.22444444444444444444444444444444444444,12.352,16.538,0,61,39,2022,0,1,0,0,0,1,0,"nyc",7304.630632165030393719307209738966816304
"36087",2023,"Q1",1,8093,21910,17275,128,4507,2,2,2,0,0,"Rockland County",41.154628,-74.024662,22990,22550,21981,19307,21707,2,336485,99707,14.88748061957159845257627986091249830656,8.2039318245984219207394088889549311262,15.47201212535477064356509205462353448148,2021,3.36485,90,33.67388888888888888888888888888888888889,12.431,20.535,0,67,42,2022,0,1,0,0,0,0,1,"downstate_non_nyc",6511.434387862757626640117687266891540485
"36089",2023,"Q1",1,8093,12108,5370,55,692,5,5,4,1,5991,"St. Lawrence County",44.488112,-75.074311,17092,16591,17014,14504,16300.25,5,108836,54351,17.10557557113214753946050852181812550971,5.05255613951266125179168657429526994744,17.41151824763864897644161858208680951156,2021,1.08836,90,21.10777777777777777777777777777777777778,12.573,44.178,0,81,55,2022,0,1,0,0,0,0,0,"upstate",11124.9954059318607813591091183064427212
"36091",2023,"Q1",1,8093,8778,6852,119,1807,1,1,1,0,0,"Saratoga County",43.106135,-73.855387,9244,9936,9872,8802,9463.5,1,235010,90800,6.38085441123078784944935253539876558151,4.85553806221011871835241053572188417514,18.19539594059827241393983234755967831156,2021,2.3501,90,25.12166666666666666666666666666666666667,11.272,35.472,0,79,41,2022,0,1,0,0,0,0,0,"upstate",3735.160205948683034764478107314582358198
"36093",2023,"Q1",1,8093,10424,8700,57,1667,2,2,1,1,0,"Schenectady County",42.817552,-74.043559,11783,12409,11769,11921,11970.5,2,157515,69891,11.9708248249946177282246331900235515165,5.88578865504872551820461543345078246516,17.10694219598133511094181506523188267784,2021,1.57515,90,26.37777777777777777777777777777777777778,10.486,27.832,0,77,43,2022,0,1,0,0,0,0,0,"upstate",6617.782433419039456559692727676729200394
"36095",2023,"Q1",1,8093,2540,2519,0,21,1,1,1,0,0,"Schoharie County",42.591294,-74.438172,3191,2947,2781,2583,2875.5,1,29936,64220,12.06902586719871189051069340893975987959,4.23236237306253340459647247461250668092,22.04369321218599679315873864243719935863,2021,0.29936,90,23.67388888888888888888888888888888888889,10.254,31.474,0,80,44,2022,0,1,0,0,0,0,0,"upstate",8484.767504008551576696953500801710315339
"36097",2023,"Q1",1,8093,1741,1721,0,20,1,1,1,0,0,"Schuyler County",42.419776,-76.938603,1989,2131,2019,1567,1926.5,1,17920,56437,15.80227362705729313952830722244216956055,4.82142857142857142857142857142857142857,21.33370535714285714285714285714285714286,2021,0.1792,90,27.26777777777777777777777777777777777778,9.503,35.746,0,77,52,2022,0,1,0,0,0,0,0,"upstate",9715.401785714285714285714285714285714286
"36101",2023,"Q1",1,8093,10563,9440,99,1024,3,3,2,1,0,"Steuben County",42.266725,-77.385525,12033,11441,11167,9879,11130,3,94153,58652,12.75924645696508814379536812996889042516,5.46982039871273352946799358490966830584,19.46725011417586269157647658598239036462,2021,0.94153,90,26.53444444444444444444444444444444444444,9.639,32.273,0,78,46,2022,0,1,0,0,0,0,0,"upstate",11218.9733731267192760719254829904517116
"36103",2023,"Q1",1,8093,108272,71191,1319,21043,11,11,10,1,14719,"Suffolk County",40.943554,-72.692218,137306,139049,135381,114963,131674.75,11,1522998,111660,6.62519057590853158463575521531317946452,5.26356567769622809747616214860426605944,16.91912924376788413379400366907901389234,2021,15.22998,90,36.18333333333333333333333333333333333333,13.428,21.221,0,58,46,2022,0,1,0,0,0,0,1,"downstate_non_nyc",7109.136059272566346114702711362720108628
"36105",2023,"Q1",1,8093,6605,5214,47,579,2,2,2,0,765,"Sullivan County",41.719993,-74.771577,7735,8513,7475,6231,7488.5,2,78230,63393,14.06726590547142818581801495397738008476,5.74587754058545315096510290170011504538,18.84826792790489582001789594784609484852,2021,0.7823,90,27.10166666666666666666666666666666666667,12.495,32.686,0,75,42,2022,0,1,0,0,0,0,0,"upstate",8443.052537389748178448165665345775278026
"36109",2023,"Q1",1,8093,7790,6793,63,934,2,2,1,1,0,"Tompkins County",42.453006,-76.473483,8723,8685,8152,6994,8138.5,1,105638,64260,16.84627298706398202482493837394472197378,3.74675779549025918703496847725250383385,14.5989132698460781158295310399666786573,2021,1.05638,90,27.96055555555555555555555555555555555556,10.63,37.759,0,77,59,2022,0,1,0,0,0,0,0,"upstate",7374.240330184214013896514511823396883697
"36111",2023,"Q1",1,8093,6670,5694,25,951,2,2,1,1,0,"Ulster County",41.947212,-74.265458,6010,7741,7608,6631,6997.5,3,181862,71040,13.16956082322675486953325983094450569644,4.328556817806908535043054623835655607,19.8848577492824229360724065500214448318,2021,1.81862,90,29.28444444444444444444444444444444444444,13.449,36.349,0,73,41,2022,0,1,0,0,0,0,0,"upstate",3667.616104518810966557059748600587258471
"36113",2023,"Q1",1,8093,10023,7772,107,2144,1,1,1,0,0,"Warren County",43.555105,-73.838139,10323,11338,11128,9893,10670.5,1,65692,68765,7.94306774198522722015759687890329843174,4.33842781465018571515557449917798209828,22.45935578152590878645801619679717469403,2021,0.65692,90,23.21055555555555555555555555555555555556,10.08,35.529,0,79,41,2022,0,1,0,0,0,0,0,"upstate",15257.5656092066004992997625281617244109
"36117",2023,"Q1",1,8093,5289,4305,25,959,1,1,1,0,0,"Wayne County",43.218114,-77.049402,5611,5754,5814,4951,5532.5,1,91332,64152,11.15476559387312408694497321705254770021,5.38037051635790303508080409932991722507,18.94407217623614943283843559759996496299,2021,0.91332,90,27.88111111111111111111111111111111111111,12.318,48.783,0,76,62,2022,0,1,0,0,0,0,0,"upstate",5790.960451977401129943502824858757062147
"36119",2023,"Q1",1,8093,91281,58947,516,15612,13,13,11,2,16206,"Westchester County",41.152686,-73.745753,93641,88461,88218,73689,86002.25,13,999723,105387,8.20521795733888474375389565927604449726,5.4343053025688115608023422488029184084,17.05562440796100519843996787110029478165,2021,9.99723,90,33.72666666666666666666666666666666666667,11.635,20.039,0,66,41,2022,0,1,0,0,0,0,1,"downstate_non_nyc",9130.629184284046680930617781125371727969
"36121",2023,"Q1",1,8093,3221,2822,17,382,1,1,1,0,0,"Wyoming County",42.701365,-78.228576,3678,3597,3339,2994,3402,1,40679,60013,9.24334188463674592049932559308137843485,4.68792251530273605545859042749330121193,18.14449716069716561370731827232724501586,2021,0.40679,90,24.855,11.936,46.793,0,80,56,2022,0,1,0,0,0,0,0,"upstate",7918.090415201946950515007743553184689889
"36123",2023,"Q1",1,8093,1726,1645,0,81,1,1,1,0,0,"Yates County",42.638237,-77.104324,2030,2205,1961,1463,1914.75,1,24808,57635,13.22254335260115606936416184971098265896,6.03837471783295711060948081264108352144,20.807803934214769429216381812318606901,2021,0.24808,90,27.48833333333333333333333333333333333333,9.916,35.746,0,75,53,2022,0,1,0,0,0,0,0,"upstate",6957.433086101257658819735569171235085456
"36001",2023,"Q2",2,8094,41022,31872,452,8698,5,5,3,2,0,"Albany County",42.58824,-73.97401,38431,41418,39556,40816,40055.25,5,314679,73810,11.71367175209698689927099162544098647084,4.89514711817439358838689585259899770878,17.01924818624693735520959453919708655487,2021,3.14679,91,57.23956043956043956043956043956043956044,13.146,11.548,1,10,45,2022,0,1,1,0,0,0,0,"upstate",13036.1415919079442860820073789480708913
"36003",2023,"Q2",2,8094,5858,5554,27,277,2,2,2,0,0,"Allegany County",42.247853,-78.026153,5525,3511,3259,3011,3826.5,2,46654,54375,16.28058021216713574366746048928339467417,5.12281905088524027950443691859218930853,18.95657392720881382089424272302482102285,2021,0.46654,91,55.17747252747252747252747252747252747253,11.025,6.119,0,17,52,2022,0,1,1,0,0,0,0,"upstate",12556.2652720024006516054357611351652591
"36005",2023,"Q2",2,8094,187349,125864,252,22523,11,11,10,1,38710,"Bronx County",40.848711,-73.852939,185600,199815,184732,185243,188847.5,11,1468262,43726,26.50396840344481694003937013366592865105,7.01155515841178209338660266355732151346,13.00959910424706217282746539786495870628,2021,14.68262,91,60.82747252747252747252747252747252747253,13.889,0.028,2,0,44,2022,0,1,1,0,0,1,0,"nyc",12759.9161457560026752718520264094555331
"36007",2023,"Q2",2,8094,24431,19751,288,4392,3,3,3,0,0,"Broome County",42.161977,-75.830283,23327,24170,24296,24012,23951.25,3,198591,53982,18.7406288908315452064955363055974992715,5.10697866469276049770634117356778504565,19.00992492106893061619106606039548620028,2021,1.98591,91,56.13131868131868131868131868131868131868,12.391,12.649,0,15,48,2022,0,1,1,0,0,0,0,"upstate",12302.1687790483959494639736946790136512
"36009",2023,"Q2",2,8094,6590,5412,50,1128,1,1,1,0,0,"Cattaraugus County",42.239099,-78.662332,6185,6684,6541,6639,6512.25,1,77211,53537,17.27015029149061346740118735626036262502,5.56915465412959293364935048114905907189,19.31331027962336972711142194764994625118,2021,0.77211,91,54.63846153846153846153846153846153846154,12.527,8.654,0,18,53,2022,0,1,1,0,0,0,0,"upstate",8535.053295514887775057958062970302159019
"36011",2023,"Q2",2,8094,5772,4777,91,904,1,1,1,0,0,"Cayuga County",43.008546,-76.574587,5445,5966,6505,6248,6041,1,76644,59602,13.48103903319905542436449506875954993749,4.88361776525233547309639371640311048484,19.17436459474975210062105318094045195971,2021,0.76644,91,58.40164835164835164835164835164835164835,15.119,5.375,1,9,51,2022,0,1,1,0,0,0,0,"upstate",7530.922185689682166901518709879442617817
"36013",2023,"Q2",2,8094,14119,12698,118,1303,3,3,2,1,0,"Chautauqua County",42.304216,-79.407595,13478,14501,14122,14024,14031.25,3,128042,50408,17.33350731540230634980182354956042342886,5.34668311960138079692600865341059964699,20.17384920572937005045219537339310538729,2021,1.28042,91,56.4456043956043956043956043956043956044,11.274,9.094,0,14,54,2022,0,1,1,0,0,0,0,"upstate",11026.8505646584714390590587463488542822
"36015",2023,"Q2",2,8094,8375,7142,41,1192,2,2,1,1,0,"Chemung County",42.148697,-76.752471,7934,8360,8260,8741,8323.75,2,84456,58175,14.47817765602131572034375351821968701918,5.43833475419153168513782324524012503552,18.8216349341669034763663919674149853178,2021,0.84456,91,56.95494505494505494505494505494505494505,10.145,5.898,0,12,47,2022,0,1,1,0,0,0,0,"upstate",9916.406175996968835843516150421521265511
"36017",2023,"Q2",2,8094,4449,4240,20,189,1,1,1,0,0,"Chenango County",42.478024,-75.602241,3870,4435,4342,4012,4164.75,1,47407,55690,12.20608798537162525545875013445197375497,5.17223194886831058704410741029805724893,20.62142721539013225894910034383107979834,2021,0.47407,91,54.86263736263736263736263736263736263736,14.104,15.79,0,17,51,2022,0,1,1,0,0,0,0,"upstate",9384.69002467989959288712637374227434767
"36019",2023,"Q2",2,8094,8601,7078,80,1443,1,1,1,0,0,"Clinton County",44.752712,-73.705643,7593,8598,8501,7823,8128.75,1,80095,62470,12.71222674298324253499758637335356182332,4.66446095261876521630563705599600474437,16.99731568762095012173044509644796803795,2021,0.80095,91,52.22472527472527472527472527472527472527,17.771,16.921,0,21,56,2022,0,1,1,0,0,0,0,"upstate",10738.4980335851176727635932330357700231
"36021",2023,"Q2",2,8094,5592,4824,53,715,1,1,1,0,0,"Columbia County",42.247696,-73.626718,4971,5304,5414,5369,5264.5,1,61587,73065,9.70081747520771911015813454837845081748,3.9423904395408121843895627323948235829,24.22426810852939743777095815675386039262,2021,0.61587,91,59.0532967032967032967032967032967032967,12.108,3.445,3,5,44,2022,0,1,1,0,0,0,0,"upstate",9079.838277558575673437576111841784792245
"36023",2023,"Q2",2,8094,6195,5421,84,690,1,1,1,0,0,"Cortland County",42.594039,-76.07624,5949,6727,6294,6308,6319.5,1,46984,62163,12.76930553305718186656793094670585240553,5.10599352971224246552017708155967989103,16.18636131449003916226800612974629661161,2021,0.46984,91,54.87527472527472527472527472527472527473,12.895,13.009,0,17,49,2022,0,1,1,0,0,0,0,"upstate",13185.3396901072705601907032181168057211
"36025",2023,"Q2",2,8094,4341,1922,0,0,4,4,3,1,2419,"Delaware County",42.193986,-74.966728,4077,4713,4450,4180,4355,4,44644,52757,15.44320513122833494470252552644610559577,3.8437416002150344951169250067198279724,24.58785055102589373712032971955917928501,2021,0.44644,91,53.60934065934065934065934065934065934066,13.496,12.843,0,17,49,2022,0,1,1,0,0,0,0,"upstate",9723.591076068452647612221127139145237882
"36027",2023,"Q2",2,8094,29263,23148,305,5810,3,3,3,0,0,"Dutchess County",41.754825,-73.740014,28110,30260,30267,29483,29530,3,296012,87112,8.82058577525503456460041606199466697168,4.55690985500587814007540234855343702282,17.68340472683539856492304366039214626434,2021,2.96012,91,58.92472527472527472527472527472527472527,12.585,0.689,4,5,45,2022,0,1,1,0,0,0,0,"upstate",9885.747875086145156277448211558990851722
"36029",2023,"Q2",2,8094,91629,71376,1012,16336,10,10,10,0,2905,"Erie County",42.752759,-78.778192,86485,88052,90435,87697,88167.25,10,949715,62578,13.78655743624171231447638259621174529765,5.37856093670206325055411360250180317253,17.95412307902897184944957171361934896258,2021,9.49715,91,57.18626373626373626373626373626373626374,10.463,3.638,0,9,51,2022,0,1,1,0,0,0,0,"upstate",9648.052310429971096592135535397461343666
"36031",2023,"Q2",2,8094,3599,3573,0,26,3,3,2,1,0,"Essex County",44.109601,-73.778431,3127,4172,4712,3999,4002.5,3,37501,61563,9.51412364636452185870623961496590843981,3.94389482947121410095730780512519666142,23.4500413322311405029199221354097224074,2021,0.37501,91,48.32637362637362637362637362637362637363,14.268,23.233,0,29,56,2022,0,1,1,0,0,0,0,"upstate",9597.077411269032825791312231673822031412
"36033",2023,"Q2",2,8094,6386,2770,31,219,3,3,2,1,3366,"Franklin County",44.594376,-74.31067,5666,6537,6659,6188,6262.5,3,47996,55279,18.39858149409733563529466660445149549718,4.82123510292524377031419284940411700975,16.94932911075922993582798566547212267689,2021,0.47996,91,51.97307692307692307692307692307692307692,18.423,20.534,0,20,57,2022,0,1,1,0,0,0,0,"upstate",13305.275439619968330694224518709892491
"36035",2023,"Q2",2,8094,5189,4737,52,400,1,1,1,0,0,"Fulton County",43.115609,-74.423678,4509,5130,5302,4922,4965.75,1,53588,55240,14.75359774019925945718975455204794442112,5.02724490557587519593938941554079271479,19.56408151078599686496976935134731656341,2021,0.53588,91,54.36593406593406593406593406593406593407,15.978,13.064,0,16,53,2022,0,1,1,0,0,0,0,"upstate",9683.138015973725460924087482272150481451
"36037",2023,"Q2",2,8094,5951,5039,35,877,1,1,1,0,0,"Genesee County",43.00091,-78.192778,5597,6205,5615,5048,5616.25,1,58387,63734,10.42506061081750475293461008494235431601,5.21177659410485210748968092212307534211,18.83467210166646685049754226111976981177,2021,0.58387,91,57.73571428571428571428571428571428571429,10.631,4.272,3,13,53,2022,0,1,1,0,0,0,0,"upstate",10192.3373353657492249987154674842002501
"36045",2023,"Q2",2,8094,14655,8982,75,1373,3,3,3,0,4225,"Jefferson County",43.996389,-76.052968,12855,11610,12103,11961,12132.25,3,117634,58271,13.12990756386045124739091541596262796939,7.6670010371151197782953907883775099036,13.74347552578336195317680262509138514375,2021,1.17634,91,56.44175824175824175824175824175824175824,13.693,6.862,0,6,49,2022,0,1,1,0,0,0,0,"upstate",12458.1328527466548786915347603583997824
"36047",2023,"Q2",2,8094,213330,136848,780,21814,15,15,11,4,53888,"Kings County",40.635045,-73.95064,205125,224386,208195,206525,211057.75,15,2712360,67753,18.79478912253529516888068147971644725085,7.06985798345352386851302924390567623767,14.10867289002934713681074783583300151897,2021,27.1236,91,60.63681318681318681318681318681318681319,12.564,0,2,0,44,2022,0,1,1,0,0,1,0,"nyc",7865.106401805070123434942264301198955891
"36049",2023,"Q2",2,8094,2747,2546,29,172,1,1,1,0,0,"Lewis County",43.782706,-75.444132,2515,2739,2717,2661,2658,1,26681,60049,11.92587539790814006366530241018644838563,6.50650275476931149507139912297140287096,18.97605037292455305273415539147708106893,2021,0.26681,91,56.21318681318681318681318681318681318681,13.332,13.092,0,14,54,2022,0,1,1,0,0,0,0,"upstate",10295.7160526217158277425883587571680222
"36051",2023,"Q2",2,8094,3691,3295,49,347,1,1,1,0,0,"Livingston County",42.729042,-77.778463,3313,3549,3711,3548,3530.25,1,62253,64467,11.52455879226025940888794386561769083564,4.26003566093200327695050840923328996193,17.85295487767657783560631616147012995358,2021,0.62253,91,58.14945054945054945054945054945054945055,10.735,3.032,3,9,50,2022,0,1,1,0,0,0,0,"upstate",5929.031532616901996690922525822048736607
"36053",2023,"Q2",2,8094,8818,5414,67,320,2,2,2,0,3017,"Madison County",42.910026,-75.663575,7873,9324,8762,8829,8697,2,68466,63312,8.98536012815835805034339461037004139769,4.74980282183857681184821663307335027605,18.62384249116349721029416060526392662051,2021,0.68466,91,54.94725274725274725274725274725274725275,14.567,18.107,0,16,56,2022,0,1,1,0,0,0,0,"upstate",12879.3853883679490550054041422019688605
"36055",2023,"Q2",2,8094,74846,57107,829,16910,7,7,4,3,0,"Monroe County",43.250347,-77.700518,69817,73960,70916,71463,71539,7,757332,66317,13.65578512566082440278144048447019953515,5.40066971948894276222317292812135232632,17.39725774165095361083382189053149741461,2021,7.57332,91,56.93901098901098901098901098901098901099,10.868,2.15,2,5,47,2022,0,1,1,0,0,0,0,"upstate",9882.851906429412727839309576249253959954
"36057",2023,"Q2",2,8094,11871,8712,39,599,2,2,2,0,2521,"Montgomery County",42.900891,-74.435357,10400,10456,9547,9370,9943.25,2,49539,53533,16.73817980250056457738816235192674865015,6.24154706392942933850097902662548699005,18.46827751872262258018934576798078281758,2021,0.49539,91,56.37967032967032967032967032967032967033,12.547,10.582,1,15,45,2022,0,1,1,0,0,0,0,"upstate",23962.938291043420335493247744201538182
"36059",2023,"Q2",2,8094,117720,61739,1035,24605,12,12,12,0,30341,"Nassau County",40.729612,-73.589414,113891,123804,123337,122037,120767.25,12,1391678,126576,5.46371185318489265078619699988041522168,5.39528540366377854647411254614932477197,17.72931669538499566710115414628958710276,2021,13.91678,91,60.09285714285714285714285714285714285714,13.358,0,3,0,45,2022,0,1,1,0,0,0,1,"downstate_non_nyc",8458.853269218885403088932928450403038634
"36061",2023,"Q2",2,8094,266211,198333,1291,36707,22,22,18,4,29880,"New York County",40.776642,-73.970187,260924,277461,263431,261128,265736,22,1669127,93956,15.553597393355869327410338027578433029,4.63721454389030912566868788294719335317,16.79794287672537799700082737862367572989,2021,16.69127,91,61.07197802197802197802197802197802197802,13.984,0,2,0,43,2022,0,1,1,0,0,1,0,"nyc",15949.1159150861498256274088191012427455
"36063",2023,"Q2",2,8094,9501,4593,25,544,6,6,2,4,4339,"Niagara County",43.272672,-78.812943,9186,12386,13013,12993,11894.5,6,212808,60834,12.43635876430731539256593806224399954063,5.19717303860757114394195706928310965753,19.16046389233487462877335438517348971843,2021,2.12808,91,57.93571428571428571428571428571428571429,10.232,2.232,1,5,50,2022,0,1,1,0,0,0,0,"upstate",4464.587797451223638209089883838953422804
"36065",2023,"Q2",2,8094,26019,14468,87,2401,4,4,3,1,9063,"Oneida County",43.242727,-75.434282,24692,26656,25890,26647,25971.25,4,232034,61733,14.50378562777004069152917587178312367594,5.53151693286328727686459742968702862512,18.67269451890671194738702086763146780213,2021,2.32034,91,56.51373626373626373626373626373626373626,18.261,11.491,0,12,51,2022,0,1,1,0,0,0,0,"upstate",11213.4428575122611341441340493203582234
"36067",2023,"Q2",2,8094,53731,43066,668,9997,6,6,4,2,0,"Onondaga County",43.006516,-76.196134,47159,49830,47247,46170,47601.5,6,474621,66012,13.81475977771525042205965109735509285312,5.60299691754052180581980148371016031739,17.14947294788894718101390372528817730357,2021,4.74621,91,57.41923076923076923076923076923076923077,16.174,10.884,1,10,54,2022,0,1,1,0,0,0,0,"upstate",11320.8222982126791692740102102519694662
"36069",2023,"Q2",2,8094,16252,11924,171,1470,3,3,3,0,2687,"Ontario County",42.856357,-77.303497,14916,16173,16558,15908,15888.75,3,112060,70694,8.5421171274784928923034457376822928647,4.80278422273781902552204176334106728538,20.12671782973407103337497769052293414242,2021,1.1206,91,57.92802197802197802197802197802197802198,11.243,3.116,2,12,52,2022,0,1,1,0,0,0,0,"upstate",14502.9448509726932000713903266107442442
"36071",2023,"Q2",2,8094,38857,24208,336,5965,4,4,4,0,8348,"Orange County",41.40241,-74.306252,35923,39164,38444,37972,37875.75,4,398277,85640,11.70611592409240924092409240924092409241,6.63909791426569950059882945788986057442,13.94582162665682427054537419936375939359,2021,3.98277,91,59.31153846153846153846153846153846153846,14.594,0.8,2,3,43,2022,0,1,1,0,0,0,0,"upstate",9756.275155231158214006834439347489310204
"36075",2023,"Q2",2,8094,6153,5260,36,857,2,2,2,0,0,"Oswego County",43.461443,-76.209262,5372,6060,6405,5971,5952,2,118019,61983,16.44111257523416076071085152605149756045,5.41438242994772028232742185580287919742,16.5083588235792541878850015675442089833,2021,1.18019,91,56.77197802197802197802197802197802197802,15.046,8.129,1,7,52,2022,0,1,1,0,0,0,0,"upstate",5213.567306959048966691803862090002457231
"36077",2023,"Q2",2,8094,9427,3816,126,939,3,3,2,1,4546,"Otsego County",42.629776,-75.028841,7878,8791,9161,8772,8650.5,3,58952,60523,12.38176807924331570715722052580621136516,4.04566426923598860089564391369249558963,21.13753562220111276971095128239924005971,2021,0.58952,91,54.59230769230769230769230769230769230769,14.613,12.925,0,18,50,2022,0,1,1,0,0,0,0,"upstate",15990.9757090514316732256751255258515402
"36079",2023,"Q2",2,8094,5316,4588,50,678,1,1,1,0,0,"Putnam County",41.427907,-73.743861,4932,5597,5144,5106,5194.75,1,97960,111617,6.04949777363570467018742880811846329088,4.50081665986116782360146998775010208248,17.66026949775418538178848509595753368722,2021,0.9796,91,58.38461538461538461538461538461538461538,12.302,0.248,1,3,46,2022,0,1,1,0,0,0,0,"upstate",5426.704777460187831768068599428338097183
"36081",2023,"Q2",2,8094,158405,124555,643,19578,10,10,8,2,13629,"Queens County",40.654658,-73.841209,152489,186836,170065,172078,170367,10,2393104,75886,11.41475478352886387465309722321416119785,6.0027061088861996804150592703033382586,16.03829169146012876999913083593525396305,2021,23.93104,91,59.92747252747252747252747252747252747253,13.042,0,2,0,44,2022,0,1,1,0,0,1,0,"nyc",6619.227580581537618089309950591365857898
"36083",2023,"Q2",2,8094,11352,9764,46,1542,1,1,1,0,0,"Rensselaer County",42.710421,-73.513845,11309,12470,11993,11637,11852.25,1,161125,76731,11.19399622833383750941307468027727538956,5.06252909231962761830876648564778898371,17.2071373157486423584173778122575640031,2021,1.61125,91,56.3521978021978021978021978021978021978,11.176,7.331,0,13,49,2022,0,1,1,0,0,0,0,"upstate",7045.461598138091543832428238944918541505
"36085",2023,"Q2",2,8094,36101,10539,49,1760,3,3,2,1,23753,"Richmond County",40.561263,-74.1399,36026,13941,13420,13860,19311.75,3,493194,89427,10.30427975375636307001221381554679366849,5.61178765353998629342611629500764405082,16.28547792552220829937103857711164369396,2021,4.93194,91,60.34285714285714285714285714285714285714,13.425,0,1,0,44,2022,0,1,1,0,0,1,0,"nyc",7319.83762981706995624439875586483209447
"36087",2023,"Q2",2,8094,22270,17610,154,4506,2,2,2,0,0,"Rockland County",41.154628,-74.024662,21910,22990,22550,21981,22357.75,2,336485,99707,14.88748061957159845257627986091249830656,8.2039318245984219207394088889549311262,15.47201212535477064356509205462353448148,2021,3.36485,91,59.98186813186813186813186813186813186813,13.724,0.028,2,0,42,2022,0,1,1,0,0,0,1,"downstate_non_nyc",6618.422812309612612746482012571139872505
"36089",2023,"Q2",2,8094,13285,5660,68,649,5,5,4,1,6908,"St. Lawrence County",44.488112,-75.074311,12108,17092,16591,17014,15701.25,5,108836,54351,17.10557557113214753946050852181812550971,5.05255613951266125179168657429526994744,17.41151824763864897644161858208680951156,2021,1.08836,91,55.60824175824175824175824175824175824176,16.174,8.847,0,15,56,2022,0,1,1,0,0,0,0,"upstate",12206.4390459039288470726597816898820243
"36091",2023,"Q2",2,8094,9730,7731,171,1828,1,1,1,0,0,"Saratoga County",43.106135,-73.855387,8778,9244,9936,9872,9457.5,1,235010,90800,6.38085441123078784944935253539876558151,4.85553806221011871835241053572188417514,18.19539594059827241393983234755967831156,2021,2.3501,91,57.71703296703296703296703296703296703297,12.393,7.717,2,8,47,2022,0,1,1,0,0,0,0,"upstate",4140.249351091442917322667120548061784605
"36093",2023,"Q2",2,8094,10815,9010,70,1735,2,2,1,1,0,"Schenectady County",42.817552,-74.043559,10424,11783,12409,11769,11596.25,2,157515,69891,11.9708248249946177282246331900235515165,5.88578865504872551820461543345078246516,17.10694219598133511094181506523188267784,2021,1.57515,91,57.23846153846153846153846153846153846154,12.907,7.221,1,9,41,2022,0,1,1,0,0,0,0,"upstate",6866.012760689458146843157794495762308352
"36095",2023,"Q2",2,8094,2929,2910,0,19,1,1,1,0,0,"Schoharie County",42.591294,-74.438172,2540,3191,2947,2781,2864.75,1,29936,64220,12.06902586719871189051069340893975987959,4.23236237306253340459647247461250668092,22.04369321218599679315873864243719935863,2021,0.29936,91,53.31208791208791208791208791208791208791,11.651,14.416,0,17,50,2022,0,1,1,0,0,0,0,"upstate",9784.206306787814003206841261357562800641
"36097",2023,"Q2",2,8094,1914,1904,0,10,1,1,1,0,0,"Schuyler County",42.419776,-76.938603,1741,1989,2131,2019,1970,1,17920,56437,15.80227362705729313952830722244216956055,4.82142857142857142857142857142857142857,21.33370535714285714285714285714285714286,2021,0.1792,91,56.99725274725274725274725274725274725275,10.504,5.979,0,12,52,2022,0,1,1,0,0,0,0,"upstate",10680.8035714285714285714285714285714286
"36101",2023,"Q2",2,8094,11452,10300,113,1039,3,3,2,1,0,"Steuben County",42.266725,-77.385525,10563,12033,11441,11167,11301,3,94153,58652,12.75924645696508814379536812996889042516,5.46982039871273352946799358490966830584,19.46725011417586269157647658598239036462,2021,0.94153,91,56.12252747252747252747252747252747252747,10.151,4.465,0,15,48,2022,0,1,1,0,0,0,0,"upstate",12163.1812050598493940713519484243730949
"36103",2023,"Q2",2,8094,111726,74009,1407,21022,11,11,10,1,15288,"Suffolk County",40.943554,-72.692218,108272,137306,139049,135381,130002,11,1522998,111660,6.62519057590853158463575521531317946452,5.26356567769622809747616214860426605944,16.91912924376788413379400366907901389234,2021,15.22998,91,59.91483516483516483516483516483516483516,11.134,0.165,1,0,44,2022,0,1,1,0,0,0,1,"downstate_non_nyc",7335.925588871423337391119358003096524093
"36105",2023,"Q2",2,8094,7498,5840,49,637,2,2,2,0,972,"Sullivan County",41.719993,-74.771577,6605,7735,8513,7475,7582,2,78230,63393,14.06726590547142818581801495397738008476,5.74587754058545315096510290170011504538,18.84826792790489582001789594784609484852,2021,0.7823,91,55.7021978021978021978021978021978021978,14.146,9.095,0,10,41,2022,0,1,1,0,0,0,0,"upstate",9584.5583535727981592739358302441518599
"36109",2023,"Q2",2,8094,8284,7308,86,890,2,2,1,1,0,"Tompkins County",42.453006,-76.473483,7790,8723,8685,8152,8337.5,2,105638,64260,16.84627298706398202482493837394472197378,3.74675779549025918703496847725250383385,14.5989132698460781158295310399666786573,2021,1.05638,91,57.08021978021978021978021978021978021978,11.563,7.277,1,11,48,2022,0,1,1,0,0,0,0,"upstate",7841.875082830042219655805675987807417785
"36111",2023,"Q2",2,8094,7578,6203,27,1348,2,2,1,1,0,"Ulster County",41.947212,-74.265458,6670,6010,7741,7608,7007.25,2,181862,71040,13.16956082322675486953325983094450569644,4.328556817806908535043054623835655607,19.8848577492824229360724065500214448318,2021,1.81862,91,58.23956043956043956043956043956043956044,15.413,9.453,0,4,42,2022,0,1,1,0,0,0,0,"upstate",4166.89577811747368884098932157350078631
"36113",2023,"Q2",2,8094,10725,8396,115,2214,1,1,1,0,0,"Warren County",43.555105,-73.838139,10023,10323,11338,11128,10703,1,65692,68765,7.94306774198522722015759687890329843174,4.33842781465018571515557449917798209828,22.45935578152590878645801619679717469403,2021,0.65692,91,56.12087912087912087912087912087912087912,9.624,8.93,0,13,47,2022,0,1,1,0,0,0,0,"upstate",16326.1888814467515070328198258539852646
"36117",2023,"Q2",2,8094,5721,4699,22,1000,1,1,1,0,0,"Wayne County",43.218114,-77.049402,5289,5611,5754,5814,5617,1,91332,64152,11.15476559387312408694497321705254770021,5.38037051635790303508080409932991722507,18.94407217623614943283843559759996496299,2021,0.91332,91,57.76593406593406593406593406593406593407,11.416,3.088,4,6,49,2022,0,1,1,0,0,0,0,"upstate",6263.960057811062935225331756667980554461
"36119",2023,"Q2",2,8094,95263,62267,691,15554,13,13,11,2,16751,"Westchester County",41.152686,-73.745753,91281,93641,88461,88218,90400.25,13,999723,105387,8.20521795733888474375389565927604449726,5.4343053025688115608023422488029184084,17.05562440796100519843996787110029478165,2021,9.99723,91,59.73296703296703296703296703296703296703,13.271,0,1,0,43,2022,0,1,1,0,0,0,1,"downstate_non_nyc",9528.939516246000142039344898536894719837
"36121",2023,"Q2",2,8094,3430,3061,28,341,1,1,1,0,0,"Wyoming County",42.701365,-78.228576,3221,3678,3597,3339,3458.75,1,40679,60013,9.24334188463674592049932559308137843485,4.68792251530273605545859042749330121193,18.14449716069716561370731827232724501586,2021,0.40679,91,55.48351648351648351648351648351648351648,11.376,8.49,0,16,50,2022,0,1,1,0,0,0,0,"upstate",8431.869023328990388160967575407458393766
"36123",2023,"Q2",2,8094,1981,1913,0,68,1,1,1,0,0,"Yates County",42.638237,-77.104324,1726,2030,2205,1961,1980.5,1,24808,57635,13.22254335260115606936416184971098265896,6.03837471783295711060948081264108352144,20.807803934214769429216381812318606901,2021,0.24808,91,57.65,10.623,3.831,1,11,50,2022,0,1,1,0,0,0,0,"upstate",7985.327313769751693002257336343115124153
"36001",2023,"Q3",3,8095,40256,30983,492,8781,5,5,3,2,0,"Albany County",42.58824,-73.97401,41022,38431,41418,39556,40106.75,5,314679,73810,11.71367175209698689927099162544098647084,4.89514711817439358838689585259899770878,17.01924818624693735520959453919708655487,2021,3.14679,92,69.75326086956521739130434782608695652174,11.612,0,9,0,47,2022,0,1,0,1,0,0,0,"upstate",12792.7189294487398269347493795264380527
"36003",2023,"Q3",3,8095,5809,5524,21,264,2,2,2,0,0,"Allegany County",42.247853,-78.026153,5858,5525,3511,3259,4538.25,2,46654,54375,16.28058021216713574366746048928339467417,5.12281905088524027950443691859218930853,18.95657392720881382089424272302482102285,2021,0.46654,92,65.875,11.461,0,0,0,55,2022,0,1,0,1,0,0,0,"upstate",12451.2367642645861019419556736828567754
"36005",2023,"Q3",3,8095,184352,123608,295,22223,11,11,10,1,38226,"Bronx County",40.848711,-73.852939,187349,185600,199815,184732,189374,11,1468262,43726,26.50396840344481694003937013366592865105,7.01155515841178209338660266355732151346,13.00959910424706217282746539786495870628,2021,14.68262,92,75.27826086956521739130434782608695652174,8.08,0,20,0,36,2022,0,1,0,1,0,1,0,"nyc",12555.7972623414622185958636810051612042
"36007",2023,"Q3",3,8095,25514,20836,312,4366,3,3,3,0,0,"Broome County",42.161977,-75.830283,24431,23327,24170,24296,24056,3,198591,53982,18.7406288908315452064955363055974992715,5.10697866469276049770634117356778504565,19.00992492106893061619106606039548620028,2021,1.98591,92,68.00652173913043478260869565217391304348,12.357,0,4,0,49,2022,0,1,0,1,0,0,0,"upstate",12847.5107129728940385012412445679814292
"36009",2023,"Q3",3,8095,6945,5731,40,1174,1,1,1,0,0,"Cattaraugus County",42.239099,-78.662332,6590,6185,6684,6541,6500,1,77211,53537,17.27015029149061346740118735626036262502,5.56915465412959293364935048114905907189,19.31331027962336972711142194764994625118,2021,0.77211,92,65.2913043478260869565217391304347826087,15.484,0,0,0,58,2022,0,1,0,1,0,0,0,"upstate",8994.832342541865796324357928274468663791
"36011",2023,"Q3",3,8095,6228,5307,68,853,1,1,1,0,0,"Cayuga County",43.008546,-76.574587,5772,5445,5966,6505,5922,1,76644,59602,13.48103903319905542436449506875954993749,4.88361776525233547309639371640311048484,19.17436459474975210062105318094045195971,2021,0.76644,92,70.01032608695652173913043478260869565217,14.558,0,9,0,53,2022,0,1,0,1,0,0,0,"upstate",8125.880695162047909816815406294034758102
"36013",2023,"Q3",3,8095,14849,13345,137,1367,3,3,2,1,0,"Chautauqua County",42.304216,-79.407595,14119,13478,14501,14122,14055,3,128042,50408,17.33350731540230634980182354956042342886,5.34668311960138079692600865341059964699,20.17384920572937005045219537339310538729,2021,1.28042,92,67.35163043478260869565217391304347826087,15.092,0,0,0,60,2022,0,1,0,1,0,0,0,"upstate",11596.9759922525421346120804111151028569
"36015",2023,"Q3",3,8095,8499,7261,53,1185,2,2,1,1,0,"Chemung County",42.148697,-76.752471,8375,7934,8360,8260,8232.25,2,84456,58175,14.47817765602131572034375351821968701918,5.43833475419153168513782324524012503552,18.8216349341669034763663919674149853178,2021,0.84456,92,68.42391304347826086956521739130434782609,12.139,0,4,0,49,2022,0,1,0,1,0,0,0,"upstate",10063.2281898266552998010798522307473714
"36017",2023,"Q3",3,8095,4490,4281,25,184,1,1,1,0,0,"Chenango County",42.478024,-75.602241,4449,3870,4435,4342,4274,1,47407,55690,12.20608798537162525545875013445197375497,5.17223194886831058704410741029805724893,20.62142721539013225894910034383107979834,2021,0.47407,92,66.63152173913043478260869565217391304348,11.802,0,1,0,49,2022,0,1,0,1,0,0,0,"upstate",9471.175142911384394709642035986246756808
"36019",2023,"Q3",3,8095,9832,8260,92,1480,1,1,1,0,0,"Clinton County",44.752712,-73.705643,8601,7593,8598,8501,8323.25,1,80095,62470,12.71222674298324253499758637335356182332,4.66446095261876521630563705599600474437,16.99731568762095012173044509644796803795,2021,0.80095,92,64.22663043478260869565217391304347826087,10.505,0,0,0,51,2022,0,1,0,1,0,0,0,"upstate",12275.4229352643735564017728946875585243
"36021",2023,"Q3",3,8095,5559,4889,43,627,1,1,1,0,0,"Columbia County",42.247696,-73.626718,5592,4971,5304,5414,5320.25,1,61587,73065,9.70081747520771911015813454837845081748,3.9423904395408121843895627323948235829,24.22426810852939743777095815675386039262,2021,0.61587,92,71.52228260869565217391304347826086956522,9.485,0,13,0,42,2022,0,1,0,1,0,0,0,"upstate",9026.255540942081932875444493156023186711
"36023",2023,"Q3",3,8095,6491,5670,78,743,1,1,1,0,0,"Cortland County",42.594039,-76.07624,6195,5949,6727,6294,6291.25,1,46984,62163,12.76930553305718186656793094670585240553,5.10599352971224246552017708155967989103,16.18636131449003916226800612974629661161,2021,0.46984,92,66.62826086956521739130434782608695652174,13.223,0,0,0,54,2022,0,1,0,1,0,0,0,"upstate",13815.3413928145751745274987229695215392
"36025",2023,"Q3",3,8095,4827,1988,0,0,4,4,3,1,2839,"Delaware County",42.193986,-74.966728,4341,4077,4713,4450,4395.25,4,44644,52757,15.44320513122833494470252552644610559577,3.8437416002150344951169250067198279724,24.58785055102589373712032971955917928501,2021,0.44644,92,65.71086956521739130434782608695652173913,12.076,0,0,0,50,2022,0,1,0,1,0,0,0,"upstate",10812.2032075978854941313502374339216916
"36027",2023,"Q3",3,8095,30286,24004,259,6023,3,3,3,0,0,"Dutchess County",41.754825,-73.740014,29263,28110,30260,30267,29475,3,296012,87112,8.82058577525503456460041606199466697168,4.55690985500587814007540234855343702282,17.68340472683539856492304366039214626434,2021,2.96012,92,71.7538043478260869565217391304347826087,10.179,0,15,0,41,2022,0,1,0,1,0,0,0,"upstate",10231.3419726227315108846938637622799076
"36029",2023,"Q3",3,8095,94205,73296,920,16862,10,10,10,0,3127,"Erie County",42.752759,-78.778192,91629,86485,88052,90435,89150.25,10,949715,62578,13.78655743624171231447638259621174529765,5.37856093670206325055411360250180317253,17.95412307902897184944957171361934896258,2021,9.49715,92,68.54945652173913043478260869565217391304,16.163,0,0,0,51,2022,0,1,0,1,0,0,0,"upstate",9919.291576946768240998615374085909983521
"36031",2023,"Q3",3,8095,4040,4018,0,22,3,3,2,1,0,"Essex County",44.109601,-73.778431,3599,3127,4172,4712,3902.5,3,37501,61563,9.51412364636452185870623961496590843981,3.94389482947121410095730780512519666142,23.4500413322311405029199221354097224074,2021,0.37501,92,60.4913043478260869565217391304347826087,10.89,0,0,0,56,2022,0,1,0,1,0,0,0,"upstate",10773.0460521052771926081971147436068372
"36033",2023,"Q3",3,8095,6982,3354,48,231,3,3,2,1,3349,"Franklin County",44.594376,-74.31067,6386,5666,6537,6659,6312,3,47996,55279,18.39858149409733563529466660445149549718,4.82123510292524377031419284940411700975,16.94932911075922993582798566547212267689,2021,0.47996,92,63.35760869565217391304347826086956521739,13.212,0,0,0,55,2022,0,1,0,1,0,0,0,"upstate",14547.0455871322610217518126510542545212
"36035",2023,"Q3",3,8095,5483,5057,44,382,1,1,1,0,0,"Fulton County",43.115609,-74.423678,5189,4509,5130,5302,5032.5,1,53588,55240,14.75359774019925945718975455204794442112,5.02724490557587519593938941554079271479,19.56408151078599686496976935134731656341,2021,0.53588,92,66.20706521739130434782608695652173913043,14.467,0,0,0,52,2022,0,1,0,1,0,0,0,"upstate",10231.7683063372396805254907815182503546
"36037",2023,"Q3",3,8095,6557,5636,33,888,1,1,1,0,0,"Genesee County",43.00091,-78.192778,5951,5597,6205,5615,5842,1,58387,63734,10.42506061081750475293461008494235431601,5.21177659410485210748968092212307534211,18.83467210166646685049754226111976981177,2021,0.58387,92,68.61576086956521739130434782608695652174,16.511,0,2,0,57,2022,0,1,0,1,0,0,0,"upstate",11230.2396081319471800229503142822888657
"36045",2023,"Q3",3,8095,14682,9316,85,1324,3,3,3,0,3957,"Jefferson County",43.996389,-76.052968,14655,12855,11610,12103,12805.75,3,117634,58271,13.12990756386045124739091541596262796939,7.6670010371151197782953907883775099036,13.74347552578336195317680262509138514375,2021,1.17634,92,68.48804347826086956521739130434782608696,13.7,0,0,0,48,2022,0,1,0,1,0,0,0,"upstate",12481.085400479453219307343115085774521
"36047",2023,"Q3",3,8095,211770,134492,723,23014,15,15,11,4,53541,"Kings County",40.635045,-73.95064,213330,205125,224386,208195,212759,15,2712360,67753,18.79478912253529516888068147971644725085,7.06985798345352386851302924390567623767,14.10867289002934713681074783583300151897,2021,27.1236,92,75.25326086956521739130434782608695652174,9.373,0,13,0,39,2022,0,1,0,1,0,1,0,"nyc",7807.591912577976374817502101490952528425
"36049",2023,"Q3",3,8095,2861,2653,28,180,1,1,1,0,0,"Lewis County",43.782706,-75.444132,2747,2515,2739,2717,2679.5,1,26681,60049,11.92587539790814006366530241018644838563,6.50650275476931149507139912297140287096,18.97605037292455305273415539147708106893,2021,0.26681,92,67.45597826086956521739130434782608695652,10.567,0,1,0,58,2022,0,1,0,1,0,0,0,"upstate",10722.9863948127881263820696375698062292
"36051",2023,"Q3",3,8095,3811,3403,29,379,1,1,1,0,0,"Livingston County",42.729042,-77.778463,3691,3313,3549,3711,3566,1,62253,64467,11.52455879226025940888794386561769083564,4.26003566093200327695050840923328996193,17.85295487767657783560631616147012995358,2021,0.62253,92,69.2836956521739130434782608695652173913,12.229,0,5,0,54,2022,0,1,0,1,0,0,0,"upstate",6121.793327229209837276918381443464571988
"36053",2023,"Q3",3,8095,8942,5550,59,343,2,2,2,0,2990,"Madison County",42.910026,-75.663575,8818,7873,9324,8762,8694.25,2,68466,63312,8.98536012815835805034339461037004139769,4.74980282183857681184821663307335027605,18.62384249116349721029416060526392662051,2021,0.68466,92,66.47336956521739130434782608695652173913,13.571,0,0,0,61,2022,0,1,0,1,0,0,0,"upstate",13060.4971810825811351619782081617153039
"36055",2023,"Q3",3,8095,73982,56363,759,16860,7,7,4,3,0,"Monroe County",43.250347,-77.700518,74846,69817,73960,70916,72384.75,7,757332,66317,13.65578512566082440278144048447019953515,5.40066971948894276222317292812135232632,17.39725774165095361083382189053149741461,2021,7.57332,92,69.74728260869565217391304347826086956522,13.814,0,4,0,55,2022,0,1,0,1,0,0,0,"upstate",9768.767198533800235563795006681349791109
"36057",2023,"Q3",3,8095,11351,8224,25,725,2,2,2,0,2377,"Montgomery County",42.900891,-74.435357,11871,10400,10456,9547,10568.5,2,49539,53533,16.73817980250056457738816235192674865015,6.24154706392942933850097902662548699005,18.46827751872262258018934576798078281758,2021,0.49539,92,68.76304347826086956521739130434782608696,14.13,0,8,0,49,2022,0,1,0,1,0,0,0,"upstate",22913.2602595934516239730313490381315731
"36059",2023,"Q3",3,8095,121245,64124,1089,25020,12,12,12,0,31012,"Nassau County",40.729612,-73.589414,117720,113891,123804,123337,119688,12,1391678,126576,5.46371185318489265078619699988041522168,5.39528540366377854647411254614932477197,17.72931669538499566710115414628958710276,2021,13.91678,92,73.92445652173913043478260869565217391304,10.313,0,7,0,42,2022,0,1,0,1,0,0,1,"downstate_non_nyc",8712.14461966058240483790072128753921525
"36061",2023,"Q3",3,8095,266747,196695,1241,38812,22,22,18,4,29999,"New York County",40.776642,-73.970187,266211,260924,277461,263431,267006.75,22,1669127,93956,15.553597393355869327410338027578433029,4.63721454389030912566868788294719335317,16.79794287672537799700082737862367572989,2021,16.69127,92,75.37934782608695652173913043478260869565,8.721,0,19,0,35,2022,0,1,0,1,0,1,0,"nyc",15981.2285104728399936014455460848695156
"36063",2023,"Q3",3,8095,10620,5033,26,624,6,6,2,4,4937,"Niagara County",43.272672,-78.812943,9501,9186,12386,13013,11021.5,6,212808,60834,12.43635876430731539256593806224399954063,5.19717303860757114394195706928310965753,19.16046389233487462877335438517348971843,2021,2.12808,92,70.1961956521739130434782608695652173913,12.123,0,0,0,52,2022,0,1,0,1,0,0,0,"upstate",4990.413894214503214164881019510544716364
"36065",2023,"Q3",3,8095,27345,15150,92,2412,4,4,3,1,9691,"Oneida County",43.242727,-75.434282,26019,24692,26656,25890,25814.25,4,232034,61733,14.50378562777004069152917587178312367594,5.53151693286328727686459742968702862512,18.67269451890671194738702086763146780213,2021,2.32034,92,67.67934782608695652173913043478260869565,16.161,0,1,0,54,2022,0,1,0,1,0,0,0,"upstate",11784.9108320332365084427282208641836972
"36067",2023,"Q3",3,8095,54025,43360,673,9992,6,6,4,2,0,"Onondaga County",43.006516,-76.196134,53731,47159,49830,47247,49491.75,6,474621,66012,13.81475977771525042205965109735509285312,5.60299691754052180581980148371016031739,17.14947294788894718101390372528817730357,2021,4.74621,92,69.20163043478260869565217391304347826087,16.165,0,4,0,56,2022,0,1,0,1,0,0,0,"upstate",11382.7664599754330297226629247336295697
"36069",2023,"Q3",3,8095,17119,12709,169,1556,3,3,3,0,2685,"Ontario County",42.856357,-77.303497,16252,14916,16173,16558,15974.75,3,112060,70694,8.5421171274784928923034457376822928647,4.80278422273781902552204176334106728538,20.12671782973407103337497769052293414242,2021,1.1206,92,69.74945652173913043478260869565217391304,14.326,0,8,0,54,2022,0,1,0,1,0,0,0,"upstate",15276.637515616633946100303408888095663
"36071",2023,"Q3",3,8095,39085,23980,310,6110,4,4,4,0,8685,"Orange County",41.40241,-74.306252,38857,35923,39164,38444,38097,4,398277,85640,11.70611592409240924092409240924092409241,6.63909791426569950059882945788986057442,13.94582162665682427054537419936375939359,2021,3.98277,92,73.08260869565217391304347826086956521739,9.147,0,22,0,31,2022,0,1,0,1,0,0,0,"upstate",9813.521744916226646278846129703698682073
"36075",2023,"Q3",3,8095,6397,5542,34,821,2,2,2,0,0,"Oswego County",43.461443,-76.209262,6153,5372,6060,6405,5997.5,2,118019,61983,16.44111257523416076071085152605149756045,5.41438242994772028232742185580287919742,16.5083588235792541878850015675442089833,2021,1.18019,92,68.29673913043478260869565217391304347826,15.587,0,2,0,60,2022,0,1,0,1,0,0,0,"upstate",5420.313678306035468865182724815495809997
"36077",2023,"Q3",3,8095,9412,3831,126,1109,3,3,2,1,4346,"Otsego County",42.629776,-75.028841,9427,7878,8791,9161,8814.25,3,58952,60523,12.38176807924331570715722052580621136516,4.04566426923598860089564391369249558963,21.13753562220111276971095128239924005971,2021,0.58952,92,66.45434782608695652173913043478260869565,14.144,0,1,0,49,2022,0,1,0,1,0,0,0,"upstate",15965.5312796851675939747591260686660334
"36079",2023,"Q3",3,8095,5512,4798,32,682,1,1,1,0,0,"Putnam County",41.427907,-73.743861,5316,4932,5597,5144,5247.25,1,97960,111617,6.04949777363570467018742880811846329088,4.50081665986116782360146998775010208248,17.66026949775418538178848509595753368722,2021,0.9796,92,71.81195652173913043478260869565217391304,11.986,0,11,0,43,2022,0,1,0,1,0,0,0,"upstate",5626.786443446304614128215598203348305431
"36081",2023,"Q3",3,8095,158589,123505,623,20445,10,10,8,2,14016,"Queens County",40.654658,-73.841209,158405,152489,186836,170065,166948.75,10,2393104,75886,11.41475478352886387465309722321416119785,6.0027061088861996804150592703033382586,16.03829169146012876999913083593525396305,2021,23.93104,92,74.3336956521739130434782608695652173913,8.826,0,8,0,41,2022,0,1,0,1,0,1,0,"nyc",6626.916339615829483382251669797885925559
"36083",2023,"Q3",3,8095,11979,10365,92,1522,1,1,1,0,0,"Rensselaer County",42.710421,-73.513845,11352,11309,12470,11993,11781,1,161125,76731,11.19399622833383750941307468027727538956,5.06252909231962761830876648564778898371,17.2071373157486423584173778122575640031,2021,1.61125,92,68.50271739130434782608695652173913043478,13.416,0,4,0,52,2022,0,1,0,1,0,0,0,"upstate",7434.600465477114041892940263770364623739
"36085",2023,"Q3",3,8095,35880,11213,76,1909,3,3,2,1,22682,"Richmond County",40.561263,-74.1399,36101,36026,13941,13420,24872,3,493194,89427,10.30427975375636307001221381554679366849,5.61178765353998629342611629500764405082,16.28547792552220829937103857711164369396,2021,4.93194,92,74.79239130434782608695652173913043478261,10.265,0,10,0,36,2022,0,1,0,1,0,1,0,"nyc",7275.027676735726712003795666613949074806
"36087",2023,"Q3",3,8095,22220,17596,96,4528,2,2,2,0,0,"Rockland County",41.154628,-74.024662,22270,21910,22990,22550,22430,2,336485,99707,14.88748061957159845257627986091249830656,8.2039318245984219207394088889549311262,15.47201212535477064356509205462353448148,2021,3.36485,92,73.93586956521739130434782608695652173913,9.01,0,20,0,37,2022,0,1,0,1,0,0,1,"downstate_non_nyc",6603.563308914216086898375856278883159725
"36089",2023,"Q3",3,8095,13385,5773,67,743,5,5,4,1,6802,"St. Lawrence County",44.488112,-75.074311,13285,12108,17092,16591,14769,5,108836,54351,17.10557557113214753946050852181812550971,5.05255613951266125179168657429526994744,17.41151824763864897644161858208680951156,2021,1.08836,92,67.16739130434782608695652173913043478261,13.033,0,1,0,52,2022,0,1,0,1,0,0,0,"upstate",12298.3204086883016648902936528354588555
"36091",2023,"Q3",3,8095,9940,7931,188,1821,1,1,1,0,0,"Saratoga County",43.106135,-73.855387,9730,8778,9244,9936,9422,1,235010,90800,6.38085441123078784944935253539876558151,4.85553806221011871835241053572188417514,18.19539594059827241393983234755967831156,2021,2.3501,92,69.72065217391304347826086956521739130435,13.368,0,6,0,45,2022,0,1,0,1,0,0,0,"upstate",4229.607250755287009063444108761329305136
"36093",2023,"Q3",3,8095,11415,9522,62,1831,2,2,1,1,0,"Schenectady County",42.817552,-74.043559,10815,10424,11783,12409,11357.75,2,157515,69891,11.9708248249946177282246331900235515165,5.88578865504872551820461543345078246516,17.10694219598133511094181506523188267784,2021,1.57515,92,70.04184782608695652173913043478260869565,11.642,0,10,0,44,2022,0,1,0,1,0,0,0,"upstate",7246.928863917722121702694981430339967622
"36095",2023,"Q3",3,8095,2952,2933,0,19,1,1,1,0,0,"Schoharie County",42.591294,-74.438172,2929,2540,3191,2947,2901.75,1,29936,64220,12.06902586719871189051069340893975987959,4.23236237306253340459647247461250668092,22.04369321218599679315873864243719935863,2021,0.29936,92,65.55978260869565217391304347826086956522,9.36,0,1,0,48,2022,0,1,0,1,0,0,0,"upstate",9861.036878674505611972207375734901122394
"36097",2023,"Q3",3,8095,2114,2097,0,17,1,1,1,0,0,"Schuyler County",42.419776,-76.938603,1914,1741,1989,2131,1943.75,1,17920,56437,15.80227362705729313952830722244216956055,4.82142857142857142857142857142857142857,21.33370535714285714285714285714285714286,2021,0.1792,92,68.45434782608695652173913043478260869565,13.864,0,4,0,53,2022,0,1,0,1,0,0,0,"upstate",11796.875
"36101",2023,"Q3",3,8095,12058,10918,115,1025,3,3,2,1,0,"Steuben County",42.266725,-77.385525,11452,10563,12033,11441,11372.25,3,94153,58652,12.75924645696508814379536812996889042516,5.46982039871273352946799358490966830584,19.46725011417586269157647658598239036462,2021,0.94153,92,67.41902173913043478260869565217391304348,10.792,0,1,0,50,2022,0,1,0,1,0,0,0,"upstate",12806.8144403258526016165177955030641615
"36103",2023,"Q3",3,8095,116506,76845,1490,21804,11,11,10,1,16367,"Suffolk County",40.943554,-72.692218,111726,108272,137306,139049,124088.25,11,1522998,111660,6.62519057590853158463575521531317946452,5.26356567769622809747616214860426605944,16.91912924376788413379400366907901389234,2021,15.22998,92,74.81521739130434782608695652173913043478,7.693,0,10,0,40,2022,0,1,0,1,0,0,1,"downstate_non_nyc",7649.780236086981072857613732913634817643
"36105",2023,"Q3",3,8095,8583,6711,36,610,2,2,2,0,1226,"Sullivan County",41.719993,-74.771577,7498,6605,7735,8513,7587.75,2,78230,63393,14.06726590547142818581801495397738008476,5.74587754058545315096510290170011504538,18.84826792790489582001789594784609484852,2021,0.7823,92,68.45434782608695652173913043478260869565,11.356,0,3,0,43,2022,0,1,0,1,0,0,0,"upstate",10971.4943116451489198517192892752141122
"36109",2023,"Q3",3,8095,8517,7615,35,867,2,2,1,1,0,"Tompkins County",42.453006,-76.473483,8284,7790,8723,8685,8370.5,2,105638,64260,16.84627298706398202482493837394472197378,3.74675779549025918703496847725250383385,14.5989132698460781158295310399666786573,2021,1.05638,92,68.96793478260869565217391304347826086957,14.393,0,6,0,55,2022,0,1,0,1,0,0,0,"upstate",8062.439652397811393627293208883167042163
"36111",2023,"Q3",3,8095,8255,6828,26,1401,2,2,1,1,0,"Ulster County",41.947212,-74.265458,7578,6670,6010,7741,6999.75,2,181862,71040,13.16956082322675486953325983094450569644,4.328556817806908535043054623835655607,19.8848577492824229360724065500214448318,2021,1.81862,92,70.93967391304347826086956521739130434783,11.573,0,6,0,39,2022,0,1,0,1,0,0,0,"upstate",4539.15606338872331768043901419757838361
"36113",2023,"Q3",3,8095,11642,9250,133,2259,1,1,1,0,0,"Warren County",43.555105,-73.838139,10725,10023,10323,11338,10602.25,1,65692,68765,7.94306774198522722015759687890329843174,4.33842781465018571515557449917798209828,22.45935578152590878645801619679717469403,2021,0.65692,92,68.45543478260869565217391304347826086957,9.437,0,7,0,45,2022,0,1,0,1,0,0,0,"upstate",17722.0970590026182792425257261158131888
"36117",2023,"Q3",3,8095,5753,4793,29,931,1,1,1,0,0,"Wayne County",43.218114,-77.049402,5721,5289,5611,5754,5593.75,1,91332,64152,11.15476559387312408694497321705254770021,5.38037051635790303508080409932991722507,18.94407217623614943283843559759996496299,2021,0.91332,92,69.54456521739130434782608695652173913043,13.806,0,7,0,54,2022,0,1,0,1,0,0,0,"upstate",6298.997065650593439320282047913108220558
"36119",2023,"Q3",3,8095,96003,62162,760,16127,13,13,11,2,16954,"Westchester County",41.152686,-73.745753,95263,91281,93641,88461,92161.5,13,999723,105387,8.20521795733888474375389565927604449726,5.4343053025688115608023422488029184084,17.05562440796100519843996787110029478165,2021,9.99723,92,73.80217391304347826086956521739130434783,9.895,0,16,0,38,2022,0,1,0,1,0,0,1,"downstate_non_nyc",9602.960019925519368865175653656062729376
"36121",2023,"Q3",3,8095,3694,3260,17,417,1,1,1,0,0,"Wyoming County",42.701365,-78.228576,3430,3221,3678,3597,3481.5,1,40679,60013,9.24334188463674592049932559308137843485,4.68792251530273605545859042749330121193,18.14449716069716561370731827232724501586,2021,0.40679,92,66.40271739130434782608695652173913043478,13.343,0,0,0,53,2022,0,1,0,1,0,0,0,"upstate",9080.852528331571572555864205118119914452
"36123",2023,"Q3",3,8095,2198,2124,0,74,1,1,1,0,0,"Yates County",42.638237,-77.104324,1981,1726,2030,2205,1985.5,1,24808,57635,13.22254335260115606936416184971098265896,6.03837471783295711060948081264108352144,20.807803934214769429216381812318606901,2021,0.24808,92,69.1875,12.983,0,5,0,52,2022,0,1,0,1,0,0,0,"upstate",8860.045146726862302483069977426636568849
"36001",2023,"Q4",4,8096,40267,30860,454,8953,5,5,3,2,0,"Albany County",42.58824,-73.97401,40256,41022,38431,41418,40281.75,5,314679,73810,11.71367175209698689927099162544098647084,4.89514711817439358838689585259899770878,17.01924818624693735520959453919708655487,2021,3.14679,92,41.25760869565217391304347826086956521739,9.717,15.516,0,40,35,2022,0,1,0,0,1,0,0,"upstate",12796.2145551498511181235481236434588899
"36003",2023,"Q4",4,8096,6428,6120,20,288,2,2,2,0,0,"Allegany County",42.247853,-78.026153,5809,5858,5525,3511,5175.75,2,46654,54375,16.28058021216713574366746048928339467417,5.12281905088524027950443691859218930853,18.95657392720881382089424272302482102285,2021,0.46654,92,39.07771739130434782608695652173913043478,8.77,11.716,0,45,44,2022,0,1,0,0,1,0,0,"upstate",13778.0254640545290864663265743558966005
"36005",2023,"Q4",4,8096,195893,132389,293,23080,11,11,10,1,40131,"Bronx County",40.848711,-73.852939,184352,187349,185600,199815,189279,11,1468262,43726,26.50396840344481694003937013366592865105,7.01155515841178209338660266355732151346,13.00959910424706217282746539786495870628,2021,14.68262,92,46.80489130434782608695652173913043478261,17.457,1.461,0,23,39,2022,0,1,0,0,1,1,0,"nyc",13341.8286382130709641739689510455218483
"36007",2023,"Q4",4,8096,25216,20498,294,4424,3,3,3,0,0,"Broome County",42.161977,-75.830283,25514,24431,23327,24170,24360.5,3,198591,53982,18.7406288908315452064955363055974992715,5.10697866469276049770634117356778504565,19.00992492106893061619106606039548620028,2021,1.98591,92,40.36141304347826086956521739130434782609,9.519,14.939,0,45,40,2022,0,1,0,0,1,0,0,"upstate",12697.4535603325427637707650397047197506
"36009",2023,"Q4",4,8096,6817,5611,42,1164,1,1,1,0,0,"Cattaraugus County",42.239099,-78.662332,6945,6590,6185,6684,6601,1,77211,53537,17.27015029149061346740118735626036262502,5.56915465412959293364935048114905907189,19.31331027962336972711142194764994625118,2021,0.77211,92,38.47065217391304347826086956521739130435,11.668,20.01,0,46,42,2022,0,1,0,0,1,0,0,"upstate",8829.052855163124425276191216277473417
"36011",2023,"Q4",4,8096,6100,5185,71,844,1,1,1,0,0,"Cayuga County",43.008546,-76.574587,6228,5772,5445,5966,5852.75,1,76644,59602,13.48103903319905542436449506875954993749,4.88361776525233547309639371640311048484,19.17436459474975210062105318094045195971,2021,0.76644,92,43.23913043478260869565217391304347826087,9.813,10.225,0,32,44,2022,0,1,0,0,1,0,0,"upstate",7958.874797766296122331819842388184332759
"36013",2023,"Q4",4,8096,14560,13186,103,1271,3,3,2,1,0,"Chautauqua County",42.304216,-79.407595,14849,14119,13478,14501,14236.75,3,128042,50408,17.33350731540230634980182354956042342886,5.34668311960138079692600865341059964699,20.17384920572937005045219537339310538729,2021,1.28042,92,40.60760869565217391304347826086956521739,13.623,29.021,0,37,48,2022,0,1,0,0,1,0,0,"upstate",11371.2688024242045578794458068446291061
"36015",2023,"Q4",4,8096,8445,7121,43,1281,2,2,1,1,0,"Chemung County",42.148697,-76.752471,8499,8375,7934,8360,8292,2,84456,58175,14.47817765602131572034375351821968701918,5.43833475419153168513782324524012503552,18.8216349341669034763663919674149853178,2021,0.84456,92,40.57282608695652173913043478260869565217,8.9,16.484,0,44,39,2022,0,1,0,0,1,0,0,"upstate",9999.289570900824097755044046604148905939
"36017",2023,"Q4",4,8096,4832,4634,14,184,1,1,1,0,0,"Chenango County",42.478024,-75.602241,4490,4449,3870,4435,4311,1,47407,55690,12.20608798537162525545875013445197375497,5.17223194886831058704410741029805724893,20.62142721539013225894910034383107979834,2021,0.47407,92,39.41847826086956521739130434782608695652,10.191,16.593,0,44,44,2022,0,1,0,0,1,0,0,"upstate",10192.5875925496234733267239015335288038
"36019",2023,"Q4",4,8096,9302,7822,85,1395,1,1,1,0,0,"Clinton County",44.752712,-73.705643,9832,8601,7593,8598,8656,1,80095,62470,12.71222674298324253499758637335356182332,4.66446095261876521630563705599600474437,16.99731568762095012173044509644796803795,2021,0.80095,92,37.4413043478260869565217391304347826087,9.574,22.875,0,47,47,2022,0,1,0,0,1,0,0,"upstate",11613.7087208939384480928896934889818341
"36021",2023,"Q4",4,8096,5148,4473,41,634,1,1,1,0,0,"Columbia County",42.247696,-73.626718,5559,5592,4971,5304,5356.5,1,61587,73065,9.70081747520771911015813454837845081748,3.9423904395408121843895627323948235829,24.22426810852939743777095815675386039262,2021,0.61587,92,43.02554347826086956521739130434782608696,11.781,9.068,0,37,36,2022,0,1,0,0,1,0,0,"upstate",8358.906912173023527692532514978810463247
"36023",2023,"Q4",4,8096,6686,5789,63,834,1,1,1,0,0,"Cortland County",42.594039,-76.07624,6491,6195,5949,6727,6340.5,1,46984,62163,12.76930553305718186656793094670585240553,5.10599352971224246552017708155967989103,16.18636131449003916226800612974629661161,2021,0.46984,92,39.37934782608695652173913043478260869565,9.794,20.092,0,46,45,2022,0,1,0,0,1,0,0,"upstate",14230.3762983143197684318065724501958113
"36025",2023,"Q4",4,8096,4528,2043,0,0,4,4,3,1,2485,"Delaware County",42.193986,-74.966728,4827,4341,4077,4713,4489.5,4,44644,52757,15.44320513122833494470252552644610559577,3.8437416002150344951169250067198279724,24.58785055102589373712032971955917928501,2021,0.44644,92,38.5586956521739130434782608695652173913,8.101,16.206,0,50,43,2022,0,1,0,0,1,0,0,"upstate",10142.4603530149628169518860317175880297
"36027",2023,"Q4",4,8096,30093,23567,279,6247,3,3,3,0,0,"Dutchess County",41.754825,-73.740014,30286,29263,28110,30260,29479.75,3,296012,87112,8.82058577525503456460041606199466697168,4.55690985500587814007540234855343702282,17.68340472683539856492304366039214626434,2021,2.96012,92,43.35923913043478260869565217391304347826,11.955,8.958,0,37,34,2022,0,1,0,0,1,0,0,"upstate",10166.141913165682472332202748537221464
"36029",2023,"Q4",4,8096,92982,71808,870,17281,10,10,10,0,3023,"Erie County",42.752759,-78.778192,94205,91629,86485,88052,90092.75,10,949715,62578,13.78655743624171231447638259621174529765,5.37856093670206325055411360250180317253,17.95412307902897184944957171361934896258,2021,9.49715,92,42.75217391304347826086956521739130434783,15.643,36.019,0,34,46,2022,0,1,0,0,1,0,0,"upstate",9790.516102199080776864638338870082077255
"36031",2023,"Q4",4,8096,3704,3663,0,41,3,3,2,1,0,"Essex County",44.109601,-73.778431,4040,3599,3127,4172,3734.5,3,37501,61563,9.51412364636452185870623961496590843981,3.94389482947121410095730780512519666142,23.4500413322311405029199221354097224074,2021,0.37501,92,33.61847826086956521739130434782608695652,14.977,35.993,0,53,52,2022,0,1,0,0,1,0,0,"upstate",9877.069944801471960747713394309485080398
"36033",2023,"Q4",4,8096,6161,3034,41,231,3,3,2,1,2855,"Franklin County",44.594376,-74.31067,6982,6386,5666,6537,6392.75,3,47996,55279,18.39858149409733563529466660445149549718,4.82123510292524377031419284940411700975,16.94932911075922993582798566547212267689,2021,0.47996,92,36.61195652173913043478260869565217391304,12.37,30.152,0,48,47,2022,0,1,0,0,1,0,0,"upstate",12836.4863738644887073922826902241853488
"36035",2023,"Q4",4,8096,5392,4949,38,405,1,1,1,0,0,"Fulton County",43.115609,-74.423678,5483,5189,4509,5130,5077.75,1,53588,55240,14.75359774019925945718975455204794442112,5.02724490557587519593938941554079271479,19.56408151078599686496976935134731656341,2021,0.53588,92,38.80597826086956521739130434782608695652,12.442,22.132,0,45,40,2022,0,1,0,0,1,0,0,"upstate",10061.9541688437709935060088079420765843
"36037",2023,"Q4",4,8096,5911,5014,25,872,1,1,1,0,0,"Genesee County",43.00091,-78.192778,6557,5951,5597,6205,6077.5,1,58387,63734,10.42506061081750475293461008494235431601,5.21177659410485210748968092212307534211,18.83467210166646685049754226111976981177,2021,0.58387,92,41.82282608695652173913043478260869565217,12.557,25.853,0,39,50,2022,0,1,0,0,1,0,0,"upstate",10123.8289345230958946340795039991778992
"36045",2023,"Q4",4,8096,14266,8430,76,1237,3,3,3,0,4523,"Jefferson County",43.996389,-76.052968,14682,14655,12855,11610,13450.5,3,117634,58271,13.12990756386045124739091541596262796939,7.6670010371151197782953907883775099036,13.74347552578336195317680262509138514375,2021,1.17634,92,42.93641304347826086956521739130434782609,15.14,36.404,0,32,52,2022,0,1,0,0,1,0,0,"upstate",12127.4461465222639713008143903973341041
"36047",2023,"Q4",4,8096,225963,144056,697,23862,15,15,11,4,57348,"Kings County",40.635045,-73.95064,211770,213330,205125,224386,213652.75,15,2712360,67753,18.79478912253529516888068147971644725085,7.06985798345352386851302924390567623767,14.10867289002934713681074783583300151897,2021,27.1236,92,47.35163043478260869565217391304347826087,17.864,0.937,0,22,36,2022,0,1,0,0,1,1,0,"nyc",8330.863159757554306950404813520329159846
"36049",2023,"Q4",4,8096,2737,2477,27,233,1,1,1,0,0,"Lewis County",43.782706,-75.444132,2861,2747,2515,2739,2715.5,1,26681,60049,11.92587539790814006366530241018644838563,6.50650275476931149507139912297140287096,18.97605037292455305273415539147708106893,2021,0.26681,92,40.51304347826086956521739130434782608696,12.23,27.644,0,44,51,2022,0,1,0,0,1,0,0,"upstate",10258.2361980435515910198268430718488812
"36051",2023,"Q4",4,8096,3865,3351,43,471,1,1,1,0,0,"Livingston County",42.729042,-77.778463,3811,3691,3313,3549,3591,1,62253,64467,11.52455879226025940888794386561769083564,4.26003566093200327695050840923328996193,17.85295487767657783560631616147012995358,2021,0.62253,92,41.91902173913043478260869565217391304348,10.164,12.954,0,35,43,2022,0,1,0,0,1,0,0,"upstate",6208.53613480474836554061651647310169791
"36053",2023,"Q4",4,8096,8925,5410,59,430,2,2,2,0,3026,"Madison County",42.910026,-75.663575,8942,8818,7873,9324,8739.25,2,68466,63312,8.98536012815835805034339461037004139769,4.74980282183857681184821663307335027605,18.62384249116349721029416060526392662051,2021,0.68466,92,39.75163043478260869565217391304347826087,10.048,19.899,0,44,47,2022,0,1,0,0,1,0,0,"upstate",13035.6673385329944790114801507317500657
"36055",2023,"Q4",4,8096,75787,58024,692,17071,7,7,4,3,0,"Monroe County",43.250347,-77.700518,73982,74846,69817,73960,73151.25,7,757332,66317,13.65578512566082440278144048447019953515,5.40066971948894276222317292812135232632,17.39725774165095361083382189053149741461,2021,7.57332,92,43.5413043478260869565217391304347826087,9.986,12.043,0,29,46,2022,0,1,0,0,1,0,0,"upstate",10007.1038857462777223199336618550384772
"36057",2023,"Q4",4,8096,11091,8015,46,748,2,2,2,0,2282,"Montgomery County",42.900891,-74.435357,11351,11871,10400,10456,11019.5,2,49539,53533,16.73817980250056457738816235192674865015,6.24154706392942933850097902662548699005,18.46827751872262258018934576798078281758,2021,0.49539,92,40.43858695652173913043478260869565217391,11.427,15.736,0,45,37,2022,0,1,0,0,1,0,0,"upstate",22388.4212438684672682129231514564282686
"36059",2023,"Q4",4,8096,123061,64642,934,26234,12,12,12,0,31251,"Nassau County",40.729612,-73.589414,121245,117720,113891,123804,119165,12,1391678,126576,5.46371185318489265078619699988041522168,5.39528540366377854647411254614932477197,17.72931669538499566710115414628958710276,2021,13.91678,92,46.80326086956521739130434782608695652174,18.214,0.992,0,25,35,2022,0,1,0,0,1,0,1,"downstate_non_nyc",8842.63457495196446304389377427824539872
"36061",2023,"Q4",4,8096,284241,211655,1155,41515,22,22,18,4,29916,"New York County",40.776642,-73.970187,266747,266211,260924,277461,267835.75,22,1669127,93956,15.553597393355869327410338027578433029,4.63721454389030912566868788294719335317,16.79794287672537799700082737862367572989,2021,16.69127,92,46.85706521739130434782608695652173913043,18.295,1.901,0,22,38,2022,0,1,0,0,1,1,0,"nyc",17029.321315873507528186890512225852197
"36063",2023,"Q4",4,8096,9994,4595,16,583,6,6,2,4,4800,"Niagara County",43.272672,-78.812943,10620,9501,9186,12386,10423.25,6,212808,60834,12.43635876430731539256593806224399954063,5.19717303860757114394195706928310965753,19.16046389233487462877335438517348971843,2021,2.12808,92,43.5211956521739130434782608695652173913,9.273,8.986,0,27,41,2022,0,1,0,0,1,0,0,"upstate",4696.252020600729295891131912334122777339
"36065",2023,"Q4",4,8096,13722,9782,51,1055,4,4,3,1,2834,"Oneida County",43.242727,-75.434282,27345,26019,24692,26656,26178,4,232034,61733,14.50378562777004069152917587178312367594,5.53151693286328727686459742968702862512,18.67269451890671194738702086763146780213,2021,2.32034,92,40.63315217391304347826086956521739130435,14.449,28.913,0,40,46,2022,0,1,0,0,1,0,0,"upstate",5913.788496513441995569614797831352301818
"36067",2023,"Q4",4,8096,55443,43961,622,10860,6,6,4,2,0,"Onondaga County",43.006516,-76.196134,54025,53731,47159,49830,51186.25,6,474621,66012,13.81475977771525042205965109735509285312,5.60299691754052180581980148371016031739,17.14947294788894718101390372528817730357,2021,4.74621,92,42.35706521739130434782608695652173913043,10.71,14.11,0,36,47,2022,0,1,0,0,1,0,0,"upstate",11681.5311585454499484852124115873507493
"36069",2023,"Q4",4,8096,16521,11864,165,1598,3,3,3,0,2894,"Ontario County",42.856357,-77.303497,17119,16252,14916,16173,16115,3,112060,70694,8.5421171274784928923034457376822928647,4.80278422273781902552204176334106728538,20.12671782973407103337497769052293414242,2021,1.1206,92,42.16141304347826086956521739130434782609,9.245,12.734,0,34,42,2022,0,1,0,0,1,0,0,"upstate",14742.9948242013207210422987685168659647
"36071",2023,"Q4",4,8096,38846,24117,301,6028,4,4,4,0,8400,"Orange County",41.40241,-74.306252,39085,38857,35923,39164,38257.25,4,398277,85640,11.70611592409240924092409240924092409241,6.63909791426569950059882945788986057442,13.94582162665682427054537419936375939359,2021,3.98277,92,43.84945652173913043478260869565217391304,11.693,8.241,0,38,36,2022,0,1,0,0,1,0,0,"upstate",9753.513258360387368590202296391707279105
"36075",2023,"Q4",4,8096,5986,5117,28,841,2,2,2,0,0,"Oswego County",43.461443,-76.209262,6397,6153,5372,6060,5995.5,2,118019,61983,16.44111257523416076071085152605149756045,5.41438242994772028232742185580287919742,16.5083588235792541878850015675442089833,2021,1.18019,92,42.39945652173913043478260869565217391304,13.56,24.912,0,33,52,2022,0,1,0,0,1,0,0,"upstate",5072.064667553529516433794558503291842839
"36077",2023,"Q4",4,8096,9055,3418,125,1175,3,3,2,1,4337,"Otsego County",42.629776,-75.028841,9412,9427,7878,8791,8877,3,58952,60523,12.38176807924331570715722052580621136516,4.04566426923598860089564391369249558963,21.13753562220111276971095128239924005971,2021,0.58952,92,39.38315217391304347826086956521739130435,9.219,17.969,0,48,45,2022,0,1,0,0,1,0,0,"upstate",15359.9538607680825078029583389876509703
"36079",2023,"Q4",4,8096,5298,4508,44,746,1,1,1,0,0,"Putnam County",41.427907,-73.743861,5512,5316,4932,5597,5339.25,1,97960,111617,6.04949777363570467018742880811846329088,4.50081665986116782360146998775010208248,17.66026949775418538178848509595753368722,2021,0.9796,92,43.49782608695652173913043478260869565217,15.816,7.221,0,35,35,2022,0,1,0,0,1,0,0,"upstate",5408.329930583911800734993875051041241323
"36081",2023,"Q4",4,8096,168828,132662,589,21224,10,10,8,2,14353,"Queens County",40.654658,-73.841209,158589,158405,152489,186836,164079.75,10,2393104,75886,11.41475478352886387465309722321416119785,6.0027061088861996804150592703033382586,16.03829169146012876999913083593525396305,2021,23.93104,92,47.30923913043478260869565217391304347826,19.588,0.855,0,22,35,2022,0,1,0,0,1,1,0,"nyc",7054.770707833842574330242229338967299374
"36083",2023,"Q4",4,8096,11004,9324,87,1593,1,1,1,0,0,"Rensselaer County",42.710421,-73.513845,11979,11352,11309,12470,11777.5,1,161125,76731,11.19399622833383750941307468027727538956,5.06252909231962761830876648564778898371,17.2071373157486423584173778122575640031,2021,1.61125,92,40.73043478260869565217391304347826086957,11.348,14.413,0,42,40,2022,0,1,0,0,1,0,0,"upstate",6829.480217222653219550038789759503491078
"36085",2023,"Q4",4,8096,38183,12109,101,2073,3,3,2,1,23900,"Richmond County",40.561263,-74.1399,35880,36101,36026,13941,30487,3,493194,89427,10.30427975375636307001221381554679366849,5.61178765353998629342611629500764405082,16.28547792552220829937103857711164369396,2021,4.93194,92,47.41576086956521739130434782608695652174,18.34,0.633,0,21,36,2022,0,1,0,0,1,1,0,"nyc",7741.983884637688211940940076318852216369
"36087",2023,"Q4",4,8096,22865,18089,139,4637,2,2,2,0,0,"Rockland County",41.154628,-74.024662,22220,22270,21910,22990,22347.5,2,336485,99707,14.88748061957159845257627986091249830656,8.2039318245984219207394088889549311262,15.47201212535477064356509205462353448148,2021,3.36485,92,45.3538043478260869565217391304347826087,13.426,5.512,0,26,35,2022,0,1,0,0,1,0,1,"downstate_non_nyc",6795.250902714831270338945272448994754595
"36089",2023,"Q4",4,8096,13551,5858,79,700,5,5,4,1,6914,"St. Lawrence County",44.488112,-75.074311,13385,13285,12108,17092,13967.5,5,108836,54351,17.10557557113214753946050852181812550971,5.05255613951266125179168657429526994744,17.41151824763864897644161858208680951156,2021,1.08836,92,40.18423913043478260869565217391304347826,12.555,26.624,0,44,46,2022,0,1,0,0,1,0,0,"upstate",12450.8434709103605424675658789371163953
"36091",2023,"Q4",4,8096,9559,7498,177,1884,1,1,1,0,0,"Saratoga County",43.106135,-73.855387,9940,9730,8778,9244,9423,1,235010,90800,6.38085441123078784944935253539876558151,4.85553806221011871835241053572188417514,18.19539594059827241393983234755967831156,2021,2.3501,92,41.48423913043478260869565217391304347826,10.243,15.516,0,39,34,2022,0,1,0,0,1,0,0,"upstate",4067.486489936598442619463001574401089315
"36093",2023,"Q4",4,8096,11692,9680,67,1945,2,2,1,1,0,"Schenectady County",42.817552,-74.043559,11415,10815,10424,11783,11109.25,2,157515,69891,11.9708248249946177282246331900235515165,5.88578865504872551820461543345078246516,17.10694219598133511094181506523188267784,2021,1.57515,92,41.27010869565217391304347826086956521739,10.241,15.957,0,41,34,2022,0,1,0,0,1,0,0,"upstate",7422.785131574770656762847982731803320319
"36095",2023,"Q4",4,8096,2906,2885,0,21,1,1,1,0,0,"Schoharie County",42.591294,-74.438172,2952,2929,2540,3191,2903,1,29936,64220,12.06902586719871189051069340893975987959,4.23236237306253340459647247461250668092,22.04369321218599679315873864243719935863,2021,0.29936,92,38.33858695652173913043478260869565217391,8.645,17.995,0,50,42,2022,0,1,0,0,1,0,0,"upstate",9707.375734901122394441475146980224478888
"36097",2023,"Q4",4,8096,2008,1983,0,25,1,1,1,0,0,"Schuyler County",42.419776,-76.938603,2114,1914,1741,1989,1939.5,1,17920,56437,15.80227362705729313952830722244216956055,4.82142857142857142857142857142857142857,21.33370535714285714285714285714285714286,2021,0.1792,92,40.96467391304347826086956521739130434783,8.187,14.386,0,39,38,2022,0,1,0,0,1,0,0,"upstate",11205.3571428571428571428571428571428571
"36101",2023,"Q4",4,8096,12000,10763,94,1143,3,3,2,1,0,"Steuben County",42.266725,-77.385525,12058,11452,10563,12033,11526.5,3,94153,58652,12.75924645696508814379536812996889042516,5.46982039871273352946799358490966830584,19.46725011417586269157647658598239036462,2021,0.94153,92,39.86467391304347826086956521739130434783,8.362,11.578,0,45,38,2022,0,1,0,0,1,0,0,"upstate",12745.212579524815990993383110469130033
"36103",2023,"Q4",4,8096,115562,75797,1420,22257,11,11,10,1,16088,"Suffolk County",40.943554,-72.692218,116506,111726,108272,137306,118452.5,11,1522998,111660,6.62519057590853158463575521531317946452,5.26356567769622809747616214860426605944,16.91912924376788413379400366907901389234,2021,15.22998,92,48.32771739130434782608695652173913043478,16.264,0.745,0,19,36,2022,0,1,0,0,1,0,1,"downstate_non_nyc",7587.797226260310256480967145065193782264
"36105",2023,"Q4",4,8096,7561,5857,41,541,2,2,2,0,1122,"Sullivan County",41.719993,-74.771577,8583,7498,6605,7735,7605.25,2,78230,63393,14.06726590547142818581801495397738008476,5.74587754058545315096510290170011504538,18.84826792790489582001789594784609484852,2021,0.7823,92,40.63695652173913043478260869565217391304,9.925,16.949,0,40,37,2022,0,1,0,0,1,0,0,"upstate",9665.09011888022497763006519238143934552
"36109",2023,"Q4",4,8096,7830,6882,68,880,2,2,1,1,0,"Tompkins County",42.453006,-76.473483,8517,8284,7790,8723,8328.5,2,105638,64260,16.84627298706398202482493837394472197378,3.74675779549025918703496847725250383385,14.5989132698460781158295310399666786573,2021,1.05638,92,42.33858695652173913043478260869565217391,9.565,16.838,0,34,45,2022,0,1,0,0,1,0,0,"upstate",7412.105492341770953634108938071527291316
"36111",2023,"Q4",4,8096,7748,6216,14,1518,2,2,1,1,0,"Ulster County",41.947212,-74.265458,8255,7578,6670,6010,7128.25,2,181862,71040,13.16956082322675486953325983094450569644,4.328556817806908535043054623835655607,19.8848577492824229360724065500214448318,2021,1.81862,92,43.1625,14.912,21.111,0,35,34,2022,0,1,0,0,1,0,0,"upstate",4260.373250046738735964632523561821600994
"36113",2023,"Q4",4,8096,10520,8078,98,2344,1,1,1,0,0,"Warren County",43.555105,-73.838139,11642,10725,10023,10323,10678.25,1,65692,68765,7.94306774198522722015759687890329843174,4.33842781465018571515557449917798209828,22.45935578152590878645801619679717469403,2021,0.65692,92,40.34021739130434782608695652173913043478,11.936,17.943,0,42,37,2022,0,1,0,0,1,0,0,"upstate",16014.1265298666504292760153443341654996
"36117",2023,"Q4",4,8096,5655,4706,38,911,1,1,1,0,0,"Wayne County",43.218114,-77.049402,5753,5721,5289,5611,5593.5,1,91332,64152,11.15476559387312408694497321705254770021,5.38037051635790303508080409932991722507,18.94407217623614943283843559759996496299,2021,0.91332,92,42.84076086956521739130434782608695652174,10.677,13.254,0,32,47,2022,0,1,0,0,1,0,0,"upstate",6191.696229142031270529496780974904743135
"36119",2023,"Q4",4,8096,102031,66271,720,16897,13,13,11,2,18143,"Westchester County",41.152686,-73.745753,96003,95263,91281,93641,94047,13,999723,105387,8.20521795733888474375389565927604449726,5.4343053025688115608023422488029184084,17.05562440796100519843996787110029478165,2021,9.99723,92,45.30108695652173913043478260869565217391,18.923,3.776,0,30,38,2022,0,1,0,0,1,0,1,"downstate_non_nyc",10205.9270417905759895491051021132853801
"36121",2023,"Q4",4,8096,3557,3143,15,399,1,1,1,0,0,"Wyoming County",42.701365,-78.228576,3694,3430,3221,3678,3505.75,1,40679,60013,9.24334188463674592049932559308137843485,4.68792251530273605545859042749330121193,18.14449716069716561370731827232724501586,2021,0.40679,92,39.15163043478260869565217391304347826087,12.149,28.413,0,44,49,2022,0,1,0,0,1,0,0,"upstate",8744.069421568868457926694363184935716217
"36123",2023,"Q4",4,8096,2048,1982,0,66,1,1,1,0,0,"Yates County",42.638237,-77.104324,2198,1981,1726,2030,1983.75,1,24808,57635,13.22254335260115606936416184971098265896,6.03837471783295711060948081264108352144,20.807803934214769429216381812318606901,2021,0.24808,92,41.69347826086956521739130434782608695652,8.07,11.441,0,37,39,2022,0,1,0,0,1,0,0,"upstate",8255.401483392454047081586584972589487262
"36001",2024,"Q1",1,8097,38862,29732,408,8722,3,3,3,0,0,"Albany County",42.58824,-73.97401,40267,40256,41022,38431,39994,5,315041,78829,12.54645537948290241868223519599666388657,4.76382439111099825102129564088483721166,17.50883218374751222856707539653568900556,2022,3.15041,90,32.275,11.442,52.75,0,77,49,2023,0,1,0,0,0,0,0,"upstate",12335.5372792747610628457883259639221562
"36003",2024,"Q1",1,8097,3763,3436,14,313,2,2,1,1,0,"Allegany County",42.247853,-78.026153,6428,5809,5858,5525,5905,2,47222,58725,17.05236367064146674836216241692982042702,4.99767057727330481555207318622675871416,19.32997331752149421879632374740587014527,2022,0.47222,90,31.97333333333333333333333333333333333333,10.468,30.595,0,83,57,2023,0,1,0,0,0,0,0,"upstate",7968.743382321799161407818389733598746347
"36005",2024,"Q1",1,8097,193741,130109,311,22832,11,11,10,1,40489,"Bronx County",40.848711,-73.852939,195893,184352,187349,185600,188298.5,11,1443229,47036,26.91498993322347960503664703373680728038,6.88664099737463701186713958768844029603,13.27904303475054894268338565813186957856,2022,14.43229,90,39.81833333333333333333333333333333333333,11.577,10.39,0,48,42,2023,0,1,0,0,0,1,0,"nyc",13424.1343542847323605609366219775240104
"36007",2024,"Q1",1,8097,24759,19946,327,4486,3,3,3,0,0,"Broome County",42.161977,-75.830283,25216,25514,24431,23327,24622,3,198365,58317,19.08122150355211536422436645106563460927,4.91114864013308799435384266377637183979,19.73836110200892294507599626950318856653,2022,1.98365,90,33.08277777777777777777777777777777777778,11.023,34.426,0,78,55,2023,0,1,0,0,0,0,0,"upstate",12481.5365613893580016635999294230332972
"36009",2024,"Q1",1,8097,6606,5458,76,1072,1,1,1,0,0,"Cattaraugus County",42.239099,-78.662332,6817,6945,6590,6185,6634.25,1,77000,56889,17.42366437760197046972678473421415471936,5.4974025974025974025974025974025974026,19.93896103896103896103896103896103896104,2022,0.77,90,31.32611111111111111111111111111111111111,13.3,36.958,0,86,58,2023,0,1,0,0,0,0,0,"upstate",8579.220779220779220779220779220779220779
"36011",2024,"Q1",1,8097,6094,5073,92,929,1,1,1,0,0,"Cayuga County",43.008546,-76.574587,6100,6228,5772,5445,5886.25,1,76171,63227,13.45800588373409941577006477632142314545,4.91525646243320948917567053077943049192,20.04962518543802759580417744285883078862,2022,0.76171,90,33.29611111111111111111111111111111111111,12.872,37.398,0,77,63,2023,0,1,0,0,0,0,0,"upstate",8000.420107389951556366596211156476874401
"36013",2024,"Q1",1,8097,14276,12807,112,1357,3,3,2,1,0,"Chautauqua County",42.304216,-79.407595,14560,14849,14119,13478,14251.5,3,127440,54625,17.54315863294979164797886307480286066102,5.19067796610169491525423728813559322034,20.81371625863151286880100439422473320778,2022,1.2744,90,32.56944444444444444444444444444444444444,16.419,48.534,0,75,65,2023,0,1,0,0,0,0,0,"upstate",11202.1343377275580665411173885750156937
"36015",2024,"Q1",1,8097,8216,6867,45,1304,2,2,1,1,0,"Chemung County",42.148697,-76.752471,8445,8499,8375,7934,8313.25,2,83584,61358,15.1778557114228456913827655310621242485,5.22109494640122511485451761102603369066,19.59226646248085758039816232771822358346,2022,0.83584,90,33.89222222222222222222222222222222222222,9.109,27.365,0,75,55,2023,0,1,0,0,0,0,0,"upstate",9829.632465543644716692189892802450229709
"36017",2024,"Q1",1,8097,4455,4188,15,252,1,1,1,0,0,"Chenango County",42.478024,-75.602241,4832,4490,4449,3870,4410.25,1,47096,61741,12.42487136247675876680935702858131188654,5.1087141158484797010361814166808221505,21.32452862238831323254628843213861049771,2022,0.47096,90,30.88833333333333333333333333333333333333,10.895,40.54,0,81,53,2023,0,1,0,0,0,0,0,"upstate",9459.402072362833361644301002208255478172
"36019",2024,"Q1",1,8097,9414,7901,88,1425,2,2,1,1,0,"Clinton County",44.752712,-73.705643,9302,9832,8601,7593,8832,1,79839,67097,13.0375649430133558197100345456029159753,4.50406442966470020917095655005698969175,17.84090482095216623454702588960282568669,2022,0.79839,90,24.13222222222222222222222222222222222222,11.304,59.028,0,89,64,2023,0,1,0,0,0,0,0,"upstate",11791.2298500732724608274151730357344155
"36021",2024,"Q1",1,8097,4827,4043,37,747,1,1,1,0,0,"Columbia County",42.247696,-73.626718,5148,5559,5592,4971,5317.5,1,61469,81741,10.27193860527193860527193860527193860527,3.82631895752330442987522165644471196863,24.77020937383071141551025720281768045682,2022,0.61469,90,34.42666666666666666666666666666666666667,10.538,38.862,0,71,50,2023,0,1,0,0,0,0,0,"upstate",7852.738778896679627129121996453496884609
"36023",2024,"Q1",1,8097,6541,5579,76,886,1,1,1,0,0,"Cortland County",42.594039,-76.07624,6686,6491,6195,5949,6330.25,1,46755,65029,12.91585580576406264479658975071819108516,4.75243289487755320286600363597476205753,16.49877018500695112822158057961715324564,2022,0.46755,90,30.69111111111111111111111111111111111111,12.107,43.133,0,82,57,2023,0,1,0,0,0,0,0,"upstate",13989.9475991872527002459629986097743557
"36025",2024,"Q1",1,8097,4737,3284,0,45,4,4,3,1,1408,"Delaware County",42.193986,-74.966728,4528,4827,4341,4077,4443.25,4,44637,58338,14.79992476606949734330182912493534584097,3.74801173914017519098505723950982368887,25.2033066738356072316687949458969016735,2022,0.44637,90,30.75055555555555555555555555555555555556,10.719,41.396,0,84,54,2023,0,1,0,0,0,0,0,"upstate",10612.2723301297130183480072585523220647
"36027",2024,"Q1",1,8097,27896,22967,243,4686,4,4,3,1,0,"Dutchess County",41.754825,-73.740014,30093,30286,29263,28110,29438,3,296467,94578,8.57419615802209811449292846143474527559,4.51045141617785453355685455716825144114,18.39934967466868150586743212566660032988,2022,2.96467,90,35.94333333333333333333333333333333333333,11.432,32.135,0,63,41,2023,0,1,0,0,0,0,0,"upstate",9409.47896393190473138662987786161697592
"36029",2024,"Q1",1,8097,90439,69875,888,16876,10,10,10,0,2800,"Erie County",42.752759,-78.778192,92982,94205,91629,86485,91325.25,10,951232,68014,13.7521079712292233506640446108671641389,5.29639457040974231312655587701002489403,18.47046777232052748435712843974971405504,2022,9.51232,90,33.52944444444444444444444444444444444444,13.631,32.328,0,66,60,2023,0,1,0,0,0,0,0,"upstate",9507.564926327121038821233936621139742986
"36031",2024,"Q1",1,8097,3572,3539,0,33,2,2,2,0,0,"Essex County",44.109601,-73.778431,3704,4040,3599,3127,3617.5,3,37314,68090,10.42613636363636363636363636363636363636,3.91006056707938039341802004609529935145,24.8271426274320630326419038430615854639,2022,0.37314,90,21.75722222222222222222222222222222222222,13.74,76.425,0,89,72,2023,0,1,0,0,0,0,0,"upstate",9572.814493219703060513480195101034464276
"36033",2024,"Q1",1,8097,3415,3120,41,254,3,3,1,2,0,"Franklin County",44.594376,-74.31067,6161,6982,6386,5666,6298.75,3,47459,60270,17.8755036820897596220647492010559955537,5.19395688910427948334351756252765544997,18.44328789060030763395773193704039276007,2022,0.47459,90,24.08055555555555555555555555555555555556,12.69,60.961,0,89,69,2023,0,1,0,0,0,0,0,"upstate",7195.684696264143787269011146463263027034
"36035",2024,"Q1",1,8097,5228,4783,50,395,1,1,1,0,0,"Fulton County",43.115609,-74.423678,5392,5483,5189,4509,5143.25,1,53280,60557,13.92288861689106487148102815177478580171,4.86111111111111111111111111111111111111,20.15202702702702702702702702702702702703,2022,0.5328,90,28.26111111111111111111111111111111111111,12.543,53.771,0,84,59,2023,0,1,0,0,0,0,0,"upstate",9812.312312312312312312312312312312312312
"36037",2024,"Q1",1,8097,5867,4946,26,895,1,1,1,0,0,"Genesee County",43.00091,-78.192778,5911,6557,5951,5597,6004,1,58204,68178,10.44697817571348628987129266927811975378,5.15428492887086798158202185416809841248,19.46773417634526836643529654319290770394,2022,0.58204,90,32.22888888888888888888888888888888888889,12.101,35.002,0,75,58,2023,0,1,0,0,0,0,0,"upstate",10080.0632258951274826472407394680777953
"36045",2024,"Q1",1,8097,11840,10544,92,1204,3,3,2,1,0,"Jefferson County",43.996389,-76.052968,14266,14682,14655,12855,14114.5,3,117445,62782,12.7947211716423915667498189426249295888,7.45795904465920217974370982161862999702,14.19047213589339690919153646387670824641,2022,1.17445,90,30.47166666666666666666666666666666666667,12.343,37.645,0,78,61,2023,0,1,0,0,0,0,0,"upstate",10081.314657924986163736216952616118183
"36047",2024,"Q1",1,8097,239109,143614,689,23626,15,15,13,2,71180,"Kings County",40.635045,-73.95064,225963,211770,213330,205125,214047,15,2679620,74692,18.97371954222572412283230405339971369325,6.83402870556272904367037117203185526306,14.50145916212000208984856061680387517633,2022,26.7962,90,40.63777777777777777777777777777777777778,11.679,6.366,0,38,48,2023,0,1,0,0,0,1,0,"nyc",8923.242847866488531956023615288734969884
"36049",2024,"Q1",1,8097,2619,2401,19,199,1,1,1,0,0,"Lewis County",43.782706,-75.444132,2737,2861,2747,2515,2715,1,26690,64401,13.08789587195883310000378372242612281963,6.03596852753840389659048332708879730236,19.59160734357437242412888722367928062945,2022,0.2669,90,29.36277777777777777777777777777777777778,12.558,49.665,0,80,63,2023,0,1,0,0,0,0,0,"upstate",9812.663919070813038591232671412514050206
"36051",2024,"Q1",1,8097,3547,3067,31,449,1,1,1,0,0,"Livingston County",42.729042,-77.778463,3865,3811,3691,3313,3670,1,61980,70443,11.70737703478673152229265808558835408362,4.24330429170700225879315908357534688609,18.89319135204904808002581477896095514682,2022,0.6198,90,34.13888888888888888888888888888888888889,10.61,28.829,0,74,59,2023,0,1,0,0,0,0,0,"upstate",5722.813810906744111003549532107131332688
"36053",2024,"Q1",1,8097,8867,5386,90,439,2,2,2,0,2952,"Madison County",42.910026,-75.663575,8925,8942,8818,7873,8639.5,2,68020,68869,9.52616859768278066320415501398322013584,4.67215524845633637165539547192002352249,19.14877977065568950308732725668920905616,2022,0.6802,90,29.66222222222222222222222222222222222222,12.352,50.218,0,82,64,2023,0,1,0,0,0,0,0,"upstate",13035.8718024110555718906204057630108792
"36055",2024,"Q1",1,8097,73202,55713,761,16728,6,6,4,2,0,"Monroe County",43.250347,-77.700518,75787,73982,74846,69817,73608,7,756406,71450,13.4482198194211698700220294700498906721,5.28049751059616132077217790445871661515,17.91326351192349082371107579791804930157,2022,7.56406,90,33.47666666666666666666666666666666666667,10.269,31.941,0,70,58,2023,0,1,0,0,0,0,0,"upstate",9677.606999415657728785863676385433219726
"36057",2024,"Q1",1,8097,12723,9069,32,681,2,2,2,0,2941,"Montgomery County",42.900891,-74.435357,11091,11351,11871,10400,11178.25,2,49624,58033,15.11082912053050615035101004932561043001,6.21473480573915847170723843301628244398,18.8396743511204256005158794131871674996,2022,0.49624,90,31.195,10.485,42.251,0,82,53,2023,0,1,0,0,0,0,0,"upstate",25638.8038046106722553603095276479123005
"36059",2024,"Q1",1,8097,110406,67359,1084,26856,12,12,11,1,15107,"Nassau County",40.729612,-73.589414,123061,121245,117720,113891,118979.25,12,1389160,137709,5.38479788301852358791860571220001824984,5.3037807020069682397995911198134124219,18.03068041118373693455037576665034985171,2022,13.8916,90,39.90555555555555555555555555555555555556,13.67,8.932,0,46,45,2023,0,1,0,0,0,0,1,"downstate_non_nyc",7947.680612744392294624089377753462524115
"36061",2024,"Q1",1,8097,273656,208614,1125,36968,20,20,19,1,26949,"New York County",40.776642,-73.970187,284241,266747,266211,260924,269530.75,22,1645867,99880,15.79494828199455784183985702614123731898,4.4955637363164824375238096395395253687,17.27089734468216447623046090601488455629,2022,16.45867,90,40.15555555555555555555555555555555555556,11.174,9.81,0,46,45,2023,0,1,0,0,0,1,0,"nyc",16626.8598860053698142073448219084531132
"36063",2024,"Q1",1,8097,10201,9379,24,798,5,5,2,3,0,"Niagara County",43.272672,-78.812943,9994,10620,9501,9186,9825.25,6,212230,65882,12.96890359394854827495264810952072694143,5.09070348207133769966545728690571549734,19.73896244640248786693681383404796682844,2022,2.1223,90,33.67888888888888888888888888888888888889,10.568,29.85,0,68,58,2023,0,1,0,0,0,0,0,"upstate",4806.577769401121424869245629741318381002
"36065",2024,"Q1",1,8097,24350,20206,120,4024,3,3,2,1,0,"Oneida County",43.242727,-75.434282,13722,27345,26019,24692,22944.5,4,231055,66402,14.4336249903712396858985106006987081602,5.50777953301162060981151673843889982905,19.16816342429291727077968449070567613772,2022,2.31055,90,30.13833333333333333333333333333333333333,13.732,41.148,0,84,59,2023,0,1,0,0,0,0,0,"upstate",10538.6163467572655861158598602064443531
"36067",2024,"Q1",1,8097,55287,44014,532,10741,6,6,4,2,0,"Onondaga County",43.006516,-76.196134,55443,54025,53731,47159,52589.5,6,472637,71479,13.90524781662517831904943544244070547095,5.50782101274339503678298567399505328614,17.84519620766042438488734483334990701109,2022,4.72637,90,32.18944444444444444444444444444444444444,13.624,47.016,0,78,62,2023,0,1,0,0,0,0,0,"upstate",11697.5607072658298017294456422159077685
"36069",2024,"Q1",1,8097,15946,11341,149,1652,3,3,3,0,2804,"Ontario County",42.856357,-77.303497,16521,17119,16252,14916,16202,3,112288,76603,9.0043997832257116350843674507894809358,4.66122827016243944143630664006839555429,21.02628954117982331148475349102308349957,2022,1.12288,90,32.88388888888888888888888888888888888889,11.076,33.678,0,76,56,2023,0,1,0,0,0,0,0,"upstate",14200.9831860929039612425192362496437732
"36071",2024,"Q1",1,8097,37037,25862,296,6316,4,4,4,0,4563,"Orange County",41.40241,-74.306252,38846,39085,38857,35923,38177.75,4,401237,91806,13.01406698832891111467947198454389975965,6.60806456034712651126391633872250066669,14.13503739685024063084909916084508656978,2022,4.01237,90,37.66444444444444444444444444444444444444,9.936,22.405,0,59,46,2023,0,1,0,0,0,0,0,"upstate",9230.704047732387591373676904173842392401
"36075",2024,"Q1",1,8097,5797,4814,36,947,2,2,2,0,0,"Oswego County",43.461443,-76.209262,5986,6397,6153,5372,5977,2,118037,65054,17.12538226299694189602446483180428134557,5.34323983157823394359395782678312732448,17.07091844082787600498148885518947448681,2022,1.18037,90,31.12611111111111111111111111111111111111,12.569,38.391,0,76,66,2023,0,1,0,0,0,0,0,"upstate",4911.171920668942789125443716800664198514
"36077",2024,"Q1",1,8097,8882,3239,112,1253,2,2,2,0,4278,"Otsego County",42.629776,-75.028841,9055,9412,9427,7878,8943,3,59678,65778,12.97679185884764624057398052566073651073,3.92606990850899829082744059787526391635,21.15017259291531217534099668219444351352,2022,0.59678,90,30.74166666666666666666666666666666666667,10.976,41.808,0,84,60,2023,0,1,0,0,0,0,0,"upstate",14883.2065417741881430342839907503602668
"36079",2024,"Q1",1,8097,4794,4321,44,429,1,1,1,0,0,"Putnam County",41.427907,-73.743861,5298,5512,5316,4932,5264.5,1,97942,120970,6.33822480067012068377129029255731703534,4.51083294194523289293663596822609299381,18.27612260317330665087500765759326948602,2022,0.97942,90,36.465,11.586,31.585,0,60,39,2023,0,1,0,0,0,0,0,"upstate",4894.733617855465479569541157011292397541
"36081",2024,"Q1",1,8097,203168,128461,592,20557,10,10,10,0,53558,"Queens County",40.654658,-73.841209,168828,158589,158405,152489,159577.75,10,2360826,82431,11.69337735462647738538882666915736012771,5.79640346217806818460996278421196648969,16.49418466248677369700265923875796013768,2022,23.60826,90,40.30888888888888888888888888888888888889,12.738,6.999,0,42,49,2023,0,1,0,0,0,1,0,"nyc",8605.801528786958462843089664380178801826
"36083",2024,"Q1",1,8097,10744,9106,43,1595,1,1,1,0,0,"Rensselaer County",42.710421,-73.513845,11004,11979,11352,11309,11411,1,160943,83734,11.46523498930109051535229059784990590116,4.93839433836824217269468072547423622028,17.63481481021231119091852394947279471614,2022,1.60943,90,30.96333333333333333333333333333333333333,11.368,50.299,0,78,58,2023,0,1,0,0,0,0,0,"upstate",6675.655356244136122726679631919375182518
"36085",2024,"Q1",1,8097,38089,12257,91,2260,3,3,2,1,23481,"Richmond County",40.561263,-74.1399,38183,35880,36101,36026,36547.5,3,492925,96185,10.36304266279115054043361777927186485982,5.50124258254298321245625602272150935741,16.58528173657250088755895927372318304002,2022,4.92925,90,40.67222222222222222222222222222222222222,11.05,5.979,0,34,44,2023,0,1,0,0,0,1,0,"nyc",7727.139017091849672871126439113455393823
"36087",2024,"Q1",1,8097,22197,17439,133,4625,2,2,2,0,0,"Rockland County",41.154628,-74.024662,22865,22220,22270,21910,22316.25,2,337326,106173,15.07099866652250693768695714852056078135,8.2848639002033641047532653871922116884,15.63858107587319091917017958888434333553,2022,3.37326,90,38.60166666666666666666666666666666666667,12.278,24.969,0,51,41,2023,0,1,0,0,0,0,1,"downstate_non_nyc",6580.28138951637288557656391739741377777
"36089",2024,"Q1",1,8097,10159,5611,66,678,6,6,3,3,3804,"St. Lawrence County",44.488112,-75.074311,13551,13385,13285,12108,13082.25,5,108670,58339,17.03949721526748760921772009606049767513,4.88635317935032667709579460752737646084,18.01325112726603478420907334130854881752,2022,1.0867,90,27.48055555555555555555555555555555555556,12.048,43.103,0,84,68,2023,0,1,0,0,0,0,0,"upstate",9348.486242753289776387227385663016471887
"36091",2024,"Q1",1,8097,9341,7333,195,1813,1,1,1,0,0,"Saratoga County",43.106135,-73.855387,9559,9940,9730,8778,9501.75,1,236328,97038,6.55053162925571904199334120932230694877,4.67528181171930537219457702853661013507,18.9448563014115974408449273890525033005,2022,2.36328,90,30.93388888888888888888888888888888888889,11.424,48.947,0,79,52,2023,0,1,0,0,0,0,0,"upstate",3952.557462509732236552587928641549033547
"36093",2024,"Q1",1,8097,11009,9274,74,1661,2,2,1,1,0,"Schenectady County",42.817552,-74.043559,11692,11415,10815,10424,11086.5,2,159447,75056,11.58697791700705652294174026592220456841,5.8157256016105665205366046397862612655,17.46724616957358871599967387282294430124,2022,1.59447,90,32.29388888888888888888888888888888888889,11.196,51.014,0,79,49,2023,0,1,0,0,0,0,0,"upstate",6904.488638858053146186507115216968647889
"36097",2024,"Q1",1,8097,1952,1925,0,27,1,1,1,0,0,"Schuyler County",42.419776,-76.938603,2008,2114,1914,1741,1944.25,1,17855,61316,15.75458871515975526852481305234534330387,4.80537664519742369084290114813777653318,22.06104732567908148977877345281433772053,2022,0.17855,90,33.34388888888888888888888888888888888889,9.676,34.01,0,78,54,2023,0,1,0,0,0,0,0,"upstate",10932.5119014281713805656678801456174741
"36101",2024,"Q1",1,8097,11553,10333,89,1131,3,3,2,1,0,"Steuben County",42.266725,-77.385525,12000,12058,11452,10563,11518.25,3,93584,62506,13.43455156707515453855330224487582691682,5.39301590015387245683022738929731578048,19.97136262608992990254744400752265344503,2022,0.93584,90,32.82722222222222222222222222222222222222,9.263,29.822,0,79,54,2023,0,1,0,0,0,0,0,"upstate",12345.0589844417849204992306377158488631
"36103",2024,"Q1",1,8097,132528,73585,1576,21925,11,11,11,0,35442,"Suffolk County",40.943554,-72.692218,115562,116506,111726,108272,113016.5,11,1524486,122498,6.49309832632912101917628327890555456946,5.21520040197154975513058171737884113072,17.27677394216804877184834757419877912949,2022,15.24486,90,40.29166666666666666666666666666666666667,12.538,10.444,0,34,49,2023,0,1,0,0,0,0,1,"downstate_non_nyc",8693.290722249991144556263553748607727457
"36105",2024,"Q1",1,8097,6849,5320,17,549,2,2,2,0,963,"Sullivan County",41.719993,-74.771577,7561,8583,7498,6605,7561.75,2,78725,67841,14.84173319035704356805274236466897017356,5.70339790409653858367735789139409336297,18.92791362337249920609717370593839314068,2022,0.78725,90,33.36555555555555555555555555555555555556,9.658,32.109,0,76,48,2023,0,1,0,0,0,0,0,"upstate",8699.904731660844712607176881549698316926
"36109",2024,"Q1",1,8097,8021,7001,107,913,1,1,1,0,0,"Tompkins County",42.453006,-76.473483,7830,8517,8284,7790,8105.25,2,102555,69995,16.03587565210532839066602066455589232797,3.6351226171322704890058992735605284969,15.67841645946077714397152747306323436205,2022,1.02555,90,33.84444444444444444444444444444444444444,10.551,32.963,0,76,60,2023,0,1,0,0,0,0,0,"upstate",7821.169128760177465750085320072156403881
"36111",2024,"Q1",1,8097,7707,6132,22,1553,2,2,1,1,0,"Ulster County",41.947212,-74.265458,7748,8255,7578,6670,7562.75,2,182153,77197,14.71050480920349531652731501854529452442,4.27442863966006598848221001026609498608,20.46082139739669398802105921944738763567,2022,1.82153,90,35.39888888888888888888888888888888888889,11.915,47.73,0,68,45,2023,0,1,0,0,0,0,0,"upstate",4231.058505761639940050397193568044446152
"36113",2024,"Q1",1,8097,10206,7709,92,2405,1,1,1,0,0,"Warren County",43.555105,-73.838139,10520,11642,10725,10023,10727.5,1,65684,74531,8.63425676404009916999029858790557292228,4.23999756409475671396382680713720236283,23.03452895682357956275500883015650691188,2022,0.65684,90,28.89555555555555555555555555555555555556,11.338,52.089,0,83,50,2023,0,1,0,0,0,0,0,"upstate",15538.0305706108032397539735704281103465
"36117",2024,"Q1",1,8097,5477,4452,17,1008,1,1,1,0,0,"Wayne County",43.218114,-77.049402,5655,5753,5721,5289,5604.5,1,91324,71007,11.01487749571373264753055693822244344892,5.37098681617099557619026761858876089527,19.71661337654942840874249923349831369629,2022,0.91324,90,32.62388888888888888888888888888888888889,11.54,36.68,0,78,62,2023,0,1,0,0,0,0,0,"upstate",5997.328194122027068459550611011344224957
"36119",2024,"Q1",1,8097,98667,64281,688,17173,13,13,12,1,16525,"Westchester County",41.152686,-73.745753,102031,96003,95263,91281,96144.5,13,997904,114651,8.53695231662009886702078663760017194264,5.32726594943000529109012490179416056053,17.47612996841379531498019849604771601276,2022,9.97904,90,38.43555555555555555555555555555555555556,11.691,20.616,0,52,46,2023,0,1,0,0,0,0,1,"downstate_non_nyc",9887.424040789494781061104074139396174382
"36123",2024,"Q1",1,8097,1967,1911,0,56,1,1,1,0,0,"Yates County",42.638237,-77.104324,2048,2198,1981,1726,1988.25,1,24713,63974,14.22016399711093172451884267323788078345,5.98875085987132278557844049690446323797,21.48262048314652207340266256626067252054,2022,0.24713,90,33.12055555555555555555555555555555555556,10.537,34.833,0,79,57,2023,0,1,0,0,0,0,0,"upstate",7959.373609031683729211346255007485938575
"36001",2024,"Q2",2,8098,38911,29518,332,9061,3,3,3,0,0,"Albany County",42.58824,-73.97401,38862,40267,40256,41022,40101.75,3,315041,78829,12.54645537948290241868223519599666388657,4.76382439111099825102129564088483721166,17.50883218374751222856707539653568900556,2022,3.15041,91,57.15549450549450549450549450549450549451,11.246,0,0,7,48,2023,0,1,1,0,0,0,0,"upstate",12351.0908104024555534041600934481543672
"36003",2024,"Q2",2,8098,4008,3716,22,270,2,2,1,1,0,"Allegany County",42.247853,-78.026153,3763,6428,5809,5858,5464.5,2,47222,58725,17.05236367064146674836216241692982042702,4.99767057727330481555207318622675871416,19.32997331752149421879632374740587014527,2022,0.47222,91,54.56593406593406593406593406593406593407,8.231,2.866,0,14,46,2023,0,1,1,0,0,0,0,"upstate",8487.569353267544788446063275591885138283
"36005",2024,"Q2",2,8098,194112,129553,328,22989,11,11,10,1,41242,"Bronx County",40.848711,-73.852939,193741,195893,184352,187349,190333.75,11,1443229,47036,26.91498993322347960503664703373680728038,6.88664099737463701186713958768844029603,13.27904303475054894268338565813186957856,2022,14.43229,91,60.88021978021978021978021978021978021978,10.433,0,0,1,35,2023,0,1,1,0,0,1,0,"nyc",13449.8406004868250291533775998126423457
"36007",2024,"Q2",2,8098,24306,20040,313,3953,3,3,3,0,0,"Broome County",42.161977,-75.830283,24759,25216,25514,24431,24980,3,198365,58317,19.08122150355211536422436645106563460927,4.91114864013308799435384266377637183979,19.73836110200892294507599626950318856653,2022,1.98365,91,56.19340659340659340659340659340659340659,9.59,0.249,0,10,46,2023,0,1,1,0,0,0,0,"upstate",12253.1696619867416126836891588737932599
"36009",2024,"Q2",2,8098,6780,5532,52,1196,1,1,1,0,0,"Cattaraugus County",42.239099,-78.662332,6606,6817,6945,6590,6739.5,1,77000,56889,17.42366437760197046972678473421415471936,5.4974025974025974025974025974025974026,19.93896103896103896103896103896103896104,2022,0.77,91,54.28956043956043956043956043956043956044,9.981,4.547,0,15,44,2023,0,1,1,0,0,0,0,"upstate",8805.194805194805194805194805194805194805
"36011",2024,"Q2",2,8098,6235,5200,97,938,1,1,1,0,0,"Cayuga County",43.008546,-76.574587,6094,6100,6228,5772,6048.5,1,76171,63227,13.45800588373409941577006477632142314545,4.91525646243320948917567053077943049192,20.04962518543802759580417744285883078862,2022,0.76171,91,57.67417582417582417582417582417582417582,12.979,0.443,0,6,43,2023,0,1,1,0,0,0,0,"upstate",8185.52992608735608039805175197909965735
"36013",2024,"Q2",2,8098,14611,13108,136,1367,3,3,2,1,0,"Chautauqua County",42.304216,-79.407595,14276,14560,14849,14119,14451,3,127440,54625,17.54315863294979164797886307480286066102,5.19067796610169491525423728813559322034,20.81371625863151286880100439422473320778,2022,1.2744,91,55.7032967032967032967032967032967032967,10.389,4.411,0,6,45,2023,0,1,1,0,0,0,0,"upstate",11465.003138731952291274325172630257376
"36015",2024,"Q2",2,8098,8266,6871,37,1358,2,2,1,1,0,"Chemung County",42.148697,-76.752471,8216,8445,8499,8375,8383.75,2,83584,61358,15.1778557114228456913827655310621242485,5.22109494640122511485451761102603369066,19.59226646248085758039816232771822358346,2022,0.83584,91,56.2021978021978021978021978021978021978,8.983,0.331,0,10,42,2023,0,1,1,0,0,0,0,"upstate",9889.452526799387442572741194486983154671
"36017",2024,"Q2",2,8098,4397,4181,23,193,1,1,1,0,0,"Chenango County",42.478024,-75.602241,4455,4832,4490,4449,4556.5,1,47096,61741,12.42487136247675876680935702858131188654,5.1087141158484797010361814166808221505,21.32452862238831323254628843213861049771,2022,0.47096,91,55.08461538461538461538461538461538461538,11.906,0.635,0,11,46,2023,0,1,1,0,0,0,0,"upstate",9336.249363003227450314251741124511635808
"36019",2024,"Q2",2,8098,9442,7866,81,1495,2,2,1,1,0,"Clinton County",44.752712,-73.705643,9414,9302,9832,8601,9287.25,2,79839,67097,13.0375649430133558197100345456029159753,4.50406442966470020917095655005698969175,17.84090482095216623454702588960282568669,2022,0.79839,91,51.79230769230769230769230769230769230769,11.636,2.427,0,17,47,2023,0,1,1,0,0,0,0,"upstate",11826.3004296145993812547752351607610316
"36021",2024,"Q2",2,8098,5220,4474,27,719,1,1,1,0,0,"Columbia County",42.247696,-73.626718,4827,5148,5559,5592,5281.5,1,61469,81741,10.27193860527193860527193860527193860527,3.82631895752330442987522165644471196863,24.77020937383071141551025720281768045682,2022,0.61469,91,58.37527472527472527472527472527472527473,11.863,0,0,4,47,2023,0,1,1,0,0,0,0,"upstate",8492.085441442027688753680717109437277327
"36023",2024,"Q2",2,8098,6654,5688,82,884,1,1,1,0,0,"Cortland County",42.594039,-76.07624,6541,6686,6491,6195,6478.25,1,46755,65029,12.91585580576406264479658975071819108516,4.75243289487755320286600363597476205753,16.49877018500695112822158057961715324564,2022,0.46755,91,54.93461538461538461538461538461538461538,13.081,1.24,0,13,48,2023,0,1,1,0,0,0,0,"upstate",14231.6329804299005453962143086300930382
"36025",2024,"Q2",2,8098,5011,3312,0,41,4,4,3,1,1658,"Delaware County",42.193986,-74.966728,4737,4528,4827,4341,4608.25,4,44637,58338,14.79992476606949734330182912493534584097,3.74801173914017519098505723950982368887,25.2033066738356072316687949458969016735,2022,0.44637,91,53.99285714285714285714285714285714285714,8.975,0.991,0,12,47,2023,0,1,1,0,0,0,0,"upstate",11226.1128660080202522570961310123888254
"36027",2024,"Q2",2,8098,26961,23807,239,2915,4,4,3,1,0,"Dutchess County",41.754825,-73.740014,27896,30093,30286,29263,29384.5,4,296467,94578,8.57419615802209811449292846143474527559,4.51045141617785453355685455716825144114,18.39934967466868150586743212566660032988,2022,2.96467,91,58.44395604395604395604395604395604395604,9.758,0,2,4,44,2023,0,1,1,0,0,0,0,"upstate",9094.098162696016757345674223438021769708
"36029",2024,"Q2",2,8098,91888,71191,977,16872,10,10,10,0,2848,"Erie County",42.752759,-78.778192,90439,92982,94205,91629,92313.75,10,951232,68014,13.7521079712292233506640446108671641389,5.29639457040974231312655587701002489403,18.47046777232052748435712843974971405504,2022,9.51232,91,56.55714285714285714285714285714285714286,12.309,1.269,0,3,41,2023,0,1,1,0,0,0,0,"upstate",9659.893695754558299132072932786113166925
"36031",2024,"Q2",2,8098,3727,3708,0,19,2,2,2,0,0,"Essex County",44.109601,-73.778431,3572,3704,4040,3599,3728.75,2,37314,68090,10.42613636363636363636363636363636363636,3.91006056707938039341802004609529935145,24.8271426274320630326419038430615854639,2022,0.37314,91,48.22197802197802197802197802197802197802,13.937,7.632,0,23,53,2023,0,1,1,0,0,0,0,"upstate",9988.2081792356756177306104947204802487
"36033",2024,"Q2",2,8098,3449,3202,46,201,3,3,1,2,0,"Franklin County",44.594376,-74.31067,3415,6161,6982,6386,5736,3,47459,60270,17.8755036820897596220647492010559955537,5.19395688910427948334351756252765544997,18.44328789060030763395773193704039276007,2022,0.47459,91,51.78626373626373626373626373626373626374,11.019,2.178,0,17,50,2023,0,1,1,0,0,0,0,"upstate",7267.325480941444193935818285256747929792
"36035",2024,"Q2",2,8098,5477,5010,52,415,1,1,1,0,0,"Fulton County",43.115609,-74.423678,5228,5392,5483,5189,5323,1,53280,60557,13.92288861689106487148102815177478580171,4.86111111111111111111111111111111111111,20.15202702702702702702702702702702702703,2022,0.5328,91,54.88241758241758241758241758241758241758,12.761,0.717,1,8,53,2023,0,1,1,0,0,0,0,"upstate",10279.6546546546546546546546546546546547
"36037",2024,"Q2",2,8098,6276,5355,29,892,1,1,1,0,0,"Genesee County",43.00091,-78.192778,5867,5911,6557,5951,6071.5,1,58204,68178,10.44697817571348628987129266927811975378,5.15428492887086798158202185416809841248,19.46773417634526836643529654319290770394,2022,0.58204,91,56.75934065934065934065934065934065934066,10.568,1.571,0,8,40,2023,0,1,1,0,0,0,0,"upstate",10782.7640711978558174695897189196618789
"36045",2024,"Q2",2,8098,12228,10823,105,1300,3,3,2,1,0,"Jefferson County",43.996389,-76.052968,11840,14266,14682,14655,13860.75,3,117445,62782,12.7947211716423915667498189426249295888,7.45795904465920217974370982161862999702,14.19047213589339690919153646387670824641,2022,1.17445,91,55.51648351648351648351648351648351648352,12.564,0.221,0,5,43,2023,0,1,1,0,0,0,0,"upstate",10411.6820639448252373451402784282004342
"36047",2024,"Q2",2,8098,238415,144752,762,24386,15,15,13,2,68515,"Kings County",40.635045,-73.95064,239109,225963,211770,213330,222543,15,2679620,74692,18.97371954222572412283230405339971369325,6.83402870556272904367037117203185526306,14.50145916212000208984856061680387517633,2022,26.7962,91,60.67967032967032967032967032967032967033,10.344,0,0,1,35,2023,0,1,1,0,0,1,0,"nyc",8897.343653204558855360088370739134653421
"36049",2024,"Q2",2,8098,2936,2698,27,211,1,1,1,0,0,"Lewis County",43.782706,-75.444132,2619,2737,2861,2747,2741,1,26690,64401,13.08789587195883310000378372242612281963,6.03596852753840389659048332708879730236,19.59160734357437242412888722367928062945,2022,0.2669,91,56.17417582417582417582417582417582417582,12.667,1.322,1,8,49,2023,0,1,1,0,0,0,0,"upstate",11000.3746721618583739228175346571749719
"36051",2024,"Q2",2,8098,3872,3382,41,449,1,1,1,0,0,"Livingston County",42.729042,-77.778463,3547,3865,3811,3691,3728.5,1,61980,70443,11.70737703478673152229265808558835408362,4.24330429170700225879315908357534688609,18.89319135204904808002581477896095514682,2022,0.6198,91,57.22417582417582417582417582417582417582,7.953,0.608,0,9,41,2023,0,1,1,0,0,0,0,"upstate",6247.176508551145530816392384640206518232
"36053",2024,"Q2",2,8098,9123,5697,60,457,2,2,2,0,2909,"Madison County",42.910026,-75.663575,8867,8925,8942,8818,8888,2,68020,68869,9.52616859768278066320415501398322013584,4.67215524845633637165539547192002352249,19.14877977065568950308732725668920905616,2022,0.6802,91,54.99450549450549450549450549450549450549,12.793,2.067,0,10,50,2023,0,1,1,0,0,0,0,"upstate",13412.2316965598353425463099088503381358
"36055",2024,"Q2",2,8098,75234,57726,797,16711,6,6,4,2,0,"Monroe County",43.250347,-77.700518,73202,75787,73982,74846,74454.25,6,756406,71450,13.4482198194211698700220294700498906721,5.28049751059616132077217790445871661515,17.91326351192349082371107579791804930157,2022,7.56406,91,55.82692307692307692307692307692307692308,9.408,1.075,0,5,41,2023,0,1,1,0,0,0,0,"upstate",9946.24579921364981240233419618564633279
"36057",2024,"Q2",2,8098,12129,8624,19,729,2,2,2,0,2757,"Montgomery County",42.900891,-74.435357,12723,11091,11351,11871,11759,2,49624,58033,15.11082912053050615035101004932561043001,6.21473480573915847170723843301628244398,18.8396743511204256005158794131871674996,2022,0.49624,91,56.63736263736263736263736263736263736264,10.487,0.083,1,9,49,2023,0,1,1,0,0,0,0,"upstate",24441.8023536998226664517169111720135418
"36059",2024,"Q2",2,8098,113520,69482,1103,26944,12,12,11,1,15991,"Nassau County",40.729612,-73.589414,110406,123061,121245,117720,118108,12,1389160,137709,5.38479788301852358791860571220001824984,5.3037807020069682397995911198134124219,18.03068041118373693455037576665034985171,2022,13.8916,91,59.75879120879120879120879120879120879121,11.506,0,0,1,39,2023,0,1,1,0,0,0,1,"downstate_non_nyc",8171.844855884131417547294768061274439229
"36061",2024,"Q2",2,8098,276008,212005,1290,35941,20,20,19,1,26772,"New York County",40.776642,-73.970187,273656,284241,266747,266211,272713.75,20,1645867,99880,15.79494828199455784183985702614123731898,4.4955637363164824375238096395395253687,17.27089734468216447623046090601488455629,2022,16.45867,91,61.22472527472527472527472527472527472527,11.005,0,0,1,39,2023,0,1,1,0,0,1,0,"nyc",16769.7632919306359505354928435894273353
"36063",2024,"Q2",2,8098,10333,9480,23,830,5,5,2,3,0,"Niagara County",43.272672,-78.812943,10201,9994,10620,9501,10079,5,212230,65882,12.96890359394854827495264810952072694143,5.09070348207133769966545728690571549734,19.73896244640248786693681383404796682844,2022,2.1223,91,57.10164835164835164835164835164835164835,10.286,0.441,0,3,41,2023,0,1,1,0,0,0,0,"upstate",4868.774442821467276068416340762380436319
"36065",2024,"Q2",2,8098,24805,20512,135,4158,3,3,2,1,0,"Oneida County",43.242727,-75.434282,24350,13722,27345,26019,22859,3,231055,66402,14.4336249903712396858985106006987081602,5.50777953301162060981151673843889982905,19.16816342429291727077968449070567613772,2022,2.31055,91,56.69615384615384615384615384615384615385,15.507,1.047,1,7,49,2023,0,1,1,0,0,0,0,"upstate",10735.5391573434896453225422518447988574
"36067",2024,"Q2",2,8098,55859,44480,586,10793,6,6,4,2,0,"Onondaga County",43.006516,-76.196134,55287,55443,54025,53731,54621.5,6,472637,71479,13.90524781662517831904943544244070547095,5.50782101274339503678298567399505328614,17.84519620766042438488734483334990701109,2022,4.72637,91,57.10164835164835164835164835164835164835,14.373,0.91,0,7,47,2023,0,1,1,0,0,0,0,"upstate",11818.5838180252498217448062678122956942
"36069",2024,"Q2",2,8098,16836,11985,144,1599,3,3,3,0,3108,"Ontario County",42.856357,-77.303497,15946,16521,17119,16252,16459.5,3,112288,76603,9.0043997832257116350843674507894809358,4.66122827016243944143630664006839555429,21.02628954117982331148475349102308349957,2022,1.12288,91,57.05879120879120879120879120879120879121,9.34,1.075,0,6,40,2023,0,1,1,0,0,0,0,"upstate",14993.5879167854089484183528070675406099
"36071",2024,"Q2",2,8098,38748,27291,360,6469,4,4,4,0,4628,"Orange County",41.40241,-74.306252,37037,38846,39085,38857,38456.25,4,401237,91806,13.01406698832891111467947198454389975965,6.60806456034712651126391633872250066669,14.13503739685024063084909916084508656978,2022,4.01237,91,59.72087912087912087912087912087912087912,9.981,0,2,4,41,2023,0,1,1,0,0,0,0,"upstate",9657.135309056742025286800569239626455187
"36075",2024,"Q2",2,8098,6167,5184,30,953,2,2,2,0,0,"Oswego County",43.461443,-76.209262,5797,5986,6397,6153,6083.25,2,118037,65054,17.12538226299694189602446483180428134557,5.34323983157823394359395782678312732448,17.07091844082787600498148885518947448681,2022,1.18037,91,55.90769230769230769230769230769230769231,13.357,0.469,0,6,44,2023,0,1,1,0,0,0,0,"upstate",5224.632954073722646288875522082059015393
"36077",2024,"Q2",2,8098,9662,3765,167,1256,2,2,2,0,4474,"Otsego County",42.629776,-75.028841,8882,9055,9412,9427,9194,2,59678,65778,12.97679185884764624057398052566073651073,3.92606990850899829082744059787526391635,21.15017259291531217534099668219444351352,2022,0.59678,91,54.86428571428571428571428571428571428571,9.051,0.771,0,11,49,2023,0,1,1,0,0,0,0,"upstate",16190.2208519052247059217802205167733503
"36079",2024,"Q2",2,8098,4910,4665,40,205,1,1,1,0,0,"Putnam County",41.427907,-73.743861,4794,5298,5512,5316,5230,1,97942,120970,6.33822480067012068377129029255731703534,4.51083294194523289293663596822609299381,18.27612260317330665087500765759326948602,2022,0.97942,91,58.49725274725274725274725274725274725275,10.628,0,1,2,40,2023,0,1,1,0,0,0,0,"upstate",5013.171060423515958424373608870556043373
"36081",2024,"Q2",2,8098,198334,127738,575,20043,10,10,10,0,49978,"Queens County",40.654658,-73.841209,203168,168828,158589,158405,172247.5,10,2360826,82431,11.69337735462647738538882666915736012771,5.79640346217806818460996278421196648969,16.49418466248677369700265923875796013768,2022,23.60826,91,59.82362637362637362637362637362637362637,10.662,0,0,1,33,2023,0,1,1,0,0,1,0,"nyc",8401.042685907390040604432516415864616876
"36083",2024,"Q2",2,8098,10206,8640,20,1546,1,1,1,0,0,"Rensselaer County",42.710421,-73.513845,10744,11004,11979,11352,11269.75,1,160943,83734,11.46523498930109051535229059784990590116,4.93839433836824217269468072547423622028,17.63481481021231119091852394947279471614,2022,1.60943,91,55.94230769230769230769230769230769230769,12.25,0.221,0,8,50,2023,0,1,1,0,0,0,0,"upstate",6341.375518040548517176888712152749731271
"36085",2024,"Q2",2,8098,38564,12172,85,2319,3,3,2,1,23988,"Richmond County",40.561263,-74.1399,38089,38183,35880,36101,37063.25,3,492925,96185,10.36304266279115054043361777927186485982,5.50124258254298321245625602272150935741,16.58528173657250088755895927372318304002,2022,4.92925,91,60.63791208791208791208791208791208791209,10.785,0,0,0,38,2023,0,1,1,0,0,1,0,"nyc",7823.502561241568189886899629761119845818
"36087",2024,"Q2",2,8098,22828,18341,153,4334,2,2,2,0,0,"Rockland County",41.154628,-74.024662,22197,22865,22220,22270,22388,2,337326,106173,15.07099866652250693768695714852056078135,8.2848639002033641047532653871922116884,15.63858107587319091917017958888434333553,2022,3.37326,91,60.20824175824175824175824175824175824176,11.561,0,1,1,41,2023,0,1,1,0,0,0,1,"downstate_non_nyc",6767.340791993501835020128896082721165875
"36089",2024,"Q2",2,8098,9905,5373,77,726,6,6,3,3,3729,"St. Lawrence County",44.488112,-75.074311,10159,13551,13385,13285,12595,6,108670,58339,17.03949721526748760921772009606049767513,4.88635317935032667709579460752737646084,18.01325112726603478420907334130854881752,2022,1.0867,91,55.16648351648351648351648351648351648352,13.412,0.994,1,11,43,2023,0,1,1,0,0,0,0,"upstate",9114.751081255176221588294837581669273949
"36091",2024,"Q2",2,8098,10027,8015,223,1789,1,1,1,0,0,"Saratoga County",43.106135,-73.855387,9341,9559,9940,9730,9642.5,1,236328,97038,6.55053162925571904199334120932230694877,4.67528181171930537219457702853661013507,18.9448563014115974408449273890525033005,2022,2.36328,91,57.63131868131868131868131868131868131868,11.232,0.964,1,7,48,2023,0,1,1,0,0,0,0,"upstate",4242.831996208659151687485190074811279239
"36093",2024,"Q2",2,8098,12087,9983,51,2053,2,2,1,1,0,"Schenectady County",42.817552,-74.043559,11009,11692,11415,10815,11232.75,2,159447,75056,11.58697791700705652294174026592220456841,5.8157256016105665205366046397862612655,17.46724616957358871599967387282294430124,2022,1.59447,91,57.61923076923076923076923076923076923077,9.646,0,1,5,45,2023,0,1,1,0,0,0,0,"upstate",7580.57536360044403469491429754087565147
"36097",2024,"Q2",2,8098,1990,1973,0,17,1,1,1,0,0,"Schuyler County",42.419776,-76.938603,1952,2008,2114,1914,1997,1,17855,61316,15.75458871515975526852481305234534330387,4.80537664519742369084290114813777653318,22.06104732567908148977877345281433772053,2022,0.17855,91,56.18626373626373626373626373626373626374,9.587,1.323,0,7,43,2023,0,1,1,0,0,0,0,"upstate",11145.3374404928591430971716605992719126
"36101",2024,"Q2",2,8098,12077,10798,108,1171,3,3,2,1,0,"Steuben County",42.266725,-77.385525,11553,12000,12058,11452,11765.75,3,93584,62506,13.43455156707515453855330224487582691682,5.39301590015387245683022738929731578048,19.97136262608992990254744400752265344503,2022,0.93584,91,55.62582417582417582417582417582417582418,8.799,1.543,0,9,44,2023,0,1,1,0,0,0,0,"upstate",12904.9837579073345871089075055565053855
"36103",2024,"Q2",2,8098,136636,75923,1653,22371,11,11,11,0,36689,"Suffolk County",40.943554,-72.692218,132528,115562,116506,111726,119080.5,11,1524486,122498,6.49309832632912101917628327890555456946,5.21520040197154975513058171737884113072,17.27677394216804877184834757419877912949,2022,15.24486,91,59.95769230769230769230769230769230769231,10,0,0,1,38,2023,0,1,1,0,0,0,1,"downstate_non_nyc",8962.758595356074112848527306908689223778
"36105",2024,"Q2",2,8098,7619,5930,15,576,2,2,2,0,1098,"Sullivan County",41.719993,-74.771577,6849,7561,8583,7498,7622.75,2,78725,67841,14.84173319035704356805274236466897017356,5.70339790409653858367735789139409336297,18.92791362337249920609717370593839314068,2022,0.78725,91,56.16868131868131868131868131868131868132,11.033,0.441,0,8,41,2023,0,1,1,0,0,0,0,"upstate",9677.993013655128612257859637980311209908
"36109",2024,"Q2",2,8098,8130,7196,95,839,1,1,1,0,0,"Tompkins County",42.453006,-76.473483,8021,7830,8517,8284,8163,1,102555,69995,16.03587565210532839066602066455589232797,3.6351226171322704890058992735605284969,15.67841645946077714397152747306323436205,2022,1.02555,91,56.4543956043956043956043956043956043956,10.502,0.909,0,10,43,2023,0,1,1,0,0,0,0,"upstate",7927.453561503583443030568962995465847594
"36111",2024,"Q2",2,8098,8270,6797,44,1429,2,2,1,1,0,"Ulster County",41.947212,-74.265458,7707,7748,8255,7578,7822,2,182153,77197,14.71050480920349531652731501854529452442,4.27442863966006598848221001026609498608,20.46082139739669398802105921944738763567,2022,1.82153,91,58.3032967032967032967032967032967032967,12.719,1.075,0,5,42,2023,0,1,1,0,0,0,0,"upstate",4540.139333417511652292303722694657787684
"36113",2024,"Q2",2,8098,10574,8058,86,2430,1,1,1,0,0,"Warren County",43.555105,-73.838139,10206,10520,11642,10725,10773.25,1,65684,74531,8.63425676404009916999029858790557292228,4.23999756409475671396382680713720236283,23.03452895682357956275500883015650691188,2022,0.65684,91,55.97472527472527472527472527472527472527,10.859,0,1,10,45,2023,0,1,1,0,0,0,0,"upstate",16098.2887765665915595883320138846598867
"36117",2024,"Q2",2,8098,5709,4674,33,1002,1,1,1,0,0,"Wayne County",43.218114,-77.049402,5477,5655,5753,5721,5651.5,1,91324,71007,11.01487749571373264753055693822244344892,5.37098681617099557619026761858876089527,19.71661337654942840874249923349831369629,2022,0.91324,91,56.73186813186813186813186813186813186813,11.842,0.58,0,7,41,2023,0,1,1,0,0,0,0,"upstate",6251.368753011256624764574482063860540493
"36119",2024,"Q2",2,8098,99394,65284,689,17434,13,13,12,1,15987,"Westchester County",41.152686,-73.745753,98667,102031,96003,95263,97991,13,997904,114651,8.53695231662009886702078663760017194264,5.32726594943000529109012490179416056053,17.47612996841379531498019849604771601276,2022,9.97904,91,59.74285714285714285714285714285714285714,10.013,0,1,1,40,2023,0,1,1,0,0,0,1,"downstate_non_nyc",9960.276740047138802930943257066812038032
"36123",2024,"Q2",2,8098,2078,2023,0,55,1,1,1,0,0,"Yates County",42.638237,-77.104324,1967,2048,2198,1981,2048.5,1,24713,63974,14.22016399711093172451884267323788078345,5.98875085987132278557844049690446323797,21.48262048314652207340266256626067252054,2022,0.24713,91,56.7467032967032967032967032967032967033,10.473,0.91,0,7,41,2023,0,1,1,0,0,0,0,"upstate",8408.529923522032938129729292275320681423
"36001",2024,"Q3",3,8099,39375,29852,337,9186,3,3,3,0,0,"Albany County",42.58824,-73.97401,38911,38862,40267,40256,39574,3,315041,78829,12.54645537948290241868223519599666388657,4.76382439111099825102129564088483721166,17.50883218374751222856707539653568900556,2022,3.15041,92,67.7663043478260869565217391304347826087,18.405,0,0,0,59,2023,0,1,0,1,0,0,0,"upstate",12498.373227611644198691598871258026733
"36003",2024,"Q3",3,8099,3835,3564,20,251,2,2,1,1,0,"Allegany County",42.247853,-78.026153,4008,3763,6428,5809,5002,2,47222,58725,17.05236367064146674836216241692982042702,4.99767057727330481555207318622675871416,19.32997331752149421879632374740587014527,2022,0.47222,92,65.28586956521739130434782608695652173913,10.158,0,0,0,58,2023,0,1,0,1,0,0,0,"upstate",8121.214688069120325272118927618482910508
"36005",2024,"Q3",3,8099,189769,126274,376,23608,11,11,10,1,39511,"Bronx County",40.848711,-73.852939,194112,193741,195893,184352,192024.5,11,1443229,47036,26.91498993322347960503664703373680728038,6.88664099737463701186713958768844029603,13.27904303475054894268338565813186957856,2022,14.43229,92,72.72934782608695652173913043478260869565,22.278,0,8,0,54,2023,0,1,0,1,0,1,0,"nyc",13148.9181550537024962774445358290333689
"36007",2024,"Q3",3,8099,27156,22134,402,4620,3,3,3,0,0,"Broome County",42.161977,-75.830283,24306,24759,25216,25514,24948.75,3,198365,58317,19.08122150355211536422436645106563460927,4.91114864013308799435384266377637183979,19.73836110200892294507599626950318856653,2022,1.98365,92,66.68641304347826086956521739130434782609,16.692,0,0,0,53,2023,0,1,0,1,0,0,0,"upstate",13689.9150555793612784513397020643762761
"36009",2024,"Q3",3,8099,6894,5726,45,1123,1,1,1,0,0,"Cattaraugus County",42.239099,-78.662332,6780,6606,6817,6945,6787,1,77000,56889,17.42366437760197046972678473421415471936,5.4974025974025974025974025974025974026,19.93896103896103896103896103896103896104,2022,0.77,92,64.61847826086956521739130434782608695652,11.399,0,0,0,57,2023,0,1,0,1,0,0,0,"upstate",8953.246753246753246753246753246753246753
"36011",2024,"Q3",3,8099,6391,5334,56,1001,1,1,1,0,0,"Cayuga County",43.008546,-76.574587,6235,6094,6100,6228,6164.25,1,76171,63227,13.45800588373409941577006477632142314545,4.91525646243320948917567053077943049192,20.04962518543802759580417744285883078862,2022,0.76171,92,69.03097826086956521739130434782608695652,13.319,0,2,0,54,2023,0,1,0,1,0,0,0,"upstate",8390.332278688739809113704690761575927847
"36013",2024,"Q3",3,8099,14932,13449,110,1373,3,3,2,1,0,"Chautauqua County",42.304216,-79.407595,14611,14276,14560,14849,14574,3,127440,54625,17.54315863294979164797886307480286066102,5.19067796610169491525423728813559322034,20.81371625863151286880100439422473320778,2022,1.2744,92,66.3538043478260869565217391304347826087,15.256,0,0,0,61,2023,0,1,0,1,0,0,0,"upstate",11716.8863779033270558694287507846829881
"36015",2024,"Q3",3,8099,8374,7011,65,1298,2,2,1,1,0,"Chemung County",42.148697,-76.752471,8266,8216,8445,8499,8356.5,2,83584,61358,15.1778557114228456913827655310621242485,5.22109494640122511485451761102603369066,19.59226646248085758039816232771822358346,2022,0.83584,92,67.19021739130434782608695652173913043478,17.205,0,1,0,56,2023,0,1,0,1,0,0,0,"upstate",10018.6638591117917304747320061255742726
"36017",2024,"Q3",3,8099,4473,4272,25,176,1,1,1,0,0,"Chenango County",42.478024,-75.602241,4397,4455,4832,4490,4543.5,1,47096,61741,12.42487136247675876680935702858131188654,5.1087141158484797010361814166808221505,21.32452862238831323254628843213861049771,2022,0.47096,92,65.51032608695652173913043478260869565217,19.332,0,0,0,58,2023,0,1,0,1,0,0,0,"upstate",9497.621878715814506539833531510107015458
"36019",2024,"Q3",3,8099,10001,8417,80,1504,2,2,1,1,0,"Clinton County",44.752712,-73.705643,9442,9414,9302,9832,9497.5,2,79839,67097,13.0375649430133558197100345456029159753,4.50406442966470020917095655005698969175,17.84090482095216623454702588960282568669,2022,0.79839,92,63.78478260869565217391304347826086956522,14.91,0,0,0,58,2023,0,1,0,1,0,0,0,"upstate",12526.4594997432332569295707611568281166
"36021",2024,"Q3",3,8099,5347,4598,29,720,1,1,1,0,0,"Columbia County",42.247696,-73.626718,5220,4827,5148,5559,5188.5,1,61469,81741,10.27193860527193860527193860527193860527,3.82631895752330442987522165644471196863,24.77020937383071141551025720281768045682,2022,0.61469,92,69.39782608695652173913043478260869565217,18.794,0,1,0,54,2023,0,1,0,1,0,0,0,"upstate",8698.693650457954416047113179000797149783
"36023",2024,"Q3",3,8099,6895,5953,76,866,1,1,1,0,0,"Cortland County",42.594039,-76.07624,6654,6541,6686,6491,6593,1,46755,65029,12.91585580576406264479658975071819108516,4.75243289487755320286600363597476205753,16.49877018500695112822158057961715324564,2022,0.46755,92,65.61032608695652173913043478260869565217,17.757,0,0,0,59,2023,0,1,0,1,0,0,0,"upstate",14747.0858731686450646989626777884718212
"36025",2024,"Q3",3,8099,5070,3377,0,46,4,4,3,1,1647,"Delaware County",42.193986,-74.966728,5011,4737,4528,4827,4775.75,4,44637,58338,14.79992476606949734330182912493534584097,3.74801173914017519098505723950982368887,25.2033066738356072316687949458969016735,2022,0.44637,92,64.5663043478260869565217391304347826087,19.18,0,0,0,59,2023,0,1,0,1,0,0,0,"upstate",11358.2902076752469924054035889508703542
"36027",2024,"Q3",3,8099,26739,20922,261,5556,4,4,3,1,0,"Dutchess County",41.754825,-73.740014,26961,27896,30093,30286,28809,4,296467,94578,8.57419615802209811449292846143474527559,4.51045141617785453355685455716825144114,18.39934967466868150586743212566660032988,2022,2.96467,92,69.44076086956521739130434782608695652174,24.801,0,1,0,54,2023,0,1,0,1,0,0,0,"upstate",9019.216304006854051209746784633702907912
"36029",2024,"Q3",3,8099,92004,71568,974,16512,10,10,10,0,2950,"Erie County",42.752759,-78.778192,91888,90439,92982,94205,92378.5,10,951232,68014,13.7521079712292233506640446108671641389,5.29639457040974231312655587701002489403,18.47046777232052748435712843974971405504,2022,9.51232,92,68.04456521739130434782608695652173913043,10.746,0,0,0,53,2023,0,1,0,1,0,0,0,"upstate",9672.088407454753414519276054632308416874
"36031",2024,"Q3",3,8099,4600,4564,0,36,2,2,2,0,0,"Essex County",44.109601,-73.778431,3727,3572,3704,4040,3760.75,2,37314,68090,10.42613636363636363636363636363636363636,3.91006056707938039341802004609529935145,24.8271426274320630326419038430615854639,2022,0.37314,92,60.26304347826086956521739130434782608696,18.064,0,0,0,63,2023,0,1,0,1,0,0,0,"upstate",12327.8126172482178270890282467706490861
"36033",2024,"Q3",3,8099,4085,3790,57,238,3,3,1,2,0,"Franklin County",44.594376,-74.31067,3449,3415,6161,6982,5001.75,3,47459,60270,17.8755036820897596220647492010559955537,5.19395688910427948334351756252765544997,18.44328789060030763395773193704039276007,2022,0.47459,92,63.10489130434782608695652173913043478261,14.107,0,0,0,65,2023,0,1,0,1,0,0,0,"upstate",8607.429570787416506879622410923112581386
"36035",2024,"Q3",3,8099,5612,5162,39,411,1,1,1,0,0,"Fulton County",43.115609,-74.423678,5477,5228,5392,5483,5395,1,53280,60557,13.92288861689106487148102815177478580171,4.86111111111111111111111111111111111111,20.15202702702702702702702702702702702703,2022,0.5328,92,65.19184782608695652173913043478260869565,18.976,0,0,0,66,2023,0,1,0,1,0,0,0,"upstate",10533.033033033033033033033033033033033
"36037",2024,"Q3",3,8099,6657,5683,34,940,1,1,1,0,0,"Genesee County",43.00091,-78.192778,6276,5867,5911,6557,6152.75,1,58204,68178,10.44697817571348628987129266927811975378,5.15428492887086798158202185416809841248,19.46773417634526836643529654319290770394,2022,0.58204,92,67.94347826086956521739130434782608695652,10.659,0,0,0,47,2023,0,1,0,1,0,0,0,"upstate",11437.3582571644560511305064943990103773
"36045",2024,"Q3",3,8099,12287,10900,92,1295,3,3,2,1,0,"Jefferson County",43.996389,-76.052968,12228,11840,14266,14682,13254,3,117445,62782,12.7947211716423915667498189426249295888,7.45795904465920217974370982161862999702,14.19047213589339690919153646387670824641,2022,1.17445,92,68.11793478260869565217391304347826086957,14.068,0,0,0,52,2023,0,1,0,1,0,0,0,"upstate",10461.9183447571203542083528460130273745
"36047",2024,"Q3",3,8099,234515,143144,805,24388,15,15,13,2,66178,"Kings County",40.635045,-73.95064,238415,239109,225963,211770,228814.25,15,2679620,74692,18.97371954222572412283230405339971369325,6.83402870556272904367037117203185526306,14.50145916212000208984856061680387517633,2022,26.7962,92,72.92717391304347826086956521739130434783,20.628,0,8,0,57,2023,0,1,0,1,0,1,0,"nyc",8751.800628447317156910308178025242385114
"36049",2024,"Q3",3,8099,3122,2881,33,208,1,1,1,0,0,"Lewis County",43.782706,-75.444132,2936,2619,2737,2861,2788.25,1,26690,64401,13.08789587195883310000378372242612281963,6.03596852753840389659048332708879730236,19.59160734357437242412888722367928062945,2022,0.2669,92,66.67934782608695652173913043478260869565,12.244,0,0,0,55,2023,0,1,0,1,0,0,0,"upstate",11697.2648932184338703634319970026227051
"36051",2024,"Q3",3,8099,3944,3512,27,405,1,1,1,0,0,"Livingston County",42.729042,-77.778463,3872,3547,3865,3811,3773.75,1,61980,70443,11.70737703478673152229265808558835408362,4.24330429170700225879315908357534688609,18.89319135204904808002581477896095514682,2022,0.6198,92,68.5875,10.427,0,3,0,58,2023,0,1,0,1,0,0,0,"upstate",6363.343013875443691513391416585995482414
"36053",2024,"Q3",3,8099,9332,5782,47,402,2,2,2,0,3101,"Madison County",42.910026,-75.663575,9123,8867,8925,8942,8964.25,2,68020,68869,9.52616859768278066320415501398322013584,4.67215524845633637165539547192002352249,19.14877977065568950308732725668920905616,2022,0.6802,92,65.68260869565217391304347826086956521739,16.957,0,0,0,62,2023,0,1,0,1,0,0,0,"upstate",13719.494266392237577183181417230226404
"36055",2024,"Q3",3,8099,75272,57426,848,16998,6,6,4,2,0,"Monroe County",43.250347,-77.700518,75234,73202,75787,73982,74551.25,6,756406,71450,13.4482198194211698700220294700498906721,5.28049751059616132077217790445871661515,17.91326351192349082371107579791804930157,2022,7.56406,92,68.89728260869565217391304347826086956522,12.609,0,0,0,50,2023,0,1,0,1,0,0,0,"upstate",9951.269556296486278532957168504744806361
"36057",2024,"Q3",3,8099,12658,9167,23,697,2,2,2,0,2771,"Montgomery County",42.900891,-74.435357,12129,12723,11091,11351,11823.5,2,49624,58033,15.11082912053050615035101004932561043001,6.21473480573915847170723843301628244398,18.8396743511204256005158794131871674996,2022,0.49624,92,67.20815217391304347826086956521739130435,17.977,0,0,0,55,2023,0,1,0,1,0,0,0,"upstate",25507.8187973561180074157665645655328067
"36059",2024,"Q3",3,8099,119455,72209,1025,27474,12,12,11,1,18747,"Nassau County",40.729612,-73.589414,113520,110406,123061,121245,117058,12,1389160,137709,5.38479788301852358791860571220001824984,5.3037807020069682397995911198134124219,18.03068041118373693455037576665034985171,2022,13.8916,92,72.0961956521739130434782608695652173913,23.894,0,4,0,55,2023,0,1,0,1,0,0,1,"downstate_non_nyc",8599.081459299144806933686544386535748222
"36061",2024,"Q3",3,8099,276968,208002,1331,41075,20,20,19,1,26560,"New York County",40.776642,-73.970187,276008,273656,284241,266747,275163,20,1645867,99880,15.79494828199455784183985702614123731898,4.4955637363164824375238096395395253687,17.27089734468216447623046090601488455629,2022,16.45867,92,73.05163043478260869565217391304347826087,21.629,0,8,0,49,2023,0,1,0,1,0,1,0,"nyc",16828.0912127164588633224920361122739565
"36063",2024,"Q3",3,8099,10532,9747,24,761,5,5,2,3,0,"Niagara County",43.272672,-78.812943,10333,10201,9994,10620,10287,5,212230,65882,12.96890359394854827495264810952072694143,5.09070348207133769966545728690571549734,19.73896244640248786693681383404796682844,2022,2.1223,92,69.53478260869565217391304347826086956522,11.017,0,0,0,50,2023,0,1,0,1,0,0,0,"upstate",4962.540639871837157800499458135042171229
"36065",2024,"Q3",3,8099,25674,21008,143,4523,3,3,2,1,0,"Oneida County",43.242727,-75.434282,24805,24350,13722,27345,22555.5,3,231055,66402,14.4336249903712396858985106006987081602,5.50777953301162060981151673843889982905,19.16816342429291727077968449070567613772,2022,2.31055,92,67.21304347826086956521739130434782608696,17.075,0,0,0,58,2023,0,1,0,1,0,0,0,"upstate",11111.6400856938824089502499404903594382
"36067",2024,"Q3",3,8099,56174,44731,582,10861,6,6,4,2,0,"Onondaga County",43.006516,-76.196134,55859,55287,55443,54025,55153.5,6,472637,71479,13.90524781662517831904943544244070547095,5.50782101274339503678298567399505328614,17.84519620766042438488734483334990701109,2022,4.72637,92,68.15,14.914,0,0,0,59,2023,0,1,0,1,0,0,0,"upstate",11885.231160488916441158859759180935898
"36069",2024,"Q3",3,8099,17252,12248,192,1654,3,3,3,0,3158,"Ontario County",42.856357,-77.303497,16836,15946,16521,17119,16605.5,3,112288,76603,9.0043997832257116350843674507894809358,4.66122827016243944143630664006839555429,21.02628954117982331148475349102308349957,2022,1.12288,92,68.79782608695652173913043478260869565217,11.955,0,2,0,53,2023,0,1,0,1,0,0,0,"upstate",15364.063835850669706469079509831860929
"36071",2024,"Q3",3,8099,39474,27922,352,6241,4,4,4,0,4959,"Orange County",41.40241,-74.306252,38748,37037,38846,39085,38429,4,401237,91806,13.01406698832891111467947198454389975965,6.60806456034712651126391633872250066669,14.13503739685024063084909916084508656978,2022,4.01237,92,70.24076086956521739130434782608695652174,18.701,0,5,0,54,2023,0,1,0,1,0,0,0,"upstate",9838.075750740833970944853041967714841852
"36075",2024,"Q3",3,8099,6271,5331,28,912,2,2,2,0,0,"Oswego County",43.461443,-76.209262,6167,5797,5986,6397,6086.75,2,118037,65054,17.12538226299694189602446483180428134557,5.34323983157823394359395782678312732448,17.07091844082787600498148885518947448681,2022,1.18037,92,67.83478260869565217391304347826086956522,12.582,0,1,0,55,2023,0,1,0,1,0,0,0,"upstate",5312.740920219931038572650948431424045003
"36077",2024,"Q3",3,8099,9830,3781,121,1295,2,2,2,0,4633,"Otsego County",42.629776,-75.028841,9662,8882,9055,9412,9252.75,2,59678,65778,12.97679185884764624057398052566073651073,3.92606990850899829082744059787526391635,21.15017259291531217534099668219444351352,2022,0.59678,92,65.5663043478260869565217391304347826087,17.091,0,0,0,59,2023,0,1,0,1,0,0,0,"upstate",16471.7316263949864271590871007741546298
"36079",2024,"Q3",3,8099,5469,4834,37,598,1,1,1,0,0,"Putnam County",41.427907,-73.743861,4910,4794,5298,5512,5128.5,1,97942,120970,6.33822480067012068377129029255731703534,4.51083294194523289293663596822609299381,18.27612260317330665087500765759326948602,2022,0.97942,92,69.30652173913043478260869565217391304348,24.53,0,1,0,51,2023,0,1,0,1,0,0,0,"upstate",5583.917012109207490147229993261317922852
"36081",2024,"Q3",3,8099,198008,126743,730,20333,10,10,10,0,50202,"Queens County",40.654658,-73.841209,198334,203168,168828,158589,182229.75,10,2360826,82431,11.69337735462647738538882666915736012771,5.79640346217806818460996278421196648969,16.49418466248677369700265923875796013768,2022,23.60826,92,72.23913043478260869565217391304347826087,20.483,0,2,0,54,2023,0,1,0,1,0,1,0,"nyc",8387.233959639549886353335654554804123641
"36083",2024,"Q3",3,8099,10803,9088,28,1687,1,1,1,0,0,"Rensselaer County",42.710421,-73.513845,10206,10744,11004,11979,10983.25,1,160943,83734,11.46523498930109051535229059784990590116,4.93839433836824217269468072547423622028,17.63481481021231119091852394947279471614,2022,1.60943,92,66.84565217391304347826086956521739130435,21.395,0,0,0,64,2023,0,1,0,1,0,0,0,"upstate",6712.314297608470079469128822005306226428
"36085",2024,"Q3",3,8099,38259,12039,93,2349,3,3,2,1,23778,"Richmond County",40.561263,-74.1399,38564,38089,38183,35880,37679,3,492925,96185,10.36304266279115054043361777927186485982,5.50124258254298321245625602272150935741,16.58528173657250088755895927372318304002,2022,4.92925,92,73.38532608695652173913043478260869565217,18.927,0,10,0,50,2023,0,1,0,1,0,1,0,"nyc",7761.627022366485773697824212608408987168
"36087",2024,"Q3",3,8099,22954,18376,114,4464,2,2,2,0,0,"Rockland County",41.154628,-74.024662,22828,22197,22865,22220,22527.5,2,337326,106173,15.07099866652250693768695714852056078135,8.2848639002033641047532653871922116884,15.63858107587319091917017958888434333553,2022,3.37326,92,70.76684782608695652173913043478260869565,20.93,0,4,0,53,2023,0,1,0,1,0,0,1,"downstate_non_nyc",6804.693382662468946953392267420833259221
"36089",2024,"Q3",3,8099,10682,5779,56,811,6,6,3,3,4036,"St. Lawrence County",44.488112,-75.074311,9905,10159,13551,13385,11750,6,108670,58339,17.03949721526748760921772009606049767513,4.88635317935032667709579460752737646084,18.01325112726603478420907334130854881752,2022,1.0867,92,66.42445652173913043478260869565217391304,14.465,0,0,0,59,2023,0,1,0,1,0,0,0,"upstate",9829.759823318303119536210545688782552682
"36091",2024,"Q3",3,8099,9989,7905,187,1897,1,1,1,0,0,"Saratoga County",43.106135,-73.855387,10027,9341,9559,9940,9716.75,1,236328,97038,6.55053162925571904199334120932230694877,4.67528181171930537219457702853661013507,18.9448563014115974408449273890525033005,2022,2.36328,92,68.30054347826086956521739130434782608696,19.361,0,0,0,63,2023,0,1,0,1,0,0,0,"upstate",4226.752648860905182627534612910869638807
"36093",2024,"Q3",3,8099,12095,9984,97,2014,2,2,1,1,0,"Schenectady County",42.817552,-74.043559,12087,11009,11692,11415,11550.75,2,159447,75056,11.58697791700705652294174026592220456841,5.8157256016105665205366046397862612655,17.46724616957358871599967387282294430124,2022,1.59447,92,68.10217391304347826086956521739130434783,22.484,0,0,0,55,2023,0,1,0,1,0,0,0,"upstate",7585.592704785916323292379285906915777657
"36097",2024,"Q3",3,8099,2197,2180,0,17,1,1,1,0,0,"Schuyler County",42.419776,-76.938603,1990,1952,2008,2114,2016,1,17855,61316,15.75458871515975526852481305234534330387,4.80537664519742369084290114813777653318,22.06104732567908148977877345281433772053,2022,0.17855,92,67.55108695652173913043478260869565217391,12.954,0,1,0,70,2023,0,1,0,1,0,0,0,"upstate",12304.6765611873424810977317278073368804
"36101",2024,"Q3",3,8099,12430,11145,109,1176,3,3,2,1,0,"Steuben County",42.266725,-77.385525,12077,11553,12000,12058,11922,3,93584,62506,13.43455156707515453855330224487582691682,5.39301590015387245683022738929731578048,19.97136262608992990254744400752265344503,2022,0.93584,92,66.48913043478260869565217391304347826087,11.029,0,0,0,58,2023,0,1,0,1,0,0,0,"upstate",13282.1849888869892289280218840827491879
"36103",2024,"Q3",3,8099,141140,77904,1501,24276,11,11,11,0,37459,"Suffolk County",40.943554,-72.692218,136636,132528,115562,116506,125308,11,1524486,122498,6.49309832632912101917628327890555456946,5.21520040197154975513058171737884113072,17.27677394216804877184834757419877912949,2022,15.24486,92,73.12228260869565217391304347826086956522,23.36,0,3,0,48,2023,0,1,0,1,0,0,1,"downstate_non_nyc",9258.202436755732751891457186225390065898
"36105",2024,"Q3",3,8099,8851,6905,25,592,2,2,2,0,1329,"Sullivan County",41.719993,-74.771577,7619,6849,7561,8583,7653,2,78725,67841,14.84173319035704356805274236466897017356,5.70339790409653858367735789139409336297,18.92791362337249920609717370593839314068,2022,0.78725,92,66.98532608695652173913043478260869565217,19.577,0,0,0,53,2023,0,1,0,1,0,0,0,"upstate",11242.9342648459828516989520482692918387
"36109",2024,"Q3",3,8099,8410,7503,112,795,1,1,1,0,0,"Tompkins County",42.453006,-76.473483,8130,8021,7830,8517,8124.5,1,102555,69995,16.03587565210532839066602066455589232797,3.6351226171322704890058992735605284969,15.67841645946077714397152747306323436205,2022,1.02555,92,68.02065217391304347826086956521739130435,15.409,0,1,0,60,2023,0,1,0,1,0,0,0,"upstate",8200.477792404075861732728779679196528692
"36111",2024,"Q3",3,8099,8343,6745,32,1566,2,2,1,1,0,"Ulster County",41.947212,-74.265458,8270,7707,7748,8255,7995,2,182153,77197,14.71050480920349531652731501854529452442,4.27442863966006598848221001026609498608,20.46082139739669398802105921944738763567,2022,1.82153,92,68.8711956521739130434782608695652173913,22.471,0,0,0,58,2023,0,1,0,1,0,0,0,"upstate",4580.215533095804076792586452048552590405
"36113",2024,"Q3",3,8099,11515,8907,94,2514,1,1,1,0,0,"Warren County",43.555105,-73.838139,10574,10206,10520,11642,10735.5,1,65684,74531,8.63425676404009916999029858790557292228,4.23999756409475671396382680713720236283,23.03452895682357956275500883015650691188,2022,0.65684,92,67.1,15.546,0,0,0,56,2023,0,1,0,1,0,0,0,"upstate",17530.9055477741915839473844467450216187
"36117",2024,"Q3",3,8099,5943,4864,26,1053,1,1,1,0,0,"Wayne County",43.218114,-77.049402,5709,5477,5655,5753,5648.5,1,91324,71007,11.01487749571373264753055693822244344892,5.37098681617099557619026761858876089527,19.71661337654942840874249923349831369629,2022,0.91324,92,68.67826086956521739130434782608695652174,10.352,0,1,0,53,2023,0,1,0,1,0,0,0,"upstate",6507.599316718496780692917524418553720818
"36119",2024,"Q3",3,8099,99003,64545,710,17020,13,13,12,1,16728,"Westchester County",41.152686,-73.745753,99394,98667,102031,96003,99023.75,13,997904,114651,8.53695231662009886702078663760017194264,5.32726594943000529109012490179416056053,17.47612996841379531498019849604771601276,2022,9.97904,92,70.93967391304347826086956521739130434783,21.578,0,4,0,51,2023,0,1,0,1,0,0,1,"downstate_non_nyc",9921.094614311597107537398387019192226908
"36123",2024,"Q3",3,8099,2434,2365,0,69,1,1,1,0,0,"Yates County",42.638237,-77.104324,2078,1967,2048,2198,2072.75,1,24713,63974,14.22016399711093172451884267323788078345,5.98875085987132278557844049690446323797,21.48262048314652207340266256626067252054,2022,0.24713,92,68.00217391304347826086956521739130434783,11.115,0,1,0,56,2023,0,1,0,1,0,0,0,"upstate",9849.067292518107878444543357746934811638
"36001",2024,"Q4",4,8100,40924,31065,307,9552,3,3,3,0,0,"Albany County",42.58824,-73.97401,39375,38911,38862,40267,39353.75,3,315041,78829,12.54645537948290241868223519599666388657,4.76382439111099825102129564088483721166,17.50883218374751222856707539653568900556,2022,3.15041,92,42.46467391304347826086956521739130434783,14.757,8.104,0,39,43,2023,0,1,0,0,1,0,0,"upstate",12990.0552626483537063429839290758980577
"36003",2024,"Q4",4,8100,3866,3564,24,278,2,2,1,1,0,"Allegany County",42.247853,-78.026153,3835,4008,3763,6428,4508.5,2,47222,58725,17.05236367064146674836216241692982042702,4.99767057727330481555207318622675871416,19.32997331752149421879632374740587014527,2022,0.47222,92,41.36793478260869565217391304347826086957,8.586,7.304,0,41,54,2023,0,1,0,0,1,0,0,"upstate",8186.862055821439159713692770318919147855
"36005",2024,"Q4",4,8100,199647,133133,288,24059,11,11,10,1,42167,"Bronx County",40.848711,-73.852939,189769,194112,193741,195893,193378.75,11,1443229,47036,26.91498993322347960503664703373680728038,6.88664099737463701186713958768844029603,13.27904303475054894268338565813186957856,2022,14.43229,92,48.11521739130434782608695652173913043478,15.699,0,0,22,25,2023,0,1,0,0,1,1,0,"nyc",13833.3556213185849231133797893473592895
"36007",2024,"Q4",4,8100,27732,22697,361,4674,3,3,3,0,0,"Broome County",42.161977,-75.830283,27156,24306,24759,25216,25359.25,3,198365,58317,19.08122150355211536422436645106563460927,4.91114864013308799435384266377637183979,19.73836110200892294507599626950318856653,2022,1.98365,92,42.64728260869565217391304347826086956522,10.711,5.54,0,38,48,2023,0,1,0,0,1,0,0,"upstate",13980.2888614422907266906964434249993698
"36009",2024,"Q4",4,8100,6807,5548,65,1194,1,1,1,0,0,"Cattaraugus County",42.239099,-78.662332,6894,6780,6606,6817,6774.25,1,77000,56889,17.42366437760197046972678473421415471936,5.4974025974025974025974025974025974026,19.93896103896103896103896103896103896104,2022,0.77,92,41.06086956521739130434782608695652173913,9.839,10.115,0,38,54,2023,0,1,0,0,1,0,0,"upstate",8840.25974025974025974025974025974025974
"36011",2024,"Q4",4,8100,6186,5062,64,1060,1,1,1,0,0,"Cayuga County",43.008546,-76.574587,6391,6235,6094,6100,6205,1,76171,63227,13.45800588373409941577006477632142314545,4.91525646243320948917567053077943049192,20.04962518543802759580417744285883078862,2022,0.76171,92,44.80706521739130434782608695652173913043,12.75,7.331,0,26,59,2023,0,1,0,0,1,0,0,"upstate",8121.200982001024011763006918643578264694
"36013",2024,"Q4",4,8100,14278,12762,111,1405,3,3,2,1,0,"Chautauqua County",42.304216,-79.407595,14932,14611,14276,14560,14594.75,3,127440,54625,17.54315863294979164797886307480286066102,5.19067796610169491525423728813559322034,20.81371625863151286880100439422473320778,2022,1.2744,92,43.50217391304347826086956521739130434783,13.296,15.821,0,26,59,2023,0,1,0,0,1,0,0,"upstate",11203.7037037037037037037037037037037037
"36015",2024,"Q4",4,8100,8053,6748,46,1259,2,2,1,1,0,"Chemung County",42.148697,-76.752471,8374,8266,8216,8445,8325.25,2,83584,61358,15.1778557114228456913827655310621242485,5.22109494640122511485451761102603369066,19.59226646248085758039816232771822358346,2022,0.83584,92,42.95652173913043478260869565217391304348,10.415,3.446,0,36,44,2023,0,1,0,0,1,0,0,"upstate",9634.619065849923430321592649310872894334
"36017",2024,"Q4",4,8100,4651,4420,12,219,1,1,1,0,0,"Chenango County",42.478024,-75.602241,4473,4397,4455,4832,4539.25,1,47096,61741,12.42487136247675876680935702858131188654,5.1087141158484797010361814166808221505,21.32452862238831323254628843213861049771,2022,0.47096,92,41.28967391304347826086956521739130434783,10.659,7.168,0,38,52,2023,0,1,0,0,1,0,0,"upstate",9875.573297095294717173432987939527773059
"36019",2024,"Q4",4,8100,9537,8026,68,1443,2,2,1,1,0,"Clinton County",44.752712,-73.705643,10001,9442,9414,9302,9539.75,2,79839,67097,13.0375649430133558197100345456029159753,4.50406442966470020917095655005698969175,17.84090482095216623454702588960282568669,2022,0.79839,92,37.13641304347826086956521739130434782609,12.835,25.741,0,50,56,2023,0,1,0,0,1,0,0,"upstate",11945.2898959155300041333183030849584789
"36021",2024,"Q4",4,8100,5056,4307,26,723,1,1,1,0,0,"Columbia County",42.247696,-73.626718,5347,5220,4827,5148,5135.5,1,61469,81741,10.27193860527193860527193860527193860527,3.82631895752330442987522165644471196863,24.77020937383071141551025720281768045682,2022,0.61469,92,44.17445652173913043478260869565217391304,14.189,4.825,0,32,37,2023,0,1,0,0,1,0,0,"upstate",8225.284289641933332248775805690673347541
"36023",2024,"Q4",4,8100,7050,6029,78,943,1,1,1,0,0,"Cortland County",42.594039,-76.07624,6895,6654,6541,6686,6694,1,46755,65029,12.91585580576406264479658975071819108516,4.75243289487755320286600363597476205753,16.49877018500695112822158057961715324564,2022,0.46755,92,41.34347826086956521739130434782608695652,11.786,8.103,0,37,58,2023,0,1,0,0,1,0,0,"upstate",15078.6012191209496310555020853384664742
"36025",2024,"Q4",4,8100,4904,3295,0,45,4,4,3,1,1564,"Delaware County",42.193986,-74.966728,5070,5011,4737,4528,4836.5,4,44637,58338,14.79992476606949734330182912493534584097,3.74801173914017519098505723950982368887,25.2033066738356072316687949458969016735,2022,0.44637,92,40.3875,11.237,12.046,0,41,50,2023,0,1,0,0,1,0,0,"upstate",10986.4014158657615879203351479714138495
"36027",2024,"Q4",4,8100,31432,25048,320,6064,4,4,3,1,0,"Dutchess County",41.754825,-73.740014,26739,26961,27896,30093,27922.25,4,296467,94578,8.57419615802209811449292846143474527559,4.51045141617785453355685455716825144114,18.39934967466868150586743212566660032988,2022,2.96467,92,44.4336956521739130434782608695652173913,17.131,0.882,0,32,33,2023,0,1,0,0,1,0,0,"upstate",10602.1918122421719786687894436817588467
"36029",2024,"Q4",4,8100,91807,71239,871,17042,10,10,10,0,2655,"Erie County",42.752759,-78.778192,92004,91888,90439,92982,91828.25,10,951232,68014,13.7521079712292233506640446108671641389,5.29639457040974231312655587701002489403,18.47046777232052748435712843974971405504,2022,9.51232,92,45.1875,11.256,8.047,0,20,61,2023,0,1,0,0,1,0,0,"upstate",9651.378422929422054766870752876269932046
"36031",2024,"Q4",4,8100,3864,3839,0,25,2,2,2,0,0,"Essex County",44.109601,-73.778431,4600,3727,3572,3704,3900.75,2,37314,68090,10.42613636363636363636363636363636363636,3.91006056707938039341802004609529935145,24.8271426274320630326419038430615854639,2022,0.37314,92,33.71576086956521739130434782608695652174,15.688,35.548,0,60,60,2023,0,1,0,0,1,0,0,"upstate",10355.3625984885029747547837272873452324
"36033",2024,"Q4",4,8100,3366,3094,50,222,3,3,1,2,0,"Franklin County",44.594376,-74.31067,4085,3449,3415,6161,4277.5,3,47459,60270,17.8755036820897596220647492010559955537,5.19395688910427948334351756252765544997,18.44328789060030763395773193704039276007,2022,0.47459,92,37.01141304347826086956521739130434782609,13.413,21.14,0,52,61,2023,0,1,0,0,1,0,0,"upstate",7092.437683052740260013906740555005373059
"36035",2024,"Q4",4,8100,5215,4738,35,442,1,1,1,0,0,"Fulton County",43.115609,-74.423678,5612,5477,5228,5392,5427.25,1,53280,60557,13.92288861689106487148102815177478580171,4.86111111111111111111111111111111111111,20.15202702702702702702702702702702702703,2022,0.5328,92,39.71684782608695652173913043478260869565,11.489,19.485,0,43,50,2023,0,1,0,0,1,0,0,"upstate",9787.912912912912912912912912912912912913
"36037",2024,"Q4",4,8100,6106,5199,33,874,1,1,1,0,0,"Genesee County",43.00091,-78.192778,6657,6276,5867,5911,6177.75,1,58204,68178,10.44697817571348628987129266927811975378,5.15428492887086798158202185416809841248,19.46773417634526836643529654319290770394,2022,0.58204,92,44.05326086956521739130434782608695652174,9.429,5.484,0,30,60,2023,0,1,0,0,1,0,0,"upstate",10490.6879252285066318466084805168029689
"36045",2024,"Q4",4,8100,11504,10238,68,1198,3,3,2,1,0,"Jefferson County",43.996389,-76.052968,12287,12228,11840,14266,12655.25,3,117445,62782,12.7947211716423915667498189426249295888,7.45795904465920217974370982161862999702,14.19047213589339690919153646387670824641,2022,1.17445,92,43.55652173913043478260869565217391304348,15.91,4.878,0,28,65,2023,0,1,0,0,1,0,0,"upstate",9795.223296010898718549108093149985099408
"36047",2024,"Q4",4,8100,238479,144732,738,24911,15,15,13,2,68098,"Kings County",40.635045,-73.95064,234515,238415,239109,225963,234500.5,15,2679620,74692,18.97371954222572412283230405339971369325,6.83402870556272904367037117203185526306,14.50145916212000208984856061680387517633,2022,26.7962,92,48.25,14.436,0,0,21,30,2023,0,1,0,0,1,1,0,"nyc",8899.73205155954948836028989185033698808
"36049",2024,"Q4",4,8100,2695,2463,27,205,1,1,1,0,0,"Lewis County",43.782706,-75.444132,3122,2936,2619,2737,2853.5,1,26690,64401,13.08789587195883310000378372242612281963,6.03596852753840389659048332708879730236,19.59160734357437242412888722367928062945,2022,0.2669,92,41.71413043478260869565217391304347826087,14.628,16.286,0,36,62,2023,0,1,0,0,1,0,0,"upstate",10097.4147620831772199325590108654926939
"36051",2024,"Q4",4,8100,3846,3404,29,413,1,1,1,0,0,"Livingston County",42.729042,-77.778463,3944,3872,3547,3865,3807,1,61980,70443,11.70737703478673152229265808558835408362,4.24330429170700225879315908357534688609,18.89319135204904808002581477896095514682,2022,0.6198,92,44.26467391304347826086956521739130434783,8.769,3.999,0,32,57,2023,0,1,0,0,1,0,0,"upstate",6205.227492739593417231364956437560503388
"36053",2024,"Q4",4,8100,9275,5666,53,375,2,2,2,0,3181,"Madison County",42.910026,-75.663575,9332,9123,8867,8925,9061.75,2,68020,68869,9.52616859768278066320415501398322013584,4.67215524845633637165539547192002352249,19.14877977065568950308732725668920905616,2022,0.6802,92,41.24293478260869565217391304347826086957,13.525,14.249,0,37,60,2023,0,1,0,0,1,0,0,"upstate",13635.6953837106733313731255513084386945
"36055",2024,"Q4",4,8100,76515,58438,853,17224,6,6,4,2,0,"Monroe County",43.250347,-77.700518,75272,75234,73202,75787,74873.75,6,756406,71450,13.4482198194211698700220294700498906721,5.28049751059616132077217790445871661515,17.91326351192349082371107579791804930157,2022,7.56406,92,45.91847826086956521739130434782608695652,10.431,6.284,0,20,64,2023,0,1,0,0,1,0,0,"upstate",10115.5992945587422627530717630478869813
"36057",2024,"Q4",4,8100,12660,9063,20,772,2,2,2,0,2805,"Montgomery County",42.900891,-74.435357,12658,12129,12723,11091,12150.25,2,49624,58033,15.11082912053050615035101004932561043001,6.21473480573915847170723843301628244398,18.8396743511204256005158794131871674996,2022,0.49624,92,42.10652173913043478260869565217391304348,10.099,11.242,0,45,44,2023,0,1,0,0,1,0,0,"upstate",25511.8491052716427535063678865065290988
"36059",2024,"Q4",4,8100,117424,71575,926,28018,12,12,11,1,16905,"Nassau County",40.729612,-73.589414,119455,113520,110406,123061,116610.5,12,1389160,137709,5.38479788301852358791860571220001824984,5.3037807020069682397995911198134124219,18.03068041118373693455037576665034985171,2022,13.8916,92,47.74239130434782608695652173913043478261,13.212,0,0,22,28,2023,0,1,0,0,1,0,1,"downstate_non_nyc",8452.877998214748481096489965158801002044
"36061",2024,"Q4",4,8100,279342,209186,1382,42160,20,20,19,1,26614,"New York County",40.776642,-73.970187,276968,276008,273656,284241,277718.25,20,1645867,99880,15.79494828199455784183985702614123731898,4.4955637363164824375238096395395253687,17.27089734468216447623046090601488455629,2022,16.45867,92,48.16956521739130434782608695652173913043,17.174,0,0,22,26,2023,0,1,0,0,1,1,0,"nyc",16972.3313001597334414020087892885634137
"36063",2024,"Q4",4,8100,10452,9496,31,925,5,5,2,3,0,"Niagara County",43.272672,-78.812943,10532,10333,10201,9994,10265,5,212230,65882,12.96890359394854827495264810952072694143,5.09070348207133769966545728690571549734,19.73896244640248786693681383404796682844,2022,2.1223,92,45.92336956521739130434782608695652173913,10.068,3.693,0,19,55,2023,0,1,0,0,1,0,0,"upstate",4924.845686283748763134335390849550016492
"36065",2024,"Q4",4,8100,25335,20722,132,4481,3,3,2,1,0,"Oneida County",43.242727,-75.434282,25674,24805,24350,13722,22137.75,3,231055,66402,14.4336249903712396858985106006987081602,5.50777953301162060981151673843889982905,19.16816342429291727077968449070567613772,2022,2.31055,92,42.39836956521739130434782608695652173913,14.119,9.619,0,37,59,2023,0,1,0,0,1,0,0,"upstate",10964.9217718724978901127437190279370713
"36067",2024,"Q4",4,8100,55201,43604,590,11007,6,6,4,2,0,"Onondaga County",43.006516,-76.196134,56174,55859,55287,55443,55690.75,6,472637,71479,13.90524781662517831904943544244070547095,5.50782101274339503678298567399505328614,17.84519620766042438488734483334990701109,2022,4.72637,92,43.89184782608695652173913043478260869565,12.874,8.047,0,32,61,2023,0,1,0,0,1,0,0,"upstate",11679.3649248789239945243389747311361573
"36069",2024,"Q4",4,8100,15918,11118,136,1672,3,3,3,0,2992,"Ontario County",42.856357,-77.303497,17252,16836,15946,16521,16638.75,3,112288,76603,9.0043997832257116350843674507894809358,4.66122827016243944143630664006839555429,21.02628954117982331148475349102308349957,2022,1.12288,92,44.07663043478260869565217391304347826087,9.038,5.043,0,31,55,2023,0,1,0,0,1,0,0,"upstate",14176.0473069250498717583357081789683671
"36071",2024,"Q4",4,8100,38512,27122,322,6530,4,4,4,0,4538,"Orange County",41.40241,-74.306252,39474,38748,37037,38846,38526.25,4,401237,91806,13.01406698832891111467947198454389975965,6.60806456034712651126391633872250066669,14.13503739685024063084909916084508656978,2022,4.01237,92,45.68858695652173913043478260869565217391,17.147,0.469,0,29,36,2023,0,1,0,0,1,0,0,"upstate",9598.31720404648624129878351198917348101
"36075",2024,"Q4",4,8100,6057,5056,47,954,2,2,2,0,0,"Oswego County",43.461443,-76.209262,6271,6167,5797,5986,6055.25,2,118037,65054,17.12538226299694189602446483180428134557,5.34323983157823394359395782678312732448,17.07091844082787600498148885518947448681,2022,1.18037,92,43.85706521739130434782608695652173913043,16.39,12.102,0,25,66,2023,0,1,0,0,1,0,0,"upstate",5131.441836034463769834882282674076772537
"36077",2024,"Q4",4,8100,8857,3310,116,1204,2,2,2,0,4227,"Otsego County",42.629776,-75.028841,9830,9662,8882,9055,9357.25,2,59678,65778,12.97679185884764624057398052566073651073,3.92606990850899829082744059787526391635,21.15017259291531217534099668219444351352,2022,0.59678,92,41.12173913043478260869565217391304347826,10.654,9.122,0,43,52,2023,0,1,0,0,1,0,0,"upstate",14841.3150574751164583263514192834880525
"36079",2024,"Q4",4,8100,5411,4777,40,594,1,1,1,0,0,"Putnam County",41.427907,-73.743861,5469,4910,4794,5298,5117.75,1,97942,120970,6.33822480067012068377129029255731703534,4.51083294194523289293663596822609299381,18.27612260317330665087500765759326948602,2022,0.97942,92,44.66467391304347826086956521739130434783,15.677,0.69,0,28,32,2023,0,1,0,0,1,0,0,"upstate",5524.698290825182250719813767331686099937
"36081",2024,"Q4",4,8100,200831,127905,682,20699,10,10,10,0,51545,"Queens County",40.654658,-73.841209,198008,198334,203168,168828,192084.5,10,2360826,82431,11.69337735462647738538882666915736012771,5.79640346217806818460996278421196648969,16.49418466248677369700265923875796013768,2022,23.60826,92,48.36847826086956521739130434782608695652,14.025,0,0,18,29,2023,0,1,0,0,1,1,0,"nyc",8506.810751830079811049183633186012014439
"36083",2024,"Q4",4,8100,10719,8938,27,1754,1,1,1,0,0,"Rensselaer County",42.710421,-73.513845,10803,10206,10744,11004,10689.25,1,160943,83734,11.46523498930109051535229059784990590116,4.93839433836824217269468072547423622028,17.63481481021231119091852394947279471614,2022,1.60943,92,41.65706521739130434782608695652173913043,13.066,9.729,0,37,44,2023,0,1,0,0,1,0,0,"upstate",6660.121906513486141056150314086353553743
"36085",2024,"Q4",4,8100,38854,12280,108,2298,3,3,2,1,24168,"Richmond County",40.561263,-74.1399,38259,38564,38089,38183,38273.75,3,492925,96185,10.36304266279115054043361777927186485982,5.50124258254298321245625602272150935741,16.58528173657250088755895927372318304002,2022,4.92925,92,48.67663043478260869565217391304347826087,14.91,0.055,0,18,34,2023,0,1,0,0,1,1,0,"nyc",7882.335040827712126591266419840746563879
"36087",2024,"Q4",4,8100,23015,18263,153,4599,2,2,2,0,0,"Rockland County",41.154628,-74.024662,22954,22828,22197,22865,22711,2,337326,106173,15.07099866652250693768695714852056078135,8.2848639002033641047532653871922116884,15.63858107587319091917017958888434333553,2022,3.37326,92,46.34673913043478260869565217391304347826,17.577,0.331,0,28,31,2023,0,1,0,0,1,0,1,"downstate_non_nyc",6822.776779732365723365527709100395463142
"36089",2024,"Q4",4,8100,10499,5854,71,763,6,6,3,3,3811,"St. Lawrence County",44.488112,-75.074311,10682,9905,10159,13551,11074.25,6,108670,58339,17.03949721526748760921772009606049767513,4.88635317935032667709579460752737646084,18.01325112726603478420907334130854881752,2022,1.0867,92,40.69021739130434782608695652173913043478,13.991,10.5,0,42,61,2023,0,1,0,0,1,0,0,"upstate",9661.360080979111070212570166559307996687
"36091",2024,"Q4",4,8100,10491,8535,195,1761,1,1,1,0,0,"Saratoga County",43.106135,-73.855387,9989,10027,9341,9559,9729,1,236328,97038,6.55053162925571904199334120932230694877,4.67528181171930537219457702853661013507,18.9448563014115974408449273890525033005,2022,2.36328,92,42.57771739130434782608695652173913043478,13.763,14.825,0,40,47,2023,0,1,0,0,1,0,0,"upstate",4439.169290139128668630039605971361836092
"36093",2024,"Q4",4,8100,11875,9731,64,2080,2,2,1,1,0,"Schenectady County",42.817552,-74.043559,12095,12087,11009,11692,11720.75,2,159447,75056,11.58697791700705652294174026592220456841,5.8157256016105665205366046397862612655,17.46724616957358871599967387282294430124,2022,1.59447,92,42.66521739130434782608695652173913043478,13.616,9.369,0,41,44,2023,0,1,0,0,1,0,0,"upstate",7447.615822185428386862092105840812307538
"36097",2024,"Q4",4,8100,2020,1993,0,27,1,1,1,0,0,"Schuyler County",42.419776,-76.938603,2197,1990,1952,2008,2036.75,1,17855,61316,15.75458871515975526852481305234534330387,4.80537664519742369084290114813777653318,22.06104732567908148977877345281433772053,2022,0.17855,92,42.91195652173913043478260869565217391304,10.339,4.385,0,32,56,2023,0,1,0,0,1,0,0,"upstate",11313.3576029123494819378325399047885746
"36101",2024,"Q4",4,8100,12406,11108,101,1197,3,3,2,1,0,"Steuben County",42.266725,-77.385525,12430,12077,11553,12000,12015,3,93584,62506,13.43455156707515453855330224487582691682,5.39301590015387245683022738929731578048,19.97136262608992990254744400752265344503,2022,0.93584,92,42.21032608695652173913043478260869565217,8.878,4.163,0,36,43,2023,0,1,0,0,1,0,0,"upstate",13256.5395794152846640451359206702000342
"36103",2024,"Q4",4,8100,137909,75741,1345,24385,11,11,11,0,36438,"Suffolk County",40.943554,-72.692218,141140,136636,132528,115562,131466.5,11,1524486,122498,6.49309832632912101917628327890555456946,5.21520040197154975513058171737884113072,17.27677394216804877184834757419877912949,2022,15.24486,92,49.24782608695652173913043478260869565217,11.09,0.028,0,12,31,2023,0,1,0,0,1,0,1,"downstate_non_nyc",9046.262149996785801903067656902064039945
"36105",2024,"Q4",4,8100,7205,5503,11,556,2,2,2,0,1135,"Sullivan County",41.719993,-74.771577,8851,7619,6849,7561,7720,2,78725,67841,14.84173319035704356805274236466897017356,5.70339790409653858367735789139409336297,18.92791362337249920609717370593839314068,2022,0.78725,92,42.58858695652173913043478260869565217391,12.012,6.174,0,38,38,2023,0,1,0,0,1,0,0,"upstate",9152.111781517942203874245792315020641473
"36109",2024,"Q4",4,8100,8002,7125,68,809,1,1,1,0,0,"Tompkins County",42.453006,-76.473483,8410,8130,8021,7830,8097.75,1,102555,69995,16.03587565210532839066602066455589232797,3.6351226171322704890058992735605284969,15.67841645946077714397152747306323436205,2022,1.02555,92,43.97554347826086956521739130434782608696,12.216,4.521,0,29,58,2023,0,1,0,0,1,0,0,"upstate",7802.642484520501194481010189654331821949
"36111",2024,"Q4",4,8100,7790,6240,28,1522,2,2,1,1,0,"Ulster County",41.947212,-74.265458,8343,8270,7707,7748,8017,2,182153,77197,14.71050480920349531652731501854529452442,4.27442863966006598848221001026609498608,20.46082139739669398802105921944738763567,2022,1.82153,92,44.89184782608695652173913043478260869565,16.199,6.561,0,29,35,2023,0,1,0,0,1,0,0,"upstate",4276.62459580682173776989673516219881089
"36113",2024,"Q4",4,8100,9557,7163,122,2272,1,1,1,0,0,"Warren County",43.555105,-73.838139,11515,10574,10206,10520,10703.75,1,65684,74531,8.63425676404009916999029858790557292228,4.23999756409475671396382680713720236283,23.03452895682357956275500883015650691188,2022,0.65684,92,41.46521739130434782608695652173913043478,12.802,18.658,0,41,42,2023,0,1,0,0,1,0,0,"upstate",14549.9665063029048170026185981365324889
"36117",2024,"Q4",4,8100,5760,4844,24,892,1,1,1,0,0,"Wayne County",43.218114,-77.049402,5943,5709,5477,5655,5696,1,91324,71007,11.01487749571373264753055693822244344892,5.37098681617099557619026761858876089527,19.71661337654942840874249923349831369629,2022,0.91324,92,44.9538043478260869565217391304347826087,11.133,7.664,0,25,60,2023,0,1,0,0,1,0,0,"upstate",6307.213875870526915159213350269370592615
"36119",2024,"Q4",4,8100,102656,67008,748,17625,13,13,12,1,17275,"Westchester County",41.152686,-73.745753,99003,99394,98667,102031,99773.75,13,997904,114651,8.53695231662009886702078663760017194264,5.32726594943000529109012490179416056053,17.47612996841379531498019849604771601276,2022,9.97904,92,46.18260869565217391304347826086956521739,15.341,0.193,0,25,28,2023,0,1,0,0,1,0,1,"downstate_non_nyc",10287.161891324215555804967211274832048
"36123",2024,"Q4",4,8100,2107,2052,0,55,1,1,1,0,0,"Yates County",42.638237,-77.104324,2434,2078,1967,2048,2131.75,1,24713,63974,14.22016399711093172451884267323788078345,5.98875085987132278557844049690446323797,21.48262048314652207340266256626067252054,2022,0.24713,92,43.39891304347826086956521739130434782609,9.295,3.583,0,32,55,2023,0,1,0,0,1,0,0,"upstate",8525.877068749241290009306842552502731356
