validation_period,year,quarter,fips,county_name,region,model,actual,prediction,residual,absolute_error
8085,2021,Q1,36001,Albany County,upstate,Previous-quarter persistence,33062.0,26805.0,6257.0,6257.0
8085,2021,Q1,36003,Allegany County,upstate,Previous-quarter persistence,2178.0,2336.0,-158.0,158.0
8085,2021,Q1,36005,Bronx County,nyc,Previous-quarter persistence,151201.0,137389.0,13812.0,13812.0
8085,2021,Q1,36007,Broome County,upstate,Previous-quarter persistence,16164.0,19133.0,-2969.0,2969.0
8085,2021,Q1,36009,Cattaraugus County,upstate,Previous-quarter persistence,5866.0,5552.0,314.0,314.0
8085,2021,Q1,36011,Cayuga County,upstate,Previous-quarter persistence,5025.0,5332.0,-307.0,307.0
8085,2021,Q1,36013,Chautauqua County,upstate,Previous-quarter persistence,11118.0,11576.0,-458.0,458.0
8085,2021,Q1,36015,Chemung County,upstate,Previous-quarter persistence,6673.0,7053.0,-380.0,380.0
8085,2021,Q1,36017,Chenango County,upstate,Previous-quarter persistence,2243.0,3213.0,-970.0,970.0
8085,2021,Q1,36019,Clinton County,upstate,Previous-quarter persistence,7997.0,8246.0,-249.0,249.0
8085,2021,Q1,36021,Columbia County,upstate,Previous-quarter persistence,4832.0,5052.0,-220.0,220.0
8085,2021,Q1,36023,Cortland County,upstate,Previous-quarter persistence,4628.0,5102.0,-474.0,474.0
8085,2021,Q1,36025,Delaware County,upstate,Previous-quarter persistence,3008.0,2065.0,943.0,943.0
8085,2021,Q1,36027,Dutchess County,upstate,Previous-quarter persistence,22874.0,23403.0,-529.0,529.0
8085,2021,Q1,36029,Erie County,upstate,Previous-quarter persistence,73781.0,73137.0,644.0,644.0
8085,2021,Q1,36031,Essex County,upstate,Previous-quarter persistence,1616.0,1664.0,-48.0,48.0
8085,2021,Q1,36033,Franklin County,upstate,Previous-quarter persistence,4515.0,4754.0,-239.0,239.0
8085,2021,Q1,36035,Fulton County,upstate,Previous-quarter persistence,3732.0,3607.0,125.0,125.0
8085,2021,Q1,36037,Genesee County,upstate,Previous-quarter persistence,4592.0,4147.0,445.0,445.0
8085,2021,Q1,36045,Jefferson County,upstate,Previous-quarter persistence,10977.0,10754.0,223.0,223.0
8085,2021,Q1,36047,Kings County,nyc,Previous-quarter persistence,144051.0,165726.0,-21675.0,21675.0
8085,2021,Q1,36049,Lewis County,upstate,Previous-quarter persistence,2093.0,2109.0,-16.0,16.0
8085,2021,Q1,36051,Livingston County,upstate,Previous-quarter persistence,2745.0,2735.0,10.0,10.0
8085,2021,Q1,36053,Madison County,upstate,Previous-quarter persistence,6208.0,6241.0,-33.0,33.0
8085,2021,Q1,36055,Monroe County,upstate,Previous-quarter persistence,65785.0,77599.0,-11814.0,11814.0
8085,2021,Q1,36057,Montgomery County,upstate,Previous-quarter persistence,8177.0,4755.0,3422.0,3422.0
8085,2021,Q1,36059,Nassau County,downstate_non_nyc,Previous-quarter persistence,96713.0,92664.0,4049.0,4049.0
8085,2021,Q1,36061,New York County,nyc,Previous-quarter persistence,225706.0,206140.0,19566.0,19566.0
8085,2021,Q1,36063,Niagara County,upstate,Previous-quarter persistence,11363.0,12118.0,-755.0,755.0
8085,2021,Q1,36065,Oneida County,upstate,Previous-quarter persistence,20290.0,22810.0,-2520.0,2520.0
8085,2021,Q1,36067,Onondaga County,upstate,Previous-quarter persistence,46976.0,51131.0,-4155.0,4155.0
8085,2021,Q1,36069,Ontario County,upstate,Previous-quarter persistence,11953.0,12164.0,-211.0,211.0
8085,2021,Q1,36071,Orange County,upstate,Previous-quarter persistence,30427.0,30403.0,24.0,24.0
8085,2021,Q1,36075,Oswego County,upstate,Previous-quarter persistence,5254.0,5334.0,-80.0,80.0
8085,2021,Q1,36077,Otsego County,upstate,Previous-quarter persistence,8047.0,8209.0,-162.0,162.0
8085,2021,Q1,36079,Putnam County,upstate,Previous-quarter persistence,4703.0,4688.0,15.0,15.0
8085,2021,Q1,36081,Queens County,nyc,Previous-quarter persistence,145101.0,139457.0,5644.0,5644.0
8085,2021,Q1,36083,Rensselaer County,upstate,Previous-quarter persistence,9612.0,9671.0,-59.0,59.0
8085,2021,Q1,36085,Richmond County,nyc,Previous-quarter persistence,17221.0,27991.0,-10770.0,10770.0
8085,2021,Q1,36087,Rockland County,downstate_non_nyc,Previous-quarter persistence,17720.0,16445.0,1275.0,1275.0
8085,2021,Q1,36089,St. Lawrence County,upstate,Previous-quarter persistence,12017.0,12510.0,-493.0,493.0
8085,2021,Q1,36091,Saratoga County,upstate,Previous-quarter persistence,7697.0,7931.0,-234.0,234.0
8085,2021,Q1,36093,Schenectady County,upstate,Previous-quarter persistence,11112.0,12166.0,-1054.0,1054.0
8085,2021,Q1,36101,Steuben County,upstate,Previous-quarter persistence,8158.0,8477.0,-319.0,319.0
8085,2021,Q1,36103,Suffolk County,downstate_non_nyc,Previous-quarter persistence,89190.0,108758.0,-19568.0,19568.0
8085,2021,Q1,36105,Sullivan County,upstate,Previous-quarter persistence,5760.0,6568.0,-808.0,808.0
8085,2021,Q1,36109,Tompkins County,upstate,Previous-quarter persistence,5833.0,5604.0,229.0,229.0
8085,2021,Q1,36111,Ulster County,upstate,Previous-quarter persistence,8856.0,9148.0,-292.0,292.0
8085,2021,Q1,36113,Warren County,upstate,Previous-quarter persistence,9139.0,9324.0,-185.0,185.0
8085,2021,Q1,36117,Wayne County,upstate,Previous-quarter persistence,4628.0,4749.0,-121.0,121.0
8085,2021,Q1,36119,Westchester County,downstate_non_nyc,Previous-quarter persistence,69131.0,70169.0,-1038.0,1038.0
8085,2021,Q1,36121,Wyoming County,upstate,Previous-quarter persistence,2647.0,2841.0,-194.0,194.0
8085,2021,Q1,36123,Yates County,upstate,Previous-quarter persistence,1306.0,1412.0,-106.0,106.0
8085,2021,Q1,36001,Albany County,upstate,Seasonal persistence,33062.0,34404.0,-1342.0,1342.0
8085,2021,Q1,36003,Allegany County,upstate,Seasonal persistence,2178.0,2760.0,-582.0,582.0
8085,2021,Q1,36005,Bronx County,nyc,Seasonal persistence,151201.0,187164.0,-35963.0,35963.0
8085,2021,Q1,36007,Broome County,upstate,Seasonal persistence,16164.0,23544.0,-7380.0,7380.0
8085,2021,Q1,36009,Cattaraugus County,upstate,Seasonal persistence,5866.0,7082.0,-1216.0,1216.0
8085,2021,Q1,36011,Cayuga County,upstate,Seasonal persistence,5025.0,5948.0,-923.0,923.0
8085,2021,Q1,36013,Chautauqua County,upstate,Seasonal persistence,11118.0,13027.0,-1909.0,1909.0
8085,2021,Q1,36015,Chemung County,upstate,Seasonal persistence,6673.0,8498.0,-1825.0,1825.0
8085,2021,Q1,36017,Chenango County,upstate,Seasonal persistence,2243.0,4103.0,-1860.0,1860.0
8085,2021,Q1,36019,Clinton County,upstate,Seasonal persistence,7997.0,9019.0,-1022.0,1022.0
8085,2021,Q1,36021,Columbia County,upstate,Seasonal persistence,4832.0,5950.0,-1118.0,1118.0
8085,2021,Q1,36023,Cortland County,upstate,Seasonal persistence,4628.0,6789.0,-2161.0,2161.0
8085,2021,Q1,36025,Delaware County,upstate,Seasonal persistence,3008.0,2824.0,184.0,184.0
8085,2021,Q1,36027,Dutchess County,upstate,Seasonal persistence,22874.0,28715.0,-5841.0,5841.0
8085,2021,Q1,36029,Erie County,upstate,Seasonal persistence,73781.0,89586.0,-15805.0,15805.0
8085,2021,Q1,36031,Essex County,upstate,Seasonal persistence,1616.0,2300.0,-684.0,684.0
8085,2021,Q1,36033,Franklin County,upstate,Seasonal persistence,4515.0,5607.0,-1092.0,1092.0
8085,2021,Q1,36035,Fulton County,upstate,Seasonal persistence,3732.0,4864.0,-1132.0,1132.0
8085,2021,Q1,36037,Genesee County,upstate,Seasonal persistence,4592.0,4922.0,-330.0,330.0
8085,2021,Q1,36045,Jefferson County,upstate,Seasonal persistence,10977.0,13542.0,-2565.0,2565.0
8085,2021,Q1,36047,Kings County,nyc,Seasonal persistence,144051.0,244785.0,-100734.0,100734.0
8085,2021,Q1,36049,Lewis County,upstate,Seasonal persistence,2093.0,2448.0,-355.0,355.0
8085,2021,Q1,36051,Livingston County,upstate,Seasonal persistence,2745.0,3280.0,-535.0,535.0
8085,2021,Q1,36053,Madison County,upstate,Seasonal persistence,6208.0,7368.0,-1160.0,1160.0
8085,2021,Q1,36055,Monroe County,upstate,Seasonal persistence,65785.0,74620.0,-8835.0,8835.0
8085,2021,Q1,36057,Montgomery County,upstate,Seasonal persistence,8177.0,6172.0,2005.0,2005.0
8085,2021,Q1,36059,Nassau County,downstate_non_nyc,Seasonal persistence,96713.0,114410.0,-17697.0,17697.0
8085,2021,Q1,36061,New York County,nyc,Seasonal persistence,225706.0,270183.0,-44477.0,44477.0
8085,2021,Q1,36063,Niagara County,upstate,Seasonal persistence,11363.0,13895.0,-2532.0,2532.0
8085,2021,Q1,36065,Oneida County,upstate,Seasonal persistence,20290.0,23781.0,-3491.0,3491.0
8085,2021,Q1,36067,Onondaga County,upstate,Seasonal persistence,46976.0,53882.0,-6906.0,6906.0
8085,2021,Q1,36069,Ontario County,upstate,Seasonal persistence,11953.0,14084.0,-2131.0,2131.0
8085,2021,Q1,36071,Orange County,upstate,Seasonal persistence,30427.0,36820.0,-6393.0,6393.0
8085,2021,Q1,36075,Oswego County,upstate,Seasonal persistence,5254.0,6146.0,-892.0,892.0
8085,2021,Q1,36077,Otsego County,upstate,Seasonal persistence,8047.0,9561.0,-1514.0,1514.0
8085,2021,Q1,36079,Putnam County,upstate,Seasonal persistence,4703.0,5956.0,-1253.0,1253.0
8085,2021,Q1,36081,Queens County,nyc,Seasonal persistence,145101.0,193781.0,-48680.0,48680.0
8085,2021,Q1,36083,Rensselaer County,upstate,Seasonal persistence,9612.0,10629.0,-1017.0,1017.0
8085,2021,Q1,36085,Richmond County,nyc,Seasonal persistence,17221.0,39246.0,-22025.0,22025.0
8085,2021,Q1,36087,Rockland County,downstate_non_nyc,Seasonal persistence,17720.0,21742.0,-4022.0,4022.0
8085,2021,Q1,36089,St. Lawrence County,upstate,Seasonal persistence,12017.0,14971.0,-2954.0,2954.0
8085,2021,Q1,36091,Saratoga County,upstate,Seasonal persistence,7697.0,8965.0,-1268.0,1268.0
8085,2021,Q1,36093,Schenectady County,upstate,Seasonal persistence,11112.0,12765.0,-1653.0,1653.0
8085,2021,Q1,36101,Steuben County,upstate,Seasonal persistence,8158.0,9132.0,-974.0,974.0
8085,2021,Q1,36103,Suffolk County,downstate_non_nyc,Seasonal persistence,89190.0,125091.0,-35901.0,35901.0
8085,2021,Q1,36105,Sullivan County,upstate,Seasonal persistence,5760.0,7060.0,-1300.0,1300.0
8085,2021,Q1,36109,Tompkins County,upstate,Seasonal persistence,5833.0,7014.0,-1181.0,1181.0
8085,2021,Q1,36111,Ulster County,upstate,Seasonal persistence,8856.0,11473.0,-2617.0,2617.0
8085,2021,Q1,36113,Warren County,upstate,Seasonal persistence,9139.0,9904.0,-765.0,765.0
8085,2021,Q1,36117,Wayne County,upstate,Seasonal persistence,4628.0,5743.0,-1115.0,1115.0
8085,2021,Q1,36119,Westchester County,downstate_non_nyc,Seasonal persistence,69131.0,87602.0,-18471.0,18471.0
8085,2021,Q1,36121,Wyoming County,upstate,Seasonal persistence,2647.0,3288.0,-641.0,641.0
8085,2021,Q1,36123,Yates County,upstate,Seasonal persistence,1306.0,1824.0,-518.0,518.0
8085,2021,Q1,36001,Albany County,upstate,Ridge — level,33062.0,28387.338123290465,4674.661876709535,4674.661876709535
8085,2021,Q1,36003,Allegany County,upstate,Ridge — level,2178.0,428.41105124412206,1749.588948755878,1749.588948755878
8085,2021,Q1,36005,Bronx County,nyc,Ridge — level,151201.0,119145.63869513449,32055.36130486551,32055.36130486551
8085,2021,Q1,36007,Broome County,upstate,Ridge — level,16164.0,13959.479196800312,2204.520803199688,2204.520803199688
8085,2021,Q1,36009,Cattaraugus County,upstate,Ridge — level,5866.0,2977.3484270962035,2888.6515729037965,2888.6515729037965
8085,2021,Q1,36011,Cayuga County,upstate,Ridge — level,5025.0,6870.225072562185,-1845.2250725621852,1845.2250725621852
8085,2021,Q1,36013,Chautauqua County,upstate,Ridge — level,11118.0,9417.33954733302,1700.6604526669798,1700.6604526669798
8085,2021,Q1,36015,Chemung County,upstate,Ridge — level,6673.0,7161.385503450227,-488.3855034502267,488.3855034502267
8085,2021,Q1,36017,Chenango County,upstate,Ridge — level,2243.0,1161.0751319230476,1081.9248680769524,1081.9248680769524
8085,2021,Q1,36019,Clinton County,upstate,Ridge — level,7997.0,9231.978219491648,-1234.978219491648,1234.978219491648
8085,2021,Q1,36021,Columbia County,upstate,Ridge — level,4832.0,5035.304403943053,-203.30440394305333,203.30440394305333
8085,2021,Q1,36023,Cortland County,upstate,Ridge — level,4628.0,3915.256366196776,712.7436338032239,712.7436338032239
8085,2021,Q1,36025,Delaware County,upstate,Ridge — level,3008.0,-209.07952672818647,3217.0795267281865,3217.0795267281865
8085,2021,Q1,36027,Dutchess County,upstate,Ridge — level,22874.0,22404.769773659067,469.23022634093286,469.23022634093286
8085,2021,Q1,36029,Erie County,upstate,Ridge — level,73781.0,67340.25802655407,6440.741973445925,6440.741973445925
8085,2021,Q1,36031,Essex County,upstate,Ridge — level,1616.0,1122.4809541796567,493.5190458203433,493.5190458203433
8085,2021,Q1,36033,Franklin County,upstate,Ridge — level,4515.0,6942.726330636091,-2427.726330636091,2427.726330636091
8085,2021,Q1,36035,Fulton County,upstate,Ridge — level,3732.0,6884.456858362428,-3152.4568583624277,3152.4568583624277
8085,2021,Q1,36037,Genesee County,upstate,Ridge — level,4592.0,5691.995554703168,-1099.9955547031677,1099.9955547031677
8085,2021,Q1,36045,Jefferson County,upstate,Ridge — level,10977.0,13738.836794600968,-2761.8367946009676,2761.8367946009676
8085,2021,Q1,36047,Kings County,nyc,Ridge — level,144051.0,141773.84820004916,2277.151799950836,2277.151799950836
8085,2021,Q1,36049,Lewis County,upstate,Ridge — level,2093.0,3592.063013175273,-1499.0630131752732,1499.0630131752732
8085,2021,Q1,36051,Livingston County,upstate,Ridge — level,2745.0,4321.808147086918,-1576.8081470869183,1576.8081470869183
8085,2021,Q1,36053,Madison County,upstate,Ridge — level,6208.0,5479.022028424897,728.9779715751029,728.9779715751029
8085,2021,Q1,36055,Monroe County,upstate,Ridge — level,65785.0,67268.0453451973,-1483.0453451973008,1483.0453451973008
8085,2021,Q1,36057,Montgomery County,upstate,Ridge — level,8177.0,5312.507411549854,2864.4925884501463,2864.4925884501463
8085,2021,Q1,36059,Nassau County,downstate_non_nyc,Ridge — level,96713.0,78640.03208387147,18072.96791612853,18072.96791612853
8085,2021,Q1,36061,New York County,nyc,Ridge — level,225706.0,167804.40069253408,57901.59930746592,57901.59930746592
8085,2021,Q1,36063,Niagara County,upstate,Ridge — level,11363.0,14700.964104828457,-3337.9641048284575,3337.9641048284575
8085,2021,Q1,36065,Oneida County,upstate,Ridge — level,20290.0,18798.20333381804,1491.7966661819592,1491.7966661819592
8085,2021,Q1,36067,Onondaga County,upstate,Ridge — level,46976.0,42542.27406744533,4433.725932554669,4433.725932554669
8085,2021,Q1,36069,Ontario County,upstate,Ridge — level,11953.0,10151.054264979317,1801.945735020683,1801.945735020683
8085,2021,Q1,36071,Orange County,upstate,Ridge — level,30427.0,27606.60560626013,2820.394393739869,2820.394393739869
8085,2021,Q1,36075,Oswego County,upstate,Ridge — level,5254.0,7290.165930805029,-2036.1659308050293,2036.1659308050293
8085,2021,Q1,36077,Otsego County,upstate,Ridge — level,8047.0,6539.711761217379,1507.2882387826212,1507.2882387826212
8085,2021,Q1,36079,Putnam County,upstate,Ridge — level,4703.0,2553.897831439441,2149.102168560559,2149.102168560559
8085,2021,Q1,36081,Queens County,nyc,Ridge — level,145101.0,118416.88336204644,26684.116637953557,26684.116637953557
8085,2021,Q1,36083,Rensselaer County,upstate,Ridge — level,9612.0,8907.532337348792,704.4676626512082,704.4676626512082
8085,2021,Q1,36085,Richmond County,nyc,Ridge — level,17221.0,23500.666986102122,-6279.666986102122,6279.666986102122
8085,2021,Q1,36087,Rockland County,downstate_non_nyc,Ridge — level,17720.0,14646.212123762165,3073.787876237835,3073.787876237835
8085,2021,Q1,36089,St. Lawrence County,upstate,Ridge — level,12017.0,15582.432010459554,-3565.4320104595536,3565.4320104595536
8085,2021,Q1,36091,Saratoga County,upstate,Ridge — level,7697.0,10156.623889058454,-2459.6238890584536,2459.6238890584536
8085,2021,Q1,36093,Schenectady County,upstate,Ridge — level,11112.0,14690.985124383405,-3578.9851243834055,3578.9851243834055
8085,2021,Q1,36101,Steuben County,upstate,Ridge — level,8158.0,6173.576913477231,1984.4230865227692,1984.4230865227692
8085,2021,Q1,36103,Suffolk County,downstate_non_nyc,Ridge — level,89190.0,100623.43040701892,-11433.430407018925,11433.430407018925
8085,2021,Q1,36105,Sullivan County,upstate,Ridge — level,5760.0,8258.286723176265,-2498.286723176265,2498.286723176265
8085,2021,Q1,36109,Tompkins County,upstate,Ridge — level,5833.0,5795.383516386239,37.616483613761375,37.616483613761375
8085,2021,Q1,36111,Ulster County,upstate,Ridge — level,8856.0,12134.735158676369,-3278.735158676369,3278.735158676369
8085,2021,Q1,36113,Warren County,upstate,Ridge — level,9139.0,14321.627574628212,-5182.627574628212,5182.627574628212
8085,2021,Q1,36117,Wayne County,upstate,Ridge — level,4628.0,5919.249489312642,-1291.2494893126423,1291.2494893126423
8085,2021,Q1,36119,Westchester County,downstate_non_nyc,Ridge — level,69131.0,63704.4618472827,5426.538152717301,5426.538152717301
8085,2021,Q1,36121,Wyoming County,upstate,Ridge — level,2647.0,3179.249203546704,-532.2492035467039,532.2492035467039
8085,2021,Q1,36123,Yates County,upstate,Ridge — level,1306.0,-916.4018572848981,2222.401857284898,2222.401857284898
8085,2021,Q1,36001,Albany County,upstate,Ridge — change from seasonal persistence,33062.0,29765.819543139394,3296.180456860606,3296.180456860606
8085,2021,Q1,36003,Allegany County,upstate,Ridge — change from seasonal persistence,2178.0,888.0114105532275,1289.9885894467725,1289.9885894467725
8085,2021,Q1,36005,Bronx County,nyc,Ridge — change from seasonal persistence,151201.0,148036.6928582678,3164.3071417321917,3164.3071417321917
8085,2021,Q1,36007,Broome County,upstate,Ridge — change from seasonal persistence,16164.0,19141.448576601702,-2977.4485766017024,2977.4485766017024
8085,2021,Q1,36009,Cattaraugus County,upstate,Ridge — change from seasonal persistence,5866.0,3511.5708647510032,2354.4291352489968,2354.4291352489968
8085,2021,Q1,36011,Cayuga County,upstate,Ridge — change from seasonal persistence,5025.0,3772.237256722965,1252.762743277035,1252.762743277035
8085,2021,Q1,36013,Chautauqua County,upstate,Ridge — change from seasonal persistence,11118.0,8210.134144949243,2907.865855050757,2907.865855050757
8085,2021,Q1,36015,Chemung County,upstate,Ridge — change from seasonal persistence,6673.0,6898.4487153787395,-225.4487153787395,225.4487153787395
8085,2021,Q1,36017,Chenango County,upstate,Ridge — change from seasonal persistence,2243.0,2190.579633777846,52.420366222153916,52.420366222153916
8085,2021,Q1,36019,Clinton County,upstate,Ridge — change from seasonal persistence,7997.0,7500.442956560677,496.557043439323,496.557043439323
8085,2021,Q1,36021,Columbia County,upstate,Ridge — change from seasonal persistence,4832.0,6515.890105622488,-1683.8901056224877,1683.8901056224877
8085,2021,Q1,36023,Cortland County,upstate,Ridge — change from seasonal persistence,4628.0,3337.4999648245066,1290.5000351754934,1290.5000351754934
8085,2021,Q1,36025,Delaware County,upstate,Ridge — change from seasonal persistence,3008.0,1496.5587012310402,1511.4412987689598,1511.4412987689598
8085,2021,Q1,36027,Dutchess County,upstate,Ridge — change from seasonal persistence,22874.0,26221.320301801497,-3347.3203018014974,3347.3203018014974
8085,2021,Q1,36029,Erie County,upstate,Ridge — change from seasonal persistence,73781.0,76107.35665297775,-2326.3566529777454,2326.3566529777454
8085,2021,Q1,36031,Essex County,upstate,Ridge — change from seasonal persistence,1616.0,-1308.7090481312157,2924.7090481312157,2924.7090481312157
8085,2021,Q1,36033,Franklin County,upstate,Ridge — change from seasonal persistence,4515.0,3198.803036619883,1316.1969633801168,1316.1969633801168
8085,2021,Q1,36035,Fulton County,upstate,Ridge — change from seasonal persistence,3732.0,1148.1310930467735,2583.8689069532265,2583.8689069532265
8085,2021,Q1,36037,Genesee County,upstate,Ridge — change from seasonal persistence,4592.0,3356.957287990487,1235.0427120095128,1235.0427120095128
8085,2021,Q1,36045,Jefferson County,upstate,Ridge — change from seasonal persistence,10977.0,10360.503023812087,616.4969761879129,616.4969761879129
8085,2021,Q1,36047,Kings County,nyc,Ridge — change from seasonal persistence,144051.0,193509.28802471745,-49458.28802471745,49458.28802471745
8085,2021,Q1,36049,Lewis County,upstate,Ridge — change from seasonal persistence,2093.0,-1500.3748446009818,3593.3748446009818,3593.3748446009818
8085,2021,Q1,36051,Livingston County,upstate,Ridge — change from seasonal persistence,2745.0,2407.8152311024737,337.1847688975263,337.1847688975263
8085,2021,Q1,36053,Madison County,upstate,Ridge — change from seasonal persistence,6208.0,3673.7274316497937,2534.2725683502063,2534.2725683502063
8085,2021,Q1,36055,Monroe County,upstate,Ridge — change from seasonal persistence,65785.0,69013.25568326902,-3228.255683269017,3228.255683269017
8085,2021,Q1,36057,Montgomery County,upstate,Ridge — change from seasonal persistence,8177.0,4149.504352283668,4027.4956477163323,4027.4956477163323
8085,2021,Q1,36059,Nassau County,downstate_non_nyc,Ridge — change from seasonal persistence,96713.0,98024.0547694739,-1311.054769473907,1311.054769473907
8085,2021,Q1,36061,New York County,nyc,Ridge — change from seasonal persistence,225706.0,215502.23922831455,10203.760771685455,10203.760771685455
8085,2021,Q1,36063,Niagara County,upstate,Ridge — change from seasonal persistence,11363.0,11460.226864615499,-97.22686461549893,97.22686461549893
8085,2021,Q1,36065,Oneida County,upstate,Ridge — change from seasonal persistence,20290.0,19211.77705405905,1078.22294594095,1078.22294594095
8085,2021,Q1,36067,Onondaga County,upstate,Ridge — change from seasonal persistence,46976.0,45634.603875941546,1341.396124058454,1341.396124058454
8085,2021,Q1,36069,Ontario County,upstate,Ridge — change from seasonal persistence,11953.0,11488.721499584994,464.2785004150064,464.2785004150064
8085,2021,Q1,36071,Orange County,upstate,Ridge — change from seasonal persistence,30427.0,32571.284471719126,-2144.2844717191256,2144.2844717191256
8085,2021,Q1,36075,Oswego County,upstate,Ridge — change from seasonal persistence,5254.0,3653.9197730260867,1600.0802269739133,1600.0802269739133
8085,2021,Q1,36077,Otsego County,upstate,Ridge — change from seasonal persistence,8047.0,7111.670770456292,935.3292295437077,935.3292295437077
8085,2021,Q1,36079,Putnam County,upstate,Ridge — change from seasonal persistence,4703.0,6450.901518400594,-1747.901518400594,1747.901518400594
8085,2021,Q1,36081,Queens County,nyc,Ridge — change from seasonal persistence,145101.0,157393.6726415045,-12292.672641504498,12292.672641504498
8085,2021,Q1,36083,Rensselaer County,upstate,Ridge — change from seasonal persistence,9612.0,9874.963745157967,-262.9637451579674,262.9637451579674
8085,2021,Q1,36085,Richmond County,nyc,Ridge — change from seasonal persistence,17221.0,28171.01315393762,-10950.01315393762,10950.01315393762
8085,2021,Q1,36087,Rockland County,downstate_non_nyc,Ridge — change from seasonal persistence,17720.0,18117.777600391142,-397.7776003911422,397.7776003911422
8085,2021,Q1,36089,St. Lawrence County,upstate,Ridge — change from seasonal persistence,12017.0,11291.265223315077,725.7347766849234,725.7347766849234
8085,2021,Q1,36091,Saratoga County,upstate,Ridge — change from seasonal persistence,7697.0,8034.705423584133,-337.7054235841333,337.7054235841333
8085,2021,Q1,36093,Schenectady County,upstate,Ridge — change from seasonal persistence,11112.0,12166.568807027124,-1054.5688070271244,1054.5688070271244
8085,2021,Q1,36101,Steuben County,upstate,Ridge — change from seasonal persistence,8158.0,7995.7990109737175,162.2009890262825,162.2009890262825
8085,2021,Q1,36103,Suffolk County,downstate_non_nyc,Ridge — change from seasonal persistence,89190.0,110798.17223837343,-21608.17223837343,21608.17223837343
8085,2021,Q1,36105,Sullivan County,upstate,Ridge — change from seasonal persistence,5760.0,7134.746992371369,-1374.7469923713688,1374.7469923713688
8085,2021,Q1,36109,Tompkins County,upstate,Ridge — change from seasonal persistence,5833.0,4741.759007503798,1091.2409924962021,1091.2409924962021
8085,2021,Q1,36111,Ulster County,upstate,Ridge — change from seasonal persistence,8856.0,10196.775074678793,-1340.7750746787933,1340.7750746787933
8085,2021,Q1,36113,Warren County,upstate,Ridge — change from seasonal persistence,9139.0,8966.443745153969,172.55625484603115,172.55625484603115
8085,2021,Q1,36117,Wayne County,upstate,Ridge — change from seasonal persistence,4628.0,4309.0739258647955,318.92607413520454,318.92607413520454
8085,2021,Q1,36119,Westchester County,downstate_non_nyc,Ridge — change from seasonal persistence,69131.0,74141.5420810962,-5010.542081096195,5010.542081096195
8085,2021,Q1,36121,Wyoming County,upstate,Ridge — change from seasonal persistence,2647.0,1166.6326843864713,1480.3673156135287,1480.3673156135287
8085,2021,Q1,36123,Yates County,upstate,Ridge — change from seasonal persistence,1306.0,631.264410348334,674.735589651666,674.735589651666
8085,2021,Q1,36001,Albany County,upstate,Random Forest — level,33062.0,24060.082190724857,9001.917809275143,9001.917809275143
8085,2021,Q1,36003,Allegany County,upstate,Random Forest — level,2178.0,2094.819223331136,83.18077666886393,83.18077666886393
8085,2021,Q1,36005,Bronx County,nyc,Random Forest — level,151201.0,134736.91145251936,16464.088547480642,16464.088547480642
8085,2021,Q1,36007,Broome County,upstate,Random Forest — level,16164.0,17787.836532518413,-1623.8365325184132,1623.8365325184132
8085,2021,Q1,36009,Cattaraugus County,upstate,Random Forest — level,5866.0,5351.385129266162,514.614870733838,514.614870733838
8085,2021,Q1,36011,Cayuga County,upstate,Random Forest — level,5025.0,5061.031142727644,-36.03114272764378,36.03114272764378
8085,2021,Q1,36013,Chautauqua County,upstate,Random Forest — level,11118.0,12254.0806538924,-1136.0806538924007,1136.0806538924007
8085,2021,Q1,36015,Chemung County,upstate,Random Forest — level,6673.0,6963.113043678541,-290.11304367854063,290.11304367854063
8085,2021,Q1,36017,Chenango County,upstate,Random Forest — level,2243.0,2908.0378436351216,-665.0378436351216,665.0378436351216
8085,2021,Q1,36019,Clinton County,upstate,Random Forest — level,7997.0,7862.196671377643,134.80332862235718,134.80332862235718
8085,2021,Q1,36021,Columbia County,upstate,Random Forest — level,4832.0,4700.034140188515,131.96585981148473,131.96585981148473
8085,2021,Q1,36023,Cortland County,upstate,Random Forest — level,4628.0,4719.227837579089,-91.22783757908928,91.22783757908928
8085,2021,Q1,36025,Delaware County,upstate,Random Forest — level,3008.0,1955.1756063566058,1052.8243936433942,1052.8243936433942
8085,2021,Q1,36027,Dutchess County,upstate,Random Forest — level,22874.0,21911.05934441948,962.9406555805217,962.9406555805217
8085,2021,Q1,36029,Erie County,upstate,Random Forest — level,73781.0,69843.04849090724,3937.95150909276,3937.95150909276
8085,2021,Q1,36031,Essex County,upstate,Random Forest — level,1616.0,1771.580949300699,-155.5809493006991,155.5809493006991
8085,2021,Q1,36033,Franklin County,upstate,Random Forest — level,4515.0,4813.20167322955,-298.20167322954967,298.20167322954967
8085,2021,Q1,36035,Fulton County,upstate,Random Forest — level,3732.0,3860.87397942798,-128.87397942797998,128.87397942797998
8085,2021,Q1,36037,Genesee County,upstate,Random Forest — level,4592.0,4165.73541108891,426.26458891108996,426.26458891108996
8085,2021,Q1,36045,Jefferson County,upstate,Random Forest — level,10977.0,11610.133662277542,-633.1336622775416,633.1336622775416
8085,2021,Q1,36047,Kings County,nyc,Random Forest — level,144051.0,160367.9880710665,-16316.988071066502,16316.988071066502
8085,2021,Q1,36049,Lewis County,upstate,Random Forest — level,2093.0,2118.0813260062387,-25.08132600623867,25.08132600623867
8085,2021,Q1,36051,Livingston County,upstate,Random Forest — level,2745.0,2760.7725984097597,-15.772598409759667,15.772598409759667
8085,2021,Q1,36053,Madison County,upstate,Random Forest — level,6208.0,6050.94824623035,157.05175376964962,157.05175376964962
8085,2021,Q1,36055,Monroe County,upstate,Random Forest — level,65785.0,66565.45005795133,-780.450057951326,780.450057951326
8085,2021,Q1,36057,Montgomery County,upstate,Random Forest — level,8177.0,4721.868462579087,3455.1315374209134,3455.1315374209134
8085,2021,Q1,36059,Nassau County,downstate_non_nyc,Random Forest — level,96713.0,89817.73042131936,6895.2695786806435,6895.2695786806435
8085,2021,Q1,36061,New York County,nyc,Random Forest — level,225706.0,173765.01040122038,51940.98959877962,51940.98959877962
8085,2021,Q1,36063,Niagara County,upstate,Random Forest — level,11363.0,12020.284813468932,-657.284813468932,657.284813468932
8085,2021,Q1,36065,Oneida County,upstate,Random Forest — level,20290.0,19308.719444869945,981.2805551300553,981.2805551300553
8085,2021,Q1,36067,Onondaga County,upstate,Random Forest — level,46976.0,47839.6853976163,-863.6853976162965,863.6853976162965
8085,2021,Q1,36069,Ontario County,upstate,Random Forest — level,11953.0,11648.477371546209,304.5226284537912,304.5226284537912
8085,2021,Q1,36071,Orange County,upstate,Random Forest — level,30427.0,28840.90980699746,1586.0901930025393,1586.0901930025393
8085,2021,Q1,36075,Oswego County,upstate,Random Forest — level,5254.0,5080.685458189959,173.3145418100412,173.3145418100412
8085,2021,Q1,36077,Otsego County,upstate,Random Forest — level,8047.0,7837.29706064578,209.70293935421978,209.70293935421978
8085,2021,Q1,36079,Putnam County,upstate,Random Forest — level,4703.0,4665.53466156066,37.465338439339575,37.465338439339575
8085,2021,Q1,36081,Queens County,nyc,Random Forest — level,145101.0,134529.5236759163,10571.476324083691,10571.476324083691
8085,2021,Q1,36083,Rensselaer County,upstate,Random Forest — level,9612.0,9252.684218252061,359.3157817479387,359.3157817479387
8085,2021,Q1,36085,Richmond County,nyc,Random Forest — level,17221.0,23953.522485504152,-6732.522485504152,6732.522485504152
8085,2021,Q1,36087,Rockland County,downstate_non_nyc,Random Forest — level,17720.0,17794.789576417865,-74.78957641786474,74.78957641786474
8085,2021,Q1,36089,St. Lawrence County,upstate,Random Forest — level,12017.0,12514.944359436851,-497.9443594368513,497.9443594368513
8085,2021,Q1,36091,Saratoga County,upstate,Random Forest — level,7697.0,8104.988201708418,-407.9882017084183,407.9882017084183
8085,2021,Q1,36093,Schenectady County,upstate,Random Forest — level,11112.0,10514.916901398701,597.0830986012988,597.0830986012988
8085,2021,Q1,36101,Steuben County,upstate,Random Forest — level,8158.0,7662.165049138766,495.83495086123366,495.83495086123366
8085,2021,Q1,36103,Suffolk County,downstate_non_nyc,Random Forest — level,89190.0,110183.64176076211,-20993.64176076211,20993.64176076211
8085,2021,Q1,36105,Sullivan County,upstate,Random Forest — level,5760.0,6654.681211311837,-894.6812113118367,894.6812113118367
8085,2021,Q1,36109,Tompkins County,upstate,Random Forest — level,5833.0,4985.513822853076,847.4861771469241,847.4861771469241
8085,2021,Q1,36111,Ulster County,upstate,Random Forest — level,8856.0,9001.382545128892,-145.38254512889216,145.38254512889216
8085,2021,Q1,36113,Warren County,upstate,Random Forest — level,9139.0,9207.395922381276,-68.39592238127625,68.39592238127625
8085,2021,Q1,36117,Wayne County,upstate,Random Forest — level,4628.0,4770.519257154881,-142.51925715488142,142.51925715488142
8085,2021,Q1,36119,Westchester County,downstate_non_nyc,Random Forest — level,69131.0,72312.63526478152,-3181.635264781522,3181.635264781522
8085,2021,Q1,36121,Wyoming County,upstate,Random Forest — level,2647.0,2306.0055881977514,340.9944118022486,340.9944118022486
8085,2021,Q1,36123,Yates County,upstate,Random Forest — level,1306.0,1596.592247567248,-290.592247567248,290.592247567248
8085,2021,Q1,36001,Albany County,upstate,Random Forest — change from seasonal persistence,33062.0,30787.27135030767,2274.72864969233,2274.72864969233
8085,2021,Q1,36003,Allegany County,upstate,Random Forest — change from seasonal persistence,2178.0,2022.038070831946,155.96192916805398,155.96192916805398
8085,2021,Q1,36005,Bronx County,nyc,Random Forest — change from seasonal persistence,151201.0,147874.3621656078,3326.637834392197,3326.637834392197
8085,2021,Q1,36007,Broome County,upstate,Random Forest — change from seasonal persistence,16164.0,21706.340712292094,-5542.340712292094,5542.340712292094
8085,2021,Q1,36009,Cattaraugus County,upstate,Random Forest — change from seasonal persistence,5866.0,6463.000703391924,-597.0007033919237,597.0007033919237
8085,2021,Q1,36011,Cayuga County,upstate,Random Forest — change from seasonal persistence,5025.0,5260.612201051671,-235.61220105167104,235.61220105167104
8085,2021,Q1,36013,Chautauqua County,upstate,Random Forest — change from seasonal persistence,11118.0,10447.408784275665,670.5912157243347,670.5912157243347
8085,2021,Q1,36015,Chemung County,upstate,Random Forest — change from seasonal persistence,6673.0,7769.65744015244,-1096.6574401524404,1096.6574401524404
8085,2021,Q1,36017,Chenango County,upstate,Random Forest — change from seasonal persistence,2243.0,3521.0387009907304,-1278.0387009907304,1278.0387009907304
8085,2021,Q1,36019,Clinton County,upstate,Random Forest — change from seasonal persistence,7997.0,8102.114027094909,-105.11402709490903,105.11402709490903
8085,2021,Q1,36021,Columbia County,upstate,Random Forest — change from seasonal persistence,4832.0,4634.3122265142265,197.6877734857735,197.6877734857735
8085,2021,Q1,36023,Cortland County,upstate,Random Forest — change from seasonal persistence,4628.0,6118.197568709069,-1490.197568709069,1490.197568709069
8085,2021,Q1,36025,Delaware County,upstate,Random Forest — change from seasonal persistence,3008.0,2060.3261104072944,947.6738895927056,947.6738895927056
8085,2021,Q1,36027,Dutchess County,upstate,Random Forest — change from seasonal persistence,22874.0,26576.552775710155,-3702.5527757101554,3702.5527757101554
8085,2021,Q1,36029,Erie County,upstate,Random Forest — change from seasonal persistence,73781.0,78148.60794007,-4367.607940069996,4367.607940069996
8085,2021,Q1,36031,Essex County,upstate,Random Forest — change from seasonal persistence,1616.0,1348.122874690941,267.877125309059,267.877125309059
8085,2021,Q1,36033,Franklin County,upstate,Random Forest — change from seasonal persistence,4515.0,4774.557478985883,-259.5574789858829,259.5574789858829
8085,2021,Q1,36035,Fulton County,upstate,Random Forest — change from seasonal persistence,3732.0,4220.417834830747,-488.41783483074687,488.41783483074687
8085,2021,Q1,36037,Genesee County,upstate,Random Forest — change from seasonal persistence,4592.0,4181.987328014578,410.01267198542155,410.01267198542155
8085,2021,Q1,36045,Jefferson County,upstate,Random Forest — change from seasonal persistence,10977.0,11367.01248003483,-390.0124800348294,390.0124800348294
8085,2021,Q1,36047,Kings County,nyc,Random Forest — change from seasonal persistence,144051.0,194119.4796570744,-50068.47965707441,50068.47965707441
8085,2021,Q1,36049,Lewis County,upstate,Random Forest — change from seasonal persistence,2093.0,2115.3407466098715,-22.34074660987153,22.34074660987153
8085,2021,Q1,36051,Livingston County,upstate,Random Forest — change from seasonal persistence,2745.0,2797.6222953019205,-52.62229530192053,52.62229530192053
8085,2021,Q1,36053,Madison County,upstate,Random Forest — change from seasonal persistence,6208.0,6864.005709576643,-656.0057095766433,656.0057095766433
8085,2021,Q1,36055,Monroe County,upstate,Random Forest — change from seasonal persistence,65785.0,66009.94155540374,-224.9415554037405,224.9415554037405
8085,2021,Q1,36057,Montgomery County,upstate,Random Forest — change from seasonal persistence,8177.0,5361.106669568449,2815.8933304315506,2815.8933304315506
8085,2021,Q1,36059,Nassau County,downstate_non_nyc,Random Forest — change from seasonal persistence,96713.0,95142.34096886446,1570.6590311355394,1570.6590311355394
8085,2021,Q1,36061,New York County,nyc,Random Forest — change from seasonal persistence,225706.0,227035.0986089203,-1329.0986089202925,1329.0986089202925
8085,2021,Q1,36063,Niagara County,upstate,Random Forest — change from seasonal persistence,11363.0,10975.008830734081,387.99116926591887,387.99116926591887
8085,2021,Q1,36065,Oneida County,upstate,Random Forest — change from seasonal persistence,20290.0,21411.740503700978,-1121.7405037009776,1121.7405037009776
8085,2021,Q1,36067,Onondaga County,upstate,Random Forest — change from seasonal persistence,46976.0,46164.55746159015,811.4425384098504,811.4425384098504
8085,2021,Q1,36069,Ontario County,upstate,Random Forest — change from seasonal persistence,11953.0,12241.596687931378,-288.59668793137826,288.59668793137826
8085,2021,Q1,36071,Orange County,upstate,Random Forest — change from seasonal persistence,30427.0,32802.19751354745,-2375.1975135474495,2375.1975135474495
8085,2021,Q1,36075,Oswego County,upstate,Random Forest — change from seasonal persistence,5254.0,5405.299385122231,-151.2993851222309,151.2993851222309
8085,2021,Q1,36077,Otsego County,upstate,Random Forest — change from seasonal persistence,8047.0,8807.76877669199,-760.7687766919898,760.7687766919898
8085,2021,Q1,36079,Putnam County,upstate,Random Forest — change from seasonal persistence,4703.0,4289.084132252008,413.9158677479918,413.9158677479918
8085,2021,Q1,36081,Queens County,nyc,Random Forest — change from seasonal persistence,145101.0,150172.52609231998,-5071.526092319982,5071.526092319982
8085,2021,Q1,36083,Rensselaer County,upstate,Random Forest — change from seasonal persistence,9612.0,9963.11863965392,-351.1186396539197,351.1186396539197
8085,2021,Q1,36085,Richmond County,nyc,Random Forest — change from seasonal persistence,17221.0,28941.763118876494,-11720.763118876494,11720.763118876494
8085,2021,Q1,36087,Rockland County,downstate_non_nyc,Random Forest — change from seasonal persistence,17720.0,17143.40078383191,576.5992161680915,576.5992161680915
8085,2021,Q1,36089,St. Lawrence County,upstate,Random Forest — change from seasonal persistence,12017.0,13112.320859960459,-1095.3208599604586,1095.3208599604586
8085,2021,Q1,36091,Saratoga County,upstate,Random Forest — change from seasonal persistence,7697.0,8084.344725720358,-387.3447257203579,387.3447257203579
8085,2021,Q1,36093,Schenectady County,upstate,Random Forest — change from seasonal persistence,11112.0,10878.307206644964,233.69279335503597,233.69279335503597
8085,2021,Q1,36101,Steuben County,upstate,Random Forest — change from seasonal persistence,8158.0,8505.512516784142,-347.51251678414155,347.51251678414155
8085,2021,Q1,36103,Suffolk County,downstate_non_nyc,Random Forest — change from seasonal persistence,89190.0,103051.40296882747,-13861.402968827475,13861.402968827475
8085,2021,Q1,36105,Sullivan County,upstate,Random Forest — change from seasonal persistence,5760.0,5786.368585433085,-26.368585433085173,26.368585433085173
8085,2021,Q1,36109,Tompkins County,upstate,Random Forest — change from seasonal persistence,5833.0,6188.451352996132,-355.4513529961323,355.4513529961323
8085,2021,Q1,36111,Ulster County,upstate,Random Forest — change from seasonal persistence,8856.0,9454.913044214227,-598.9130442142268,598.9130442142268
8085,2021,Q1,36113,Warren County,upstate,Random Forest — change from seasonal persistence,9139.0,9049.500195930703,89.49980406929717,89.49980406929717
8085,2021,Q1,36117,Wayne County,upstate,Random Forest — change from seasonal persistence,4628.0,5062.218395166652,-434.21839516665204,434.21839516665204
8085,2021,Q1,36119,Westchester County,downstate_non_nyc,Random Forest — change from seasonal persistence,69131.0,72828.66338794539,-3697.6633879453875,3697.6633879453875
8085,2021,Q1,36121,Wyoming County,upstate,Random Forest — change from seasonal persistence,2647.0,2909.9226020295064,-262.9226020295064,262.9226020295064
8085,2021,Q1,36123,Yates County,upstate,Random Forest — change from seasonal persistence,1306.0,1507.1238937405187,-201.12389374051872,201.12389374051872
8085,2021,Q1,36001,Albany County,upstate,XGBoost — level,33062.0,25451.40625,7610.59375,7610.59375
8085,2021,Q1,36003,Allegany County,upstate,XGBoost — level,2178.0,1916.765625,261.234375,261.234375
8085,2021,Q1,36005,Bronx County,nyc,XGBoost — level,151201.0,132796.28125,18404.71875,18404.71875
8085,2021,Q1,36007,Broome County,upstate,XGBoost — level,16164.0,15953.0458984375,210.9541015625,210.9541015625
8085,2021,Q1,36009,Cattaraugus County,upstate,XGBoost — level,5866.0,5015.90087890625,850.09912109375,850.09912109375
8085,2021,Q1,36011,Cayuga County,upstate,XGBoost — level,5025.0,4998.83349609375,26.16650390625,26.16650390625
8085,2021,Q1,36013,Chautauqua County,upstate,XGBoost — level,11118.0,11623.7001953125,-505.7001953125,505.7001953125
8085,2021,Q1,36015,Chemung County,upstate,XGBoost — level,6673.0,6579.9482421875,93.0517578125,93.0517578125
8085,2021,Q1,36017,Chenango County,upstate,XGBoost — level,2243.0,2457.53125,-214.53125,214.53125
8085,2021,Q1,36019,Clinton County,upstate,XGBoost — level,7997.0,7738.921875,258.078125,258.078125
8085,2021,Q1,36021,Columbia County,upstate,XGBoost — level,4832.0,4732.02587890625,99.97412109375,99.97412109375
8085,2021,Q1,36023,Cortland County,upstate,XGBoost — level,4628.0,4694.48681640625,-66.48681640625,66.48681640625
8085,2021,Q1,36025,Delaware County,upstate,XGBoost — level,3008.0,1865.315185546875,1142.684814453125,1142.684814453125
8085,2021,Q1,36027,Dutchess County,upstate,XGBoost — level,22874.0,22689.42578125,184.57421875,184.57421875
8085,2021,Q1,36029,Erie County,upstate,XGBoost — level,73781.0,66972.703125,6808.296875,6808.296875
8085,2021,Q1,36031,Essex County,upstate,XGBoost — level,1616.0,2049.492431640625,-433.492431640625,433.492431640625
8085,2021,Q1,36033,Franklin County,upstate,XGBoost — level,4515.0,5214.39697265625,-699.39697265625,699.39697265625
8085,2021,Q1,36035,Fulton County,upstate,XGBoost — level,3732.0,3911.155029296875,-179.155029296875,179.155029296875
8085,2021,Q1,36037,Genesee County,upstate,XGBoost — level,4592.0,4480.58544921875,111.41455078125,111.41455078125
8085,2021,Q1,36045,Jefferson County,upstate,XGBoost — level,10977.0,12028.7666015625,-1051.7666015625,1051.7666015625
8085,2021,Q1,36047,Kings County,nyc,XGBoost — level,144051.0,167224.4375,-23173.4375,23173.4375
8085,2021,Q1,36049,Lewis County,upstate,XGBoost — level,2093.0,2590.333251953125,-497.333251953125,497.333251953125
8085,2021,Q1,36051,Livingston County,upstate,XGBoost — level,2745.0,2813.4091796875,-68.4091796875,68.4091796875
8085,2021,Q1,36053,Madison County,upstate,XGBoost — level,6208.0,6204.5810546875,3.4189453125,3.4189453125
8085,2021,Q1,36055,Monroe County,upstate,XGBoost — level,65785.0,61595.453125,4189.546875,4189.546875
8085,2021,Q1,36057,Montgomery County,upstate,XGBoost — level,8177.0,4356.69970703125,3820.30029296875,3820.30029296875
8085,2021,Q1,36059,Nassau County,downstate_non_nyc,XGBoost — level,96713.0,77845.578125,18867.421875,18867.421875
8085,2021,Q1,36061,New York County,nyc,XGBoost — level,225706.0,179633.28125,46072.71875,46072.71875
8085,2021,Q1,36063,Niagara County,upstate,XGBoost — level,11363.0,12318.052734375,-955.052734375,955.052734375
8085,2021,Q1,36065,Oneida County,upstate,XGBoost — level,20290.0,20331.48828125,-41.48828125,41.48828125
8085,2021,Q1,36067,Onondaga County,upstate,XGBoost — level,46976.0,47306.8671875,-330.8671875,330.8671875
8085,2021,Q1,36069,Ontario County,upstate,XGBoost — level,11953.0,11454.0322265625,498.9677734375,498.9677734375
8085,2021,Q1,36071,Orange County,upstate,XGBoost — level,30427.0,29779.9609375,647.0390625,647.0390625
8085,2021,Q1,36075,Oswego County,upstate,XGBoost — level,5254.0,5231.5576171875,22.4423828125,22.4423828125
8085,2021,Q1,36077,Otsego County,upstate,XGBoost — level,8047.0,7880.73974609375,166.26025390625,166.26025390625
8085,2021,Q1,36079,Putnam County,upstate,XGBoost — level,4703.0,4858.61376953125,-155.61376953125,155.61376953125
8085,2021,Q1,36081,Queens County,nyc,XGBoost — level,145101.0,132219.203125,12881.796875,12881.796875
8085,2021,Q1,36083,Rensselaer County,upstate,XGBoost — level,9612.0,9101.443359375,510.556640625,510.556640625
8085,2021,Q1,36085,Richmond County,nyc,XGBoost — level,17221.0,25616.732421875,-8395.732421875,8395.732421875
8085,2021,Q1,36087,Rockland County,downstate_non_nyc,XGBoost — level,17720.0,17045.572265625,674.427734375,674.427734375
8085,2021,Q1,36089,St. Lawrence County,upstate,XGBoost — level,12017.0,13149.67578125,-1132.67578125,1132.67578125
8085,2021,Q1,36091,Saratoga County,upstate,XGBoost — level,7697.0,7971.279296875,-274.279296875,274.279296875
8085,2021,Q1,36093,Schenectady County,upstate,XGBoost — level,11112.0,11378.4970703125,-266.4970703125,266.4970703125
8085,2021,Q1,36101,Steuben County,upstate,XGBoost — level,8158.0,7287.35888671875,870.64111328125,870.64111328125
8085,2021,Q1,36103,Suffolk County,downstate_non_nyc,XGBoost — level,89190.0,103612.3671875,-14422.3671875,14422.3671875
8085,2021,Q1,36105,Sullivan County,upstate,XGBoost — level,5760.0,6249.13671875,-489.13671875,489.13671875
8085,2021,Q1,36109,Tompkins County,upstate,XGBoost — level,5833.0,5243.27587890625,589.72412109375,589.72412109375
8085,2021,Q1,36111,Ulster County,upstate,XGBoost — level,8856.0,9067.28515625,-211.28515625,211.28515625
8085,2021,Q1,36113,Warren County,upstate,XGBoost — level,9139.0,9436.31640625,-297.31640625,297.31640625
8085,2021,Q1,36117,Wayne County,upstate,XGBoost — level,4628.0,4975.37060546875,-347.37060546875,347.37060546875
8085,2021,Q1,36119,Westchester County,downstate_non_nyc,XGBoost — level,69131.0,60228.15234375,8902.84765625,8902.84765625
8085,2021,Q1,36121,Wyoming County,upstate,XGBoost — level,2647.0,2552.397705078125,94.602294921875,94.602294921875
8085,2021,Q1,36123,Yates County,upstate,XGBoost — level,1306.0,1165.570556640625,140.429443359375,140.429443359375
8085,2021,Q1,36001,Albany County,upstate,XGBoost — change from seasonal persistence,33062.0,32239.9736328125,822.0263671875,822.0263671875
8085,2021,Q1,36003,Allegany County,upstate,XGBoost — change from seasonal persistence,2178.0,1609.95361328125,568.04638671875,568.04638671875
8085,2021,Q1,36005,Bronx County,nyc,XGBoost — change from seasonal persistence,151201.0,166729.44921875,-15528.44921875,15528.44921875
8085,2021,Q1,36007,Broome County,upstate,XGBoost — change from seasonal persistence,16164.0,21624.535278320312,-5460.5352783203125,5460.5352783203125
8085,2021,Q1,36009,Cattaraugus County,upstate,XGBoost — change from seasonal persistence,5866.0,5990.33544921875,-124.33544921875,124.33544921875
8085,2021,Q1,36011,Cayuga County,upstate,XGBoost — change from seasonal persistence,5025.0,5046.028076171875,-21.028076171875,21.028076171875
8085,2021,Q1,36013,Chautauqua County,upstate,XGBoost — change from seasonal persistence,11118.0,10554.37353515625,563.62646484375,563.62646484375
8085,2021,Q1,36015,Chemung County,upstate,XGBoost — change from seasonal persistence,6673.0,8004.820831298828,-1331.8208312988281,1331.8208312988281
8085,2021,Q1,36017,Chenango County,upstate,XGBoost — change from seasonal persistence,2243.0,3495.675048828125,-1252.675048828125,1252.675048828125
8085,2021,Q1,36019,Clinton County,upstate,XGBoost — change from seasonal persistence,7997.0,8070.6080322265625,-73.6080322265625,73.6080322265625
8085,2021,Q1,36021,Columbia County,upstate,XGBoost — change from seasonal persistence,4832.0,6602.658935546875,-1770.658935546875,1770.658935546875
8085,2021,Q1,36023,Cortland County,upstate,XGBoost — change from seasonal persistence,4628.0,5743.1788330078125,-1115.1788330078125,1115.1788330078125
8085,2021,Q1,36025,Delaware County,upstate,XGBoost — change from seasonal persistence,3008.0,1852.1001586914062,1155.8998413085938,1155.8998413085938
8085,2021,Q1,36027,Dutchess County,upstate,XGBoost — change from seasonal persistence,22874.0,27721.444213867188,-4847.4442138671875,4847.4442138671875
8085,2021,Q1,36029,Erie County,upstate,XGBoost — change from seasonal persistence,73781.0,80814.736328125,-7033.736328125,7033.736328125
8085,2021,Q1,36031,Essex County,upstate,XGBoost — change from seasonal persistence,1616.0,1029.4945068359375,586.5054931640625,586.5054931640625
8085,2021,Q1,36033,Franklin County,upstate,XGBoost — change from seasonal persistence,4515.0,4638.9271240234375,-123.9271240234375,123.9271240234375
8085,2021,Q1,36035,Fulton County,upstate,XGBoost — change from seasonal persistence,3732.0,3848.9318237304688,-116.93182373046875,116.93182373046875
8085,2021,Q1,36037,Genesee County,upstate,XGBoost — change from seasonal persistence,4592.0,4059.3004760742188,532.6995239257812,532.6995239257812
8085,2021,Q1,36045,Jefferson County,upstate,XGBoost — change from seasonal persistence,10977.0,12083.300415039062,-1106.3004150390625,1106.3004150390625
8085,2021,Q1,36047,Kings County,nyc,XGBoost — change from seasonal persistence,144051.0,195963.12890625,-51912.12890625,51912.12890625
8085,2021,Q1,36049,Lewis County,upstate,XGBoost — change from seasonal persistence,2093.0,2271.007827758789,-178.00782775878906,178.00782775878906
8085,2021,Q1,36051,Livingston County,upstate,XGBoost — change from seasonal persistence,2745.0,2780.132293701172,-35.132293701171875,35.132293701171875
8085,2021,Q1,36053,Madison County,upstate,XGBoost — change from seasonal persistence,6208.0,6591.2987060546875,-383.2987060546875,383.2987060546875
8085,2021,Q1,36055,Monroe County,upstate,XGBoost — change from seasonal persistence,65785.0,69447.22021484375,-3662.22021484375,3662.22021484375
8085,2021,Q1,36057,Montgomery County,upstate,XGBoost — change from seasonal persistence,8177.0,5149.919677734375,3027.080322265625,3027.080322265625
8085,2021,Q1,36059,Nassau County,downstate_non_nyc,XGBoost — change from seasonal persistence,96713.0,96007.90234375,705.09765625,705.09765625
8085,2021,Q1,36061,New York County,nyc,XGBoost — change from seasonal persistence,225706.0,213791.80859375,11914.19140625,11914.19140625
8085,2021,Q1,36063,Niagara County,upstate,XGBoost — change from seasonal persistence,11363.0,11096.238525390625,266.761474609375,266.761474609375
8085,2021,Q1,36065,Oneida County,upstate,XGBoost — change from seasonal persistence,20290.0,20727.537353515625,-437.537353515625,437.537353515625
8085,2021,Q1,36067,Onondaga County,upstate,XGBoost — change from seasonal persistence,46976.0,47503.07080078125,-527.07080078125,527.07080078125
8085,2021,Q1,36069,Ontario County,upstate,XGBoost — change from seasonal persistence,11953.0,12527.374877929688,-574.3748779296875,574.3748779296875
8085,2021,Q1,36071,Orange County,upstate,XGBoost — change from seasonal persistence,30427.0,35294.96789550781,-4867.9678955078125,4867.9678955078125
8085,2021,Q1,36075,Oswego County,upstate,XGBoost — change from seasonal persistence,5254.0,5531.563415527344,-277.56341552734375,277.56341552734375
8085,2021,Q1,36077,Otsego County,upstate,XGBoost — change from seasonal persistence,8047.0,8574.402160644531,-527.4021606445312,527.4021606445312
8085,2021,Q1,36079,Putnam County,upstate,XGBoost — change from seasonal persistence,4703.0,5184.053527832031,-481.05352783203125,481.05352783203125
8085,2021,Q1,36081,Queens County,nyc,XGBoost — change from seasonal persistence,145101.0,144436.5078125,664.4921875,664.4921875
8085,2021,Q1,36083,Rensselaer County,upstate,XGBoost — change from seasonal persistence,9612.0,11046.219940185547,-1434.2199401855469,1434.2199401855469
8085,2021,Q1,36085,Richmond County,nyc,XGBoost — change from seasonal persistence,17221.0,28983.0087890625,-11762.0087890625,11762.0087890625
8085,2021,Q1,36087,Rockland County,downstate_non_nyc,XGBoost — change from seasonal persistence,17720.0,17587.498046875,132.501953125,132.501953125
8085,2021,Q1,36089,St. Lawrence County,upstate,XGBoost — change from seasonal persistence,12017.0,13241.0078125,-1224.0078125,1224.0078125
8085,2021,Q1,36091,Saratoga County,upstate,XGBoost — change from seasonal persistence,7697.0,8303.302490234375,-606.302490234375,606.302490234375
8085,2021,Q1,36093,Schenectady County,upstate,XGBoost — change from seasonal persistence,11112.0,12836.318397521973,-1724.3183975219727,1724.3183975219727
8085,2021,Q1,36101,Steuben County,upstate,XGBoost — change from seasonal persistence,8158.0,8479.194030761719,-321.19403076171875,321.19403076171875
8085,2021,Q1,36103,Suffolk County,downstate_non_nyc,XGBoost — change from seasonal persistence,89190.0,101830.23828125,-12640.23828125,12640.23828125
8085,2021,Q1,36105,Sullivan County,upstate,XGBoost — change from seasonal persistence,5760.0,8471.74072265625,-2711.74072265625,2711.74072265625
8085,2021,Q1,36109,Tompkins County,upstate,XGBoost — change from seasonal persistence,5833.0,5906.43798828125,-73.43798828125,73.43798828125
8085,2021,Q1,36111,Ulster County,upstate,XGBoost — change from seasonal persistence,8856.0,12412.515075683594,-3556.5150756835938,3556.5150756835938
8085,2021,Q1,36113,Warren County,upstate,XGBoost — change from seasonal persistence,9139.0,9246.661804199219,-107.66180419921875,107.66180419921875
8085,2021,Q1,36117,Wayne County,upstate,XGBoost — change from seasonal persistence,4628.0,5043.086730957031,-415.08673095703125,415.08673095703125
8085,2021,Q1,36119,Westchester County,downstate_non_nyc,XGBoost — change from seasonal persistence,69131.0,71227.607421875,-2096.607421875,2096.607421875
8085,2021,Q1,36121,Wyoming County,upstate,XGBoost — change from seasonal persistence,2647.0,2823.1665649414062,-176.16656494140625,176.16656494140625
8085,2021,Q1,36123,Yates County,upstate,XGBoost — change from seasonal persistence,1306.0,1805.475082397461,-499.47508239746094,499.47508239746094
8086,2021,Q2,36001,Albany County,upstate,Previous-quarter persistence,36834.0,33062.0,3772.0,3772.0
8086,2021,Q2,36003,Allegany County,upstate,Previous-quarter persistence,2772.0,2178.0,594.0,594.0
8086,2021,Q2,36005,Bronx County,nyc,Previous-quarter persistence,165672.0,151201.0,14471.0,14471.0
8086,2021,Q2,36007,Broome County,upstate,Previous-quarter persistence,22543.0,16164.0,6379.0,6379.0
8086,2021,Q2,36009,Cattaraugus County,upstate,Previous-quarter persistence,7038.0,5866.0,1172.0,1172.0
8086,2021,Q2,36011,Cayuga County,upstate,Previous-quarter persistence,5975.0,5025.0,950.0,950.0
8086,2021,Q2,36013,Chautauqua County,upstate,Previous-quarter persistence,13203.0,11118.0,2085.0,2085.0
8086,2021,Q2,36015,Chemung County,upstate,Previous-quarter persistence,8130.0,6673.0,1457.0,1457.0
8086,2021,Q2,36017,Chenango County,upstate,Previous-quarter persistence,5213.0,2243.0,2970.0,2970.0
8086,2021,Q2,36019,Clinton County,upstate,Previous-quarter persistence,8411.0,7997.0,414.0,414.0
8086,2021,Q2,36021,Columbia County,upstate,Previous-quarter persistence,5475.0,4832.0,643.0,643.0
8086,2021,Q2,36023,Cortland County,upstate,Previous-quarter persistence,5805.0,4628.0,1177.0,1177.0
8086,2021,Q2,36025,Delaware County,upstate,Previous-quarter persistence,4191.0,3008.0,1183.0,1183.0
8086,2021,Q2,36027,Dutchess County,upstate,Previous-quarter persistence,27092.0,22874.0,4218.0,4218.0
8086,2021,Q2,36029,Erie County,upstate,Previous-quarter persistence,84468.0,73781.0,10687.0,10687.0
8086,2021,Q2,36031,Essex County,upstate,Previous-quarter persistence,2063.0,1616.0,447.0,447.0
8086,2021,Q2,36033,Franklin County,upstate,Previous-quarter persistence,5542.0,4515.0,1027.0,1027.0
8086,2021,Q2,36035,Fulton County,upstate,Previous-quarter persistence,4431.0,3732.0,699.0,699.0
8086,2021,Q2,36037,Genesee County,upstate,Previous-quarter persistence,5219.0,4592.0,627.0,627.0
8086,2021,Q2,36045,Jefferson County,upstate,Previous-quarter persistence,12917.0,10977.0,1940.0,1940.0
8086,2021,Q2,36047,Kings County,nyc,Previous-quarter persistence,162279.0,144051.0,18228.0,18228.0
8086,2021,Q2,36049,Lewis County,upstate,Previous-quarter persistence,2510.0,2093.0,417.0,417.0
8086,2021,Q2,36051,Livingston County,upstate,Previous-quarter persistence,3421.0,2745.0,676.0,676.0
8086,2021,Q2,36053,Madison County,upstate,Previous-quarter persistence,7454.0,6208.0,1246.0,1246.0
8086,2021,Q2,36055,Monroe County,upstate,Previous-quarter persistence,75445.0,65785.0,9660.0,9660.0
8086,2021,Q2,36057,Montgomery County,upstate,Previous-quarter persistence,9004.0,8177.0,827.0,827.0
8086,2021,Q2,36059,Nassau County,downstate_non_nyc,Previous-quarter persistence,98731.0,96713.0,2018.0,2018.0
8086,2021,Q2,36061,New York County,nyc,Previous-quarter persistence,236410.0,225706.0,10704.0,10704.0
8086,2021,Q2,36063,Niagara County,upstate,Previous-quarter persistence,13206.0,11363.0,1843.0,1843.0
8086,2021,Q2,36065,Oneida County,upstate,Previous-quarter persistence,23304.0,20290.0,3014.0,3014.0
8086,2021,Q2,36067,Onondaga County,upstate,Previous-quarter persistence,53782.0,46976.0,6806.0,6806.0
8086,2021,Q2,36069,Ontario County,upstate,Previous-quarter persistence,14057.0,11953.0,2104.0,2104.0
8086,2021,Q2,36071,Orange County,upstate,Previous-quarter persistence,35216.0,30427.0,4789.0,4789.0
8086,2021,Q2,36075,Oswego County,upstate,Previous-quarter persistence,6105.0,5254.0,851.0,851.0
8086,2021,Q2,36077,Otsego County,upstate,Previous-quarter persistence,8895.0,8047.0,848.0,848.0
8086,2021,Q2,36079,Putnam County,upstate,Previous-quarter persistence,5177.0,4703.0,474.0,474.0
8086,2021,Q2,36081,Queens County,nyc,Previous-quarter persistence,164504.0,145101.0,19403.0,19403.0
8086,2021,Q2,36083,Rensselaer County,upstate,Previous-quarter persistence,10537.0,9612.0,925.0,925.0
8086,2021,Q2,36085,Richmond County,nyc,Previous-quarter persistence,19381.0,17221.0,2160.0,2160.0
8086,2021,Q2,36087,Rockland County,downstate_non_nyc,Previous-quarter persistence,19934.0,17720.0,2214.0,2214.0
8086,2021,Q2,36089,St. Lawrence County,upstate,Previous-quarter persistence,14645.0,12017.0,2628.0,2628.0
8086,2021,Q2,36091,Saratoga County,upstate,Previous-quarter persistence,9090.0,7697.0,1393.0,1393.0
8086,2021,Q2,36093,Schenectady County,upstate,Previous-quarter persistence,12166.0,11112.0,1054.0,1054.0
8086,2021,Q2,36101,Steuben County,upstate,Previous-quarter persistence,10107.0,8158.0,1949.0,1949.0
8086,2021,Q2,36103,Suffolk County,downstate_non_nyc,Previous-quarter persistence,103123.0,89190.0,13933.0,13933.0
8086,2021,Q2,36105,Sullivan County,upstate,Previous-quarter persistence,6546.0,5760.0,786.0,786.0
8086,2021,Q2,36109,Tompkins County,upstate,Previous-quarter persistence,7481.0,5833.0,1648.0,1648.0
8086,2021,Q2,36111,Ulster County,upstate,Previous-quarter persistence,10643.0,8856.0,1787.0,1787.0
8086,2021,Q2,36113,Warren County,upstate,Previous-quarter persistence,10476.0,9139.0,1337.0,1337.0
8086,2021,Q2,36117,Wayne County,upstate,Previous-quarter persistence,5389.0,4628.0,761.0,761.0
8086,2021,Q2,36119,Westchester County,downstate_non_nyc,Previous-quarter persistence,79255.0,69131.0,10124.0,10124.0
8086,2021,Q2,36121,Wyoming County,upstate,Previous-quarter persistence,3284.0,2647.0,637.0,637.0
8086,2021,Q2,36123,Yates County,upstate,Previous-quarter persistence,1729.0,1306.0,423.0,423.0
8086,2021,Q2,36001,Albany County,upstate,Seasonal persistence,36834.0,22985.0,13849.0,13849.0
8086,2021,Q2,36003,Allegany County,upstate,Seasonal persistence,2772.0,1966.0,806.0,806.0
8086,2021,Q2,36005,Bronx County,nyc,Seasonal persistence,165672.0,98633.0,67039.0,67039.0
8086,2021,Q2,36007,Broome County,upstate,Seasonal persistence,22543.0,16028.0,6515.0,6515.0
8086,2021,Q2,36009,Cattaraugus County,upstate,Seasonal persistence,7038.0,5022.0,2016.0,2016.0
8086,2021,Q2,36011,Cayuga County,upstate,Seasonal persistence,5975.0,4541.0,1434.0,1434.0
8086,2021,Q2,36013,Chautauqua County,upstate,Seasonal persistence,13203.0,9903.0,3300.0,3300.0
8086,2021,Q2,36015,Chemung County,upstate,Seasonal persistence,8130.0,5804.0,2326.0,2326.0
8086,2021,Q2,36017,Chenango County,upstate,Seasonal persistence,5213.0,2520.0,2693.0,2693.0
8086,2021,Q2,36019,Clinton County,upstate,Seasonal persistence,8411.0,6872.0,1539.0,1539.0
8086,2021,Q2,36021,Columbia County,upstate,Seasonal persistence,5475.0,4068.0,1407.0,1407.0
8086,2021,Q2,36023,Cortland County,upstate,Seasonal persistence,5805.0,4275.0,1530.0,1530.0
8086,2021,Q2,36025,Delaware County,upstate,Seasonal persistence,4191.0,1804.0,2387.0,2387.0
8086,2021,Q2,36027,Dutchess County,upstate,Seasonal persistence,27092.0,18201.0,8891.0,8891.0
8086,2021,Q2,36029,Erie County,upstate,Seasonal persistence,84468.0,62924.0,21544.0,21544.0
8086,2021,Q2,36031,Essex County,upstate,Seasonal persistence,2063.0,1428.0,635.0,635.0
8086,2021,Q2,36033,Franklin County,upstate,Seasonal persistence,5542.0,3464.0,2078.0,2078.0
8086,2021,Q2,36035,Fulton County,upstate,Seasonal persistence,4431.0,3261.0,1170.0,1170.0
8086,2021,Q2,36037,Genesee County,upstate,Seasonal persistence,5219.0,4494.0,725.0,725.0
8086,2021,Q2,36045,Jefferson County,upstate,Seasonal persistence,12917.0,9087.0,3830.0,3830.0
8086,2021,Q2,36047,Kings County,nyc,Seasonal persistence,162279.0,120049.0,42230.0,42230.0
8086,2021,Q2,36049,Lewis County,upstate,Seasonal persistence,2510.0,2034.0,476.0,476.0
8086,2021,Q2,36051,Livingston County,upstate,Seasonal persistence,3421.0,2567.0,854.0,854.0
8086,2021,Q2,36053,Madison County,upstate,Seasonal persistence,7454.0,5218.0,2236.0,2236.0
8086,2021,Q2,36055,Monroe County,upstate,Seasonal persistence,75445.0,55512.0,19933.0,19933.0
8086,2021,Q2,36057,Montgomery County,upstate,Seasonal persistence,9004.0,4079.0,4925.0,4925.0
8086,2021,Q2,36059,Nassau County,downstate_non_nyc,Seasonal persistence,98731.0,69332.0,29399.0,29399.0
8086,2021,Q2,36061,New York County,nyc,Seasonal persistence,236410.0,142370.0,94040.0,94040.0
8086,2021,Q2,36063,Niagara County,upstate,Seasonal persistence,13206.0,10213.0,2993.0,2993.0
8086,2021,Q2,36065,Oneida County,upstate,Seasonal persistence,23304.0,17654.0,5650.0,5650.0
8086,2021,Q2,36067,Onondaga County,upstate,Seasonal persistence,53782.0,36961.0,16821.0,16821.0
8086,2021,Q2,36069,Ontario County,upstate,Seasonal persistence,14057.0,10614.0,3443.0,3443.0
8086,2021,Q2,36071,Orange County,upstate,Seasonal persistence,35216.0,24838.0,10378.0,10378.0
8086,2021,Q2,36075,Oswego County,upstate,Seasonal persistence,6105.0,4564.0,1541.0,1541.0
8086,2021,Q2,36077,Otsego County,upstate,Seasonal persistence,8895.0,7137.0,1758.0,1758.0
8086,2021,Q2,36079,Putnam County,upstate,Seasonal persistence,5177.0,3594.0,1583.0,1583.0
8086,2021,Q2,36081,Queens County,nyc,Seasonal persistence,164504.0,96370.0,68134.0,68134.0
8086,2021,Q2,36083,Rensselaer County,upstate,Seasonal persistence,10537.0,7601.0,2936.0,2936.0
8086,2021,Q2,36085,Richmond County,nyc,Seasonal persistence,19381.0,21296.0,-1915.0,1915.0
8086,2021,Q2,36087,Rockland County,downstate_non_nyc,Seasonal persistence,19934.0,13110.0,6824.0,6824.0
8086,2021,Q2,36089,St. Lawrence County,upstate,Seasonal persistence,14645.0,10350.0,4295.0,4295.0
8086,2021,Q2,36091,Saratoga County,upstate,Seasonal persistence,9090.0,6602.0,2488.0,2488.0
8086,2021,Q2,36093,Schenectady County,upstate,Seasonal persistence,12166.0,8797.0,3369.0,3369.0
8086,2021,Q2,36101,Steuben County,upstate,Seasonal persistence,10107.0,6660.0,3447.0,3447.0
8086,2021,Q2,36103,Suffolk County,downstate_non_nyc,Seasonal persistence,103123.0,81114.0,22009.0,22009.0
8086,2021,Q2,36105,Sullivan County,upstate,Seasonal persistence,6546.0,6072.0,474.0,474.0
8086,2021,Q2,36109,Tompkins County,upstate,Seasonal persistence,7481.0,4632.0,2849.0,2849.0
8086,2021,Q2,36111,Ulster County,upstate,Seasonal persistence,10643.0,7181.0,3462.0,3462.0
8086,2021,Q2,36113,Warren County,upstate,Seasonal persistence,10476.0,7936.0,2540.0,2540.0
8086,2021,Q2,36117,Wayne County,upstate,Seasonal persistence,5389.0,3997.0,1392.0,1392.0
8086,2021,Q2,36119,Westchester County,downstate_non_nyc,Seasonal persistence,79255.0,52000.0,27255.0,27255.0
8086,2021,Q2,36121,Wyoming County,upstate,Seasonal persistence,3284.0,2135.0,1149.0,1149.0
8086,2021,Q2,36123,Yates County,upstate,Seasonal persistence,1729.0,1245.0,484.0,484.0
8086,2021,Q2,36001,Albany County,upstate,Ridge — level,36834.0,28987.021510856997,7846.978489143003,7846.978489143003
8086,2021,Q2,36003,Allegany County,upstate,Ridge — level,2772.0,2700.6131536688627,71.38684633113735,71.38684633113735
8086,2021,Q2,36005,Bronx County,nyc,Ridge — level,165672.0,129211.7513334263,36460.248666573694,36460.248666573694
8086,2021,Q2,36007,Broome County,upstate,Ridge — level,22543.0,14312.230368979952,8230.769631020048,8230.769631020048
8086,2021,Q2,36009,Cattaraugus County,upstate,Ridge — level,7038.0,6802.234951160532,235.76504883946836,235.76504883946836
8086,2021,Q2,36011,Cayuga County,upstate,Ridge — level,5975.0,6381.538700384612,-406.53870038461173,406.53870038461173
8086,2021,Q2,36013,Chautauqua County,upstate,Ridge — level,13203.0,9530.774215783302,3672.2257842166982,3672.2257842166982
8086,2021,Q2,36015,Chemung County,upstate,Ridge — level,8130.0,5385.051223546896,2744.948776453104,2744.948776453104
8086,2021,Q2,36017,Chenango County,upstate,Ridge — level,5213.0,213.87544947829156,4999.124550521708,4999.124550521708
8086,2021,Q2,36019,Clinton County,upstate,Ridge — level,8411.0,13295.17336882502,-4884.173368825021,4884.173368825021
8086,2021,Q2,36021,Columbia County,upstate,Ridge — level,5475.0,5174.784638805173,300.215361194827,300.215361194827
8086,2021,Q2,36023,Cortland County,upstate,Ridge — level,5805.0,3636.706729423633,2168.293270576367,2168.293270576367
8086,2021,Q2,36025,Delaware County,upstate,Ridge — level,4191.0,749.5417640194028,3441.4582359805972,3441.4582359805972
8086,2021,Q2,36027,Dutchess County,upstate,Ridge — level,27092.0,21539.132214614074,5552.867785385926,5552.867785385926
8086,2021,Q2,36029,Erie County,upstate,Ridge — level,84468.0,69432.93223600375,15035.067763996252,15035.067763996252
8086,2021,Q2,36031,Essex County,upstate,Ridge — level,2063.0,1925.5443006410023,137.45569935899766,137.45569935899766
8086,2021,Q2,36033,Franklin County,upstate,Ridge — level,5542.0,6471.064309447913,-929.0643094479128,929.0643094479128
8086,2021,Q2,36035,Fulton County,upstate,Ridge — level,4431.0,5932.7167260163405,-1501.7167260163405,1501.7167260163405
8086,2021,Q2,36037,Genesee County,upstate,Ridge — level,5219.0,5287.6882671873755,-68.68826718737546,68.68826718737546
8086,2021,Q2,36045,Jefferson County,upstate,Ridge — level,12917.0,13489.368008278972,-572.3680082789724,572.3680082789724
8086,2021,Q2,36047,Kings County,nyc,Ridge — level,162279.0,137668.0734476203,24610.926552379708,24610.926552379708
8086,2021,Q2,36049,Lewis County,upstate,Ridge — level,2510.0,2622.1577995682783,-112.15779956827828,112.15779956827828
8086,2021,Q2,36051,Livingston County,upstate,Ridge — level,3421.0,4497.670733700143,-1076.6707337001426,1076.6707337001426
8086,2021,Q2,36053,Madison County,upstate,Ridge — level,7454.0,5434.804552584454,2019.1954474155464,2019.1954474155464
8086,2021,Q2,36055,Monroe County,upstate,Ridge — level,75445.0,64873.68332642072,10571.316673579277,10571.316673579277
8086,2021,Q2,36057,Montgomery County,upstate,Ridge — level,9004.0,6167.145980331763,2836.854019668237,2836.854019668237
8086,2021,Q2,36059,Nassau County,downstate_non_nyc,Ridge — level,98731.0,82932.61575367075,15798.384246329253,15798.384246329253
8086,2021,Q2,36061,New York County,nyc,Ridge — level,236410.0,185216.11900706505,51193.88099293495,51193.88099293495
8086,2021,Q2,36063,Niagara County,upstate,Ridge — level,13206.0,17744.091801849292,-4538.091801849292,4538.091801849292
8086,2021,Q2,36065,Oneida County,upstate,Ridge — level,23304.0,19202.641531479974,4101.358468520026,4101.358468520026
8086,2021,Q2,36067,Onondaga County,upstate,Ridge — level,53782.0,42538.888129552935,11243.111870447065,11243.111870447065
8086,2021,Q2,36069,Ontario County,upstate,Ridge — level,14057.0,12794.318450489136,1262.681549510864,1262.681549510864
8086,2021,Q2,36071,Orange County,upstate,Ridge — level,35216.0,27580.286028602608,7635.713971397392,7635.713971397392
8086,2021,Q2,36075,Oswego County,upstate,Ridge — level,6105.0,6133.457237913921,-28.457237913920835,28.457237913920835
8086,2021,Q2,36077,Otsego County,upstate,Ridge — level,8895.0,6895.360595306298,1999.639404693702,1999.639404693702
8086,2021,Q2,36079,Putnam County,upstate,Ridge — level,5177.0,4505.4447838167725,671.5552161832275,671.5552161832275
8086,2021,Q2,36081,Queens County,nyc,Ridge — level,164504.0,125182.267092417,39321.732907583006,39321.732907583006
8086,2021,Q2,36083,Rensselaer County,upstate,Ridge — level,10537.0,11188.410270297536,-651.410270297536,651.410270297536
8086,2021,Q2,36085,Richmond County,nyc,Ridge — level,19381.0,19967.5780948283,-586.5780948282991,586.5780948282991
8086,2021,Q2,36087,Rockland County,downstate_non_nyc,Ridge — level,19934.0,14644.827570819922,5289.172429180078,5289.172429180078
8086,2021,Q2,36089,St. Lawrence County,upstate,Ridge — level,14645.0,15459.984098410976,-814.984098410976,814.984098410976
8086,2021,Q2,36091,Saratoga County,upstate,Ridge — level,9090.0,9919.082637902364,-829.0826379023638,829.0826379023638
8086,2021,Q2,36093,Schenectady County,upstate,Ridge — level,12166.0,12541.831797008854,-375.83179700885375,375.83179700885375
8086,2021,Q2,36101,Steuben County,upstate,Ridge — level,10107.0,6829.701949919068,3277.2980500809317,3277.2980500809317
8086,2021,Q2,36103,Suffolk County,downstate_non_nyc,Ridge — level,103123.0,91686.02650303888,11436.973496961116,11436.973496961116
8086,2021,Q2,36105,Sullivan County,upstate,Ridge — level,6546.0,6496.7253661862815,49.27463381371854,49.27463381371854
8086,2021,Q2,36109,Tompkins County,upstate,Ridge — level,7481.0,7608.5348294975265,-127.53482949752652,127.53482949752652
8086,2021,Q2,36111,Ulster County,upstate,Ridge — level,10643.0,9246.421715703724,1396.5782842962763,1396.5782842962763
8086,2021,Q2,36113,Warren County,upstate,Ridge — level,10476.0,14723.499347452118,-4247.499347452118,4247.499347452118
8086,2021,Q2,36117,Wayne County,upstate,Ridge — level,5389.0,6299.986300274031,-910.9863002740312,910.9863002740312
8086,2021,Q2,36119,Westchester County,downstate_non_nyc,Ridge — level,79255.0,65442.91634683943,13812.083653160567,13812.083653160567
8086,2021,Q2,36121,Wyoming County,upstate,Ridge — level,3284.0,4221.406247239982,-937.4062472399819,937.4062472399819
8086,2021,Q2,36123,Yates County,upstate,Ridge — level,1729.0,617.1904900813461,1111.809509918654,1111.809509918654
8086,2021,Q2,36001,Albany County,upstate,Ridge — change from seasonal persistence,36834.0,21325.339393552105,15508.660606447895,15508.660606447895
8086,2021,Q2,36003,Allegany County,upstate,Ridge — change from seasonal persistence,2772.0,-953.5851150939811,3725.585115093981,3725.585115093981
8086,2021,Q2,36005,Bronx County,nyc,Ridge — change from seasonal persistence,165672.0,106724.4230791177,58947.576920882304,58947.576920882304
8086,2021,Q2,36007,Broome County,upstate,Ridge — change from seasonal persistence,22543.0,12095.494621864269,10447.505378135731,10447.505378135731
8086,2021,Q2,36009,Cattaraugus County,upstate,Ridge — change from seasonal persistence,7038.0,2064.4434012779334,4973.556598722067,4973.556598722067
8086,2021,Q2,36011,Cayuga County,upstate,Ridge — change from seasonal persistence,5975.0,1192.2042772707523,4782.795722729248,4782.795722729248
8086,2021,Q2,36013,Chautauqua County,upstate,Ridge — change from seasonal persistence,13203.0,6037.355014728124,7165.644985271876,7165.644985271876
8086,2021,Q2,36015,Chemung County,upstate,Ridge — change from seasonal persistence,8130.0,2777.309698434986,5352.690301565014,5352.690301565014
8086,2021,Q2,36017,Chenango County,upstate,Ridge — change from seasonal persistence,5213.0,-711.4575209564932,5924.457520956494,5924.457520956494
8086,2021,Q2,36019,Clinton County,upstate,Ridge — change from seasonal persistence,8411.0,5002.449842999121,3408.550157000879,3408.550157000879
8086,2021,Q2,36021,Columbia County,upstate,Ridge — change from seasonal persistence,5475.0,-43.665534274445235,5518.665534274445,5518.665534274445
8086,2021,Q2,36023,Cortland County,upstate,Ridge — change from seasonal persistence,5805.0,1001.7407834551191,4803.2592165448805,4803.2592165448805
8086,2021,Q2,36025,Delaware County,upstate,Ridge — change from seasonal persistence,4191.0,-1941.3876771701125,6132.3876771701125,6132.3876771701125
8086,2021,Q2,36027,Dutchess County,upstate,Ridge — change from seasonal persistence,27092.0,15741.407753648105,11350.592246351895,11350.592246351895
8086,2021,Q2,36029,Erie County,upstate,Ridge — change from seasonal persistence,84468.0,61222.999186890396,23245.000813109604,23245.000813109604
8086,2021,Q2,36031,Essex County,upstate,Ridge — change from seasonal persistence,2063.0,-805.7125835747388,2868.712583574739,2868.712583574739
8086,2021,Q2,36033,Franklin County,upstate,Ridge — change from seasonal persistence,5542.0,1716.4839879295046,3825.5160120704954,3825.5160120704954
8086,2021,Q2,36035,Fulton County,upstate,Ridge — change from seasonal persistence,4431.0,-224.88625388559421,4655.886253885594,4655.886253885594
8086,2021,Q2,36037,Genesee County,upstate,Ridge — change from seasonal persistence,5219.0,1672.5573712278383,3546.4426287721617,3546.4426287721617
8086,2021,Q2,36045,Jefferson County,upstate,Ridge — change from seasonal persistence,12917.0,6211.973970244408,6705.026029755592,6705.026029755592
8086,2021,Q2,36047,Kings County,nyc,Ridge — change from seasonal persistence,162279.0,122158.79055129341,40120.20944870659,40120.20944870659
8086,2021,Q2,36049,Lewis County,upstate,Ridge — change from seasonal persistence,2510.0,-816.3065436211482,3326.306543621148,3326.306543621148
8086,2021,Q2,36051,Livingston County,upstate,Ridge — change from seasonal persistence,3421.0,-161.0454503937558,3582.045450393756,3582.045450393756
8086,2021,Q2,36053,Madison County,upstate,Ridge — change from seasonal persistence,7454.0,2481.0292551094917,4972.970744890508,4972.970744890508
8086,2021,Q2,36055,Monroe County,upstate,Ridge — change from seasonal persistence,75445.0,55547.93558906626,19897.064410933737,19897.064410933737
8086,2021,Q2,36057,Montgomery County,upstate,Ridge — change from seasonal persistence,9004.0,922.2784875829329,8081.721512417067,8081.721512417067
8086,2021,Q2,36059,Nassau County,downstate_non_nyc,Ridge — change from seasonal persistence,98731.0,73581.77129356768,25149.228706432317,25149.228706432317
8086,2021,Q2,36061,New York County,nyc,Ridge — change from seasonal persistence,236410.0,161161.10942915065,75248.89057084935,75248.89057084935
8086,2021,Q2,36063,Niagara County,upstate,Ridge — change from seasonal persistence,13206.0,7173.395454486948,6032.604545513052,6032.604545513052
8086,2021,Q2,36065,Oneida County,upstate,Ridge — change from seasonal persistence,23304.0,14856.377469580817,8447.622530419183,8447.622530419183
8086,2021,Q2,36067,Onondaga County,upstate,Ridge — change from seasonal persistence,53782.0,36635.85331692847,17146.14668307153,17146.14668307153
8086,2021,Q2,36069,Ontario County,upstate,Ridge — change from seasonal persistence,14057.0,7872.992407448613,6184.007592551387,6184.007592551387
8086,2021,Q2,36071,Orange County,upstate,Ridge — change from seasonal persistence,35216.0,21610.03179794398,13605.968202056021,13605.968202056021
8086,2021,Q2,36075,Oswego County,upstate,Ridge — change from seasonal persistence,6105.0,874.3596566578176,5230.640343342182,5230.640343342182
8086,2021,Q2,36077,Otsego County,upstate,Ridge — change from seasonal persistence,8895.0,3389.07224007168,5505.92775992832,5505.92775992832
8086,2021,Q2,36079,Putnam County,upstate,Ridge — change from seasonal persistence,5177.0,573.8260958277369,4603.173904172263,4603.173904172263
8086,2021,Q2,36081,Queens County,nyc,Ridge — change from seasonal persistence,164504.0,107769.88253239333,56734.11746760667,56734.11746760667
8086,2021,Q2,36083,Rensselaer County,upstate,Ridge — change from seasonal persistence,10537.0,4624.147271986119,5912.852728013881,5912.852728013881
8086,2021,Q2,36085,Richmond County,nyc,Ridge — change from seasonal persistence,19381.0,12669.055044054294,6711.944955945706,6711.944955945706
8086,2021,Q2,36087,Rockland County,downstate_non_nyc,Ridge — change from seasonal persistence,19934.0,9459.557990480369,10474.442009519631,10474.442009519631
8086,2021,Q2,36089,St. Lawrence County,upstate,Ridge — change from seasonal persistence,14645.0,7829.098400513537,6815.901599486463,6815.901599486463
8086,2021,Q2,36091,Saratoga County,upstate,Ridge — change from seasonal persistence,9090.0,4240.7814301138515,4849.2185698861485,4849.2185698861485
8086,2021,Q2,36093,Schenectady County,upstate,Ridge — change from seasonal persistence,12166.0,5644.224598008319,6521.775401991681,6521.775401991681
8086,2021,Q2,36101,Steuben County,upstate,Ridge — change from seasonal persistence,10107.0,4138.652483665648,5968.347516334352,5968.347516334352
8086,2021,Q2,36103,Suffolk County,downstate_non_nyc,Ridge — change from seasonal persistence,103123.0,80162.86093512188,22960.139064878123,22960.139064878123
8086,2021,Q2,36105,Sullivan County,upstate,Ridge — change from seasonal persistence,6546.0,1620.3200278454815,4925.6799721545185,4925.6799721545185
8086,2021,Q2,36109,Tompkins County,upstate,Ridge — change from seasonal persistence,7481.0,1528.150044931067,5952.849955068933,5952.849955068933
8086,2021,Q2,36111,Ulster County,upstate,Ridge — change from seasonal persistence,10643.0,3279.5061553834817,7363.493844616518,7363.493844616518
8086,2021,Q2,36113,Warren County,upstate,Ridge — change from seasonal persistence,10476.0,5225.33323891431,5250.66676108569,5250.66676108569
8086,2021,Q2,36117,Wayne County,upstate,Ridge — change from seasonal persistence,5389.0,857.6193645952671,4531.380635404733,4531.380635404733
8086,2021,Q2,36119,Westchester County,downstate_non_nyc,Ridge — change from seasonal persistence,79255.0,52648.69710530114,26606.302894698863,26606.302894698863
8086,2021,Q2,36121,Wyoming County,upstate,Ridge — change from seasonal persistence,3284.0,61.4765468638484,3222.5234531361516,3222.5234531361516
8086,2021,Q2,36123,Yates County,upstate,Ridge — change from seasonal persistence,1729.0,-1834.142198715827,3563.142198715827,3563.142198715827
8086,2021,Q2,36001,Albany County,upstate,Random Forest — level,36834.0,26596.860439569216,10237.139560430784,10237.139560430784
8086,2021,Q2,36003,Allegany County,upstate,Random Forest — level,2772.0,2037.9226636849844,734.0773363150156,734.0773363150156
8086,2021,Q2,36005,Bronx County,nyc,Random Forest — level,165672.0,146328.81477685444,19343.185223145556,19343.185223145556
8086,2021,Q2,36007,Broome County,upstate,Random Forest — level,22543.0,16198.208524281274,6344.791475718726,6344.791475718726
8086,2021,Q2,36009,Cattaraugus County,upstate,Random Forest — level,7038.0,4863.222683492433,2174.777316507567,2174.777316507567
8086,2021,Q2,36011,Cayuga County,upstate,Random Forest — level,5975.0,4682.009530987532,1292.9904690124677,1292.9904690124677
8086,2021,Q2,36013,Chautauqua County,upstate,Random Forest — level,13203.0,11885.778486161988,1317.2215138380125,1317.2215138380125
8086,2021,Q2,36015,Chemung County,upstate,Random Forest — level,8130.0,6138.552698662454,1991.4473013375464,1991.4473013375464
8086,2021,Q2,36017,Chenango County,upstate,Random Forest — level,5213.0,2393.8734271208086,2819.1265728791914,2819.1265728791914
8086,2021,Q2,36019,Clinton County,upstate,Random Forest — level,8411.0,7517.388746405008,893.6112535949924,893.6112535949924
8086,2021,Q2,36021,Columbia County,upstate,Random Forest — level,5475.0,4235.198572510821,1239.8014274891793,1239.8014274891793
8086,2021,Q2,36023,Cortland County,upstate,Random Forest — level,5805.0,4302.569871646871,1502.4301283531286,1502.4301283531286
8086,2021,Q2,36025,Delaware County,upstate,Random Forest — level,4191.0,2078.542876516185,2112.457123483815,2112.457123483815
8086,2021,Q2,36027,Dutchess County,upstate,Random Forest — level,27092.0,23121.37981659032,3970.620183409679,3970.620183409679
8086,2021,Q2,36029,Erie County,upstate,Random Forest — level,84468.0,67699.25137379747,16768.748626202534,16768.748626202534
8086,2021,Q2,36031,Essex County,upstate,Random Forest — level,2063.0,1579.3453961316454,483.65460386835457,483.65460386835457
8086,2021,Q2,36033,Franklin County,upstate,Random Forest — level,5542.0,4301.7232185146,1240.2767814853996,1240.2767814853996
8086,2021,Q2,36035,Fulton County,upstate,Random Forest — level,4431.0,3564.1488713155045,866.8511286844955,866.8511286844955
8086,2021,Q2,36037,Genesee County,upstate,Random Forest — level,5219.0,4268.63758724609,950.3624127539097,950.3624127539097
8086,2021,Q2,36045,Jefferson County,upstate,Random Forest — level,12917.0,11331.980824463666,1585.019175536334,1585.019175536334
8086,2021,Q2,36047,Kings County,nyc,Random Forest — level,162279.0,152133.3166587689,10145.68334123111,10145.68334123111
8086,2021,Q2,36049,Lewis County,upstate,Random Forest — level,2510.0,2076.316479896006,433.68352010399394,433.68352010399394
8086,2021,Q2,36051,Livingston County,upstate,Random Forest — level,3421.0,2731.8980266601593,689.1019733398407,689.1019733398407
8086,2021,Q2,36053,Madison County,upstate,Random Forest — level,7454.0,5564.37794666445,1889.62205333555,1889.62205333555
8086,2021,Q2,36055,Monroe County,upstate,Random Forest — level,75445.0,65130.22057921246,10314.779420787541,10314.779420787541
8086,2021,Q2,36057,Montgomery County,upstate,Random Forest — level,9004.0,6104.610697247198,2899.389302752802,2899.389302752802
8086,2021,Q2,36059,Nassau County,downstate_non_nyc,Random Forest — level,98731.0,91581.43984688117,7149.5601531188295,7149.5601531188295
8086,2021,Q2,36061,New York County,nyc,Random Forest — level,236410.0,187477.82664714716,48932.17335285284,48932.17335285284
8086,2021,Q2,36063,Niagara County,upstate,Random Forest — level,13206.0,11629.342862040734,1576.657137959266,1576.657137959266
8086,2021,Q2,36065,Oneida County,upstate,Random Forest — level,23304.0,19518.474340398167,3785.5256596018335,3785.5256596018335
8086,2021,Q2,36067,Onondaga County,upstate,Random Forest — level,53782.0,45954.98845262035,7827.011547379647,7827.011547379647
8086,2021,Q2,36069,Ontario County,upstate,Random Forest — level,14057.0,11541.868784704675,2515.131215295325,2515.131215295325
8086,2021,Q2,36071,Orange County,upstate,Random Forest — level,35216.0,28840.87849990702,6375.121500092981,6375.121500092981
8086,2021,Q2,36075,Oswego County,upstate,Random Forest — level,6105.0,4831.290632807004,1273.709367192996,1273.709367192996
8086,2021,Q2,36077,Otsego County,upstate,Random Forest — level,8895.0,7552.380246229259,1342.6197537707412,1342.6197537707412
8086,2021,Q2,36079,Putnam County,upstate,Random Forest — level,5177.0,4365.556565829321,811.4434341706792,811.4434341706792
8086,2021,Q2,36081,Queens County,nyc,Random Forest — level,164504.0,144249.26629950773,20254.733700492274,20254.733700492274
8086,2021,Q2,36083,Rensselaer County,upstate,Random Forest — level,10537.0,9003.11300814817,1533.8869918518303,1533.8869918518303
8086,2021,Q2,36085,Richmond County,nyc,Random Forest — level,19381.0,24887.918788618295,-5506.918788618295,5506.918788618295
8086,2021,Q2,36087,Rockland County,downstate_non_nyc,Random Forest — level,19934.0,18137.85800152626,1796.1419984737404,1796.1419984737404
8086,2021,Q2,36089,St. Lawrence County,upstate,Random Forest — level,14645.0,12431.45989324293,2213.540106757069,2213.540106757069
8086,2021,Q2,36091,Saratoga County,upstate,Random Forest — level,9090.0,7498.651158864278,1591.348841135722,1591.348841135722
8086,2021,Q2,36093,Schenectady County,upstate,Random Forest — level,12166.0,10918.115427743554,1247.8845722564456,1247.8845722564456
8086,2021,Q2,36101,Steuben County,upstate,Random Forest — level,10107.0,7465.6316842449505,2641.3683157550495,2641.3683157550495
8086,2021,Q2,36103,Suffolk County,downstate_non_nyc,Random Forest — level,103123.0,96620.22015692644,6502.779843073557,6502.779843073557
8086,2021,Q2,36105,Sullivan County,upstate,Random Forest — level,6546.0,5892.831776436525,653.1682235634753,653.1682235634753
8086,2021,Q2,36109,Tompkins County,upstate,Random Forest — level,7481.0,4977.083943875569,2503.9160561244307,2503.9160561244307
8086,2021,Q2,36111,Ulster County,upstate,Random Forest — level,10643.0,8200.05509597809,2442.9449040219097,2442.9449040219097
8086,2021,Q2,36113,Warren County,upstate,Random Forest — level,10476.0,8443.31042250342,2032.6895774965797,2032.6895774965797
8086,2021,Q2,36117,Wayne County,upstate,Random Forest — level,5389.0,4368.922706682206,1020.0772933177941,1020.0772933177941
8086,2021,Q2,36119,Westchester County,downstate_non_nyc,Random Forest — level,79255.0,67983.49655682742,11271.50344317258,11271.50344317258
8086,2021,Q2,36121,Wyoming County,upstate,Random Forest — level,3284.0,2351.3892350596902,932.6107649403098,932.6107649403098
8086,2021,Q2,36123,Yates County,upstate,Random Forest — level,1729.0,1553.8891244033737,175.11087559662633,175.11087559662633
8086,2021,Q2,36001,Albany County,upstate,Random Forest — change from seasonal persistence,36834.0,15973.460485532985,20860.539514467015,20860.539514467015
8086,2021,Q2,36003,Allegany County,upstate,Random Forest — change from seasonal persistence,2772.0,623.4016498795315,2148.5983501204682,2148.5983501204682
8086,2021,Q2,36005,Bronx County,nyc,Random Forest — change from seasonal persistence,165672.0,82635.4921830392,83036.5078169608,83036.5078169608
8086,2021,Q2,36007,Broome County,upstate,Random Forest — change from seasonal persistence,22543.0,10327.976698898598,12215.023301101402,12215.023301101402
8086,2021,Q2,36009,Cattaraugus County,upstate,Random Forest — change from seasonal persistence,7038.0,3090.859916201173,3947.140083798827,3947.140083798827
8086,2021,Q2,36011,Cayuga County,upstate,Random Forest — change from seasonal persistence,5975.0,3422.3105282367424,2552.6894717632576,2552.6894717632576
8086,2021,Q2,36013,Chautauqua County,upstate,Random Forest — change from seasonal persistence,13203.0,6682.0386781968045,6520.9613218031955,6520.9613218031955
8086,2021,Q2,36015,Chemung County,upstate,Random Forest — change from seasonal persistence,8130.0,4019.359976234277,4110.6400237657235,4110.6400237657235
8086,2021,Q2,36017,Chenango County,upstate,Random Forest — change from seasonal persistence,5213.0,1573.4248467458474,3639.5751532541526,3639.5751532541526
8086,2021,Q2,36019,Clinton County,upstate,Random Forest — change from seasonal persistence,8411.0,4472.242415808322,3938.757584191678,3938.757584191678
8086,2021,Q2,36021,Columbia County,upstate,Random Forest — change from seasonal persistence,5475.0,2586.3753206088577,2888.6246793911423,2888.6246793911423
8086,2021,Q2,36023,Cortland County,upstate,Random Forest — change from seasonal persistence,5805.0,2421.530414627585,3383.469585372415,3383.469585372415
8086,2021,Q2,36025,Delaware County,upstate,Random Forest — change from seasonal persistence,4191.0,561.0809135956631,3629.9190864043367,3629.9190864043367
8086,2021,Q2,36027,Dutchess County,upstate,Random Forest — change from seasonal persistence,27092.0,11602.265538776039,15489.734461223961,15489.734461223961
8086,2021,Q2,36029,Erie County,upstate,Random Forest — change from seasonal persistence,84468.0,45613.16359479408,38854.83640520592,38854.83640520592
8086,2021,Q2,36031,Essex County,upstate,Random Forest — change from seasonal persistence,2063.0,372.9196256058751,1690.0803743941249,1690.0803743941249
8086,2021,Q2,36033,Franklin County,upstate,Random Forest — change from seasonal persistence,5542.0,2050.5491955364896,3491.4508044635104,3491.4508044635104
8086,2021,Q2,36035,Fulton County,upstate,Random Forest — change from seasonal persistence,4431.0,2071.483515891516,2359.516484108484,2359.516484108484
8086,2021,Q2,36037,Genesee County,upstate,Random Forest — change from seasonal persistence,5219.0,3255.4297769643217,1963.5702230356783,1963.5702230356783
8086,2021,Q2,36045,Jefferson County,upstate,Random Forest — change from seasonal persistence,12917.0,6512.3040693473195,6404.6959306526805,6404.6959306526805
8086,2021,Q2,36047,Kings County,nyc,Random Forest — change from seasonal persistence,162279.0,93479.59540529843,68799.40459470157,68799.40459470157
8086,2021,Q2,36049,Lewis County,upstate,Random Forest — change from seasonal persistence,2510.0,1311.8066919145672,1198.1933080854328,1198.1933080854328
8086,2021,Q2,36051,Livingston County,upstate,Random Forest — change from seasonal persistence,3421.0,1710.470140480435,1710.529859519565,1710.529859519565
8086,2021,Q2,36053,Madison County,upstate,Random Forest — change from seasonal persistence,7454.0,3489.3247966175977,3964.6752033824023,3964.6752033824023
8086,2021,Q2,36055,Monroe County,upstate,Random Forest — change from seasonal persistence,75445.0,38598.06757351906,36846.93242648094,36846.93242648094
8086,2021,Q2,36057,Montgomery County,upstate,Random Forest — change from seasonal persistence,9004.0,2341.86551021201,6662.13448978799,6662.13448978799
8086,2021,Q2,36059,Nassau County,downstate_non_nyc,Random Forest — change from seasonal persistence,98731.0,47721.21252813852,51009.78747186148,51009.78747186148
8086,2021,Q2,36061,New York County,nyc,Random Forest — change from seasonal persistence,236410.0,113672.89576007327,122737.10423992673,122737.10423992673
8086,2021,Q2,36063,Niagara County,upstate,Random Forest — change from seasonal persistence,13206.0,7266.720924621675,5939.279075378325,5939.279075378325
8086,2021,Q2,36065,Oneida County,upstate,Random Forest — change from seasonal persistence,23304.0,11677.980738590388,11626.019261409612,11626.019261409612
8086,2021,Q2,36067,Onondaga County,upstate,Random Forest — change from seasonal persistence,53782.0,27045.639339540096,26736.360660459904,26736.360660459904
8086,2021,Q2,36069,Ontario County,upstate,Random Forest — change from seasonal persistence,14057.0,7586.72339535927,6470.27660464073,6470.27660464073
8086,2021,Q2,36071,Orange County,upstate,Random Forest — change from seasonal persistence,35216.0,16916.189764383766,18299.810235616234,18299.810235616234
8086,2021,Q2,36075,Oswego County,upstate,Random Forest — change from seasonal persistence,6105.0,3105.4328166536625,2999.5671833463375,2999.5671833463375
8086,2021,Q2,36077,Otsego County,upstate,Random Forest — change from seasonal persistence,8895.0,4900.233804505681,3994.7661954943187,3994.7661954943187
8086,2021,Q2,36079,Putnam County,upstate,Random Forest — change from seasonal persistence,5177.0,2039.025898537737,3137.974101462263,3137.974101462263
8086,2021,Q2,36081,Queens County,nyc,Random Forest — change from seasonal persistence,164504.0,82108.4894430292,82395.5105569708,82395.5105569708
8086,2021,Q2,36083,Rensselaer County,upstate,Random Forest — change from seasonal persistence,10537.0,5015.797287371943,5521.202712628057,5521.202712628057
8086,2021,Q2,36085,Richmond County,nyc,Random Forest — change from seasonal persistence,19381.0,15151.457403799903,4229.542596200097,4229.542596200097
8086,2021,Q2,36087,Rockland County,downstate_non_nyc,Random Forest — change from seasonal persistence,19934.0,8589.330577227785,11344.669422772215,11344.669422772215
8086,2021,Q2,36089,St. Lawrence County,upstate,Random Forest — change from seasonal persistence,14645.0,7325.211856782108,7319.788143217892,7319.788143217892
8086,2021,Q2,36091,Saratoga County,upstate,Random Forest — change from seasonal persistence,9090.0,4151.947469643374,4938.052530356626,4938.052530356626
8086,2021,Q2,36093,Schenectady County,upstate,Random Forest — change from seasonal persistence,12166.0,6539.572549210048,5626.427450789952,5626.427450789952
8086,2021,Q2,36101,Steuben County,upstate,Random Forest — change from seasonal persistence,10107.0,4298.151673044549,5808.848326955451,5808.848326955451
8086,2021,Q2,36103,Suffolk County,downstate_non_nyc,Random Forest — change from seasonal persistence,103123.0,62371.653497558,40751.346502442,40751.346502442
8086,2021,Q2,36105,Sullivan County,upstate,Random Forest — change from seasonal persistence,6546.0,4180.2186002954,2365.7813997045996,2365.7813997045996
8086,2021,Q2,36109,Tompkins County,upstate,Random Forest — change from seasonal persistence,7481.0,2983.1519420318245,4497.848057968175,4497.848057968175
8086,2021,Q2,36111,Ulster County,upstate,Random Forest — change from seasonal persistence,10643.0,4766.014772195398,5876.985227804602,5876.985227804602
8086,2021,Q2,36113,Warren County,upstate,Random Forest — change from seasonal persistence,10476.0,5278.160114147019,5197.839885852981,5197.839885852981
8086,2021,Q2,36117,Wayne County,upstate,Random Forest — change from seasonal persistence,5389.0,2755.267193358658,2633.732806641342,2633.732806641342
8086,2021,Q2,36119,Westchester County,downstate_non_nyc,Random Forest — change from seasonal persistence,79255.0,32776.4996599234,46478.5003400766,46478.5003400766
8086,2021,Q2,36121,Wyoming County,upstate,Random Forest — change from seasonal persistence,3284.0,1192.3668806552923,2091.6331193447077,2091.6331193447077
8086,2021,Q2,36123,Yates County,upstate,Random Forest — change from seasonal persistence,1729.0,557.8926839503092,1171.1073160496908,1171.1073160496908
8086,2021,Q2,36001,Albany County,upstate,XGBoost — level,36834.0,29753.982421875,7080.017578125,7080.017578125
8086,2021,Q2,36003,Allegany County,upstate,XGBoost — level,2772.0,1792.5333251953125,979.4666748046875,979.4666748046875
8086,2021,Q2,36005,Bronx County,nyc,XGBoost — level,165672.0,151884.25,13787.75,13787.75
8086,2021,Q2,36007,Broome County,upstate,XGBoost — level,22543.0,13404.3115234375,9138.6884765625,9138.6884765625
8086,2021,Q2,36009,Cattaraugus County,upstate,XGBoost — level,7038.0,4749.9443359375,2288.0556640625,2288.0556640625
8086,2021,Q2,36011,Cayuga County,upstate,XGBoost — level,5975.0,4684.6728515625,1290.3271484375,1290.3271484375
8086,2021,Q2,36013,Chautauqua County,upstate,XGBoost — level,13203.0,10657.2998046875,2545.7001953125,2545.7001953125
8086,2021,Q2,36015,Chemung County,upstate,XGBoost — level,8130.0,5844.93994140625,2285.06005859375,2285.06005859375
8086,2021,Q2,36017,Chenango County,upstate,XGBoost — level,5213.0,2326.78955078125,2886.21044921875,2886.21044921875
8086,2021,Q2,36019,Clinton County,upstate,XGBoost — level,8411.0,7231.458984375,1179.541015625,1179.541015625
8086,2021,Q2,36021,Columbia County,upstate,XGBoost — level,5475.0,4733.51904296875,741.48095703125,741.48095703125
8086,2021,Q2,36023,Cortland County,upstate,XGBoost — level,5805.0,4268.9814453125,1536.0185546875,1536.0185546875
8086,2021,Q2,36025,Delaware County,upstate,XGBoost — level,4191.0,2148.495849609375,2042.504150390625,2042.504150390625
8086,2021,Q2,36027,Dutchess County,upstate,XGBoost — level,27092.0,23271.95703125,3820.04296875,3820.04296875
8086,2021,Q2,36029,Erie County,upstate,XGBoost — level,84468.0,65585.34375,18882.65625,18882.65625
8086,2021,Q2,36031,Essex County,upstate,XGBoost — level,2063.0,1904.59912109375,158.40087890625,158.40087890625
8086,2021,Q2,36033,Franklin County,upstate,XGBoost — level,5542.0,4655.84326171875,886.15673828125,886.15673828125
8086,2021,Q2,36035,Fulton County,upstate,XGBoost — level,4431.0,3743.527587890625,687.472412109375,687.472412109375
8086,2021,Q2,36037,Genesee County,upstate,XGBoost — level,5219.0,4540.97607421875,678.02392578125,678.02392578125
8086,2021,Q2,36045,Jefferson County,upstate,XGBoost — level,12917.0,11754.9697265625,1162.0302734375,1162.0302734375
8086,2021,Q2,36047,Kings County,nyc,XGBoost — level,162279.0,159125.921875,3153.078125,3153.078125
8086,2021,Q2,36049,Lewis County,upstate,XGBoost — level,2510.0,2234.1279296875,275.8720703125,275.8720703125
8086,2021,Q2,36051,Livingston County,upstate,XGBoost — level,3421.0,3018.104248046875,402.895751953125,402.895751953125
8086,2021,Q2,36053,Madison County,upstate,XGBoost — level,7454.0,5138.220703125,2315.779296875,2315.779296875
8086,2021,Q2,36055,Monroe County,upstate,XGBoost — level,75445.0,62724.78515625,12720.21484375,12720.21484375
8086,2021,Q2,36057,Montgomery County,upstate,XGBoost — level,9004.0,7133.52001953125,1870.47998046875,1870.47998046875
8086,2021,Q2,36059,Nassau County,downstate_non_nyc,XGBoost — level,98731.0,90507.8203125,8223.1796875,8223.1796875
8086,2021,Q2,36061,New York County,nyc,XGBoost — level,236410.0,215721.453125,20688.546875,20688.546875
8086,2021,Q2,36063,Niagara County,upstate,XGBoost — level,13206.0,10882.4091796875,2323.5908203125,2323.5908203125
8086,2021,Q2,36065,Oneida County,upstate,XGBoost — level,23304.0,19151.732421875,4152.267578125,4152.267578125
8086,2021,Q2,36067,Onondaga County,upstate,XGBoost — level,53782.0,41993.09375,11788.90625,11788.90625
8086,2021,Q2,36069,Ontario County,upstate,XGBoost — level,14057.0,11223.3779296875,2833.6220703125,2833.6220703125
8086,2021,Q2,36071,Orange County,upstate,XGBoost — level,35216.0,29184.25390625,6031.74609375,6031.74609375
8086,2021,Q2,36075,Oswego County,upstate,XGBoost — level,6105.0,5025.77099609375,1079.22900390625,1079.22900390625
8086,2021,Q2,36077,Otsego County,upstate,XGBoost — level,8895.0,7304.91015625,1590.08984375,1590.08984375
8086,2021,Q2,36079,Putnam County,upstate,XGBoost — level,5177.0,4540.80810546875,636.19189453125,636.19189453125
8086,2021,Q2,36081,Queens County,nyc,XGBoost — level,164504.0,147500.046875,17003.953125,17003.953125
8086,2021,Q2,36083,Rensselaer County,upstate,XGBoost — level,10537.0,9374.1357421875,1162.8642578125,1162.8642578125
8086,2021,Q2,36085,Richmond County,nyc,XGBoost — level,19381.0,20667.615234375,-1286.615234375,1286.615234375
8086,2021,Q2,36087,Rockland County,downstate_non_nyc,XGBoost — level,19934.0,17373.060546875,2560.939453125,2560.939453125
8086,2021,Q2,36089,St. Lawrence County,upstate,XGBoost — level,14645.0,11505.556640625,3139.443359375,3139.443359375
8086,2021,Q2,36091,Saratoga County,upstate,XGBoost — level,9090.0,7235.3525390625,1854.6474609375,1854.6474609375
8086,2021,Q2,36093,Schenectady County,upstate,XGBoost — level,12166.0,11384.7216796875,781.2783203125,781.2783203125
8086,2021,Q2,36101,Steuben County,upstate,XGBoost — level,10107.0,6759.80859375,3347.19140625,3347.19140625
8086,2021,Q2,36103,Suffolk County,downstate_non_nyc,XGBoost — level,103123.0,96901.40625,6221.59375,6221.59375
8086,2021,Q2,36105,Sullivan County,upstate,XGBoost — level,6546.0,5481.6728515625,1064.3271484375,1064.3271484375
8086,2021,Q2,36109,Tompkins County,upstate,XGBoost — level,7481.0,4951.9541015625,2529.0458984375,2529.0458984375
8086,2021,Q2,36111,Ulster County,upstate,XGBoost — level,10643.0,8468.5341796875,2174.4658203125,2174.4658203125
8086,2021,Q2,36113,Warren County,upstate,XGBoost — level,10476.0,9178.8720703125,1297.1279296875,1297.1279296875
8086,2021,Q2,36117,Wayne County,upstate,XGBoost — level,5389.0,4609.1826171875,779.8173828125,779.8173828125
8086,2021,Q2,36119,Westchester County,downstate_non_nyc,XGBoost — level,79255.0,64245.03125,15009.96875,15009.96875
8086,2021,Q2,36121,Wyoming County,upstate,XGBoost — level,3284.0,2682.012939453125,601.987060546875,601.987060546875
8086,2021,Q2,36123,Yates County,upstate,XGBoost — level,1729.0,1738.0938720703125,-9.0938720703125,9.0938720703125
8086,2021,Q2,36001,Albany County,upstate,XGBoost — change from seasonal persistence,36834.0,18879.9296875,17954.0703125,17954.0703125
8086,2021,Q2,36003,Allegany County,upstate,XGBoost — change from seasonal persistence,2772.0,740.1728515625,2031.8271484375,2031.8271484375
8086,2021,Q2,36005,Bronx County,nyc,XGBoost — change from seasonal persistence,165672.0,68931.46484375,96740.53515625,96740.53515625
8086,2021,Q2,36007,Broome County,upstate,XGBoost — change from seasonal persistence,22543.0,11750.3837890625,10792.6162109375,10792.6162109375
8086,2021,Q2,36009,Cattaraugus County,upstate,XGBoost — change from seasonal persistence,7038.0,3542.2384033203125,3495.7615966796875,3495.7615966796875
8086,2021,Q2,36011,Cayuga County,upstate,XGBoost — change from seasonal persistence,5975.0,3314.060546875,2660.939453125,2660.939453125
8086,2021,Q2,36013,Chautauqua County,upstate,XGBoost — change from seasonal persistence,13203.0,9958.035049438477,3244.9649505615234,3244.9649505615234
8086,2021,Q2,36015,Chemung County,upstate,XGBoost — change from seasonal persistence,8130.0,4382.436279296875,3747.563720703125,3747.563720703125
8086,2021,Q2,36017,Chenango County,upstate,XGBoost — change from seasonal persistence,5213.0,1352.392578125,3860.607421875,3860.607421875
8086,2021,Q2,36019,Clinton County,upstate,XGBoost — change from seasonal persistence,8411.0,5119.6722412109375,3291.3277587890625,3291.3277587890625
8086,2021,Q2,36021,Columbia County,upstate,XGBoost — change from seasonal persistence,5475.0,2939.8807373046875,2535.1192626953125,2535.1192626953125
8086,2021,Q2,36023,Cortland County,upstate,XGBoost — change from seasonal persistence,5805.0,2547.40087890625,3257.59912109375,3257.59912109375
8086,2021,Q2,36025,Delaware County,upstate,XGBoost — change from seasonal persistence,4191.0,448.1893310546875,3742.8106689453125,3742.8106689453125
8086,2021,Q2,36027,Dutchess County,upstate,XGBoost — change from seasonal persistence,27092.0,14039.65771484375,13052.34228515625,13052.34228515625
8086,2021,Q2,36029,Erie County,upstate,XGBoost — change from seasonal persistence,84468.0,49680.37890625,34787.62109375,34787.62109375
8086,2021,Q2,36031,Essex County,upstate,XGBoost — change from seasonal persistence,2063.0,-3.9000244140625,2066.9000244140625,2066.9000244140625
8086,2021,Q2,36033,Franklin County,upstate,XGBoost — change from seasonal persistence,5542.0,2159.6829833984375,3382.3170166015625,3382.3170166015625
8086,2021,Q2,36035,Fulton County,upstate,XGBoost — change from seasonal persistence,4431.0,1914.221923828125,2516.778076171875,2516.778076171875
8086,2021,Q2,36037,Genesee County,upstate,XGBoost — change from seasonal persistence,5219.0,3603.2752075195312,1615.7247924804688,1615.7247924804688
8086,2021,Q2,36045,Jefferson County,upstate,XGBoost — change from seasonal persistence,12917.0,7710.5750732421875,5206.4249267578125,5206.4249267578125
8086,2021,Q2,36047,Kings County,nyc,XGBoost — change from seasonal persistence,162279.0,93046.240234375,69232.759765625,69232.759765625
8086,2021,Q2,36049,Lewis County,upstate,XGBoost — change from seasonal persistence,2510.0,1125.7985229492188,1384.2014770507812,1384.2014770507812
8086,2021,Q2,36051,Livingston County,upstate,XGBoost — change from seasonal persistence,3421.0,1654.7440185546875,1766.2559814453125,1766.2559814453125
8086,2021,Q2,36053,Madison County,upstate,XGBoost — change from seasonal persistence,7454.0,4021.1087646484375,3432.8912353515625,3432.8912353515625
8086,2021,Q2,36055,Monroe County,upstate,XGBoost — change from seasonal persistence,75445.0,37930.45703125,37514.54296875,37514.54296875
8086,2021,Q2,36057,Montgomery County,upstate,XGBoost — change from seasonal persistence,9004.0,3603.3152465820312,5400.684753417969,5400.684753417969
8086,2021,Q2,36059,Nassau County,downstate_non_nyc,XGBoost — change from seasonal persistence,98731.0,52261.5703125,46469.4296875,46469.4296875
8086,2021,Q2,36061,New York County,nyc,XGBoost — change from seasonal persistence,236410.0,99571.13671875,136838.86328125,136838.86328125
8086,2021,Q2,36063,Niagara County,upstate,XGBoost — change from seasonal persistence,13206.0,7514.95166015625,5691.04833984375,5691.04833984375
8086,2021,Q2,36065,Oneida County,upstate,XGBoost — change from seasonal persistence,23304.0,13560.111328125,9743.888671875,9743.888671875
8086,2021,Q2,36067,Onondaga County,upstate,XGBoost — change from seasonal persistence,53782.0,31246.7060546875,22535.2939453125,22535.2939453125
8086,2021,Q2,36069,Ontario County,upstate,XGBoost — change from seasonal persistence,14057.0,10115.737487792969,3941.2625122070312,3941.2625122070312
8086,2021,Q2,36071,Orange County,upstate,XGBoost — change from seasonal persistence,35216.0,14640.7998046875,20575.2001953125,20575.2001953125
8086,2021,Q2,36075,Oswego County,upstate,XGBoost — change from seasonal persistence,6105.0,3258.5611572265625,2846.4388427734375,2846.4388427734375
8086,2021,Q2,36077,Otsego County,upstate,XGBoost — change from seasonal persistence,8895.0,5377.7332763671875,3517.2667236328125,3517.2667236328125
8086,2021,Q2,36079,Putnam County,upstate,XGBoost — change from seasonal persistence,5177.0,1794.0882568359375,3382.9117431640625,3382.9117431640625
8086,2021,Q2,36081,Queens County,nyc,XGBoost — change from seasonal persistence,164504.0,85254.33984375,79249.66015625,79249.66015625
8086,2021,Q2,36083,Rensselaer County,upstate,XGBoost — change from seasonal persistence,10537.0,6515.8780517578125,4021.1219482421875,4021.1219482421875
8086,2021,Q2,36085,Richmond County,nyc,XGBoost — change from seasonal persistence,19381.0,14959.79443359375,4421.20556640625,4421.20556640625
8086,2021,Q2,36087,Rockland County,downstate_non_nyc,XGBoost — change from seasonal persistence,19934.0,7083.79541015625,12850.20458984375,12850.20458984375
8086,2021,Q2,36089,St. Lawrence County,upstate,XGBoost — change from seasonal persistence,14645.0,9898.847747802734,4746.152252197266,4746.152252197266
8086,2021,Q2,36091,Saratoga County,upstate,XGBoost — change from seasonal persistence,9090.0,5202.3973388671875,3887.6026611328125,3887.6026611328125
8086,2021,Q2,36093,Schenectady County,upstate,XGBoost — change from seasonal persistence,12166.0,8734.581565856934,3431.4184341430664,3431.4184341430664
8086,2021,Q2,36101,Steuben County,upstate,XGBoost — change from seasonal persistence,10107.0,5009.1160888671875,5097.8839111328125,5097.8839111328125
8086,2021,Q2,36103,Suffolk County,downstate_non_nyc,XGBoost — change from seasonal persistence,103123.0,72015.5302734375,31107.4697265625,31107.4697265625
8086,2021,Q2,36105,Sullivan County,upstate,XGBoost — change from seasonal persistence,6546.0,4604.9495849609375,1941.0504150390625,1941.0504150390625
8086,2021,Q2,36109,Tompkins County,upstate,XGBoost — change from seasonal persistence,7481.0,3424.140869140625,4056.859130859375,4056.859130859375
8086,2021,Q2,36111,Ulster County,upstate,XGBoost — change from seasonal persistence,10643.0,5690.5748291015625,4952.4251708984375,4952.4251708984375
8086,2021,Q2,36113,Warren County,upstate,XGBoost — change from seasonal persistence,10476.0,6434.0428466796875,4041.9571533203125,4041.9571533203125
8086,2021,Q2,36117,Wayne County,upstate,XGBoost — change from seasonal persistence,5389.0,2759.406005859375,2629.593994140625,2629.593994140625
8086,2021,Q2,36119,Westchester County,downstate_non_nyc,XGBoost — change from seasonal persistence,79255.0,32100.63671875,47154.36328125,47154.36328125
8086,2021,Q2,36121,Wyoming County,upstate,XGBoost — change from seasonal persistence,3284.0,1294.2054443359375,1989.7945556640625,1989.7945556640625
8086,2021,Q2,36123,Yates County,upstate,XGBoost — change from seasonal persistence,1729.0,446.169677734375,1282.830322265625,1282.830322265625
8087,2021,Q3,36001,Albany County,upstate,Previous-quarter persistence,41275.0,36834.0,4441.0,4441.0
8087,2021,Q3,36003,Allegany County,upstate,Previous-quarter persistence,2933.0,2772.0,161.0,161.0
8087,2021,Q3,36005,Bronx County,nyc,Previous-quarter persistence,176052.0,165672.0,10380.0,10380.0
8087,2021,Q3,36007,Broome County,upstate,Previous-quarter persistence,23618.0,22543.0,1075.0,1075.0
8087,2021,Q3,36009,Cattaraugus County,upstate,Previous-quarter persistence,7087.0,7038.0,49.0,49.0
8087,2021,Q3,36011,Cayuga County,upstate,Previous-quarter persistence,6668.0,5975.0,693.0,693.0
8087,2021,Q3,36013,Chautauqua County,upstate,Previous-quarter persistence,14440.0,13203.0,1237.0,1237.0
8087,2021,Q3,36015,Chemung County,upstate,Previous-quarter persistence,8810.0,8130.0,680.0,680.0
8087,2021,Q3,36017,Chenango County,upstate,Previous-quarter persistence,4090.0,5213.0,-1123.0,1123.0
8087,2021,Q3,36019,Clinton County,upstate,Previous-quarter persistence,9248.0,8411.0,837.0,837.0
8087,2021,Q3,36021,Columbia County,upstate,Previous-quarter persistence,5989.0,5475.0,514.0,514.0
8087,2021,Q3,36023,Cortland County,upstate,Previous-quarter persistence,6468.0,5805.0,663.0,663.0
8087,2021,Q3,36025,Delaware County,upstate,Previous-quarter persistence,4918.0,4191.0,727.0,727.0
8087,2021,Q3,36027,Dutchess County,upstate,Previous-quarter persistence,28395.0,27092.0,1303.0,1303.0
8087,2021,Q3,36029,Erie County,upstate,Previous-quarter persistence,89218.0,84468.0,4750.0,4750.0
8087,2021,Q3,36031,Essex County,upstate,Previous-quarter persistence,2776.0,2063.0,713.0,713.0
8087,2021,Q3,36033,Franklin County,upstate,Previous-quarter persistence,6794.0,5542.0,1252.0,1252.0
8087,2021,Q3,36035,Fulton County,upstate,Previous-quarter persistence,4979.0,4431.0,548.0,548.0
8087,2021,Q3,36037,Genesee County,upstate,Previous-quarter persistence,6135.0,5219.0,916.0,916.0
8087,2021,Q3,36045,Jefferson County,upstate,Previous-quarter persistence,12250.0,12917.0,-667.0,667.0
8087,2021,Q3,36047,Kings County,nyc,Previous-quarter persistence,175218.0,162279.0,12939.0,12939.0
8087,2021,Q3,36049,Lewis County,upstate,Previous-quarter persistence,2911.0,2510.0,401.0,401.0
8087,2021,Q3,36051,Livingston County,upstate,Previous-quarter persistence,3769.0,3421.0,348.0,348.0
8087,2021,Q3,36053,Madison County,upstate,Previous-quarter persistence,8420.0,7454.0,966.0,966.0
8087,2021,Q3,36055,Monroe County,upstate,Previous-quarter persistence,76113.0,75445.0,668.0,668.0
8087,2021,Q3,36057,Montgomery County,upstate,Previous-quarter persistence,11122.0,9004.0,2118.0,2118.0
8087,2021,Q3,36059,Nassau County,downstate_non_nyc,Previous-quarter persistence,111843.0,98731.0,13112.0,13112.0
8087,2021,Q3,36061,New York County,nyc,Previous-quarter persistence,250167.0,236410.0,13757.0,13757.0
8087,2021,Q3,36063,Niagara County,upstate,Previous-quarter persistence,13817.0,13206.0,611.0,611.0
8087,2021,Q3,36065,Oneida County,upstate,Previous-quarter persistence,26472.0,23304.0,3168.0,3168.0
8087,2021,Q3,36067,Onondaga County,upstate,Previous-quarter persistence,54541.0,53782.0,759.0,759.0
8087,2021,Q3,36069,Ontario County,upstate,Previous-quarter persistence,16159.0,14057.0,2102.0,2102.0
8087,2021,Q3,36071,Orange County,upstate,Previous-quarter persistence,38044.0,35216.0,2828.0,2828.0
8087,2021,Q3,36075,Oswego County,upstate,Previous-quarter persistence,6831.0,6105.0,726.0,726.0
8087,2021,Q3,36077,Otsego County,upstate,Previous-quarter persistence,8610.0,8895.0,-285.0,285.0
8087,2021,Q3,36079,Putnam County,upstate,Previous-quarter persistence,5401.0,5177.0,224.0,224.0
8087,2021,Q3,36081,Queens County,nyc,Previous-quarter persistence,177209.0,164504.0,12705.0,12705.0
8087,2021,Q3,36083,Rensselaer County,upstate,Previous-quarter persistence,12452.0,10537.0,1915.0,1915.0
8087,2021,Q3,36085,Richmond County,nyc,Previous-quarter persistence,21242.0,19381.0,1861.0,1861.0
8087,2021,Q3,36087,Rockland County,downstate_non_nyc,Previous-quarter persistence,21873.0,19934.0,1939.0,1939.0
8087,2021,Q3,36089,St. Lawrence County,upstate,Previous-quarter persistence,16826.0,14645.0,2181.0,2181.0
8087,2021,Q3,36091,Saratoga County,upstate,Previous-quarter persistence,9843.0,9090.0,753.0,753.0
8087,2021,Q3,36093,Schenectady County,upstate,Previous-quarter persistence,12223.0,12166.0,57.0,57.0
8087,2021,Q3,36101,Steuben County,upstate,Previous-quarter persistence,11389.0,10107.0,1282.0,1282.0
8087,2021,Q3,36103,Suffolk County,downstate_non_nyc,Previous-quarter persistence,116463.0,103123.0,13340.0,13340.0
8087,2021,Q3,36105,Sullivan County,upstate,Previous-quarter persistence,7925.0,6546.0,1379.0,1379.0
8087,2021,Q3,36109,Tompkins County,upstate,Previous-quarter persistence,8519.0,7481.0,1038.0,1038.0
8087,2021,Q3,36111,Ulster County,upstate,Previous-quarter persistence,10929.0,10643.0,286.0,286.0
8087,2021,Q3,36113,Warren County,upstate,Previous-quarter persistence,11119.0,10476.0,643.0,643.0
8087,2021,Q3,36117,Wayne County,upstate,Previous-quarter persistence,6012.0,5389.0,623.0,623.0
8087,2021,Q3,36119,Westchester County,downstate_non_nyc,Previous-quarter persistence,87645.0,79255.0,8390.0,8390.0
8087,2021,Q3,36121,Wyoming County,upstate,Previous-quarter persistence,3681.0,3284.0,397.0,397.0
8087,2021,Q3,36123,Yates County,upstate,Previous-quarter persistence,2088.0,1729.0,359.0,359.0
8087,2021,Q3,36001,Albany County,upstate,Seasonal persistence,41275.0,29054.0,12221.0,12221.0
8087,2021,Q3,36003,Allegany County,upstate,Seasonal persistence,2933.0,2454.0,479.0,479.0
8087,2021,Q3,36005,Bronx County,nyc,Seasonal persistence,176052.0,142216.0,33836.0,33836.0
8087,2021,Q3,36007,Broome County,upstate,Seasonal persistence,23618.0,20638.0,2980.0,2980.0
8087,2021,Q3,36009,Cattaraugus County,upstate,Seasonal persistence,7087.0,6568.0,519.0,519.0
8087,2021,Q3,36011,Cayuga County,upstate,Seasonal persistence,6668.0,5639.0,1029.0,1029.0
8087,2021,Q3,36013,Chautauqua County,upstate,Seasonal persistence,14440.0,12929.0,1511.0,1511.0
8087,2021,Q3,36015,Chemung County,upstate,Seasonal persistence,8810.0,7849.0,961.0,961.0
8087,2021,Q3,36017,Chenango County,upstate,Seasonal persistence,4090.0,3337.0,753.0,753.0
8087,2021,Q3,36019,Clinton County,upstate,Seasonal persistence,9248.0,8350.0,898.0,898.0
8087,2021,Q3,36021,Columbia County,upstate,Seasonal persistence,5989.0,5492.0,497.0,497.0
8087,2021,Q3,36023,Cortland County,upstate,Seasonal persistence,6468.0,5540.0,928.0,928.0
8087,2021,Q3,36025,Delaware County,upstate,Seasonal persistence,4918.0,2535.0,2383.0,2383.0
8087,2021,Q3,36027,Dutchess County,upstate,Seasonal persistence,28395.0,25167.0,3228.0,3228.0
8087,2021,Q3,36029,Erie County,upstate,Seasonal persistence,89218.0,83550.0,5668.0,5668.0
8087,2021,Q3,36031,Essex County,upstate,Seasonal persistence,2776.0,2341.0,435.0,435.0
8087,2021,Q3,36033,Franklin County,upstate,Seasonal persistence,6794.0,5654.0,1140.0,1140.0
8087,2021,Q3,36035,Fulton County,upstate,Seasonal persistence,4979.0,4284.0,695.0,695.0
8087,2021,Q3,36037,Genesee County,upstate,Seasonal persistence,6135.0,4421.0,1714.0,1714.0
8087,2021,Q3,36045,Jefferson County,upstate,Seasonal persistence,12250.0,11579.0,671.0,671.0
8087,2021,Q3,36047,Kings County,nyc,Seasonal persistence,175218.0,169229.0,5989.0,5989.0
8087,2021,Q3,36049,Lewis County,upstate,Seasonal persistence,2911.0,2543.0,368.0,368.0
8087,2021,Q3,36051,Livingston County,upstate,Seasonal persistence,3769.0,3247.0,522.0,522.0
8087,2021,Q3,36053,Madison County,upstate,Seasonal persistence,8420.0,7067.0,1353.0,1353.0
8087,2021,Q3,36055,Monroe County,upstate,Seasonal persistence,76113.0,71890.0,4223.0,4223.0
8087,2021,Q3,36057,Montgomery County,upstate,Seasonal persistence,11122.0,5086.0,6036.0,6036.0
8087,2021,Q3,36059,Nassau County,downstate_non_nyc,Seasonal persistence,111843.0,88726.0,23117.0,23117.0
8087,2021,Q3,36061,New York County,nyc,Seasonal persistence,250167.0,198976.0,51191.0,51191.0
8087,2021,Q3,36063,Niagara County,upstate,Seasonal persistence,13817.0,13771.0,46.0,46.0
8087,2021,Q3,36065,Oneida County,upstate,Seasonal persistence,26472.0,22261.0,4211.0,4211.0
8087,2021,Q3,36067,Onondaga County,upstate,Seasonal persistence,54541.0,50256.0,4285.0,4285.0
8087,2021,Q3,36069,Ontario County,upstate,Seasonal persistence,16159.0,13306.0,2853.0,2853.0
8087,2021,Q3,36071,Orange County,upstate,Seasonal persistence,38044.0,32075.0,5969.0,5969.0
8087,2021,Q3,36075,Oswego County,upstate,Seasonal persistence,6831.0,5917.0,914.0,914.0
8087,2021,Q3,36077,Otsego County,upstate,Seasonal persistence,8610.0,9376.0,-766.0,766.0
8087,2021,Q3,36079,Putnam County,upstate,Seasonal persistence,5401.0,4930.0,471.0,471.0
8087,2021,Q3,36081,Queens County,nyc,Seasonal persistence,177209.0,137167.0,40042.0,40042.0
8087,2021,Q3,36083,Rensselaer County,upstate,Seasonal persistence,12452.0,10208.0,2244.0,2244.0
8087,2021,Q3,36085,Richmond County,nyc,Seasonal persistence,21242.0,28892.0,-7650.0,7650.0
8087,2021,Q3,36087,Rockland County,downstate_non_nyc,Seasonal persistence,21873.0,17503.0,4370.0,4370.0
8087,2021,Q3,36089,St. Lawrence County,upstate,Seasonal persistence,16826.0,14170.0,2656.0,2656.0
8087,2021,Q3,36091,Saratoga County,upstate,Seasonal persistence,9843.0,8465.0,1378.0,1378.0
8087,2021,Q3,36093,Schenectady County,upstate,Seasonal persistence,12223.0,10687.0,1536.0,1536.0
8087,2021,Q3,36101,Steuben County,upstate,Seasonal persistence,11389.0,8929.0,2460.0,2460.0
8087,2021,Q3,36103,Suffolk County,downstate_non_nyc,Seasonal persistence,116463.0,115162.0,1301.0,1301.0
8087,2021,Q3,36105,Sullivan County,upstate,Seasonal persistence,7925.0,7491.0,434.0,434.0
8087,2021,Q3,36109,Tompkins County,upstate,Seasonal persistence,8519.0,6182.0,2337.0,2337.0
8087,2021,Q3,36111,Ulster County,upstate,Seasonal persistence,10929.0,10129.0,800.0,800.0
8087,2021,Q3,36113,Warren County,upstate,Seasonal persistence,11119.0,10937.0,182.0,182.0
8087,2021,Q3,36117,Wayne County,upstate,Seasonal persistence,6012.0,5307.0,705.0,705.0
8087,2021,Q3,36119,Westchester County,downstate_non_nyc,Seasonal persistence,87645.0,69939.0,17706.0,17706.0
8087,2021,Q3,36121,Wyoming County,upstate,Seasonal persistence,3681.0,3035.0,646.0,646.0
8087,2021,Q3,36123,Yates County,upstate,Seasonal persistence,2088.0,1724.0,364.0,364.0
8087,2021,Q3,36001,Albany County,upstate,Ridge — level,41275.0,34660.56773862987,6614.43226137013,6614.43226137013
8087,2021,Q3,36003,Allegany County,upstate,Ridge — level,2933.0,8232.919230917862,-5299.919230917862,5299.919230917862
8087,2021,Q3,36005,Bronx County,nyc,Ridge — level,176052.0,152022.00206280942,24029.99793719058,24029.99793719058
8087,2021,Q3,36007,Broome County,upstate,Ridge — level,23618.0,23602.012454509524,15.987545490475895,15.987545490475895
8087,2021,Q3,36009,Cattaraugus County,upstate,Ridge — level,7087.0,8475.812548165617,-1388.812548165617,1388.812548165617
8087,2021,Q3,36011,Cayuga County,upstate,Ridge — level,6668.0,9142.272131537364,-2474.2721315373637,2474.2721315373637
8087,2021,Q3,36013,Chautauqua County,upstate,Ridge — level,14440.0,16812.611199080697,-2372.6111990806967,2372.6111990806967
8087,2021,Q3,36015,Chemung County,upstate,Ridge — level,8810.0,13141.282316773755,-4331.282316773755,4331.282316773755
8087,2021,Q3,36017,Chenango County,upstate,Ridge — level,4090.0,8242.736226896319,-4152.736226896319,4152.736226896319
8087,2021,Q3,36019,Clinton County,upstate,Ridge — level,9248.0,6314.147562786682,2933.852437213318,2933.852437213318
8087,2021,Q3,36021,Columbia County,upstate,Ridge — level,5989.0,7839.249780413695,-1850.2497804136947,1850.2497804136947
8087,2021,Q3,36023,Cortland County,upstate,Ridge — level,6468.0,7477.713639243379,-1009.7136392433786,1009.7136392433786
8087,2021,Q3,36025,Delaware County,upstate,Ridge — level,4918.0,8065.195604092685,-3147.1956040926852,3147.1956040926852
8087,2021,Q3,36027,Dutchess County,upstate,Ridge — level,28395.0,30630.07597959068,-2235.0759795906815,2235.0759795906815
8087,2021,Q3,36029,Erie County,upstate,Ridge — level,89218.0,84471.24589708554,4746.754102914463,4746.754102914463
8087,2021,Q3,36031,Essex County,upstate,Ridge — level,2776.0,245.77147907813196,2530.228520921868,2530.228520921868
8087,2021,Q3,36033,Franklin County,upstate,Ridge — level,6794.0,6955.377689251927,-161.37768925192722,161.37768925192722
8087,2021,Q3,36035,Fulton County,upstate,Ridge — level,4979.0,7812.3971491196935,-2833.3971491196935,2833.3971491196935
8087,2021,Q3,36037,Genesee County,upstate,Ridge — level,6135.0,10846.0955437503,-4711.0955437503,4711.0955437503
8087,2021,Q3,36045,Jefferson County,upstate,Ridge — level,12250.0,15054.826439482578,-2804.8264394825783,2804.8264394825783
8087,2021,Q3,36047,Kings County,nyc,Ridge — level,175218.0,162009.2009880226,13208.79901197739,13208.79901197739
8087,2021,Q3,36049,Lewis County,upstate,Ridge — level,2911.0,2318.4270613461194,592.5729386538806,592.5729386538806
8087,2021,Q3,36051,Livingston County,upstate,Ridge — level,3769.0,8966.045264114931,-5197.045264114931,5197.045264114931
8087,2021,Q3,36053,Madison County,upstate,Ridge — level,8420.0,11803.62549822477,-3383.62549822477,3383.62549822477
8087,2021,Q3,36055,Monroe County,upstate,Ridge — level,76113.0,72872.08252592145,3240.917474078553,3240.917474078553
8087,2021,Q3,36057,Montgomery County,upstate,Ridge — level,11122.0,12769.242446993987,-1647.242446993987,1647.242446993987
8087,2021,Q3,36059,Nassau County,downstate_non_nyc,Ridge — level,111843.0,91786.28952558273,20056.71047441727,20056.71047441727
8087,2021,Q3,36061,New York County,nyc,Ridge — level,250167.0,216159.05941272946,34007.94058727054,34007.94058727054
8087,2021,Q3,36063,Niagara County,upstate,Ridge — level,13817.0,19828.870940019195,-6011.870940019195,6011.870940019195
8087,2021,Q3,36065,Oneida County,upstate,Ridge — level,26472.0,26184.02678678595,287.9732132140489,287.9732132140489
8087,2021,Q3,36067,Onondaga County,upstate,Ridge — level,54541.0,49324.79142630959,5216.208573690412,5216.208573690412
8087,2021,Q3,36069,Ontario County,upstate,Ridge — level,16159.0,15813.121538668227,345.878461331773,345.878461331773
8087,2021,Q3,36071,Orange County,upstate,Ridge — level,38044.0,36930.92189827231,1113.0781017276895,1113.0781017276895
8087,2021,Q3,36075,Oswego County,upstate,Ridge — level,6831.0,9301.393815394607,-2470.3938153946074,2470.3938153946074
8087,2021,Q3,36077,Otsego County,upstate,Ridge — level,8610.0,12651.48053746351,-4041.4805374635107,4041.4805374635107
8087,2021,Q3,36079,Putnam County,upstate,Ridge — level,5401.0,5800.784951211288,-399.784951211288,399.784951211288
8087,2021,Q3,36081,Queens County,nyc,Ridge — level,177209.0,152732.3252137726,24476.674786227406,24476.674786227406
8087,2021,Q3,36083,Rensselaer County,upstate,Ridge — level,12452.0,10771.963097131102,1680.0369028688983,1680.0369028688983
8087,2021,Q3,36085,Richmond County,nyc,Ridge — level,21242.0,25392.99941228434,-4150.999412284342,4150.999412284342
8087,2021,Q3,36087,Rockland County,downstate_non_nyc,Ridge — level,21873.0,17953.760854822496,3919.239145177504,3919.239145177504
8087,2021,Q3,36089,St. Lawrence County,upstate,Ridge — level,16826.0,19021.37348522091,-2195.373485220909,2195.373485220909
8087,2021,Q3,36091,Saratoga County,upstate,Ridge — level,9843.0,8903.841422548085,939.1585774519153,939.1585774519153
8087,2021,Q3,36093,Schenectady County,upstate,Ridge — level,12223.0,17314.676007674538,-5091.676007674538,5091.676007674538
8087,2021,Q3,36101,Steuben County,upstate,Ridge — level,11389.0,15715.111342605147,-4326.111342605147,4326.111342605147
8087,2021,Q3,36103,Suffolk County,downstate_non_nyc,Ridge — level,116463.0,96733.36851879438,19729.631481205623,19729.631481205623
8087,2021,Q3,36105,Sullivan County,upstate,Ridge — level,7925.0,10352.886326189371,-2427.886326189371,2427.886326189371
8087,2021,Q3,36109,Tompkins County,upstate,Ridge — level,8519.0,12262.738587498563,-3743.738587498563,3743.738587498563
8087,2021,Q3,36111,Ulster County,upstate,Ridge — level,10929.0,13446.277671764172,-2517.277671764172,2517.277671764172
8087,2021,Q3,36113,Warren County,upstate,Ridge — level,11119.0,13950.445824918941,-2831.445824918941,2831.445824918941
8087,2021,Q3,36117,Wayne County,upstate,Ridge — level,6012.0,7523.140682762187,-1511.1406827621868,1511.1406827621868
8087,2021,Q3,36119,Westchester County,downstate_non_nyc,Ridge — level,87645.0,79171.08455228321,8473.91544771679,8473.91544771679
8087,2021,Q3,36121,Wyoming County,upstate,Ridge — level,3681.0,6145.358265741223,-2464.3582657412226,2464.3582657412226
8087,2021,Q3,36123,Yates County,upstate,Ridge — level,2088.0,5329.059605625713,-3241.0596056257127,3241.0596056257127
8087,2021,Q3,36001,Albany County,upstate,Ridge — change from seasonal persistence,41275.0,31050.681705404117,10224.318294595883,10224.318294595883
8087,2021,Q3,36003,Allegany County,upstate,Ridge — change from seasonal persistence,2933.0,3545.5479958899346,-612.5479958899346,612.5479958899346
8087,2021,Q3,36005,Bronx County,nyc,Ridge — change from seasonal persistence,176052.0,146729.67272884623,29322.327271153772,29322.327271153772
8087,2021,Q3,36007,Broome County,upstate,Ridge — change from seasonal persistence,23618.0,18562.130439932618,5055.869560067382,5055.869560067382
8087,2021,Q3,36009,Cattaraugus County,upstate,Ridge — change from seasonal persistence,7087.0,5279.1735493491315,1807.8264506508685,1807.8264506508685
8087,2021,Q3,36011,Cayuga County,upstate,Ridge — change from seasonal persistence,6668.0,5037.972014891604,1630.027985108396,1630.027985108396
8087,2021,Q3,36013,Chautauqua County,upstate,Ridge — change from seasonal persistence,14440.0,12344.819750899751,2095.180249100249,2095.180249100249
8087,2021,Q3,36015,Chemung County,upstate,Ridge — change from seasonal persistence,8810.0,9007.206691578282,-197.2066915782816,197.2066915782816
8087,2021,Q3,36017,Chenango County,upstate,Ridge — change from seasonal persistence,4090.0,2065.043511664613,2024.956488335387,2024.956488335387
8087,2021,Q3,36019,Clinton County,upstate,Ridge — change from seasonal persistence,9248.0,6451.878694964664,2796.1213050353363,2796.1213050353363
8087,2021,Q3,36021,Columbia County,upstate,Ridge — change from seasonal persistence,5989.0,5004.734230811413,984.265769188587,984.265769188587
8087,2021,Q3,36023,Cortland County,upstate,Ridge — change from seasonal persistence,6468.0,3949.443937171034,2518.556062828966,2518.556062828966
8087,2021,Q3,36025,Delaware County,upstate,Ridge — change from seasonal persistence,4918.0,2829.4685439393684,2088.5314560606316,2088.5314560606316
8087,2021,Q3,36027,Dutchess County,upstate,Ridge — change from seasonal persistence,28395.0,23818.62823096739,4576.371769032608,4576.371769032608
8087,2021,Q3,36029,Erie County,upstate,Ridge — change from seasonal persistence,89218.0,78690.40385278582,10527.596147214179,10527.596147214179
8087,2021,Q3,36031,Essex County,upstate,Ridge — change from seasonal persistence,2776.0,1262.9807120450146,1513.0192879549854,1513.0192879549854
8087,2021,Q3,36033,Franklin County,upstate,Ridge — change from seasonal persistence,6794.0,3636.3001064746422,3157.6998935253578,3157.6998935253578
8087,2021,Q3,36035,Fulton County,upstate,Ridge — change from seasonal persistence,4979.0,362.4651804824948,4616.534819517505,4616.534819517505
8087,2021,Q3,36037,Genesee County,upstate,Ridge — change from seasonal persistence,6135.0,5721.018630616376,413.98136938362404,413.98136938362404
8087,2021,Q3,36045,Jefferson County,upstate,Ridge — change from seasonal persistence,12250.0,10542.111662467569,1707.8883375324313,1707.8883375324313
8087,2021,Q3,36047,Kings County,nyc,Ridge — change from seasonal persistence,175218.0,161623.2977718662,13594.7022281338,13594.7022281338
8087,2021,Q3,36049,Lewis County,upstate,Ridge — change from seasonal persistence,2911.0,903.8164207071225,2007.1835792928775,2007.1835792928775
8087,2021,Q3,36051,Livingston County,upstate,Ridge — change from seasonal persistence,3769.0,4770.651266809591,-1001.6512668095911,1001.6512668095911
8087,2021,Q3,36053,Madison County,upstate,Ridge — change from seasonal persistence,8420.0,5740.039923420617,2679.960076579383,2679.960076579383
8087,2021,Q3,36055,Monroe County,upstate,Ridge — change from seasonal persistence,76113.0,69868.70956295035,6244.290437049654,6244.290437049654
8087,2021,Q3,36057,Montgomery County,upstate,Ridge — change from seasonal persistence,11122.0,6145.436105818311,4976.563894181689,4976.563894181689
8087,2021,Q3,36059,Nassau County,downstate_non_nyc,Ridge — change from seasonal persistence,111843.0,94415.36844867066,17427.631551329338,17427.631551329338
8087,2021,Q3,36061,New York County,nyc,Ridge — change from seasonal persistence,250167.0,211072.89998873562,39094.10001126438,39094.10001126438
8087,2021,Q3,36063,Niagara County,upstate,Ridge — change from seasonal persistence,13817.0,14610.352452560686,-793.3524525606863,793.3524525606863
8087,2021,Q3,36065,Oneida County,upstate,Ridge — change from seasonal persistence,26472.0,19867.569097676722,6604.430902323278,6604.430902323278
8087,2021,Q3,36067,Onondaga County,upstate,Ridge — change from seasonal persistence,54541.0,46692.18936629484,7848.810633705158,7848.810633705158
8087,2021,Q3,36069,Ontario County,upstate,Ridge — change from seasonal persistence,16159.0,14015.64565368791,2143.3543463120895,2143.3543463120895
8087,2021,Q3,36071,Orange County,upstate,Ridge — change from seasonal persistence,38044.0,30855.962670715115,7188.037329284885,7188.037329284885
8087,2021,Q3,36075,Oswego County,upstate,Ridge — change from seasonal persistence,6831.0,5591.607612408119,1239.3923875918808,1239.3923875918808
8087,2021,Q3,36077,Otsego County,upstate,Ridge — change from seasonal persistence,8610.0,5890.590204142434,2719.4097958575658,2719.4097958575658
8087,2021,Q3,36079,Putnam County,upstate,Ridge — change from seasonal persistence,5401.0,4321.502641218103,1079.4973587818968,1079.4973587818968
8087,2021,Q3,36081,Queens County,nyc,Ridge — change from seasonal persistence,177209.0,150695.35544789527,26513.644552104728,26513.644552104728
8087,2021,Q3,36083,Rensselaer County,upstate,Ridge — change from seasonal persistence,12452.0,8729.826693463745,3722.173306536255,3722.173306536255
8087,2021,Q3,36085,Richmond County,nyc,Ridge — change from seasonal persistence,21242.0,24937.19527132275,-3695.195271322751,3695.195271322751
8087,2021,Q3,36087,Rockland County,downstate_non_nyc,Ridge — change from seasonal persistence,21873.0,16327.997841134404,5545.002158865596,5545.002158865596
8087,2021,Q3,36089,St. Lawrence County,upstate,Ridge — change from seasonal persistence,16826.0,13364.029838455172,3461.9701615448284,3461.9701615448284
8087,2021,Q3,36091,Saratoga County,upstate,Ridge — change from seasonal persistence,9843.0,5420.0252483192835,4422.9747516807165,4422.9747516807165
8087,2021,Q3,36093,Schenectady County,upstate,Ridge — change from seasonal persistence,12223.0,9406.275908791557,2816.7240912084435,2816.7240912084435
8087,2021,Q3,36101,Steuben County,upstate,Ridge — change from seasonal persistence,11389.0,11032.429900314904,356.57009968509556,356.57009968509556
8087,2021,Q3,36103,Suffolk County,downstate_non_nyc,Ridge — change from seasonal persistence,116463.0,100551.13264523202,15911.86735476798,15911.86735476798
8087,2021,Q3,36105,Sullivan County,upstate,Ridge — change from seasonal persistence,7925.0,4552.189426149019,3372.810573850981,3372.810573850981
8087,2021,Q3,36109,Tompkins County,upstate,Ridge — change from seasonal persistence,8519.0,6250.767558724433,2268.232441275567,2268.232441275567
8087,2021,Q3,36111,Ulster County,upstate,Ridge — change from seasonal persistence,10929.0,7914.427832659546,3014.572167340454,3014.572167340454
8087,2021,Q3,36113,Warren County,upstate,Ridge — change from seasonal persistence,11119.0,6996.555003565342,4122.444996434658,4122.444996434658
8087,2021,Q3,36117,Wayne County,upstate,Ridge — change from seasonal persistence,6012.0,4943.968747727582,1068.031252272418,1068.031252272418
8087,2021,Q3,36119,Westchester County,downstate_non_nyc,Ridge — change from seasonal persistence,87645.0,76245.75006699614,11399.249933003855,11399.249933003855
8087,2021,Q3,36121,Wyoming County,upstate,Ridge — change from seasonal persistence,3681.0,2591.9907893895515,1089.0092106104485,1089.0092106104485
8087,2021,Q3,36123,Yates County,upstate,Ridge — change from seasonal persistence,2088.0,2599.114735409096,-511.11473540909583,511.11473540909583
8087,2021,Q3,36001,Albany County,upstate,Random Forest — level,41275.0,32627.683882173373,8647.316117826627,8647.316117826627
8087,2021,Q3,36003,Allegany County,upstate,Random Forest — level,2933.0,2460.5795388037886,472.42046119621136,472.42046119621136
8087,2021,Q3,36005,Bronx County,nyc,Random Forest — level,176052.0,157197.07454721208,18854.925452787924,18854.925452787924
8087,2021,Q3,36007,Broome County,upstate,Random Forest — level,23618.0,18628.926855467518,4989.073144532482,4989.073144532482
8087,2021,Q3,36009,Cattaraugus County,upstate,Random Forest — level,7087.0,6241.826798068645,845.1732019313549,845.1732019313549
8087,2021,Q3,36011,Cayuga County,upstate,Random Forest — level,6668.0,5629.997941262441,1038.0020587375593,1038.0020587375593
8087,2021,Q3,36013,Chautauqua County,upstate,Random Forest — level,14440.0,11899.33162022237,2540.6683797776295,2540.6683797776295
8087,2021,Q3,36015,Chemung County,upstate,Random Forest — level,8810.0,8089.420682034734,720.5793179652655,720.5793179652655
8087,2021,Q3,36017,Chenango County,upstate,Random Forest — level,4090.0,4434.847156482408,-344.8471564824076,344.8471564824076
8087,2021,Q3,36019,Clinton County,upstate,Random Forest — level,9248.0,8091.911593950439,1156.088406049561,1156.088406049561
8087,2021,Q3,36021,Columbia County,upstate,Random Forest — level,5989.0,4982.161435612861,1006.8385643871388,1006.8385643871388
8087,2021,Q3,36023,Cortland County,upstate,Random Forest — level,6468.0,5351.657247560173,1116.3427524398267,1116.3427524398267
8087,2021,Q3,36025,Delaware County,upstate,Random Forest — level,4918.0,3814.9165738504425,1103.0834261495575,1103.0834261495575
8087,2021,Q3,36027,Dutchess County,upstate,Random Forest — level,28395.0,24885.0883085618,3509.9116914381993,3509.9116914381993
8087,2021,Q3,36029,Erie County,upstate,Random Forest — level,89218.0,77566.37554501712,11651.624454982884,11651.624454982884
8087,2021,Q3,36031,Essex County,upstate,Random Forest — level,2776.0,1927.426467985718,848.5735320142819,848.5735320142819
8087,2021,Q3,36033,Franklin County,upstate,Random Forest — level,6794.0,4840.626190808103,1953.3738091918967,1953.3738091918967
8087,2021,Q3,36035,Fulton County,upstate,Random Forest — level,4979.0,4266.309696974595,712.6903030254052,712.6903030254052
8087,2021,Q3,36037,Genesee County,upstate,Random Forest — level,6135.0,4901.335613024232,1233.6643869757681,1233.6643869757681
8087,2021,Q3,36045,Jefferson County,upstate,Random Forest — level,12250.0,11985.900093855224,264.09990614477647,264.09990614477647
8087,2021,Q3,36047,Kings County,nyc,Random Forest — level,175218.0,163127.6858545206,12090.31414547941,12090.31414547941
8087,2021,Q3,36049,Lewis County,upstate,Random Forest — level,2911.0,2220.422455128204,690.5775448717959,690.5775448717959
8087,2021,Q3,36051,Livingston County,upstate,Random Forest — level,3769.0,3255.506475177598,513.4935248224019,513.4935248224019
8087,2021,Q3,36053,Madison County,upstate,Random Forest — level,8420.0,7203.273246161247,1216.7267538387532,1216.7267538387532
8087,2021,Q3,36055,Monroe County,upstate,Random Forest — level,76113.0,73107.27379136228,3005.726208637716,3005.726208637716
8087,2021,Q3,36057,Montgomery County,upstate,Random Forest — level,11122.0,8479.050203212633,2642.9497967873667,2642.9497967873667
8087,2021,Q3,36059,Nassau County,downstate_non_nyc,Random Forest — level,111843.0,92987.3082760064,18855.6917239936,18855.6917239936
8087,2021,Q3,36061,New York County,nyc,Random Forest — level,250167.0,211577.4802660526,38589.51973394741,38589.51973394741
8087,2021,Q3,36063,Niagara County,upstate,Random Forest — level,13817.0,12015.501620028117,1801.498379971883,1801.498379971883
8087,2021,Q3,36065,Oneida County,upstate,Random Forest — level,26472.0,21516.575105486023,4955.424894513977,4955.424894513977
8087,2021,Q3,36067,Onondaga County,upstate,Random Forest — level,54541.0,49984.02483738237,4556.975162617629,4556.975162617629
8087,2021,Q3,36069,Ontario County,upstate,Random Forest — level,16159.0,12553.9565826812,3605.0434173188005,3605.0434173188005
8087,2021,Q3,36071,Orange County,upstate,Random Forest — level,38044.0,32076.099247243485,5967.900752756515,5967.900752756515
8087,2021,Q3,36075,Oswego County,upstate,Random Forest — level,6831.0,5730.935353822108,1100.0646461778924,1100.0646461778924
8087,2021,Q3,36077,Otsego County,upstate,Random Forest — level,8610.0,8529.493560103832,80.50643989616765,80.50643989616765
8087,2021,Q3,36079,Putnam County,upstate,Random Forest — level,5401.0,4942.549745025672,458.45025497432835,458.45025497432835
8087,2021,Q3,36081,Queens County,nyc,Random Forest — level,177209.0,161302.24311510244,15906.756884897564,15906.756884897564
8087,2021,Q3,36083,Rensselaer County,upstate,Random Forest — level,12452.0,10412.733011386763,2039.2669886132371,2039.2669886132371
8087,2021,Q3,36085,Richmond County,nyc,Random Forest — level,21242.0,24306.081008278754,-3064.081008278754,3064.081008278754
8087,2021,Q3,36087,Rockland County,downstate_non_nyc,Random Forest — level,21873.0,19010.772268989185,2862.2277310108148,2862.2277310108148
8087,2021,Q3,36089,St. Lawrence County,upstate,Random Forest — level,16826.0,13624.558512523965,3201.441487476035,3201.441487476035
8087,2021,Q3,36091,Saratoga County,upstate,Random Forest — level,9843.0,8607.11364828499,1235.8863517150094,1235.8863517150094
8087,2021,Q3,36093,Schenectady County,upstate,Random Forest — level,12223.0,11547.61996149684,675.3800385031609,675.3800385031609
8087,2021,Q3,36101,Steuben County,upstate,Random Forest — level,11389.0,9709.99749650349,1679.0025034965092,1679.0025034965092
8087,2021,Q3,36103,Suffolk County,downstate_non_nyc,Random Forest — level,116463.0,101378.47497980263,15084.525020197369,15084.525020197369
8087,2021,Q3,36105,Sullivan County,upstate,Random Forest — level,7925.0,6210.302299704923,1714.697700295077,1714.697700295077
8087,2021,Q3,36109,Tompkins County,upstate,Random Forest — level,8519.0,7169.557742599994,1349.4422574000064,1349.4422574000064
8087,2021,Q3,36111,Ulster County,upstate,Random Forest — level,10929.0,10451.128801735304,477.87119826469643,477.87119826469643
8087,2021,Q3,36113,Warren County,upstate,Random Forest — level,11119.0,10033.276532828279,1085.7234671717215,1085.7234671717215
8087,2021,Q3,36117,Wayne County,upstate,Random Forest — level,6012.0,5071.875182844933,940.1248171550669,940.1248171550669
8087,2021,Q3,36119,Westchester County,downstate_non_nyc,Random Forest — level,87645.0,78136.94177406015,9508.05822593985,9508.05822593985
8087,2021,Q3,36121,Wyoming County,upstate,Random Forest — level,3681.0,2934.512810079053,746.487189920947,746.487189920947
8087,2021,Q3,36123,Yates County,upstate,Random Forest — level,2088.0,1616.6648086543098,471.3351913456902,471.3351913456902
8087,2021,Q3,36001,Albany County,upstate,Random Forest — change from seasonal persistence,41275.0,28391.253504916378,12883.746495083622,12883.746495083622
8087,2021,Q3,36003,Allegany County,upstate,Random Forest — change from seasonal persistence,2933.0,1841.4651025407059,1091.5348974592941,1091.5348974592941
8087,2021,Q3,36005,Bronx County,nyc,Random Forest — change from seasonal persistence,176052.0,173954.33626674252,2097.6637332574755,2097.6637332574755
8087,2021,Q3,36007,Broome County,upstate,Random Forest — change from seasonal persistence,23618.0,17764.080253355576,5853.919746644424,5853.919746644424
8087,2021,Q3,36009,Cattaraugus County,upstate,Random Forest — change from seasonal persistence,7087.0,5413.246545093794,1673.7534549062057,1673.7534549062057
8087,2021,Q3,36011,Cayuga County,upstate,Random Forest — change from seasonal persistence,6668.0,4911.789719669219,1756.2102803307807,1756.2102803307807
8087,2021,Q3,36013,Chautauqua County,upstate,Random Forest — change from seasonal persistence,14440.0,9973.853843265939,4466.146156734061,4466.146156734061
8087,2021,Q3,36015,Chemung County,upstate,Random Forest — change from seasonal persistence,8810.0,6769.203430976431,2040.7965690235687,2040.7965690235687
8087,2021,Q3,36017,Chenango County,upstate,Random Forest — change from seasonal persistence,4090.0,2814.3947055629556,1275.6052944370444,1275.6052944370444
8087,2021,Q3,36019,Clinton County,upstate,Random Forest — change from seasonal persistence,9248.0,7058.1652545904535,2189.8347454095465,2189.8347454095465
8087,2021,Q3,36021,Columbia County,upstate,Random Forest — change from seasonal persistence,5989.0,4220.393039597114,1768.6069604028862,1768.6069604028862
8087,2021,Q3,36023,Cortland County,upstate,Random Forest — change from seasonal persistence,6468.0,4655.9727581215075,1812.0272418784925,1812.0272418784925
8087,2021,Q3,36025,Delaware County,upstate,Random Forest — change from seasonal persistence,4918.0,1451.1794245133951,3466.820575486605,3466.820575486605
8087,2021,Q3,36027,Dutchess County,upstate,Random Forest — change from seasonal persistence,28395.0,22126.414093175343,6268.585906824657,6268.585906824657
8087,2021,Q3,36029,Erie County,upstate,Random Forest — change from seasonal persistence,89218.0,76250.1061516724,12967.8938483276,12967.8938483276
8087,2021,Q3,36031,Essex County,upstate,Random Forest — change from seasonal persistence,2776.0,1430.3215588948087,1345.6784411051913,1345.6784411051913
8087,2021,Q3,36033,Franklin County,upstate,Random Forest — change from seasonal persistence,6794.0,4545.9304680689675,2248.0695319310325,2248.0695319310325
8087,2021,Q3,36035,Fulton County,upstate,Random Forest — change from seasonal persistence,4979.0,2953.9110836875543,2025.0889163124457,2025.0889163124457
8087,2021,Q3,36037,Genesee County,upstate,Random Forest — change from seasonal persistence,6135.0,3921.150289127539,2213.849710872461,2213.849710872461
8087,2021,Q3,36045,Jefferson County,upstate,Random Forest — change from seasonal persistence,12250.0,9998.839213631642,2251.1607863683585,2251.1607863683585
8087,2021,Q3,36047,Kings County,nyc,Random Forest — change from seasonal persistence,175218.0,204052.62864786142,-28834.62864786142,28834.62864786142
8087,2021,Q3,36049,Lewis County,upstate,Random Forest — change from seasonal persistence,2911.0,2276.7639578890607,634.2360421109393,634.2360421109393
8087,2021,Q3,36051,Livingston County,upstate,Random Forest — change from seasonal persistence,3769.0,3141.319874949125,627.6801250508752,627.6801250508752
8087,2021,Q3,36053,Madison County,upstate,Random Forest — change from seasonal persistence,8420.0,5995.435485431235,2424.564514568765,2424.564514568765
8087,2021,Q3,36055,Monroe County,upstate,Random Forest — change from seasonal persistence,76113.0,70371.57878400304,5741.421215996961,5741.421215996961
8087,2021,Q3,36057,Montgomery County,upstate,Random Forest — change from seasonal persistence,11122.0,4804.961435259185,6317.038564740815,6317.038564740815
8087,2021,Q3,36059,Nassau County,downstate_non_nyc,Random Forest — change from seasonal persistence,111843.0,78237.76550594775,33605.234494052245,33605.234494052245
8087,2021,Q3,36061,New York County,nyc,Random Forest — change from seasonal persistence,250167.0,139479.73826660885,110687.26173339115,110687.26173339115
8087,2021,Q3,36063,Niagara County,upstate,Random Forest — change from seasonal persistence,13817.0,10833.878662123008,2983.1213378769917,2983.1213378769917
8087,2021,Q3,36065,Oneida County,upstate,Random Forest — change from seasonal persistence,26472.0,18613.089491495157,7858.910508504843,7858.910508504843
8087,2021,Q3,36067,Onondaga County,upstate,Random Forest — change from seasonal persistence,54541.0,43899.97440312465,10641.025596875348,10641.025596875348
8087,2021,Q3,36069,Ontario County,upstate,Random Forest — change from seasonal persistence,16159.0,11428.453743708089,4730.546256291911,4730.546256291911
8087,2021,Q3,36071,Orange County,upstate,Random Forest — change from seasonal persistence,38044.0,30504.878823306324,7539.121176693676,7539.121176693676
8087,2021,Q3,36075,Oswego County,upstate,Random Forest — change from seasonal persistence,6831.0,5081.566141617642,1749.4338583823583,1749.4338583823583
8087,2021,Q3,36077,Otsego County,upstate,Random Forest — change from seasonal persistence,8610.0,7998.837688675159,611.1623113248406,611.1623113248406
8087,2021,Q3,36079,Putnam County,upstate,Random Forest — change from seasonal persistence,5401.0,3876.2348573186073,1524.7651426813927,1524.7651426813927
8087,2021,Q3,36081,Queens County,nyc,Random Forest — change from seasonal persistence,177209.0,173902.51549153624,3306.4845084637636,3306.4845084637636
8087,2021,Q3,36083,Rensselaer County,upstate,Random Forest — change from seasonal persistence,12452.0,9310.542000529698,3141.4579994703017,3141.4579994703017
8087,2021,Q3,36085,Richmond County,nyc,Random Forest — change from seasonal persistence,21242.0,23791.733635286007,-2549.7336352860075,2549.7336352860075
8087,2021,Q3,36087,Rockland County,downstate_non_nyc,Random Forest — change from seasonal persistence,21873.0,18582.179510327092,3290.8204896729076,3290.8204896729076
8087,2021,Q3,36089,St. Lawrence County,upstate,Random Forest — change from seasonal persistence,16826.0,11450.740985837418,5375.259014162582,5375.259014162582
8087,2021,Q3,36091,Saratoga County,upstate,Random Forest — change from seasonal persistence,9843.0,7360.59808625416,2482.40191374584,2482.40191374584
8087,2021,Q3,36093,Schenectady County,upstate,Random Forest — change from seasonal persistence,12223.0,11711.595788300165,511.4042116998353,511.4042116998353
8087,2021,Q3,36101,Steuben County,upstate,Random Forest — change from seasonal persistence,11389.0,8261.72464077589,3127.2753592241097,3127.2753592241097
8087,2021,Q3,36103,Suffolk County,downstate_non_nyc,Random Forest — change from seasonal persistence,116463.0,102607.99140086275,13855.008599137247,13855.008599137247
8087,2021,Q3,36105,Sullivan County,upstate,Random Forest — change from seasonal persistence,7925.0,6014.029014763015,1910.9709852369851,1910.9709852369851
8087,2021,Q3,36109,Tompkins County,upstate,Random Forest — change from seasonal persistence,8519.0,5599.281069296444,2919.718930703556,2919.718930703556
8087,2021,Q3,36111,Ulster County,upstate,Random Forest — change from seasonal persistence,10929.0,9179.846421636641,1749.153578363359,1749.153578363359
8087,2021,Q3,36113,Warren County,upstate,Random Forest — change from seasonal persistence,11119.0,9527.336377277952,1591.6636227220479,1591.6636227220479
8087,2021,Q3,36117,Wayne County,upstate,Random Forest — change from seasonal persistence,6012.0,4484.336563940689,1527.6634360593107,1527.6634360593107
8087,2021,Q3,36119,Westchester County,downstate_non_nyc,Random Forest — change from seasonal persistence,87645.0,81297.14457556333,6347.855424436668,6347.855424436668
8087,2021,Q3,36121,Wyoming County,upstate,Random Forest — change from seasonal persistence,3681.0,2497.6471847041853,1183.3528152958147,1183.3528152958147
8087,2021,Q3,36123,Yates County,upstate,Random Forest — change from seasonal persistence,2088.0,1456.5860162566191,631.4139837433809,631.4139837433809
8087,2021,Q3,36001,Albany County,upstate,XGBoost — level,41275.0,33942.56640625,7332.43359375,7332.43359375
8087,2021,Q3,36003,Allegany County,upstate,XGBoost — level,2933.0,2605.947509765625,327.052490234375,327.052490234375
8087,2021,Q3,36005,Bronx County,nyc,XGBoost — level,176052.0,158944.03125,17107.96875,17107.96875
8087,2021,Q3,36007,Broome County,upstate,XGBoost — level,23618.0,19009.12890625,4608.87109375,4608.87109375
8087,2021,Q3,36009,Cattaraugus County,upstate,XGBoost — level,7087.0,6443.8173828125,643.1826171875,643.1826171875
8087,2021,Q3,36011,Cayuga County,upstate,XGBoost — level,6668.0,5498.35205078125,1169.64794921875,1169.64794921875
8087,2021,Q3,36013,Chautauqua County,upstate,XGBoost — level,14440.0,11385.8515625,3054.1484375,3054.1484375
8087,2021,Q3,36015,Chemung County,upstate,XGBoost — level,8810.0,8160.3759765625,649.6240234375,649.6240234375
8087,2021,Q3,36017,Chenango County,upstate,XGBoost — level,4090.0,4573.10693359375,-483.10693359375,483.10693359375
8087,2021,Q3,36019,Clinton County,upstate,XGBoost — level,9248.0,7139.78271484375,2108.21728515625,2108.21728515625
8087,2021,Q3,36021,Columbia County,upstate,XGBoost — level,5989.0,5351.087890625,637.912109375,637.912109375
8087,2021,Q3,36023,Cortland County,upstate,XGBoost — level,6468.0,5094.8779296875,1373.1220703125,1373.1220703125
8087,2021,Q3,36025,Delaware County,upstate,XGBoost — level,4918.0,3973.656982421875,944.343017578125,944.343017578125
8087,2021,Q3,36027,Dutchess County,upstate,XGBoost — level,28395.0,28118.3046875,276.6953125,276.6953125
8087,2021,Q3,36029,Erie County,upstate,XGBoost — level,89218.0,83454.1796875,5763.8203125,5763.8203125
8087,2021,Q3,36031,Essex County,upstate,XGBoost — level,2776.0,1970.9349365234375,805.0650634765625,805.0650634765625
8087,2021,Q3,36033,Franklin County,upstate,XGBoost — level,6794.0,4905.2578125,1888.7421875,1888.7421875
8087,2021,Q3,36035,Fulton County,upstate,XGBoost — level,4979.0,4345.513671875,633.486328125,633.486328125
8087,2021,Q3,36037,Genesee County,upstate,XGBoost — level,6135.0,5245.22021484375,889.77978515625,889.77978515625
8087,2021,Q3,36045,Jefferson County,upstate,XGBoost — level,12250.0,11892.599609375,357.400390625,357.400390625
8087,2021,Q3,36047,Kings County,nyc,XGBoost — level,175218.0,161567.171875,13650.828125,13650.828125
8087,2021,Q3,36049,Lewis County,upstate,XGBoost — level,2911.0,2262.88427734375,648.11572265625,648.11572265625
8087,2021,Q3,36051,Livingston County,upstate,XGBoost — level,3769.0,3830.357177734375,-61.357177734375,61.357177734375
8087,2021,Q3,36053,Madison County,upstate,XGBoost — level,8420.0,7228.27587890625,1191.72412109375,1191.72412109375
8087,2021,Q3,36055,Monroe County,upstate,XGBoost — level,76113.0,73867.2421875,2245.7578125,2245.7578125
8087,2021,Q3,36057,Montgomery County,upstate,XGBoost — level,11122.0,9102.5869140625,2019.4130859375,2019.4130859375
8087,2021,Q3,36059,Nassau County,downstate_non_nyc,XGBoost — level,111843.0,100046.2265625,11796.7734375,11796.7734375
8087,2021,Q3,36061,New York County,nyc,XGBoost — level,250167.0,230657.671875,19509.328125,19509.328125
8087,2021,Q3,36063,Niagara County,upstate,XGBoost — level,13817.0,11507.9482421875,2309.0517578125,2309.0517578125
8087,2021,Q3,36065,Oneida County,upstate,XGBoost — level,26472.0,22050.642578125,4421.357421875,4421.357421875
8087,2021,Q3,36067,Onondaga County,upstate,XGBoost — level,54541.0,49780.375,4760.625,4760.625
8087,2021,Q3,36069,Ontario County,upstate,XGBoost — level,16159.0,13114.337890625,3044.662109375,3044.662109375
8087,2021,Q3,36071,Orange County,upstate,XGBoost — level,38044.0,34940.6015625,3103.3984375,3103.3984375
8087,2021,Q3,36075,Oswego County,upstate,XGBoost — level,6831.0,5852.16064453125,978.83935546875,978.83935546875
8087,2021,Q3,36077,Otsego County,upstate,XGBoost — level,8610.0,7862.25732421875,747.74267578125,747.74267578125
8087,2021,Q3,36079,Putnam County,upstate,XGBoost — level,5401.0,5030.7236328125,370.2763671875,370.2763671875
8087,2021,Q3,36081,Queens County,nyc,XGBoost — level,177209.0,161186.203125,16022.796875,16022.796875
8087,2021,Q3,36083,Rensselaer County,upstate,XGBoost — level,12452.0,11302.7724609375,1149.2275390625,1149.2275390625
8087,2021,Q3,36085,Richmond County,nyc,XGBoost — level,21242.0,19136.095703125,2105.904296875,2105.904296875
8087,2021,Q3,36087,Rockland County,downstate_non_nyc,XGBoost — level,21873.0,19305.134765625,2567.865234375,2567.865234375
8087,2021,Q3,36089,St. Lawrence County,upstate,XGBoost — level,16826.0,14089.724609375,2736.275390625,2736.275390625
8087,2021,Q3,36091,Saratoga County,upstate,XGBoost — level,9843.0,8277.78515625,1565.21484375,1565.21484375
8087,2021,Q3,36093,Schenectady County,upstate,XGBoost — level,12223.0,12854.4208984375,-631.4208984375,631.4208984375
8087,2021,Q3,36101,Steuben County,upstate,XGBoost — level,11389.0,9412.8759765625,1976.1240234375,1976.1240234375
8087,2021,Q3,36103,Suffolk County,downstate_non_nyc,XGBoost — level,116463.0,107766.984375,8696.015625,8696.015625
8087,2021,Q3,36105,Sullivan County,upstate,XGBoost — level,7925.0,6414.5068359375,1510.4931640625,1510.4931640625
8087,2021,Q3,36109,Tompkins County,upstate,XGBoost — level,8519.0,7148.89013671875,1370.10986328125,1370.10986328125
8087,2021,Q3,36111,Ulster County,upstate,XGBoost — level,10929.0,11115.5087890625,-186.5087890625,186.5087890625
8087,2021,Q3,36113,Warren County,upstate,XGBoost — level,11119.0,11081.5205078125,37.4794921875,37.4794921875
8087,2021,Q3,36117,Wayne County,upstate,XGBoost — level,6012.0,5199.20654296875,812.79345703125,812.79345703125
8087,2021,Q3,36119,Westchester County,downstate_non_nyc,XGBoost — level,87645.0,78879.8515625,8765.1484375,8765.1484375
8087,2021,Q3,36121,Wyoming County,upstate,XGBoost — level,3681.0,3008.69580078125,672.30419921875,672.30419921875
8087,2021,Q3,36123,Yates County,upstate,XGBoost — level,2088.0,1928.7808837890625,159.2191162109375,159.2191162109375
8087,2021,Q3,36001,Albany County,upstate,XGBoost — change from seasonal persistence,41275.0,29569.230712890625,11705.769287109375,11705.769287109375
8087,2021,Q3,36003,Allegany County,upstate,XGBoost — change from seasonal persistence,2933.0,1761.1226806640625,1171.8773193359375,1171.8773193359375
8087,2021,Q3,36005,Bronx County,nyc,XGBoost — change from seasonal persistence,176052.0,195133.0625,-19081.0625,19081.0625
8087,2021,Q3,36007,Broome County,upstate,XGBoost — change from seasonal persistence,23618.0,18502.384033203125,5115.615966796875,5115.615966796875
8087,2021,Q3,36009,Cattaraugus County,upstate,XGBoost — change from seasonal persistence,7087.0,5390.4302978515625,1696.5697021484375,1696.5697021484375
8087,2021,Q3,36011,Cayuga County,upstate,XGBoost — change from seasonal persistence,6668.0,4748.624816894531,1919.3751831054688,1919.3751831054688
8087,2021,Q3,36013,Chautauqua County,upstate,XGBoost — change from seasonal persistence,14440.0,10248.5654296875,4191.4345703125,4191.4345703125
8087,2021,Q3,36015,Chemung County,upstate,XGBoost — change from seasonal persistence,8810.0,6518.5489501953125,2291.4510498046875,2291.4510498046875
8087,2021,Q3,36017,Chenango County,upstate,XGBoost — change from seasonal persistence,4090.0,3053.814178466797,1036.1858215332031,1036.1858215332031
8087,2021,Q3,36019,Clinton County,upstate,XGBoost — change from seasonal persistence,9248.0,7020.0628662109375,2227.9371337890625,2227.9371337890625
8087,2021,Q3,36021,Columbia County,upstate,XGBoost — change from seasonal persistence,5989.0,4271.7518310546875,1717.2481689453125,1717.2481689453125
8087,2021,Q3,36023,Cortland County,upstate,XGBoost — change from seasonal persistence,6468.0,4188.88427734375,2279.11572265625,2279.11572265625
8087,2021,Q3,36025,Delaware County,upstate,XGBoost — change from seasonal persistence,4918.0,849.62451171875,4068.37548828125,4068.37548828125
8087,2021,Q3,36027,Dutchess County,upstate,XGBoost — change from seasonal persistence,28395.0,22693.406982421875,5701.593017578125,5701.593017578125
8087,2021,Q3,36029,Erie County,upstate,XGBoost — change from seasonal persistence,89218.0,63800.201171875,25417.798828125,25417.798828125
8087,2021,Q3,36031,Essex County,upstate,XGBoost — change from seasonal persistence,2776.0,1768.75830078125,1007.24169921875,1007.24169921875
8087,2021,Q3,36033,Franklin County,upstate,XGBoost — change from seasonal persistence,6794.0,4537.0618896484375,2256.9381103515625,2256.9381103515625
8087,2021,Q3,36035,Fulton County,upstate,XGBoost — change from seasonal persistence,4979.0,2013.315185546875,2965.684814453125,2965.684814453125
8087,2021,Q3,36037,Genesee County,upstate,XGBoost — change from seasonal persistence,6135.0,4395.476839065552,1739.5231609344482,1739.5231609344482
8087,2021,Q3,36045,Jefferson County,upstate,XGBoost — change from seasonal persistence,12250.0,11462.63786315918,787.3621368408203,787.3621368408203
8087,2021,Q3,36047,Kings County,nyc,XGBoost — change from seasonal persistence,175218.0,186047.623046875,-10829.623046875,10829.623046875
8087,2021,Q3,36049,Lewis County,upstate,XGBoost — change from seasonal persistence,2911.0,2224.654083251953,686.3459167480469,686.3459167480469
8087,2021,Q3,36051,Livingston County,upstate,XGBoost — change from seasonal persistence,3769.0,3038.186050415039,730.8139495849609,730.8139495849609
8087,2021,Q3,36053,Madison County,upstate,XGBoost — change from seasonal persistence,8420.0,6213.897399902344,2206.1026000976562,2206.1026000976562
8087,2021,Q3,36055,Monroe County,upstate,XGBoost — change from seasonal persistence,76113.0,81765.912109375,-5652.912109375,5652.912109375
8087,2021,Q3,36057,Montgomery County,upstate,XGBoost — change from seasonal persistence,11122.0,6007.894775390625,5114.105224609375,5114.105224609375
8087,2021,Q3,36059,Nassau County,downstate_non_nyc,XGBoost — change from seasonal persistence,111843.0,78740.2421875,33102.7578125,33102.7578125
8087,2021,Q3,36061,New York County,nyc,XGBoost — change from seasonal persistence,250167.0,132741.3359375,117425.6640625,117425.6640625
8087,2021,Q3,36063,Niagara County,upstate,XGBoost — change from seasonal persistence,13817.0,11862.884521484375,1954.115478515625,1954.115478515625
8087,2021,Q3,36065,Oneida County,upstate,XGBoost — change from seasonal persistence,26472.0,17199.17822265625,9272.82177734375,9272.82177734375
8087,2021,Q3,36067,Onondaga County,upstate,XGBoost — change from seasonal persistence,54541.0,50090.69618225098,4450.303817749023,4450.303817749023
8087,2021,Q3,36069,Ontario County,upstate,XGBoost — change from seasonal persistence,16159.0,12045.807739257812,4113.1922607421875,4113.1922607421875
8087,2021,Q3,36071,Orange County,upstate,XGBoost — change from seasonal persistence,38044.0,33086.815673828125,4957.184326171875,4957.184326171875
8087,2021,Q3,36075,Oswego County,upstate,XGBoost — change from seasonal persistence,6831.0,4978.395568847656,1852.6044311523438,1852.6044311523438
8087,2021,Q3,36077,Otsego County,upstate,XGBoost — change from seasonal persistence,8610.0,7639.43212890625,970.56787109375,970.56787109375
8087,2021,Q3,36079,Putnam County,upstate,XGBoost — change from seasonal persistence,5401.0,4326.2174072265625,1074.7825927734375,1074.7825927734375
8087,2021,Q3,36081,Queens County,nyc,XGBoost — change from seasonal persistence,177209.0,198018.8046875,-20809.8046875,20809.8046875
8087,2021,Q3,36083,Rensselaer County,upstate,XGBoost — change from seasonal persistence,12452.0,9765.859130859375,2686.140869140625,2686.140869140625
8087,2021,Q3,36085,Richmond County,nyc,XGBoost — change from seasonal persistence,21242.0,22761.10302734375,-1519.10302734375,1519.10302734375
8087,2021,Q3,36087,Rockland County,downstate_non_nyc,XGBoost — change from seasonal persistence,21873.0,18533.6083984375,3339.3916015625,3339.3916015625
8087,2021,Q3,36089,St. Lawrence County,upstate,XGBoost — change from seasonal persistence,16826.0,11536.430908203125,5289.569091796875,5289.569091796875
8087,2021,Q3,36091,Saratoga County,upstate,XGBoost — change from seasonal persistence,9843.0,7023.7559814453125,2819.2440185546875,2819.2440185546875
8087,2021,Q3,36093,Schenectady County,upstate,XGBoost — change from seasonal persistence,12223.0,11741.336547851562,481.6634521484375,481.6634521484375
8087,2021,Q3,36101,Steuben County,upstate,XGBoost — change from seasonal persistence,11389.0,8657.025115966797,2731.974884033203,2731.974884033203
8087,2021,Q3,36103,Suffolk County,downstate_non_nyc,XGBoost — change from seasonal persistence,116463.0,110139.7724609375,6323.2275390625,6323.2275390625
8087,2021,Q3,36105,Sullivan County,upstate,XGBoost — change from seasonal persistence,7925.0,5705.9820556640625,2219.0179443359375,2219.0179443359375
8087,2021,Q3,36109,Tompkins County,upstate,XGBoost — change from seasonal persistence,8519.0,5473.4459228515625,3045.5540771484375,3045.5540771484375
8087,2021,Q3,36111,Ulster County,upstate,XGBoost — change from seasonal persistence,10929.0,8689.99560546875,2239.00439453125,2239.00439453125
8087,2021,Q3,36113,Warren County,upstate,XGBoost — change from seasonal persistence,11119.0,9543.603637695312,1575.3963623046875,1575.3963623046875
8087,2021,Q3,36117,Wayne County,upstate,XGBoost — change from seasonal persistence,6012.0,4297.8172607421875,1714.1827392578125,1714.1827392578125
8087,2021,Q3,36119,Westchester County,downstate_non_nyc,XGBoost — change from seasonal persistence,87645.0,85765.2470703125,1879.7529296875,1879.7529296875
8087,2021,Q3,36121,Wyoming County,upstate,XGBoost — change from seasonal persistence,3681.0,2363.1647338867188,1317.8352661132812,1317.8352661132812
8087,2021,Q3,36123,Yates County,upstate,XGBoost — change from seasonal persistence,2088.0,1091.391845703125,996.608154296875,996.608154296875
8088,2021,Q4,36001,Albany County,upstate,Previous-quarter persistence,39044.0,41275.0,-2231.0,2231.0
8088,2021,Q4,36003,Allegany County,upstate,Previous-quarter persistence,2668.0,2933.0,-265.0,265.0
8088,2021,Q4,36005,Bronx County,nyc,Previous-quarter persistence,190068.0,176052.0,14016.0,14016.0
8088,2021,Q4,36007,Broome County,upstate,Previous-quarter persistence,22477.0,23618.0,-1141.0,1141.0
8088,2021,Q4,36009,Cattaraugus County,upstate,Previous-quarter persistence,5548.0,7087.0,-1539.0,1539.0
8088,2021,Q4,36011,Cayuga County,upstate,Previous-quarter persistence,6251.0,6668.0,-417.0,417.0
8088,2021,Q4,36013,Chautauqua County,upstate,Previous-quarter persistence,12547.0,14440.0,-1893.0,1893.0
8088,2021,Q4,36015,Chemung County,upstate,Previous-quarter persistence,7809.0,8810.0,-1001.0,1001.0
8088,2021,Q4,36017,Chenango County,upstate,Previous-quarter persistence,5356.0,4090.0,1266.0,1266.0
8088,2021,Q4,36019,Clinton County,upstate,Previous-quarter persistence,7911.0,9248.0,-1337.0,1337.0
8088,2021,Q4,36021,Columbia County,upstate,Previous-quarter persistence,5168.0,5989.0,-821.0,821.0
8088,2021,Q4,36023,Cortland County,upstate,Previous-quarter persistence,6186.0,6468.0,-282.0,282.0
8088,2021,Q4,36025,Delaware County,upstate,Previous-quarter persistence,4613.0,4918.0,-305.0,305.0
8088,2021,Q4,36027,Dutchess County,upstate,Previous-quarter persistence,28503.0,28395.0,108.0,108.0
8088,2021,Q4,36029,Erie County,upstate,Previous-quarter persistence,74679.0,89218.0,-14539.0,14539.0
8088,2021,Q4,36031,Essex County,upstate,Previous-quarter persistence,2124.0,2776.0,-652.0,652.0
8088,2021,Q4,36033,Franklin County,upstate,Previous-quarter persistence,5788.0,6794.0,-1006.0,1006.0
8088,2021,Q4,36035,Fulton County,upstate,Previous-quarter persistence,4617.0,4979.0,-362.0,362.0
8088,2021,Q4,36037,Genesee County,upstate,Previous-quarter persistence,5590.0,6135.0,-545.0,545.0
8088,2021,Q4,36045,Jefferson County,upstate,Previous-quarter persistence,11097.0,12250.0,-1153.0,1153.0
8088,2021,Q4,36047,Kings County,nyc,Previous-quarter persistence,181318.0,175218.0,6100.0,6100.0
8088,2021,Q4,36049,Lewis County,upstate,Previous-quarter persistence,2499.0,2911.0,-412.0,412.0
8088,2021,Q4,36051,Livingston County,upstate,Previous-quarter persistence,3207.0,3769.0,-562.0,562.0
8088,2021,Q4,36053,Madison County,upstate,Previous-quarter persistence,8680.0,8420.0,260.0,260.0
8088,2021,Q4,36055,Monroe County,upstate,Previous-quarter persistence,69790.0,76113.0,-6323.0,6323.0
8088,2021,Q4,36057,Montgomery County,upstate,Previous-quarter persistence,10481.0,11122.0,-641.0,641.0
8088,2021,Q4,36059,Nassau County,downstate_non_nyc,Previous-quarter persistence,118863.0,111843.0,7020.0,7020.0
8088,2021,Q4,36061,New York County,nyc,Previous-quarter persistence,263132.0,250167.0,12965.0,12965.0
8088,2021,Q4,36063,Niagara County,upstate,Previous-quarter persistence,12476.0,13817.0,-1341.0,1341.0
8088,2021,Q4,36065,Oneida County,upstate,Previous-quarter persistence,26962.0,26472.0,490.0,490.0
8088,2021,Q4,36067,Onondaga County,upstate,Previous-quarter persistence,49476.0,54541.0,-5065.0,5065.0
8088,2021,Q4,36069,Ontario County,upstate,Previous-quarter persistence,15289.0,16159.0,-870.0,870.0
8088,2021,Q4,36071,Orange County,upstate,Previous-quarter persistence,37916.0,38044.0,-128.0,128.0
8088,2021,Q4,36075,Oswego County,upstate,Previous-quarter persistence,5747.0,6831.0,-1084.0,1084.0
8088,2021,Q4,36077,Otsego County,upstate,Previous-quarter persistence,7743.0,8610.0,-867.0,867.0
8088,2021,Q4,36079,Putnam County,upstate,Previous-quarter persistence,5081.0,5401.0,-320.0,320.0
8088,2021,Q4,36081,Queens County,nyc,Previous-quarter persistence,186459.0,177209.0,9250.0,9250.0
8088,2021,Q4,36083,Rensselaer County,upstate,Previous-quarter persistence,12074.0,12452.0,-378.0,378.0
8088,2021,Q4,36085,Richmond County,nyc,Previous-quarter persistence,22847.0,21242.0,1605.0,1605.0
8088,2021,Q4,36087,Rockland County,downstate_non_nyc,Previous-quarter persistence,21993.0,21873.0,120.0,120.0
8088,2021,Q4,36089,St. Lawrence County,upstate,Previous-quarter persistence,15950.0,16826.0,-876.0,876.0
8088,2021,Q4,36091,Saratoga County,upstate,Previous-quarter persistence,9009.0,9843.0,-834.0,834.0
8088,2021,Q4,36093,Schenectady County,upstate,Previous-quarter persistence,11858.0,12223.0,-365.0,365.0
8088,2021,Q4,36101,Steuben County,upstate,Previous-quarter persistence,10806.0,11389.0,-583.0,583.0
8088,2021,Q4,36103,Suffolk County,downstate_non_nyc,Previous-quarter persistence,115476.0,116463.0,-987.0,987.0
8088,2021,Q4,36105,Sullivan County,upstate,Previous-quarter persistence,6591.0,7925.0,-1334.0,1334.0
8088,2021,Q4,36109,Tompkins County,upstate,Previous-quarter persistence,7824.0,8519.0,-695.0,695.0
8088,2021,Q4,36111,Ulster County,upstate,Previous-quarter persistence,10917.0,10929.0,-12.0,12.0
8088,2021,Q4,36113,Warren County,upstate,Previous-quarter persistence,10255.0,11119.0,-864.0,864.0
8088,2021,Q4,36117,Wayne County,upstate,Previous-quarter persistence,5257.0,6012.0,-755.0,755.0
8088,2021,Q4,36119,Westchester County,downstate_non_nyc,Previous-quarter persistence,93243.0,87645.0,5598.0,5598.0
8088,2021,Q4,36121,Wyoming County,upstate,Previous-quarter persistence,3351.0,3681.0,-330.0,330.0
8088,2021,Q4,36123,Yates County,upstate,Previous-quarter persistence,1877.0,2088.0,-211.0,211.0
8088,2021,Q4,36001,Albany County,upstate,Seasonal persistence,39044.0,26805.0,12239.0,12239.0
8088,2021,Q4,36003,Allegany County,upstate,Seasonal persistence,2668.0,2336.0,332.0,332.0
8088,2021,Q4,36005,Bronx County,nyc,Seasonal persistence,190068.0,137389.0,52679.0,52679.0
8088,2021,Q4,36007,Broome County,upstate,Seasonal persistence,22477.0,19133.0,3344.0,3344.0
8088,2021,Q4,36009,Cattaraugus County,upstate,Seasonal persistence,5548.0,5552.0,-4.0,4.0
8088,2021,Q4,36011,Cayuga County,upstate,Seasonal persistence,6251.0,5332.0,919.0,919.0
8088,2021,Q4,36013,Chautauqua County,upstate,Seasonal persistence,12547.0,11576.0,971.0,971.0
8088,2021,Q4,36015,Chemung County,upstate,Seasonal persistence,7809.0,7053.0,756.0,756.0
8088,2021,Q4,36017,Chenango County,upstate,Seasonal persistence,5356.0,3213.0,2143.0,2143.0
8088,2021,Q4,36019,Clinton County,upstate,Seasonal persistence,7911.0,8246.0,-335.0,335.0
8088,2021,Q4,36021,Columbia County,upstate,Seasonal persistence,5168.0,5052.0,116.0,116.0
8088,2021,Q4,36023,Cortland County,upstate,Seasonal persistence,6186.0,5102.0,1084.0,1084.0
8088,2021,Q4,36025,Delaware County,upstate,Seasonal persistence,4613.0,2065.0,2548.0,2548.0
8088,2021,Q4,36027,Dutchess County,upstate,Seasonal persistence,28503.0,23403.0,5100.0,5100.0
8088,2021,Q4,36029,Erie County,upstate,Seasonal persistence,74679.0,73137.0,1542.0,1542.0
8088,2021,Q4,36031,Essex County,upstate,Seasonal persistence,2124.0,1664.0,460.0,460.0
8088,2021,Q4,36033,Franklin County,upstate,Seasonal persistence,5788.0,4754.0,1034.0,1034.0
8088,2021,Q4,36035,Fulton County,upstate,Seasonal persistence,4617.0,3607.0,1010.0,1010.0
8088,2021,Q4,36037,Genesee County,upstate,Seasonal persistence,5590.0,4147.0,1443.0,1443.0
8088,2021,Q4,36045,Jefferson County,upstate,Seasonal persistence,11097.0,10754.0,343.0,343.0
8088,2021,Q4,36047,Kings County,nyc,Seasonal persistence,181318.0,165726.0,15592.0,15592.0
8088,2021,Q4,36049,Lewis County,upstate,Seasonal persistence,2499.0,2109.0,390.0,390.0
8088,2021,Q4,36051,Livingston County,upstate,Seasonal persistence,3207.0,2735.0,472.0,472.0
8088,2021,Q4,36053,Madison County,upstate,Seasonal persistence,8680.0,6241.0,2439.0,2439.0
8088,2021,Q4,36055,Monroe County,upstate,Seasonal persistence,69790.0,77599.0,-7809.0,7809.0
8088,2021,Q4,36057,Montgomery County,upstate,Seasonal persistence,10481.0,4755.0,5726.0,5726.0
8088,2021,Q4,36059,Nassau County,downstate_non_nyc,Seasonal persistence,118863.0,92664.0,26199.0,26199.0
8088,2021,Q4,36061,New York County,nyc,Seasonal persistence,263132.0,206140.0,56992.0,56992.0
8088,2021,Q4,36063,Niagara County,upstate,Seasonal persistence,12476.0,12118.0,358.0,358.0
8088,2021,Q4,36065,Oneida County,upstate,Seasonal persistence,26962.0,22810.0,4152.0,4152.0
8088,2021,Q4,36067,Onondaga County,upstate,Seasonal persistence,49476.0,51131.0,-1655.0,1655.0
8088,2021,Q4,36069,Ontario County,upstate,Seasonal persistence,15289.0,12164.0,3125.0,3125.0
8088,2021,Q4,36071,Orange County,upstate,Seasonal persistence,37916.0,30403.0,7513.0,7513.0
8088,2021,Q4,36075,Oswego County,upstate,Seasonal persistence,5747.0,5334.0,413.0,413.0
8088,2021,Q4,36077,Otsego County,upstate,Seasonal persistence,7743.0,8209.0,-466.0,466.0
8088,2021,Q4,36079,Putnam County,upstate,Seasonal persistence,5081.0,4688.0,393.0,393.0
8088,2021,Q4,36081,Queens County,nyc,Seasonal persistence,186459.0,139457.0,47002.0,47002.0
8088,2021,Q4,36083,Rensselaer County,upstate,Seasonal persistence,12074.0,9671.0,2403.0,2403.0
8088,2021,Q4,36085,Richmond County,nyc,Seasonal persistence,22847.0,27991.0,-5144.0,5144.0
8088,2021,Q4,36087,Rockland County,downstate_non_nyc,Seasonal persistence,21993.0,16445.0,5548.0,5548.0
8088,2021,Q4,36089,St. Lawrence County,upstate,Seasonal persistence,15950.0,12510.0,3440.0,3440.0
8088,2021,Q4,36091,Saratoga County,upstate,Seasonal persistence,9009.0,7931.0,1078.0,1078.0
8088,2021,Q4,36093,Schenectady County,upstate,Seasonal persistence,11858.0,12166.0,-308.0,308.0
8088,2021,Q4,36101,Steuben County,upstate,Seasonal persistence,10806.0,8477.0,2329.0,2329.0
8088,2021,Q4,36103,Suffolk County,downstate_non_nyc,Seasonal persistence,115476.0,108758.0,6718.0,6718.0
8088,2021,Q4,36105,Sullivan County,upstate,Seasonal persistence,6591.0,6568.0,23.0,23.0
8088,2021,Q4,36109,Tompkins County,upstate,Seasonal persistence,7824.0,5604.0,2220.0,2220.0
8088,2021,Q4,36111,Ulster County,upstate,Seasonal persistence,10917.0,9148.0,1769.0,1769.0
8088,2021,Q4,36113,Warren County,upstate,Seasonal persistence,10255.0,9324.0,931.0,931.0
8088,2021,Q4,36117,Wayne County,upstate,Seasonal persistence,5257.0,4749.0,508.0,508.0
8088,2021,Q4,36119,Westchester County,downstate_non_nyc,Seasonal persistence,93243.0,70169.0,23074.0,23074.0
8088,2021,Q4,36121,Wyoming County,upstate,Seasonal persistence,3351.0,2841.0,510.0,510.0
8088,2021,Q4,36123,Yates County,upstate,Seasonal persistence,1877.0,1412.0,465.0,465.0
8088,2021,Q4,36001,Albany County,upstate,Ridge — level,39044.0,39809.30415346201,-765.3041534620133,765.3041534620133
8088,2021,Q4,36003,Allegany County,upstate,Ridge — level,2668.0,4031.8001813607225,-1363.8001813607225,1363.8001813607225
8088,2021,Q4,36005,Bronx County,nyc,Ridge — level,190068.0,167814.57409121643,22253.425908783567,22253.425908783567
8088,2021,Q4,36007,Broome County,upstate,Ridge — level,22477.0,23496.021332081866,-1019.0213320818657,1019.0213320818657
8088,2021,Q4,36009,Cattaraugus County,upstate,Ridge — level,5548.0,4835.841816131386,712.1581838686143,712.1581838686143
8088,2021,Q4,36011,Cayuga County,upstate,Ridge — level,6251.0,3576.3410682218528,2674.6589317781472,2674.6589317781472
8088,2021,Q4,36013,Chautauqua County,upstate,Ridge — level,12547.0,13449.443543337777,-902.4435433377766,902.4435433377766
8088,2021,Q4,36015,Chemung County,upstate,Ridge — level,7809.0,10830.847472386977,-3021.8474723869767,3021.8474723869767
8088,2021,Q4,36017,Chenango County,upstate,Ridge — level,5356.0,1987.7627010529031,3368.237298947097,3368.237298947097
8088,2021,Q4,36019,Clinton County,upstate,Ridge — level,7911.0,6583.545289570251,1327.454710429749,1327.454710429749
8088,2021,Q4,36021,Columbia County,upstate,Ridge — level,5168.0,3381.978197303866,1786.0218026961338,1786.0218026961338
8088,2021,Q4,36023,Cortland County,upstate,Ridge — level,6186.0,5505.924883523385,680.0751164766152,680.0751164766152
8088,2021,Q4,36025,Delaware County,upstate,Ridge — level,4613.0,5790.515576562077,-1177.5155765620766,1177.5155765620766
8088,2021,Q4,36027,Dutchess County,upstate,Ridge — level,28503.0,29713.409506787262,-1210.4095067872622,1210.4095067872622
8088,2021,Q4,36029,Erie County,upstate,Ridge — level,74679.0,84797.78440953151,-10118.784409531509,10118.784409531509
8088,2021,Q4,36031,Essex County,upstate,Ridge — level,2124.0,2023.970943118682,100.02905688131796,100.02905688131796
8088,2021,Q4,36033,Franklin County,upstate,Ridge — level,5788.0,5960.044854573109,-172.04485457310875,172.04485457310875
8088,2021,Q4,36035,Fulton County,upstate,Ridge — level,4617.0,3895.072251763635,721.927748236365,721.927748236365
8088,2021,Q4,36037,Genesee County,upstate,Ridge — level,5590.0,7941.358480437644,-2351.358480437644,2351.358480437644
8088,2021,Q4,36045,Jefferson County,upstate,Ridge — level,11097.0,12075.979259064396,-978.9792590643956,978.9792590643956
8088,2021,Q4,36047,Kings County,nyc,Ridge — level,181318.0,174980.77431427056,6337.2256857294415,6337.2256857294415
8088,2021,Q4,36049,Lewis County,upstate,Ridge — level,2499.0,-534.5142344998567,3033.5142344998567,3033.5142344998567
8088,2021,Q4,36051,Livingston County,upstate,Ridge — level,3207.0,6445.752172843368,-3238.7521728433676,3238.7521728433676
8088,2021,Q4,36053,Madison County,upstate,Ridge — level,8680.0,4792.542535027507,3887.4574649724927,3887.4574649724927
8088,2021,Q4,36055,Monroe County,upstate,Ridge — level,69790.0,72382.15363465322,-2592.153634653223,2592.153634653223
8088,2021,Q4,36057,Montgomery County,upstate,Ridge — level,10481.0,11111.049532504596,-630.0495325045958,630.0495325045958
8088,2021,Q4,36059,Nassau County,downstate_non_nyc,Ridge — level,118863.0,108383.72230065412,10479.277699345883,10479.277699345883
8088,2021,Q4,36061,New York County,nyc,Ridge — level,263132.0,234888.71003228112,28243.289967718883,28243.289967718883
8088,2021,Q4,36063,Niagara County,upstate,Ridge — level,12476.0,17936.045360095814,-5460.0453600958135,5460.0453600958135
8088,2021,Q4,36065,Oneida County,upstate,Ridge — level,26962.0,24178.82300234813,2783.17699765187,2783.17699765187
8088,2021,Q4,36067,Onondaga County,upstate,Ridge — level,49476.0,47993.44296883037,1482.5570311696283,1482.5570311696283
8088,2021,Q4,36069,Ontario County,upstate,Ridge — level,15289.0,17110.125753382898,-1821.1257533828975,1821.1257533828975
8088,2021,Q4,36071,Orange County,upstate,Ridge — level,37916.0,39881.230737725025,-1965.2307377250254,1965.2307377250254
8088,2021,Q4,36075,Oswego County,upstate,Ridge — level,5747.0,5753.61823106158,-6.618231061580445,6.618231061580445
8088,2021,Q4,36077,Otsego County,upstate,Ridge — level,7743.0,8487.500243255934,-744.500243255934,744.500243255934
8088,2021,Q4,36079,Putnam County,upstate,Ridge — level,5081.0,9373.939416355242,-4292.939416355242,4292.939416355242
8088,2021,Q4,36081,Queens County,nyc,Ridge — level,186459.0,169954.83975986182,16504.160240138182,16504.160240138182
8088,2021,Q4,36083,Rensselaer County,upstate,Ridge — level,12074.0,9781.900345923263,2292.0996540767374,2292.0996540767374
8088,2021,Q4,36085,Richmond County,nyc,Ridge — level,22847.0,28845.79220656867,-5998.792206568669,5998.792206568669
8088,2021,Q4,36087,Rockland County,downstate_non_nyc,Ridge — level,21993.0,22086.80443731609,-93.8044373160883,93.8044373160883
8088,2021,Q4,36089,St. Lawrence County,upstate,Ridge — level,15950.0,19272.907841930784,-3322.9078419307843,3322.9078419307843
8088,2021,Q4,36091,Saratoga County,upstate,Ridge — level,9009.0,9447.621192321756,-438.6211923217561,438.6211923217561
8088,2021,Q4,36093,Schenectady County,upstate,Ridge — level,11858.0,12771.947901597043,-913.9479015970428,913.9479015970428
8088,2021,Q4,36101,Steuben County,upstate,Ridge — level,10806.0,12880.433107112047,-2074.433107112047,2074.433107112047
8088,2021,Q4,36103,Suffolk County,downstate_non_nyc,Ridge — level,115476.0,112190.62994379255,3285.370056207452,3285.370056207452
8088,2021,Q4,36105,Sullivan County,upstate,Ridge — level,6591.0,10730.473496788582,-4139.4734967885815,4139.4734967885815
8088,2021,Q4,36109,Tompkins County,upstate,Ridge — level,7824.0,11229.538629775136,-3405.5386297751356,3405.5386297751356
8088,2021,Q4,36111,Ulster County,upstate,Ridge — level,10917.0,13529.740492701549,-2612.7404927015486,2612.7404927015486
8088,2021,Q4,36113,Warren County,upstate,Ridge — level,10255.0,9264.989272787348,990.0107272126515,990.0107272126515
8088,2021,Q4,36117,Wayne County,upstate,Ridge — level,5257.0,4590.042194351423,666.957805648577,666.957805648577
8088,2021,Q4,36119,Westchester County,downstate_non_nyc,Ridge — level,93243.0,89579.31887964878,3663.681120351219,3663.681120351219
8088,2021,Q4,36121,Wyoming County,upstate,Ridge — level,3351.0,2609.9854923609782,741.0145076390218,741.0145076390218
8088,2021,Q4,36123,Yates County,upstate,Ridge — level,1877.0,665.1509874402327,1211.8490125597673,1211.8490125597673
8088,2021,Q4,36001,Albany County,upstate,Ridge — change from seasonal persistence,39044.0,35885.23965249235,3158.7603475076467,3158.7603475076467
8088,2021,Q4,36003,Allegany County,upstate,Ridge — change from seasonal persistence,2668.0,3329.1706303406318,-661.1706303406318,661.1706303406318
8088,2021,Q4,36005,Bronx County,nyc,Ridge — change from seasonal persistence,190068.0,158293.9727226301,31774.027277369896,31774.027277369896
8088,2021,Q4,36007,Broome County,upstate,Ridge — change from seasonal persistence,22477.0,20327.156369375167,2149.843630624833,2149.843630624833
8088,2021,Q4,36009,Cattaraugus County,upstate,Ridge — change from seasonal persistence,5548.0,4089.9417666782,1458.0582333218,1458.0582333218
8088,2021,Q4,36011,Cayuga County,upstate,Ridge — change from seasonal persistence,6251.0,4006.0112937442805,2244.9887062557195,2244.9887062557195
8088,2021,Q4,36013,Chautauqua County,upstate,Ridge — change from seasonal persistence,12547.0,9700.71752340925,2846.28247659075,2846.28247659075
8088,2021,Q4,36015,Chemung County,upstate,Ridge — change from seasonal persistence,7809.0,7743.241910025678,65.75808997432159,65.75808997432159
8088,2021,Q4,36017,Chenango County,upstate,Ridge — change from seasonal persistence,5356.0,1370.5005473288788,3985.499452671121,3985.499452671121
8088,2021,Q4,36019,Clinton County,upstate,Ridge — change from seasonal persistence,7911.0,9219.68154613646,-1308.6815461364604,1308.6815461364604
8088,2021,Q4,36021,Columbia County,upstate,Ridge — change from seasonal persistence,5168.0,4009.9382350689075,1158.0617649310925,1158.0617649310925
8088,2021,Q4,36023,Cortland County,upstate,Ridge — change from seasonal persistence,6186.0,3569.165842705771,2616.834157294229,2616.834157294229
8088,2021,Q4,36025,Delaware County,upstate,Ridge — change from seasonal persistence,4613.0,7086.144519833388,-2473.1445198333877,2473.1445198333877
8088,2021,Q4,36027,Dutchess County,upstate,Ridge — change from seasonal persistence,28503.0,24454.44811470166,4048.5518852983405,4048.5518852983405
8088,2021,Q4,36029,Erie County,upstate,Ridge — change from seasonal persistence,74679.0,81525.4819391978,-6846.481939197794,6846.481939197794
8088,2021,Q4,36031,Essex County,upstate,Ridge — change from seasonal persistence,2124.0,1312.5230862761955,811.4769137238045,811.4769137238045
8088,2021,Q4,36033,Franklin County,upstate,Ridge — change from seasonal persistence,5788.0,6297.133540840799,-509.13354084079856,509.13354084079856
8088,2021,Q4,36035,Fulton County,upstate,Ridge — change from seasonal persistence,4617.0,2298.1113290980575,2318.8886709019425,2318.8886709019425
8088,2021,Q4,36037,Genesee County,upstate,Ridge — change from seasonal persistence,5590.0,5028.712013537695,561.2879864623046,561.2879864623046
8088,2021,Q4,36045,Jefferson County,upstate,Ridge — change from seasonal persistence,11097.0,7533.389960984346,3563.6100390156544,3563.6100390156544
8088,2021,Q4,36047,Kings County,nyc,Ridge — change from seasonal persistence,181318.0,170495.12385889218,10822.876141107816,10822.876141107816
8088,2021,Q4,36049,Lewis County,upstate,Ridge — change from seasonal persistence,2499.0,-207.38847663165006,2706.38847663165,2706.38847663165
8088,2021,Q4,36051,Livingston County,upstate,Ridge — change from seasonal persistence,3207.0,3434.3664601987025,-227.3664601987025,227.3664601987025
8088,2021,Q4,36053,Madison County,upstate,Ridge — change from seasonal persistence,8680.0,5409.041723660081,3270.9582763399194,3270.9582763399194
8088,2021,Q4,36055,Monroe County,upstate,Ridge — change from seasonal persistence,69790.0,70243.07309407457,-453.0730940745707,453.0730940745707
8088,2021,Q4,36057,Montgomery County,upstate,Ridge — change from seasonal persistence,10481.0,9682.661636026121,798.3383639738786,798.3383639738786
8088,2021,Q4,36059,Nassau County,downstate_non_nyc,Ridge — change from seasonal persistence,118863.0,101118.61765685125,17744.382343148754,17744.382343148754
8088,2021,Q4,36061,New York County,nyc,Ridge — change from seasonal persistence,263132.0,226589.15062419177,36542.84937580823,36542.84937580823
8088,2021,Q4,36063,Niagara County,upstate,Ridge — change from seasonal persistence,12476.0,14841.055636228833,-2365.0556362288335,2365.0556362288335
8088,2021,Q4,36065,Oneida County,upstate,Ridge — change from seasonal persistence,26962.0,21586.786419098746,5375.213580901254,5375.213580901254
8088,2021,Q4,36067,Onondaga County,upstate,Ridge — change from seasonal persistence,49476.0,47302.70146309582,2173.298536904178,2173.298536904178
8088,2021,Q4,36069,Ontario County,upstate,Ridge — change from seasonal persistence,15289.0,14208.77947966022,1080.2205203397807,1080.2205203397807
8088,2021,Q4,36071,Orange County,upstate,Ridge — change from seasonal persistence,37916.0,32724.255196412483,5191.744803587517,5191.744803587517
8088,2021,Q4,36075,Oswego County,upstate,Ridge — change from seasonal persistence,5747.0,4920.049662658983,826.9503373410171,826.9503373410171
8088,2021,Q4,36077,Otsego County,upstate,Ridge — change from seasonal persistence,7743.0,8220.842719860419,-477.8427198604186,477.8427198604186
8088,2021,Q4,36079,Putnam County,upstate,Ridge — change from seasonal persistence,5081.0,1430.0577564354135,3650.9422435645865,3650.9422435645865
8088,2021,Q4,36081,Queens County,nyc,Ridge — change from seasonal persistence,186459.0,162507.47947225324,23951.52052774676,23951.52052774676
8088,2021,Q4,36083,Rensselaer County,upstate,Ridge — change from seasonal persistence,12074.0,9213.660437003748,2860.3395629962524,2860.3395629962524
8088,2021,Q4,36085,Richmond County,nyc,Ridge — change from seasonal persistence,22847.0,23634.705404336255,-787.705404336255,787.705404336255
8088,2021,Q4,36087,Rockland County,downstate_non_nyc,Ridge — change from seasonal persistence,21993.0,16058.646699268376,5934.353300731624,5934.353300731624
8088,2021,Q4,36089,St. Lawrence County,upstate,Ridge — change from seasonal persistence,15950.0,16523.965125083792,-573.9651250837924,573.9651250837924
8088,2021,Q4,36091,Saratoga County,upstate,Ridge — change from seasonal persistence,9009.0,7079.221274780815,1929.7787252191847,1929.7787252191847
8088,2021,Q4,36093,Schenectady County,upstate,Ridge — change from seasonal persistence,11858.0,11117.042170565208,740.9578294347921,740.9578294347921
8088,2021,Q4,36101,Steuben County,upstate,Ridge — change from seasonal persistence,10806.0,10683.497821288738,122.50217871126188,122.50217871126188
8088,2021,Q4,36103,Suffolk County,downstate_non_nyc,Ridge — change from seasonal persistence,115476.0,103869.54705327092,11606.452946729085,11606.452946729085
8088,2021,Q4,36105,Sullivan County,upstate,Ridge — change from seasonal persistence,6591.0,6889.170957312543,-298.17095731254267,298.17095731254267
8088,2021,Q4,36109,Tompkins County,upstate,Ridge — change from seasonal persistence,7824.0,6896.9735817240135,927.0264182759865,927.0264182759865
8088,2021,Q4,36111,Ulster County,upstate,Ridge — change from seasonal persistence,10917.0,7275.4264820579965,3641.5735179420035,3641.5735179420035
8088,2021,Q4,36113,Warren County,upstate,Ridge — change from seasonal persistence,10255.0,8544.936770348788,1710.0632296512122,1710.0632296512122
8088,2021,Q4,36117,Wayne County,upstate,Ridge — change from seasonal persistence,5257.0,4168.154424903717,1088.845575096283,1088.845575096283
8088,2021,Q4,36119,Westchester County,downstate_non_nyc,Ridge — change from seasonal persistence,93243.0,82470.84964294898,10772.150357051025,10772.150357051025
8088,2021,Q4,36121,Wyoming County,upstate,Ridge — change from seasonal persistence,3351.0,1704.354077606512,1646.645922393488,1646.645922393488
8088,2021,Q4,36123,Yates County,upstate,Ridge — change from seasonal persistence,1877.0,849.9827763949083,1027.0172236050917,1027.0172236050917
8088,2021,Q4,36001,Albany County,upstate,Random Forest — level,39044.0,39070.486391659295,-26.486391659294895,26.486391659294895
8088,2021,Q4,36003,Allegany County,upstate,Random Forest — level,2668.0,3002.0407254275938,-334.04072542759377,334.04072542759377
8088,2021,Q4,36005,Bronx County,nyc,Random Forest — level,190068.0,171807.54326326455,18260.456736735447,18260.456736735447
8088,2021,Q4,36007,Broome County,upstate,Random Forest — level,22477.0,21358.791374051067,1118.2086259489333,1118.2086259489333
8088,2021,Q4,36009,Cattaraugus County,upstate,Random Forest — level,5548.0,6068.803037820022,-520.8030378200219,520.8030378200219
8088,2021,Q4,36011,Cayuga County,upstate,Random Forest — level,6251.0,6023.182407425908,227.81759257409158,227.81759257409158
8088,2021,Q4,36013,Chautauqua County,upstate,Random Forest — level,12547.0,14676.819154881618,-2129.8191548816176,2129.8191548816176
8088,2021,Q4,36015,Chemung County,upstate,Random Forest — level,7809.0,8938.658101763976,-1129.6581017639764,1129.6581017639764
8088,2021,Q4,36017,Chenango County,upstate,Random Forest — level,5356.0,4230.420433012797,1125.5795669872032,1125.5795669872032
8088,2021,Q4,36019,Clinton County,upstate,Random Forest — level,7911.0,8443.435705165204,-532.4357051652041,532.4357051652041
8088,2021,Q4,36021,Columbia County,upstate,Random Forest — level,5168.0,6153.884443073811,-985.8844430738109,985.8844430738109
8088,2021,Q4,36023,Cortland County,upstate,Random Forest — level,6186.0,6505.556439243491,-319.5564392434908,319.5564392434908
8088,2021,Q4,36025,Delaware County,upstate,Random Forest — level,4613.0,4379.790989381809,233.20901061819131,233.20901061819131
8088,2021,Q4,36027,Dutchess County,upstate,Random Forest — level,28503.0,26425.685402426257,2077.3145975737425,2077.3145975737425
8088,2021,Q4,36029,Erie County,upstate,Random Forest — level,74679.0,78825.07213379213,-4146.072133792128,4146.072133792128
8088,2021,Q4,36031,Essex County,upstate,Random Forest — level,2124.0,2408.324363284864,-284.3243632848639,284.3243632848639
8088,2021,Q4,36033,Franklin County,upstate,Random Forest — level,5788.0,6262.32245294738,-474.32245294738004,474.32245294738004
8088,2021,Q4,36035,Fulton County,upstate,Random Forest — level,4617.0,4728.409814368368,-111.40981436836773,111.40981436836773
8088,2021,Q4,36037,Genesee County,upstate,Random Forest — level,5590.0,6192.9154740890945,-602.9154740890945,602.9154740890945
8088,2021,Q4,36045,Jefferson County,upstate,Random Forest — level,11097.0,12242.764824092574,-1145.7648240925737,1145.7648240925737
8088,2021,Q4,36047,Kings County,nyc,Random Forest — level,181318.0,171855.70944921742,9462.290550782578,9462.290550782578
8088,2021,Q4,36049,Lewis County,upstate,Random Forest — level,2499.0,2527.308816068434,-28.308816068434226,28.308816068434226
8088,2021,Q4,36051,Livingston County,upstate,Random Forest — level,3207.0,3588.6280704758215,-381.62807047582146,381.62807047582146
8088,2021,Q4,36053,Madison County,upstate,Random Forest — level,8680.0,7797.5715631117255,882.4284368882745,882.4284368882745
8088,2021,Q4,36055,Monroe County,upstate,Random Forest — level,69790.0,74025.2853805732,-4235.285380573201,4235.285380573201
8088,2021,Q4,36057,Montgomery County,upstate,Random Forest — level,10481.0,11175.38635713551,-694.3863571355105,694.3863571355105
8088,2021,Q4,36059,Nassau County,downstate_non_nyc,Random Forest — level,118863.0,101755.85095619361,17107.149043806392,17107.149043806392
8088,2021,Q4,36061,New York County,nyc,Random Forest — level,263132.0,226883.70375156324,36248.29624843676,36248.29624843676
8088,2021,Q4,36063,Niagara County,upstate,Random Forest — level,12476.0,13236.689346190844,-760.6893461908439,760.6893461908439
8088,2021,Q4,36065,Oneida County,upstate,Random Forest — level,26962.0,22464.736019545267,4497.2639804547325,4497.2639804547325
8088,2021,Q4,36067,Onondaga County,upstate,Random Forest — level,49476.0,49942.76486613849,-466.7648661384883,466.7648661384883
8088,2021,Q4,36069,Ontario County,upstate,Random Forest — level,15289.0,17903.25483236916,-2614.254832369159,2614.254832369159
8088,2021,Q4,36071,Orange County,upstate,Random Forest — level,37916.0,36622.523791532556,1293.476208467444,1293.476208467444
8088,2021,Q4,36075,Oswego County,upstate,Random Forest — level,5747.0,6042.628989806493,-295.62898980649334,295.62898980649334
8088,2021,Q4,36077,Otsego County,upstate,Random Forest — level,7743.0,8605.084271709778,-862.0842717097785,862.0842717097785
8088,2021,Q4,36079,Putnam County,upstate,Random Forest — level,5081.0,5483.186470820847,-402.1864708208468,402.1864708208468
8088,2021,Q4,36081,Queens County,nyc,Random Forest — level,186459.0,172724.9651579162,13734.034842083813,13734.034842083813
8088,2021,Q4,36083,Rensselaer County,upstate,Random Forest — level,12074.0,11337.001788595659,736.9982114043414,736.9982114043414
8088,2021,Q4,36085,Richmond County,nyc,Random Forest — level,22847.0,20940.806773767905,1906.1932262320952,1906.1932262320952
8088,2021,Q4,36087,Rockland County,downstate_non_nyc,Random Forest — level,21993.0,20569.710049653244,1423.289950346756,1423.289950346756
8088,2021,Q4,36089,St. Lawrence County,upstate,Random Forest — level,15950.0,17402.33419829027,-1452.3341982902712,1452.3341982902712
8088,2021,Q4,36091,Saratoga County,upstate,Random Forest — level,9009.0,9762.43646962079,-753.4364696207904,753.4364696207904
8088,2021,Q4,36093,Schenectady County,upstate,Random Forest — level,11858.0,11664.401905646495,193.59809435350508,193.59809435350508
8088,2021,Q4,36101,Steuben County,upstate,Random Forest — level,10806.0,11367.695256840381,-561.6952568403813,561.6952568403813
8088,2021,Q4,36103,Suffolk County,downstate_non_nyc,Random Forest — level,115476.0,102685.024108029,12790.975891971,12790.975891971
8088,2021,Q4,36105,Sullivan County,upstate,Random Forest — level,6591.0,8365.918133010506,-1774.9181330105057,1774.9181330105057
8088,2021,Q4,36109,Tompkins County,upstate,Random Forest — level,7824.0,8115.19324516225,-291.1932451622497,291.1932451622497
8088,2021,Q4,36111,Ulster County,upstate,Random Forest — level,10917.0,10997.17042329375,-80.17042329374999,80.17042329374999
8088,2021,Q4,36113,Warren County,upstate,Random Forest — level,10255.0,10719.027484424887,-464.027484424887,464.027484424887
8088,2021,Q4,36117,Wayne County,upstate,Random Forest — level,5257.0,6139.2522749981545,-882.2522749981545,882.2522749981545
8088,2021,Q4,36119,Westchester County,downstate_non_nyc,Random Forest — level,93243.0,84796.75643169334,8446.243568306658,8446.243568306658
8088,2021,Q4,36121,Wyoming County,upstate,Random Forest — level,3351.0,3404.777945124564,-53.77794512456421,53.77794512456421
8088,2021,Q4,36123,Yates County,upstate,Random Forest — level,1877.0,2052.102334082583,-175.10233408258318,175.10233408258318
8088,2021,Q4,36001,Albany County,upstate,Random Forest — change from seasonal persistence,39044.0,29457.772985376552,9586.227014623448,9586.227014623448
8088,2021,Q4,36003,Allegany County,upstate,Random Forest — change from seasonal persistence,2668.0,2981.1853839834625,-313.18538398346254,313.18538398346254
8088,2021,Q4,36005,Bronx County,nyc,Random Forest — change from seasonal persistence,190068.0,175401.66362910075,14666.336370899255,14666.336370899255
8088,2021,Q4,36007,Broome County,upstate,Random Forest — change from seasonal persistence,22477.0,17007.992438255642,5469.007561744358,5469.007561744358
8088,2021,Q4,36009,Cattaraugus County,upstate,Random Forest — change from seasonal persistence,5548.0,5883.250524588973,-335.25052458897335,335.25052458897335
8088,2021,Q4,36011,Cayuga County,upstate,Random Forest — change from seasonal persistence,6251.0,5426.016487924113,824.9835120758871,824.9835120758871
8088,2021,Q4,36013,Chautauqua County,upstate,Random Forest — change from seasonal persistence,12547.0,9265.48604842788,3281.5139515721203,3281.5139515721203
8088,2021,Q4,36015,Chemung County,upstate,Random Forest — change from seasonal persistence,7809.0,7581.910457894502,227.08954210549837,227.08954210549837
8088,2021,Q4,36017,Chenango County,upstate,Random Forest — change from seasonal persistence,5356.0,3602.055346487935,1753.944653512065,1753.944653512065
8088,2021,Q4,36019,Clinton County,upstate,Random Forest — change from seasonal persistence,7911.0,8065.313063450983,-154.31306345098255,154.31306345098255
8088,2021,Q4,36021,Columbia County,upstate,Random Forest — change from seasonal persistence,5168.0,4864.324223657061,303.67577634293866,303.67577634293866
8088,2021,Q4,36023,Cortland County,upstate,Random Forest — change from seasonal persistence,6186.0,5142.039203560601,1043.960796439399,1043.960796439399
8088,2021,Q4,36025,Delaware County,upstate,Random Forest — change from seasonal persistence,4613.0,3142.112659348076,1470.8873406519242,1470.8873406519242
8088,2021,Q4,36027,Dutchess County,upstate,Random Forest — change from seasonal persistence,28503.0,22155.22498131906,6347.775018680939,6347.775018680939
8088,2021,Q4,36029,Erie County,upstate,Random Forest — change from seasonal persistence,74679.0,78439.36310500666,-3760.3631050066615,3760.3631050066615
8088,2021,Q4,36031,Essex County,upstate,Random Forest — change from seasonal persistence,2124.0,1575.464634949473,548.5353650505269,548.5353650505269
8088,2021,Q4,36033,Franklin County,upstate,Random Forest — change from seasonal persistence,5788.0,5457.089777357174,330.91022264282583,330.91022264282583
8088,2021,Q4,36035,Fulton County,upstate,Random Forest — change from seasonal persistence,4617.0,3523.460367637265,1093.5396323627351,1093.5396323627351
8088,2021,Q4,36037,Genesee County,upstate,Random Forest — change from seasonal persistence,5590.0,4449.742439389586,1140.2575606104137,1140.2575606104137
8088,2021,Q4,36045,Jefferson County,upstate,Random Forest — change from seasonal persistence,11097.0,10830.047588355545,266.9524116444554,266.9524116444554
8088,2021,Q4,36047,Kings County,nyc,Random Forest — change from seasonal persistence,181318.0,195136.47175297688,-13818.471752976882,13818.471752976882
8088,2021,Q4,36049,Lewis County,upstate,Random Forest — change from seasonal persistence,2499.0,2415.8204735912236,83.17952640877638,83.17952640877638
8088,2021,Q4,36051,Livingston County,upstate,Random Forest — change from seasonal persistence,3207.0,3230.555748769749,-23.55574876974879,23.55574876974879
8088,2021,Q4,36053,Madison County,upstate,Random Forest — change from seasonal persistence,8680.0,6326.198056217476,2353.801943782524,2353.801943782524
8088,2021,Q4,36055,Monroe County,upstate,Random Forest — change from seasonal persistence,69790.0,74689.66889704739,-4899.6688970473915,4899.6688970473915
8088,2021,Q4,36057,Montgomery County,upstate,Random Forest — change from seasonal persistence,10481.0,7100.219341735061,3380.780658264939,3380.780658264939
8088,2021,Q4,36059,Nassau County,downstate_non_nyc,Random Forest — change from seasonal persistence,118863.0,88713.4314643151,30149.5685356849,30149.5685356849
8088,2021,Q4,36061,New York County,nyc,Random Forest — change from seasonal persistence,263132.0,176864.1400329409,86267.8599670591,86267.8599670591
8088,2021,Q4,36063,Niagara County,upstate,Random Forest — change from seasonal persistence,12476.0,10925.68380701352,1550.31619298648,1550.31619298648
8088,2021,Q4,36065,Oneida County,upstate,Random Forest — change from seasonal persistence,26962.0,17928.51166194381,9033.488338056191,9033.488338056191
8088,2021,Q4,36067,Onondaga County,upstate,Random Forest — change from seasonal persistence,49476.0,48778.79216196766,697.2078380323364,697.2078380323364
8088,2021,Q4,36069,Ontario County,upstate,Random Forest — change from seasonal persistence,15289.0,13099.642926633553,2189.3570733664474,2189.3570733664474
8088,2021,Q4,36071,Orange County,upstate,Random Forest — change from seasonal persistence,37916.0,32022.242692887452,5893.757307112548,5893.757307112548
8088,2021,Q4,36075,Oswego County,upstate,Random Forest — change from seasonal persistence,5747.0,5411.768629486254,335.2313705137458,335.2313705137458
8088,2021,Q4,36077,Otsego County,upstate,Random Forest — change from seasonal persistence,7743.0,7857.25616143633,-114.25616143633033,114.25616143633033
8088,2021,Q4,36079,Putnam County,upstate,Random Forest — change from seasonal persistence,5081.0,4515.5970624702095,565.4029375297905,565.4029375297905
8088,2021,Q4,36081,Queens County,nyc,Random Forest — change from seasonal persistence,186459.0,179485.0841846193,6973.915815380693,6973.915815380693
8088,2021,Q4,36083,Rensselaer County,upstate,Random Forest — change from seasonal persistence,12074.0,10647.622444155519,1426.3775558444813,1426.3775558444813
8088,2021,Q4,36085,Richmond County,nyc,Random Forest — change from seasonal persistence,22847.0,21353.9536055426,1493.0463944574003,1493.0463944574003
8088,2021,Q4,36087,Rockland County,downstate_non_nyc,Random Forest — change from seasonal persistence,21993.0,15541.569539314989,6451.430460685011,6451.430460685011
8088,2021,Q4,36089,St. Lawrence County,upstate,Random Forest — change from seasonal persistence,15950.0,14145.086733352431,1804.913266647569,1804.913266647569
8088,2021,Q4,36091,Saratoga County,upstate,Random Forest — change from seasonal persistence,9009.0,7846.630268161033,1162.3697318389668,1162.3697318389668
8088,2021,Q4,36093,Schenectady County,upstate,Random Forest — change from seasonal persistence,11858.0,10250.841287693787,1607.1587123062127,1607.1587123062127
8088,2021,Q4,36101,Steuben County,upstate,Random Forest — change from seasonal persistence,10806.0,9616.197248441102,1189.8027515588983,1189.8027515588983
8088,2021,Q4,36103,Suffolk County,downstate_non_nyc,Random Forest — change from seasonal persistence,115476.0,99696.47993068967,15779.520069310325,15779.520069310325
8088,2021,Q4,36105,Sullivan County,upstate,Random Forest — change from seasonal persistence,6591.0,6827.367543183668,-236.3675431836682,236.3675431836682
8088,2021,Q4,36109,Tompkins County,upstate,Random Forest — change from seasonal persistence,7824.0,6288.590751762126,1535.4092482378737,1535.4092482378737
8088,2021,Q4,36111,Ulster County,upstate,Random Forest — change from seasonal persistence,10917.0,7713.443942863237,3203.5560571367632,3203.5560571367632
8088,2021,Q4,36113,Warren County,upstate,Random Forest — change from seasonal persistence,10255.0,10096.128453812527,158.87154618747263,158.87154618747263
8088,2021,Q4,36117,Wayne County,upstate,Random Forest — change from seasonal persistence,5257.0,4987.5070734684705,269.4929265315295,269.4929265315295
8088,2021,Q4,36119,Westchester County,downstate_non_nyc,Random Forest — change from seasonal persistence,93243.0,82813.89749611201,10429.102503887989,10429.102503887989
8088,2021,Q4,36121,Wyoming County,upstate,Random Forest — change from seasonal persistence,3351.0,3208.1478238128975,142.8521761871025,142.8521761871025
8088,2021,Q4,36123,Yates County,upstate,Random Forest — change from seasonal persistence,1877.0,1471.70230090913,405.2976990908701,405.2976990908701
8088,2021,Q4,36001,Albany County,upstate,XGBoost — level,39044.0,41147.8203125,-2103.8203125,2103.8203125
8088,2021,Q4,36003,Allegany County,upstate,XGBoost — level,2668.0,2861.134521484375,-193.134521484375,193.134521484375
8088,2021,Q4,36005,Bronx County,nyc,XGBoost — level,190068.0,178865.96875,11202.03125,11202.03125
8088,2021,Q4,36007,Broome County,upstate,XGBoost — level,22477.0,22374.4453125,102.5546875,102.5546875
8088,2021,Q4,36009,Cattaraugus County,upstate,XGBoost — level,5548.0,6559.88525390625,-1011.88525390625,1011.88525390625
8088,2021,Q4,36011,Cayuga County,upstate,XGBoost — level,6251.0,6007.89501953125,243.10498046875,243.10498046875
8088,2021,Q4,36013,Chautauqua County,upstate,XGBoost — level,12547.0,13268.458984375,-721.458984375,721.458984375
8088,2021,Q4,36015,Chemung County,upstate,XGBoost — level,7809.0,8857.0986328125,-1048.0986328125,1048.0986328125
8088,2021,Q4,36017,Chenango County,upstate,XGBoost — level,5356.0,4651.23779296875,704.76220703125,704.76220703125
8088,2021,Q4,36019,Clinton County,upstate,XGBoost — level,7911.0,7854.4375,56.5625,56.5625
8088,2021,Q4,36021,Columbia County,upstate,XGBoost — level,5168.0,5777.19482421875,-609.19482421875,609.19482421875
8088,2021,Q4,36023,Cortland County,upstate,XGBoost — level,6186.0,6227.04736328125,-41.04736328125,41.04736328125
8088,2021,Q4,36025,Delaware County,upstate,XGBoost — level,4613.0,4583.83935546875,29.16064453125,29.16064453125
8088,2021,Q4,36027,Dutchess County,upstate,XGBoost — level,28503.0,26602.34375,1900.65625,1900.65625
8088,2021,Q4,36029,Erie County,upstate,XGBoost — level,74679.0,75200.4453125,-521.4453125,521.4453125
8088,2021,Q4,36031,Essex County,upstate,XGBoost — level,2124.0,2577.54248046875,-453.54248046875,453.54248046875
8088,2021,Q4,36033,Franklin County,upstate,XGBoost — level,5788.0,6102.80810546875,-314.80810546875,314.80810546875
8088,2021,Q4,36035,Fulton County,upstate,XGBoost — level,4617.0,4633.1630859375,-16.1630859375,16.1630859375
8088,2021,Q4,36037,Genesee County,upstate,XGBoost — level,5590.0,5957.23681640625,-367.23681640625,367.23681640625
8088,2021,Q4,36045,Jefferson County,upstate,XGBoost — level,11097.0,12053.6474609375,-956.6474609375,956.6474609375
8088,2021,Q4,36047,Kings County,nyc,XGBoost — level,181318.0,182484.984375,-1166.984375,1166.984375
8088,2021,Q4,36049,Lewis County,upstate,XGBoost — level,2499.0,2226.57568359375,272.42431640625,272.42431640625
8088,2021,Q4,36051,Livingston County,upstate,XGBoost — level,3207.0,3887.344970703125,-680.344970703125,680.344970703125
8088,2021,Q4,36053,Madison County,upstate,XGBoost — level,8680.0,7598.51318359375,1081.48681640625,1081.48681640625
8088,2021,Q4,36055,Monroe County,upstate,XGBoost — level,69790.0,69731.25,58.75,58.75
8088,2021,Q4,36057,Montgomery County,upstate,XGBoost — level,10481.0,11650.0693359375,-1169.0693359375,1169.0693359375
8088,2021,Q4,36059,Nassau County,downstate_non_nyc,XGBoost — level,118863.0,108923.2890625,9939.7109375,9939.7109375
8088,2021,Q4,36061,New York County,nyc,XGBoost — level,263132.0,236995.6875,26136.3125,26136.3125
8088,2021,Q4,36063,Niagara County,upstate,XGBoost — level,12476.0,12714.7099609375,-238.7099609375,238.7099609375
8088,2021,Q4,36065,Oneida County,upstate,XGBoost — level,26962.0,22371.556640625,4590.443359375,4590.443359375
8088,2021,Q4,36067,Onondaga County,upstate,XGBoost — level,49476.0,43586.40625,5889.59375,5889.59375
8088,2021,Q4,36069,Ontario County,upstate,XGBoost — level,15289.0,17984.994140625,-2695.994140625,2695.994140625
8088,2021,Q4,36071,Orange County,upstate,XGBoost — level,37916.0,40336.79296875,-2420.79296875,2420.79296875
8088,2021,Q4,36075,Oswego County,upstate,XGBoost — level,5747.0,6192.30322265625,-445.30322265625,445.30322265625
8088,2021,Q4,36077,Otsego County,upstate,XGBoost — level,7743.0,8418.7353515625,-675.7353515625,675.7353515625
8088,2021,Q4,36079,Putnam County,upstate,XGBoost — level,5081.0,6024.2607421875,-943.2607421875,943.2607421875
8088,2021,Q4,36081,Queens County,nyc,XGBoost — level,186459.0,186399.359375,59.640625,59.640625
8088,2021,Q4,36083,Rensselaer County,upstate,XGBoost — level,12074.0,11506.759765625,567.240234375,567.240234375
8088,2021,Q4,36085,Richmond County,nyc,XGBoost — level,22847.0,18448.50390625,4398.49609375,4398.49609375
8088,2021,Q4,36087,Rockland County,downstate_non_nyc,XGBoost — level,21993.0,21593.978515625,399.021484375,399.021484375
8088,2021,Q4,36089,St. Lawrence County,upstate,XGBoost — level,15950.0,17088.2265625,-1138.2265625,1138.2265625
8088,2021,Q4,36091,Saratoga County,upstate,XGBoost — level,9009.0,10249.2890625,-1240.2890625,1240.2890625
8088,2021,Q4,36093,Schenectady County,upstate,XGBoost — level,11858.0,12035.96875,-177.96875,177.96875
8088,2021,Q4,36101,Steuben County,upstate,XGBoost — level,10806.0,10896.9873046875,-90.9873046875,90.9873046875
8088,2021,Q4,36103,Suffolk County,downstate_non_nyc,XGBoost — level,115476.0,105061.453125,10414.546875,10414.546875
8088,2021,Q4,36105,Sullivan County,upstate,XGBoost — level,6591.0,8025.552734375,-1434.552734375,1434.552734375
8088,2021,Q4,36109,Tompkins County,upstate,XGBoost — level,7824.0,8463.2216796875,-639.2216796875,639.2216796875
8088,2021,Q4,36111,Ulster County,upstate,XGBoost — level,10917.0,11199.0654296875,-282.0654296875,282.0654296875
8088,2021,Q4,36113,Warren County,upstate,XGBoost — level,10255.0,10403.2490234375,-148.2490234375,148.2490234375
8088,2021,Q4,36117,Wayne County,upstate,XGBoost — level,5257.0,5711.72216796875,-454.72216796875,454.72216796875
8088,2021,Q4,36119,Westchester County,downstate_non_nyc,XGBoost — level,93243.0,82077.7109375,11165.2890625,11165.2890625
8088,2021,Q4,36121,Wyoming County,upstate,XGBoost — level,3351.0,3335.94873046875,15.05126953125,15.05126953125
8088,2021,Q4,36123,Yates County,upstate,XGBoost — level,1877.0,2173.841796875,-296.841796875,296.841796875
8088,2021,Q4,36001,Albany County,upstate,XGBoost — change from seasonal persistence,39044.0,31797.3388671875,7246.6611328125,7246.6611328125
8088,2021,Q4,36003,Allegany County,upstate,XGBoost — change from seasonal persistence,2668.0,2556.1881561279297,111.81184387207031,111.81184387207031
8088,2021,Q4,36005,Bronx County,nyc,XGBoost — change from seasonal persistence,190068.0,170262.515625,19805.484375,19805.484375
8088,2021,Q4,36007,Broome County,upstate,XGBoost — change from seasonal persistence,22477.0,18469.56280517578,4007.4371948242188,4007.4371948242188
8088,2021,Q4,36009,Cattaraugus County,upstate,XGBoost — change from seasonal persistence,5548.0,5877.3045654296875,-329.3045654296875,329.3045654296875
8088,2021,Q4,36011,Cayuga County,upstate,XGBoost — change from seasonal persistence,6251.0,5371.761470794678,879.2385292053223,879.2385292053223
8088,2021,Q4,36013,Chautauqua County,upstate,XGBoost — change from seasonal persistence,12547.0,10883.247436523438,1663.7525634765625,1663.7525634765625
8088,2021,Q4,36015,Chemung County,upstate,XGBoost — change from seasonal persistence,7809.0,7854.0770263671875,-45.0770263671875,45.0770263671875
8088,2021,Q4,36017,Chenango County,upstate,XGBoost — change from seasonal persistence,5356.0,3243.61181640625,2112.38818359375,2112.38818359375
8088,2021,Q4,36019,Clinton County,upstate,XGBoost — change from seasonal persistence,7911.0,7934.0299072265625,-23.0299072265625,23.0299072265625
8088,2021,Q4,36021,Columbia County,upstate,XGBoost — change from seasonal persistence,5168.0,5802.546691894531,-634.5466918945312,634.5466918945312
8088,2021,Q4,36023,Cortland County,upstate,XGBoost — change from seasonal persistence,6186.0,5421.5274658203125,764.4725341796875,764.4725341796875
8088,2021,Q4,36025,Delaware County,upstate,XGBoost — change from seasonal persistence,4613.0,4270.682861328125,342.317138671875,342.317138671875
8088,2021,Q4,36027,Dutchess County,upstate,XGBoost — change from seasonal persistence,28503.0,23562.504196166992,4940.495803833008,4940.495803833008
8088,2021,Q4,36029,Erie County,upstate,XGBoost — change from seasonal persistence,74679.0,83814.6064453125,-9135.6064453125,9135.6064453125
8088,2021,Q4,36031,Essex County,upstate,XGBoost — change from seasonal persistence,2124.0,398.8714599609375,1725.1285400390625,1725.1285400390625
8088,2021,Q4,36033,Franklin County,upstate,XGBoost — change from seasonal persistence,5788.0,5661.303955078125,126.696044921875,126.696044921875
8088,2021,Q4,36035,Fulton County,upstate,XGBoost — change from seasonal persistence,4617.0,3931.7086181640625,685.2913818359375,685.2913818359375
8088,2021,Q4,36037,Genesee County,upstate,XGBoost — change from seasonal persistence,5590.0,4826.046081542969,763.9539184570312,763.9539184570312
8088,2021,Q4,36045,Jefferson County,upstate,XGBoost — change from seasonal persistence,11097.0,11209.716979980469,-112.71697998046875,112.71697998046875
8088,2021,Q4,36047,Kings County,nyc,XGBoost — change from seasonal persistence,181318.0,177560.5693359375,3757.4306640625,3757.4306640625
8088,2021,Q4,36049,Lewis County,upstate,XGBoost — change from seasonal persistence,2499.0,2144.8493156433105,354.15068435668945,354.15068435668945
8088,2021,Q4,36051,Livingston County,upstate,XGBoost — change from seasonal persistence,3207.0,2603.661834716797,603.3381652832031,603.3381652832031
8088,2021,Q4,36053,Madison County,upstate,XGBoost — change from seasonal persistence,8680.0,7313.752197265625,1366.247802734375,1366.247802734375
8088,2021,Q4,36055,Monroe County,upstate,XGBoost — change from seasonal persistence,69790.0,69281.830078125,508.169921875,508.169921875
8088,2021,Q4,36057,Montgomery County,upstate,XGBoost — change from seasonal persistence,10481.0,8660.24560546875,1820.75439453125,1820.75439453125
8088,2021,Q4,36059,Nassau County,downstate_non_nyc,XGBoost — change from seasonal persistence,118863.0,82802.693359375,36060.306640625,36060.306640625
8088,2021,Q4,36061,New York County,nyc,XGBoost — change from seasonal persistence,263132.0,182892.88671875,80239.11328125,80239.11328125
8088,2021,Q4,36063,Niagara County,upstate,XGBoost — change from seasonal persistence,12476.0,10473.558959960938,2002.4410400390625,2002.4410400390625
8088,2021,Q4,36065,Oneida County,upstate,XGBoost — change from seasonal persistence,26962.0,17436.583984375,9525.416015625,9525.416015625
8088,2021,Q4,36067,Onondaga County,upstate,XGBoost — change from seasonal persistence,49476.0,52212.96044921875,-2736.96044921875,2736.96044921875
8088,2021,Q4,36069,Ontario County,upstate,XGBoost — change from seasonal persistence,15289.0,11314.486389160156,3974.5136108398438,3974.5136108398438
8088,2021,Q4,36071,Orange County,upstate,XGBoost — change from seasonal persistence,37916.0,33160.897705078125,4755.102294921875,4755.102294921875
8088,2021,Q4,36075,Oswego County,upstate,XGBoost — change from seasonal persistence,5747.0,5432.129150390625,314.870849609375,314.870849609375
8088,2021,Q4,36077,Otsego County,upstate,XGBoost — change from seasonal persistence,7743.0,8130.3719482421875,-387.3719482421875,387.3719482421875
8088,2021,Q4,36079,Putnam County,upstate,XGBoost — change from seasonal persistence,5081.0,4947.740295410156,133.25970458984375,133.25970458984375
8088,2021,Q4,36081,Queens County,nyc,XGBoost — change from seasonal persistence,186459.0,173632.8984375,12826.1015625,12826.1015625
8088,2021,Q4,36083,Rensselaer County,upstate,XGBoost — change from seasonal persistence,12074.0,10805.25,1268.75,1268.75
8088,2021,Q4,36085,Richmond County,nyc,XGBoost — change from seasonal persistence,22847.0,18524.74609375,4322.25390625,4322.25390625
8088,2021,Q4,36087,Rockland County,downstate_non_nyc,XGBoost — change from seasonal persistence,21993.0,17452.747192382812,4540.2528076171875,4540.2528076171875
8088,2021,Q4,36089,St. Lawrence County,upstate,XGBoost — change from seasonal persistence,15950.0,14097.366088867188,1852.6339111328125,1852.6339111328125
8088,2021,Q4,36091,Saratoga County,upstate,XGBoost — change from seasonal persistence,9009.0,8222.762908935547,786.2370910644531,786.2370910644531
8088,2021,Q4,36093,Schenectady County,upstate,XGBoost — change from seasonal persistence,11858.0,10917.672973632812,940.3270263671875,940.3270263671875
8088,2021,Q4,36101,Steuben County,upstate,XGBoost — change from seasonal persistence,10806.0,9881.787109375,924.212890625,924.212890625
8088,2021,Q4,36103,Suffolk County,downstate_non_nyc,XGBoost — change from seasonal persistence,115476.0,89749.8984375,25726.1015625,25726.1015625
8088,2021,Q4,36105,Sullivan County,upstate,XGBoost — change from seasonal persistence,6591.0,7011.216613769531,-420.21661376953125,420.21661376953125
8088,2021,Q4,36109,Tompkins County,upstate,XGBoost — change from seasonal persistence,7824.0,7321.5203857421875,502.4796142578125,502.4796142578125
8088,2021,Q4,36111,Ulster County,upstate,XGBoost — change from seasonal persistence,10917.0,7044.606689453125,3872.393310546875,3872.393310546875
8088,2021,Q4,36113,Warren County,upstate,XGBoost — change from seasonal persistence,10255.0,9583.438110351562,671.5618896484375,671.5618896484375
8088,2021,Q4,36117,Wayne County,upstate,XGBoost — change from seasonal persistence,5257.0,5184.871002197266,72.12899780273438,72.12899780273438
8088,2021,Q4,36119,Westchester County,downstate_non_nyc,XGBoost — change from seasonal persistence,93243.0,72056.73498535156,21186.265014648438,21186.265014648438
8088,2021,Q4,36121,Wyoming County,upstate,XGBoost — change from seasonal persistence,3351.0,2699.587921142578,651.4120788574219,651.4120788574219
8088,2021,Q4,36123,Yates County,upstate,XGBoost — change from seasonal persistence,1877.0,1123.0187377929688,753.9812622070312,753.9812622070312
8089,2022,Q1,36001,Albany County,upstate,Previous-quarter persistence,36417.0,39044.0,-2627.0,2627.0
8089,2022,Q1,36003,Allegany County,upstate,Previous-quarter persistence,2417.0,2668.0,-251.0,251.0
8089,2022,Q1,36005,Bronx County,nyc,Previous-quarter persistence,165112.0,190068.0,-24956.0,24956.0
8089,2022,Q1,36007,Broome County,upstate,Previous-quarter persistence,21154.0,22477.0,-1323.0,1323.0
8089,2022,Q1,36009,Cattaraugus County,upstate,Previous-quarter persistence,5326.0,5548.0,-222.0,222.0
8089,2022,Q1,36011,Cayuga County,upstate,Previous-quarter persistence,5565.0,6251.0,-686.0,686.0
8089,2022,Q1,36013,Chautauqua County,upstate,Previous-quarter persistence,11759.0,12547.0,-788.0,788.0
8089,2022,Q1,36015,Chemung County,upstate,Previous-quarter persistence,7644.0,7809.0,-165.0,165.0
8089,2022,Q1,36017,Chenango County,upstate,Previous-quarter persistence,3435.0,5356.0,-1921.0,1921.0
8089,2022,Q1,36019,Clinton County,upstate,Previous-quarter persistence,7417.0,7911.0,-494.0,494.0
8089,2022,Q1,36021,Columbia County,upstate,Previous-quarter persistence,4763.0,5168.0,-405.0,405.0
8089,2022,Q1,36023,Cortland County,upstate,Previous-quarter persistence,5475.0,6186.0,-711.0,711.0
8089,2022,Q1,36025,Delaware County,upstate,Previous-quarter persistence,3521.0,4613.0,-1092.0,1092.0
8089,2022,Q1,36027,Dutchess County,upstate,Previous-quarter persistence,25747.0,28503.0,-2756.0,2756.0
8089,2022,Q1,36029,Erie County,upstate,Previous-quarter persistence,76143.0,74679.0,1464.0,1464.0
8089,2022,Q1,36031,Essex County,upstate,Previous-quarter persistence,3185.0,2124.0,1061.0,1061.0
8089,2022,Q1,36033,Franklin County,upstate,Previous-quarter persistence,5258.0,5788.0,-530.0,530.0
8089,2022,Q1,36035,Fulton County,upstate,Previous-quarter persistence,4226.0,4617.0,-391.0,391.0
8089,2022,Q1,36037,Genesee County,upstate,Previous-quarter persistence,4688.0,5590.0,-902.0,902.0
8089,2022,Q1,36043,Herkimer County,upstate,Previous-quarter persistence,3199.0,3737.0,-538.0,538.0
8089,2022,Q1,36045,Jefferson County,upstate,Previous-quarter persistence,10907.0,11097.0,-190.0,190.0
8089,2022,Q1,36047,Kings County,nyc,Previous-quarter persistence,181604.0,181318.0,286.0,286.0
8089,2022,Q1,36049,Lewis County,upstate,Previous-quarter persistence,2287.0,2499.0,-212.0,212.0
8089,2022,Q1,36051,Livingston County,upstate,Previous-quarter persistence,2888.0,3207.0,-319.0,319.0
8089,2022,Q1,36053,Madison County,upstate,Previous-quarter persistence,7639.0,8680.0,-1041.0,1041.0
8089,2022,Q1,36055,Monroe County,upstate,Previous-quarter persistence,63655.0,69790.0,-6135.0,6135.0
8089,2022,Q1,36057,Montgomery County,upstate,Previous-quarter persistence,6596.0,10481.0,-3885.0,3885.0
8089,2022,Q1,36059,Nassau County,downstate_non_nyc,Previous-quarter persistence,105783.0,118863.0,-13080.0,13080.0
8089,2022,Q1,36061,New York County,nyc,Previous-quarter persistence,228969.0,263132.0,-34163.0,34163.0
8089,2022,Q1,36063,Niagara County,upstate,Previous-quarter persistence,11171.0,12476.0,-1305.0,1305.0
8089,2022,Q1,36065,Oneida County,upstate,Previous-quarter persistence,22706.0,26962.0,-4256.0,4256.0
8089,2022,Q1,36067,Onondaga County,upstate,Previous-quarter persistence,43839.0,49476.0,-5637.0,5637.0
8089,2022,Q1,36069,Ontario County,upstate,Previous-quarter persistence,13681.0,15289.0,-1608.0,1608.0
8089,2022,Q1,36071,Orange County,upstate,Previous-quarter persistence,33033.0,37916.0,-4883.0,4883.0
8089,2022,Q1,36075,Oswego County,upstate,Previous-quarter persistence,5476.0,5747.0,-271.0,271.0
8089,2022,Q1,36077,Otsego County,upstate,Previous-quarter persistence,7212.0,7743.0,-531.0,531.0
8089,2022,Q1,36079,Putnam County,upstate,Previous-quarter persistence,4317.0,5081.0,-764.0,764.0
8089,2022,Q1,36081,Queens County,nyc,Previous-quarter persistence,144956.0,186459.0,-41503.0,41503.0
8089,2022,Q1,36083,Rensselaer County,upstate,Previous-quarter persistence,10921.0,12074.0,-1153.0,1153.0
8089,2022,Q1,36085,Richmond County,nyc,Previous-quarter persistence,12144.0,22847.0,-10703.0,10703.0
8089,2022,Q1,36087,Rockland County,downstate_non_nyc,Previous-quarter persistence,19307.0,21993.0,-2686.0,2686.0
8089,2022,Q1,36089,St. Lawrence County,upstate,Previous-quarter persistence,14504.0,15950.0,-1446.0,1446.0
8089,2022,Q1,36091,Saratoga County,upstate,Previous-quarter persistence,8802.0,9009.0,-207.0,207.0
8089,2022,Q1,36093,Schenectady County,upstate,Previous-quarter persistence,11921.0,11858.0,63.0,63.0
8089,2022,Q1,36095,Schoharie County,upstate,Previous-quarter persistence,2583.0,3050.0,-467.0,467.0
8089,2022,Q1,36101,Steuben County,upstate,Previous-quarter persistence,9879.0,10806.0,-927.0,927.0
8089,2022,Q1,36103,Suffolk County,downstate_non_nyc,Previous-quarter persistence,114963.0,115476.0,-513.0,513.0
8089,2022,Q1,36105,Sullivan County,upstate,Previous-quarter persistence,6231.0,6591.0,-360.0,360.0
8089,2022,Q1,36109,Tompkins County,upstate,Previous-quarter persistence,6994.0,7824.0,-830.0,830.0
8089,2022,Q1,36111,Ulster County,upstate,Previous-quarter persistence,6631.0,10917.0,-4286.0,4286.0
8089,2022,Q1,36113,Warren County,upstate,Previous-quarter persistence,9893.0,10255.0,-362.0,362.0
8089,2022,Q1,36117,Wayne County,upstate,Previous-quarter persistence,4951.0,5257.0,-306.0,306.0
8089,2022,Q1,36119,Westchester County,downstate_non_nyc,Previous-quarter persistence,73689.0,93243.0,-19554.0,19554.0
8089,2022,Q1,36121,Wyoming County,upstate,Previous-quarter persistence,2994.0,3351.0,-357.0,357.0
8089,2022,Q1,36123,Yates County,upstate,Previous-quarter persistence,1463.0,1877.0,-414.0,414.0
8089,2022,Q1,36001,Albany County,upstate,Seasonal persistence,36417.0,33062.0,3355.0,3355.0
8089,2022,Q1,36003,Allegany County,upstate,Seasonal persistence,2417.0,2178.0,239.0,239.0
8089,2022,Q1,36005,Bronx County,nyc,Seasonal persistence,165112.0,151201.0,13911.0,13911.0
8089,2022,Q1,36007,Broome County,upstate,Seasonal persistence,21154.0,16164.0,4990.0,4990.0
8089,2022,Q1,36009,Cattaraugus County,upstate,Seasonal persistence,5326.0,5866.0,-540.0,540.0
8089,2022,Q1,36011,Cayuga County,upstate,Seasonal persistence,5565.0,5025.0,540.0,540.0
8089,2022,Q1,36013,Chautauqua County,upstate,Seasonal persistence,11759.0,11118.0,641.0,641.0
8089,2022,Q1,36015,Chemung County,upstate,Seasonal persistence,7644.0,6673.0,971.0,971.0
8089,2022,Q1,36017,Chenango County,upstate,Seasonal persistence,3435.0,2243.0,1192.0,1192.0
8089,2022,Q1,36019,Clinton County,upstate,Seasonal persistence,7417.0,7997.0,-580.0,580.0
8089,2022,Q1,36021,Columbia County,upstate,Seasonal persistence,4763.0,4832.0,-69.0,69.0
8089,2022,Q1,36023,Cortland County,upstate,Seasonal persistence,5475.0,4628.0,847.0,847.0
8089,2022,Q1,36025,Delaware County,upstate,Seasonal persistence,3521.0,3008.0,513.0,513.0
8089,2022,Q1,36027,Dutchess County,upstate,Seasonal persistence,25747.0,22874.0,2873.0,2873.0
8089,2022,Q1,36029,Erie County,upstate,Seasonal persistence,76143.0,73781.0,2362.0,2362.0
8089,2022,Q1,36031,Essex County,upstate,Seasonal persistence,3185.0,1616.0,1569.0,1569.0
8089,2022,Q1,36033,Franklin County,upstate,Seasonal persistence,5258.0,4515.0,743.0,743.0
8089,2022,Q1,36035,Fulton County,upstate,Seasonal persistence,4226.0,3732.0,494.0,494.0
8089,2022,Q1,36037,Genesee County,upstate,Seasonal persistence,4688.0,4592.0,96.0,96.0
8089,2022,Q1,36043,Herkimer County,upstate,Seasonal persistence,3199.0,2734.0,465.0,465.0
8089,2022,Q1,36045,Jefferson County,upstate,Seasonal persistence,10907.0,10977.0,-70.0,70.0
8089,2022,Q1,36047,Kings County,nyc,Seasonal persistence,181604.0,144051.0,37553.0,37553.0
8089,2022,Q1,36049,Lewis County,upstate,Seasonal persistence,2287.0,2093.0,194.0,194.0
8089,2022,Q1,36051,Livingston County,upstate,Seasonal persistence,2888.0,2745.0,143.0,143.0
8089,2022,Q1,36053,Madison County,upstate,Seasonal persistence,7639.0,6208.0,1431.0,1431.0
8089,2022,Q1,36055,Monroe County,upstate,Seasonal persistence,63655.0,65785.0,-2130.0,2130.0
8089,2022,Q1,36057,Montgomery County,upstate,Seasonal persistence,6596.0,8177.0,-1581.0,1581.0
8089,2022,Q1,36059,Nassau County,downstate_non_nyc,Seasonal persistence,105783.0,96713.0,9070.0,9070.0
8089,2022,Q1,36061,New York County,nyc,Seasonal persistence,228969.0,225706.0,3263.0,3263.0
8089,2022,Q1,36063,Niagara County,upstate,Seasonal persistence,11171.0,11363.0,-192.0,192.0
8089,2022,Q1,36065,Oneida County,upstate,Seasonal persistence,22706.0,20290.0,2416.0,2416.0
8089,2022,Q1,36067,Onondaga County,upstate,Seasonal persistence,43839.0,46976.0,-3137.0,3137.0
8089,2022,Q1,36069,Ontario County,upstate,Seasonal persistence,13681.0,11953.0,1728.0,1728.0
8089,2022,Q1,36071,Orange County,upstate,Seasonal persistence,33033.0,30427.0,2606.0,2606.0
8089,2022,Q1,36075,Oswego County,upstate,Seasonal persistence,5476.0,5254.0,222.0,222.0
8089,2022,Q1,36077,Otsego County,upstate,Seasonal persistence,7212.0,8047.0,-835.0,835.0
8089,2022,Q1,36079,Putnam County,upstate,Seasonal persistence,4317.0,4703.0,-386.0,386.0
8089,2022,Q1,36081,Queens County,nyc,Seasonal persistence,144956.0,145101.0,-145.0,145.0
8089,2022,Q1,36083,Rensselaer County,upstate,Seasonal persistence,10921.0,9612.0,1309.0,1309.0
8089,2022,Q1,36085,Richmond County,nyc,Seasonal persistence,12144.0,17221.0,-5077.0,5077.0
8089,2022,Q1,36087,Rockland County,downstate_non_nyc,Seasonal persistence,19307.0,17720.0,1587.0,1587.0
8089,2022,Q1,36089,St. Lawrence County,upstate,Seasonal persistence,14504.0,12017.0,2487.0,2487.0
8089,2022,Q1,36091,Saratoga County,upstate,Seasonal persistence,8802.0,7697.0,1105.0,1105.0
8089,2022,Q1,36093,Schenectady County,upstate,Seasonal persistence,11921.0,11112.0,809.0,809.0
8089,2022,Q1,36095,Schoharie County,upstate,Seasonal persistence,2583.0,1880.0,703.0,703.0
8089,2022,Q1,36101,Steuben County,upstate,Seasonal persistence,9879.0,8158.0,1721.0,1721.0
8089,2022,Q1,36103,Suffolk County,downstate_non_nyc,Seasonal persistence,114963.0,89190.0,25773.0,25773.0
8089,2022,Q1,36105,Sullivan County,upstate,Seasonal persistence,6231.0,5760.0,471.0,471.0
8089,2022,Q1,36109,Tompkins County,upstate,Seasonal persistence,6994.0,5833.0,1161.0,1161.0
8089,2022,Q1,36111,Ulster County,upstate,Seasonal persistence,6631.0,8856.0,-2225.0,2225.0
8089,2022,Q1,36113,Warren County,upstate,Seasonal persistence,9893.0,9139.0,754.0,754.0
8089,2022,Q1,36117,Wayne County,upstate,Seasonal persistence,4951.0,4628.0,323.0,323.0
8089,2022,Q1,36119,Westchester County,downstate_non_nyc,Seasonal persistence,73689.0,69131.0,4558.0,4558.0
8089,2022,Q1,36121,Wyoming County,upstate,Seasonal persistence,2994.0,2647.0,347.0,347.0
8089,2022,Q1,36123,Yates County,upstate,Seasonal persistence,1463.0,1306.0,157.0,157.0
8089,2022,Q1,36001,Albany County,upstate,Ridge — level,36417.0,44227.70807339424,-7810.708073394242,7810.708073394242
8089,2022,Q1,36003,Allegany County,upstate,Ridge — level,2417.0,3243.6075254578136,-826.6075254578136,826.6075254578136
8089,2022,Q1,36005,Bronx County,nyc,Ridge — level,165112.0,182185.86038950292,-17073.860389502923,17073.860389502923
8089,2022,Q1,36007,Broome County,upstate,Ridge — level,21154.0,22203.67627003244,-1049.6762700324398,1049.6762700324398
8089,2022,Q1,36009,Cattaraugus County,upstate,Ridge — level,5326.0,4555.645646885929,770.3543531140713,770.3543531140713
8089,2022,Q1,36011,Cayuga County,upstate,Ridge — level,5565.0,6064.321113833943,-499.32111383394295,499.32111383394295
8089,2022,Q1,36013,Chautauqua County,upstate,Ridge — level,11759.0,13024.75377148882,-1265.7537714888203,1265.7537714888203
8089,2022,Q1,36015,Chemung County,upstate,Ridge — level,7644.0,10430.337171521227,-2786.337171521227,2786.337171521227
8089,2022,Q1,36017,Chenango County,upstate,Ridge — level,3435.0,3490.5014588984413,-55.50145889844134,55.50145889844134
8089,2022,Q1,36019,Clinton County,upstate,Ridge — level,7417.0,10074.122206594879,-2657.1222065948787,2657.1222065948787
8089,2022,Q1,36021,Columbia County,upstate,Ridge — level,4763.0,9753.959120565261,-4990.959120565261,4990.959120565261
8089,2022,Q1,36023,Cortland County,upstate,Ridge — level,5475.0,4730.282467518435,744.7175324815653,744.7175324815653
8089,2022,Q1,36025,Delaware County,upstate,Ridge — level,3521.0,7989.941498201053,-4468.941498201053,4468.941498201053
8089,2022,Q1,36027,Dutchess County,upstate,Ridge — level,25747.0,33615.908507000226,-7868.908507000226,7868.908507000226
8089,2022,Q1,36029,Erie County,upstate,Ridge — level,76143.0,82072.12074104005,-5929.120741040053,5929.120741040053
8089,2022,Q1,36031,Essex County,upstate,Ridge — level,3185.0,2621.408311357518,563.591688642482,563.591688642482
8089,2022,Q1,36033,Franklin County,upstate,Ridge — level,5258.0,8032.7124845478465,-2774.7124845478465,2774.7124845478465
8089,2022,Q1,36035,Fulton County,upstate,Ridge — level,4226.0,5365.341171699758,-1139.341171699758,1139.341171699758
8089,2022,Q1,36037,Genesee County,upstate,Ridge — level,4688.0,6259.608070734292,-1571.6080707342917,1571.6080707342917
8089,2022,Q1,36043,Herkimer County,upstate,Ridge — level,3199.0,1804.8592295868948,1394.1407704131052,1394.1407704131052
8089,2022,Q1,36045,Jefferson County,upstate,Ridge — level,10907.0,14863.929784994103,-3956.929784994103,3956.929784994103
8089,2022,Q1,36047,Kings County,nyc,Ridge — level,181604.0,189292.9554222935,-7688.955422293511,7688.955422293511
8089,2022,Q1,36049,Lewis County,upstate,Ridge — level,2287.0,1239.7723389444145,1047.2276610555855,1047.2276610555855
8089,2022,Q1,36051,Livingston County,upstate,Ridge — level,2888.0,4604.794488234689,-1716.7944882346892,1716.7944882346892
8089,2022,Q1,36053,Madison County,upstate,Ridge — level,7639.0,5594.195470646071,2044.804529353929,2044.804529353929
8089,2022,Q1,36055,Monroe County,upstate,Ridge — level,63655.0,71985.53277184782,-8330.532771847822,8330.532771847822
8089,2022,Q1,36057,Montgomery County,upstate,Ridge — level,6596.0,13089.254834476873,-6493.254834476873,6493.254834476873
8089,2022,Q1,36059,Nassau County,downstate_non_nyc,Ridge — level,105783.0,117293.2099255757,-11510.209925575706,11510.209925575706
8089,2022,Q1,36061,New York County,nyc,Ridge — level,228969.0,249965.11021785048,-20996.11021785048,20996.11021785048
8089,2022,Q1,36063,Niagara County,upstate,Ridge — level,11171.0,19425.77343539756,-8254.773435397561,8254.773435397561
8089,2022,Q1,36065,Oneida County,upstate,Ridge — level,22706.0,25579.408265157588,-2873.408265157588,2873.408265157588
8089,2022,Q1,36067,Onondaga County,upstate,Ridge — level,43839.0,47279.43987464762,-3440.4398746476218,3440.4398746476218
8089,2022,Q1,36069,Ontario County,upstate,Ridge — level,13681.0,13916.164460067273,-235.16446006727347,235.16446006727347
8089,2022,Q1,36071,Orange County,upstate,Ridge — level,33033.0,42332.88203788445,-9299.882037884447,9299.882037884447
8089,2022,Q1,36075,Oswego County,upstate,Ridge — level,5476.0,7943.206405996938,-2467.206405996938,2467.206405996938
8089,2022,Q1,36077,Otsego County,upstate,Ridge — level,7212.0,8174.197888263912,-962.1978882639123,962.1978882639123
8089,2022,Q1,36079,Putnam County,upstate,Ridge — level,4317.0,9320.992051718087,-5003.992051718087,5003.992051718087
8089,2022,Q1,36081,Queens County,nyc,Ridge — level,144956.0,184391.8360365814,-39435.8360365814,39435.8360365814
8089,2022,Q1,36083,Rensselaer County,upstate,Ridge — level,10921.0,14070.355079639212,-3149.355079639212,3149.355079639212
8089,2022,Q1,36085,Richmond County,nyc,Ridge — level,12144.0,32568.268744551482,-20424.268744551482,20424.268744551482
8089,2022,Q1,36087,Rockland County,downstate_non_nyc,Ridge — level,19307.0,23668.89584146219,-4361.895841462188,4361.895841462188
8089,2022,Q1,36089,St. Lawrence County,upstate,Ridge — level,14504.0,21951.402638946638,-7447.402638946638,7447.402638946638
8089,2022,Q1,36091,Saratoga County,upstate,Ridge — level,8802.0,13127.619370470256,-4325.619370470256,4325.619370470256
8089,2022,Q1,36093,Schenectady County,upstate,Ridge — level,11921.0,15578.171578111429,-3657.171578111429,3657.171578111429
8089,2022,Q1,36095,Schoharie County,upstate,Ridge — level,2583.0,3143.2238314552524,-560.2238314552524,560.2238314552524
8089,2022,Q1,36101,Steuben County,upstate,Ridge — level,9879.0,12802.105648860314,-2923.1056488603135,2923.1056488603135
8089,2022,Q1,36103,Suffolk County,downstate_non_nyc,Ridge — level,114963.0,117727.16499495316,-2764.1649949531566,2764.1649949531566
8089,2022,Q1,36105,Sullivan County,upstate,Ridge — level,6231.0,9934.188668395556,-3703.1886683955563,3703.1886683955563
8089,2022,Q1,36109,Tompkins County,upstate,Ridge — level,6994.0,10956.083977469134,-3962.083977469134,3962.083977469134
8089,2022,Q1,36111,Ulster County,upstate,Ridge — level,6631.0,17565.953933847326,-10934.953933847326,10934.953933847326
8089,2022,Q1,36113,Warren County,upstate,Ridge — level,9893.0,13457.904919270852,-3564.9049192708517,3564.9049192708517
8089,2022,Q1,36117,Wayne County,upstate,Ridge — level,4951.0,4054.6066103413723,896.3933896586277,896.3933896586277
8089,2022,Q1,36119,Westchester County,downstate_non_nyc,Ridge — level,73689.0,97265.18727689188,-23576.187276891884,23576.187276891884
8089,2022,Q1,36121,Wyoming County,upstate,Ridge — level,2994.0,1862.9534718956274,1131.0465281043726,1131.0465281043726
8089,2022,Q1,36123,Yates County,upstate,Ridge — level,1463.0,1274.992863529973,188.00713647002704,188.00713647002704
8089,2022,Q1,36001,Albany County,upstate,Ridge — change from seasonal persistence,36417.0,47153.46260284378,-10736.462602843778,10736.462602843778
8089,2022,Q1,36003,Allegany County,upstate,Ridge — change from seasonal persistence,2417.0,6033.589894316516,-3616.5898943165157,3616.5898943165157
8089,2022,Q1,36005,Bronx County,nyc,Ridge — change from seasonal persistence,165112.0,182577.71543573838,-17465.715435738384,17465.715435738384
8089,2022,Q1,36007,Broome County,upstate,Ridge — change from seasonal persistence,21154.0,25579.496428026672,-4425.496428026672,4425.496428026672
8089,2022,Q1,36009,Cattaraugus County,upstate,Ridge — change from seasonal persistence,5326.0,7071.3756887649015,-1745.3756887649015,1745.3756887649015
8089,2022,Q1,36011,Cayuga County,upstate,Ridge — change from seasonal persistence,5565.0,8815.732501304281,-3250.732501304281,3250.732501304281
8089,2022,Q1,36013,Chautauqua County,upstate,Ridge — change from seasonal persistence,11759.0,15285.142739370935,-3526.1427393709346,3526.1427393709346
8089,2022,Q1,36015,Chemung County,upstate,Ridge — change from seasonal persistence,7644.0,13354.91273175338,-5710.91273175338,5710.91273175338
8089,2022,Q1,36017,Chenango County,upstate,Ridge — change from seasonal persistence,3435.0,7000.173439242146,-3565.173439242146,3565.173439242146
8089,2022,Q1,36019,Clinton County,upstate,Ridge — change from seasonal persistence,7417.0,13814.491876566868,-6397.491876566868,6397.491876566868
8089,2022,Q1,36021,Columbia County,upstate,Ridge — change from seasonal persistence,4763.0,14503.658589105782,-9740.658589105782,9740.658589105782
8089,2022,Q1,36023,Cortland County,upstate,Ridge — change from seasonal persistence,5475.0,7271.317993618508,-1796.317993618508,1796.317993618508
8089,2022,Q1,36025,Delaware County,upstate,Ridge — change from seasonal persistence,3521.0,12748.209928617596,-9227.209928617596,9227.209928617596
8089,2022,Q1,36027,Dutchess County,upstate,Ridge — change from seasonal persistence,25747.0,36178.503112258724,-10431.503112258724,10431.503112258724
8089,2022,Q1,36029,Erie County,upstate,Ridge — change from seasonal persistence,76143.0,83219.71172147925,-7076.711721479252,7076.711721479252
8089,2022,Q1,36031,Essex County,upstate,Ridge — change from seasonal persistence,3185.0,7491.272976798313,-4306.272976798313,4306.272976798313
8089,2022,Q1,36033,Franklin County,upstate,Ridge — change from seasonal persistence,5258.0,12032.49249411182,-6774.492494111821,6774.492494111821
8089,2022,Q1,36035,Fulton County,upstate,Ridge — change from seasonal persistence,4226.0,9237.144864994612,-5011.144864994612,5011.144864994612
8089,2022,Q1,36037,Genesee County,upstate,Ridge — change from seasonal persistence,4688.0,8504.57376467701,-3816.5737646770103,3816.5737646770103
8089,2022,Q1,36043,Herkimer County,upstate,Ridge — change from seasonal persistence,3199.0,5966.002386276612,-2767.002386276612,2767.002386276612
8089,2022,Q1,36045,Jefferson County,upstate,Ridge — change from seasonal persistence,10907.0,17316.422752305654,-6409.422752305654,6409.422752305654
8089,2022,Q1,36047,Kings County,nyc,Ridge — change from seasonal persistence,181604.0,190174.78652470186,-8570.786524701864,8570.786524701864
8089,2022,Q1,36049,Lewis County,upstate,Ridge — change from seasonal persistence,2287.0,4996.040583966365,-2709.0405839663654,2709.0405839663654
8089,2022,Q1,36051,Livingston County,upstate,Ridge — change from seasonal persistence,2888.0,6831.057604895823,-3943.057604895823,3943.057604895823
8089,2022,Q1,36053,Madison County,upstate,Ridge — change from seasonal persistence,7639.0,8240.71443633606,-601.7144363360603,601.7144363360603
8089,2022,Q1,36055,Monroe County,upstate,Ridge — change from seasonal persistence,63655.0,73807.53204703842,-10152.532047038418,10152.532047038418
8089,2022,Q1,36057,Montgomery County,upstate,Ridge — change from seasonal persistence,6596.0,17427.515544445196,-10831.515544445196,10831.515544445196
8089,2022,Q1,36059,Nassau County,downstate_non_nyc,Ridge — change from seasonal persistence,105783.0,119365.77589462146,-13582.77589462146,13582.77589462146
8089,2022,Q1,36061,New York County,nyc,Ridge — change from seasonal persistence,228969.0,250427.20156584296,-21458.20156584296,21458.20156584296
8089,2022,Q1,36063,Niagara County,upstate,Ridge — change from seasonal persistence,11171.0,21526.270670168815,-10355.270670168815,10355.270670168815
8089,2022,Q1,36065,Oneida County,upstate,Ridge — change from seasonal persistence,22706.0,29084.681022752295,-6378.681022752295,6378.681022752295
8089,2022,Q1,36067,Onondaga County,upstate,Ridge — change from seasonal persistence,43839.0,49835.28911559963,-5996.289115599633,5996.289115599633
8089,2022,Q1,36069,Ontario County,upstate,Ridge — change from seasonal persistence,13681.0,16692.27709128339,-3011.277091283391,3011.277091283391
8089,2022,Q1,36071,Orange County,upstate,Ridge — change from seasonal persistence,33033.0,44092.71566513274,-11059.715665132739,11059.715665132739
8089,2022,Q1,36075,Oswego County,upstate,Ridge — change from seasonal persistence,5476.0,10950.691428936072,-5474.691428936072,5474.691428936072
8089,2022,Q1,36077,Otsego County,upstate,Ridge — change from seasonal persistence,7212.0,12103.79612668475,-4891.796126684751,4891.796126684751
8089,2022,Q1,36079,Putnam County,upstate,Ridge — change from seasonal persistence,4317.0,12334.870236906885,-8017.870236906885,8017.870236906885
8089,2022,Q1,36081,Queens County,nyc,Ridge — change from seasonal persistence,144956.0,184322.79123279138,-39366.79123279138,39366.79123279138
8089,2022,Q1,36083,Rensselaer County,upstate,Ridge — change from seasonal persistence,10921.0,17613.103674322287,-6692.103674322287,6692.103674322287
8089,2022,Q1,36085,Richmond County,nyc,Ridge — change from seasonal persistence,12144.0,34653.8910009236,-22509.8910009236,22509.8910009236
8089,2022,Q1,36087,Rockland County,downstate_non_nyc,Ridge — change from seasonal persistence,19307.0,26990.15250558965,-7683.152505589649,7683.152505589649
8089,2022,Q1,36089,St. Lawrence County,upstate,Ridge — change from seasonal persistence,14504.0,25503.9385910267,-10999.938591026701,10999.938591026701
8089,2022,Q1,36091,Saratoga County,upstate,Ridge — change from seasonal persistence,8802.0,16658.92472996375,-7856.92472996375,7856.92472996375
8089,2022,Q1,36093,Schenectady County,upstate,Ridge — change from seasonal persistence,11921.0,19271.061479413438,-7350.061479413438,7350.061479413438
8089,2022,Q1,36095,Schoharie County,upstate,Ridge — change from seasonal persistence,2583.0,7388.5420957326205,-4805.5420957326205,4805.5420957326205
8089,2022,Q1,36101,Steuben County,upstate,Ridge — change from seasonal persistence,9879.0,15530.454748999075,-5651.454748999075,5651.454748999075
8089,2022,Q1,36103,Suffolk County,downstate_non_nyc,Ridge — change from seasonal persistence,114963.0,119390.9893730122,-4427.9893730121985,4427.9893730121985
8089,2022,Q1,36105,Sullivan County,upstate,Ridge — change from seasonal persistence,6231.0,12848.382063008923,-6617.382063008923,6617.382063008923
8089,2022,Q1,36109,Tompkins County,upstate,Ridge — change from seasonal persistence,6994.0,12780.254940304612,-5786.254940304612,5786.254940304612
8089,2022,Q1,36111,Ulster County,upstate,Ridge — change from seasonal persistence,6631.0,20481.394961165395,-13850.394961165395,13850.394961165395
8089,2022,Q1,36113,Warren County,upstate,Ridge — change from seasonal persistence,9893.0,17914.881519741626,-8021.881519741626,8021.881519741626
8089,2022,Q1,36117,Wayne County,upstate,Ridge — change from seasonal persistence,4951.0,6958.492512023013,-2007.4925120230128,2007.4925120230128
8089,2022,Q1,36119,Westchester County,downstate_non_nyc,Ridge — change from seasonal persistence,73689.0,99170.44867874391,-25481.44867874391,25481.44867874391
8089,2022,Q1,36121,Wyoming County,upstate,Ridge — change from seasonal persistence,2994.0,3394.892380951223,-400.892380951223,400.892380951223
8089,2022,Q1,36123,Yates County,upstate,Ridge — change from seasonal persistence,1463.0,4999.049541667766,-3536.049541667766,3536.049541667766
8089,2022,Q1,36001,Albany County,upstate,Random Forest — level,36417.0,37702.52347058036,-1285.5234705803596,1285.5234705803596
8089,2022,Q1,36003,Allegany County,upstate,Random Forest — level,2417.0,2869.5151406001396,-452.5151406001396,452.5151406001396
8089,2022,Q1,36005,Bronx County,nyc,Random Forest — level,165112.0,185327.80097324552,-20215.800973245525,20215.800973245525
8089,2022,Q1,36007,Broome County,upstate,Random Forest — level,21154.0,22251.281515904582,-1097.2815159045822,1097.2815159045822
8089,2022,Q1,36009,Cattaraugus County,upstate,Random Forest — level,5326.0,6070.073861138863,-744.0738611388633,744.0738611388633
8089,2022,Q1,36011,Cayuga County,upstate,Random Forest — level,5565.0,6333.872145770897,-768.8721457708971,768.8721457708971
8089,2022,Q1,36013,Chautauqua County,upstate,Random Forest — level,11759.0,12385.664180671178,-626.6641806711777,626.6641806711777
8089,2022,Q1,36015,Chemung County,upstate,Random Forest — level,7644.0,8135.341223295222,-491.34122329522233,491.34122329522233
8089,2022,Q1,36017,Chenango County,upstate,Random Forest — level,3435.0,4687.481647389646,-1252.4816473896462,1252.4816473896462
8089,2022,Q1,36019,Clinton County,upstate,Random Forest — level,7417.0,8579.791796942714,-1162.7917969427144,1162.7917969427144
8089,2022,Q1,36021,Columbia County,upstate,Random Forest — level,4763.0,5306.144096038222,-543.1440960382224,543.1440960382224
8089,2022,Q1,36023,Cortland County,upstate,Random Forest — level,5475.0,6003.215087491215,-528.215087491215,528.215087491215
8089,2022,Q1,36025,Delaware County,upstate,Random Forest — level,3521.0,4733.737120263182,-1212.737120263182,1212.737120263182
8089,2022,Q1,36027,Dutchess County,upstate,Random Forest — level,25747.0,27433.659753510383,-1686.6597535103829,1686.6597535103829
8089,2022,Q1,36029,Erie County,upstate,Random Forest — level,76143.0,78622.59677652441,-2479.596776524413,2479.596776524413
8089,2022,Q1,36031,Essex County,upstate,Random Forest — level,3185.0,2270.7524674307165,914.2475325692835,914.2475325692835
8089,2022,Q1,36033,Franklin County,upstate,Random Forest — level,5258.0,6122.479770086401,-864.479770086401,864.479770086401
8089,2022,Q1,36035,Fulton County,upstate,Random Forest — level,4226.0,5031.311234913241,-805.3112349132407,805.3112349132407
8089,2022,Q1,36037,Genesee County,upstate,Random Forest — level,4688.0,5303.737432368558,-615.7374323685581,615.7374323685581
8089,2022,Q1,36043,Herkimer County,upstate,Random Forest — level,3199.0,3604.0590933140925,-405.0590933140925,405.0590933140925
8089,2022,Q1,36045,Jefferson County,upstate,Random Forest — level,10907.0,12519.983093489847,-1612.9830934898473,1612.9830934898473
8089,2022,Q1,36047,Kings County,nyc,Random Forest — level,181604.0,178788.58370404254,2815.4162959574605,2815.4162959574605
8089,2022,Q1,36049,Lewis County,upstate,Random Forest — level,2287.0,2565.6484052799046,-278.64840527990464,278.64840527990464
8089,2022,Q1,36051,Livingston County,upstate,Random Forest — level,2888.0,3260.4784319106793,-372.4784319106793,372.4784319106793
8089,2022,Q1,36053,Madison County,upstate,Random Forest — level,7639.0,8068.941185643058,-429.9411856430579,429.9411856430579
8089,2022,Q1,36055,Monroe County,upstate,Random Forest — level,63655.0,74471.4853421486,-10816.485342148604,10816.485342148604
8089,2022,Q1,36057,Montgomery County,upstate,Random Forest — level,6596.0,10902.835542874333,-4306.8355428743325,4306.8355428743325
8089,2022,Q1,36059,Nassau County,downstate_non_nyc,Random Forest — level,105783.0,108112.46511124857,-2329.4651112485735,2329.4651112485735
8089,2022,Q1,36061,New York County,nyc,Random Forest — level,228969.0,245821.53803187356,-16852.538031873555,16852.538031873555
8089,2022,Q1,36063,Niagara County,upstate,Random Forest — level,11171.0,12647.16806235431,-1476.1680623543107,1476.1680623543107
8089,2022,Q1,36065,Oneida County,upstate,Random Forest — level,22706.0,25693.27519506882,-2987.2751950688216,2987.2751950688216
8089,2022,Q1,36067,Onondaga County,upstate,Random Forest — level,43839.0,49512.12633585859,-5673.126335858593,5673.126335858593
8089,2022,Q1,36069,Ontario County,upstate,Random Forest — level,13681.0,15175.57844252098,-1494.5784425209804,1494.5784425209804
8089,2022,Q1,36071,Orange County,upstate,Random Forest — level,33033.0,36804.89496796262,-3771.8949679626166,3771.8949679626166
8089,2022,Q1,36075,Oswego County,upstate,Random Forest — level,5476.0,6069.515837098088,-593.515837098088,593.515837098088
8089,2022,Q1,36077,Otsego County,upstate,Random Forest — level,7212.0,8403.758895595143,-1191.7588955951433,1191.7588955951433
8089,2022,Q1,36079,Putnam County,upstate,Random Forest — level,4317.0,5252.2672638611375,-935.2672638611375,935.2672638611375
8089,2022,Q1,36081,Queens County,nyc,Random Forest — level,144956.0,181048.15303101094,-36092.15303101094,36092.15303101094
8089,2022,Q1,36083,Rensselaer County,upstate,Random Forest — level,10921.0,11764.574495372277,-843.5744953722769,843.5744953722769
8089,2022,Q1,36085,Richmond County,nyc,Random Forest — level,12144.0,22997.94384833686,-10853.943848336861,10853.943848336861
8089,2022,Q1,36087,Rockland County,downstate_non_nyc,Random Forest — level,19307.0,21877.971677572434,-2570.9716775724337,2570.9716775724337
8089,2022,Q1,36089,St. Lawrence County,upstate,Random Forest — level,14504.0,17147.610125346873,-2643.6101253468732,2643.6101253468732
8089,2022,Q1,36091,Saratoga County,upstate,Random Forest — level,8802.0,9398.427541319796,-596.4275413197956,596.4275413197956
8089,2022,Q1,36093,Schenectady County,upstate,Random Forest — level,11921.0,11758.647391399192,162.3526086008078,162.3526086008078
8089,2022,Q1,36095,Schoharie County,upstate,Random Forest — level,2583.0,2957.157587569835,-374.15758756983496,374.15758756983496
8089,2022,Q1,36101,Steuben County,upstate,Random Forest — level,9879.0,11395.684481190103,-1516.6844811901028,1516.6844811901028
8089,2022,Q1,36103,Suffolk County,downstate_non_nyc,Random Forest — level,114963.0,114440.92782214418,522.0721778558218,522.0721778558218
8089,2022,Q1,36105,Sullivan County,upstate,Random Forest — level,6231.0,6718.815781371407,-487.81578137140696,487.81578137140696
8089,2022,Q1,36109,Tompkins County,upstate,Random Forest — level,6994.0,8053.783958832832,-1059.7839588328316,1059.7839588328316
8089,2022,Q1,36111,Ulster County,upstate,Random Forest — level,6631.0,11267.735244840402,-4636.735244840402,4636.735244840402
8089,2022,Q1,36113,Warren County,upstate,Random Forest — level,9893.0,10454.319314343606,-561.3193143436056,561.3193143436056
8089,2022,Q1,36117,Wayne County,upstate,Random Forest — level,4951.0,5290.404523504276,-339.40452350427586,339.40452350427586
8089,2022,Q1,36119,Westchester County,downstate_non_nyc,Random Forest — level,73689.0,91132.63358716629,-17443.63358716629,17443.63358716629
8089,2022,Q1,36121,Wyoming County,upstate,Random Forest — level,2994.0,3316.926328916451,-322.926328916451,322.926328916451
8089,2022,Q1,36123,Yates County,upstate,Random Forest — level,1463.0,1896.7724754504732,-433.77247545047317,433.77247545047317
8089,2022,Q1,36001,Albany County,upstate,Random Forest — change from seasonal persistence,36417.0,38127.392445239944,-1710.3924452399442,1710.3924452399442
8089,2022,Q1,36003,Allegany County,upstate,Random Forest — change from seasonal persistence,2417.0,3124.0007137908387,-707.0007137908387,707.0007137908387
8089,2022,Q1,36005,Bronx County,nyc,Random Forest — change from seasonal persistence,165112.0,196224.17984923543,-31112.17984923543,31112.17984923543
8089,2022,Q1,36007,Broome County,upstate,Random Forest — change from seasonal persistence,21154.0,19569.748086630963,1584.2519133690366,1584.2519133690366
8089,2022,Q1,36009,Cattaraugus County,upstate,Random Forest — change from seasonal persistence,5326.0,6251.640631424131,-925.6406314241312,925.6406314241312
8089,2022,Q1,36011,Cayuga County,upstate,Random Forest — change from seasonal persistence,5565.0,6006.494590475157,-441.49459047515666,441.49459047515666
8089,2022,Q1,36013,Chautauqua County,upstate,Random Forest — change from seasonal persistence,11759.0,13089.438452801829,-1330.438452801829,1330.438452801829
8089,2022,Q1,36015,Chemung County,upstate,Random Forest — change from seasonal persistence,7644.0,7801.966026410409,-157.96602641040863,157.96602641040863
8089,2022,Q1,36017,Chenango County,upstate,Random Forest — change from seasonal persistence,3435.0,3425.3341007326007,9.665899267399254,9.665899267399254
8089,2022,Q1,36019,Clinton County,upstate,Random Forest — change from seasonal persistence,7417.0,8259.068611878862,-842.0686118788617,842.0686118788617
8089,2022,Q1,36021,Columbia County,upstate,Random Forest — change from seasonal persistence,4763.0,5651.851472985349,-888.8514729853487,888.8514729853487
8089,2022,Q1,36023,Cortland County,upstate,Random Forest — change from seasonal persistence,5475.0,5666.175963992162,-191.175963992162,191.175963992162
8089,2022,Q1,36025,Delaware County,upstate,Random Forest — change from seasonal persistence,3521.0,4175.678749680874,-654.6787496808738,654.6787496808738
8089,2022,Q1,36027,Dutchess County,upstate,Random Forest — change from seasonal persistence,25747.0,25194.59179373867,552.4082062613306,552.4082062613306
8089,2022,Q1,36029,Erie County,upstate,Random Forest — change from seasonal persistence,76143.0,79970.36912211863,-3827.369122118631,3827.369122118631
8089,2022,Q1,36031,Essex County,upstate,Random Forest — change from seasonal persistence,3185.0,1996.0025280460284,1188.9974719539716,1188.9974719539716
8089,2022,Q1,36033,Franklin County,upstate,Random Forest — change from seasonal persistence,5258.0,5834.781299758248,-576.7812997582478,576.7812997582478
8089,2022,Q1,36035,Fulton County,upstate,Random Forest — change from seasonal persistence,4226.0,4385.488282421283,-159.48828242128275,159.48828242128275
8089,2022,Q1,36037,Genesee County,upstate,Random Forest — change from seasonal persistence,4688.0,5648.595529111726,-960.5955291117261,960.5955291117261
8089,2022,Q1,36043,Herkimer County,upstate,Random Forest — change from seasonal persistence,3199.0,3628.608173769314,-429.6081737693139,429.6081737693139
8089,2022,Q1,36045,Jefferson County,upstate,Random Forest — change from seasonal persistence,10907.0,13586.17667908018,-2679.1766790801794,2679.1766790801794
8089,2022,Q1,36047,Kings County,nyc,Random Forest — change from seasonal persistence,181604.0,184217.21119027404,-2613.2111902740435,2613.2111902740435
8089,2022,Q1,36049,Lewis County,upstate,Random Forest — change from seasonal persistence,2287.0,2538.653295432509,-251.6532954325089,251.6532954325089
8089,2022,Q1,36051,Livingston County,upstate,Random Forest — change from seasonal persistence,2888.0,3612.9625903111055,-724.9625903111055,724.9625903111055
8089,2022,Q1,36053,Madison County,upstate,Random Forest — change from seasonal persistence,7639.0,7516.741165377923,122.2588346220773,122.2588346220773
8089,2022,Q1,36055,Monroe County,upstate,Random Forest — change from seasonal persistence,63655.0,68081.44712966282,-4426.447129662818,4426.447129662818
8089,2022,Q1,36057,Montgomery County,upstate,Random Forest — change from seasonal persistence,6596.0,10287.99654307539,-3691.996543075389,3691.996543075389
8089,2022,Q1,36059,Nassau County,downstate_non_nyc,Random Forest — change from seasonal persistence,105783.0,107886.69643265178,-2103.6964326517773,2103.6964326517773
8089,2022,Q1,36061,New York County,nyc,Random Forest — change from seasonal persistence,228969.0,222347.62499908888,6621.3750009111245,6621.3750009111245
8089,2022,Q1,36063,Niagara County,upstate,Random Forest — change from seasonal persistence,11171.0,12361.070843582344,-1190.0708435823435,1190.0708435823435
8089,2022,Q1,36065,Oneida County,upstate,Random Forest — change from seasonal persistence,22706.0,21877.260800361677,828.739199638323,828.739199638323
8089,2022,Q1,36067,Onondaga County,upstate,Random Forest — change from seasonal persistence,43839.0,47811.45589698265,-3972.4558969826467,3972.4558969826467
8089,2022,Q1,36069,Ontario County,upstate,Random Forest — change from seasonal persistence,13681.0,13875.5194146229,-194.5194146229005,194.5194146229005
8089,2022,Q1,36071,Orange County,upstate,Random Forest — change from seasonal persistence,33033.0,36208.88725150231,-3175.8872515023104,3175.8872515023104
8089,2022,Q1,36075,Oswego County,upstate,Random Forest — change from seasonal persistence,5476.0,5872.957911020352,-396.9579110203522,396.9579110203522
8089,2022,Q1,36077,Otsego County,upstate,Random Forest — change from seasonal persistence,7212.0,8351.306693778444,-1139.3066937784442,1139.3066937784442
8089,2022,Q1,36079,Putnam County,upstate,Random Forest — change from seasonal persistence,4317.0,5472.059200239575,-1155.0592002395751,1155.0592002395751
8089,2022,Q1,36081,Queens County,nyc,Random Forest — change from seasonal persistence,144956.0,192281.34940370877,-47325.349403708766,47325.349403708766
8089,2022,Q1,36083,Rensselaer County,upstate,Random Forest — change from seasonal persistence,10921.0,11878.027886849262,-957.0278868492624,957.0278868492624
8089,2022,Q1,36085,Richmond County,nyc,Random Forest — change from seasonal persistence,12144.0,15496.979380499131,-3352.9793804991314,3352.9793804991314
8089,2022,Q1,36087,Rockland County,downstate_non_nyc,Random Forest — change from seasonal persistence,19307.0,20822.140105983886,-1515.1401059838863,1515.1401059838863
8089,2022,Q1,36089,St. Lawrence County,upstate,Random Forest — change from seasonal persistence,14504.0,14684.145594507345,-180.14559450734487,180.14559450734487
8089,2022,Q1,36091,Saratoga County,upstate,Random Forest — change from seasonal persistence,8802.0,9111.518752210752,-309.5187522107517,309.5187522107517
8089,2022,Q1,36093,Schenectady County,upstate,Random Forest — change from seasonal persistence,11921.0,12363.39467436485,-442.3946743648503,442.3946743648503
8089,2022,Q1,36095,Schoharie County,upstate,Random Forest — change from seasonal persistence,2583.0,2827.3345947848443,-244.33459478484428,244.33459478484428
8089,2022,Q1,36101,Steuben County,upstate,Random Forest — change from seasonal persistence,9879.0,9828.643486753987,50.35651324601349,50.35651324601349
8089,2022,Q1,36103,Suffolk County,downstate_non_nyc,Random Forest — change from seasonal persistence,114963.0,101638.94518479668,13324.054815203315,13324.054815203315
8089,2022,Q1,36105,Sullivan County,upstate,Random Forest — change from seasonal persistence,6231.0,6452.79280488493,-221.79280488492986,221.79280488492986
8089,2022,Q1,36109,Tompkins County,upstate,Random Forest — change from seasonal persistence,6994.0,7135.250567344692,-141.25056734469217,141.25056734469217
8089,2022,Q1,36111,Ulster County,upstate,Random Forest — change from seasonal persistence,6631.0,10466.110891081142,-3835.1108910811417,3835.1108910811417
8089,2022,Q1,36113,Warren County,upstate,Random Forest — change from seasonal persistence,9893.0,9657.228832112332,235.77116788766762,235.77116788766762
8089,2022,Q1,36117,Wayne County,upstate,Random Forest — change from seasonal persistence,4951.0,5554.024125642875,-603.0241256428753,603.0241256428753
8089,2022,Q1,36119,Westchester County,downstate_non_nyc,Random Forest — change from seasonal persistence,73689.0,75522.04987425156,-1833.0498742515629,1833.0498742515629
8089,2022,Q1,36121,Wyoming County,upstate,Random Forest — change from seasonal persistence,2994.0,3389.9206520734165,-395.9206520734165,395.9206520734165
8089,2022,Q1,36123,Yates County,upstate,Random Forest — change from seasonal persistence,1463.0,1903.168972467348,-440.1689724673481,440.1689724673481
8089,2022,Q1,36001,Albany County,upstate,XGBoost — level,36417.0,38558.9921875,-2141.9921875,2141.9921875
8089,2022,Q1,36003,Allegany County,upstate,XGBoost — level,2417.0,2834.623779296875,-417.623779296875,417.623779296875
8089,2022,Q1,36005,Bronx County,nyc,XGBoost — level,165112.0,192683.734375,-27571.734375,27571.734375
8089,2022,Q1,36007,Broome County,upstate,XGBoost — level,21154.0,23639.86328125,-2485.86328125,2485.86328125
8089,2022,Q1,36009,Cattaraugus County,upstate,XGBoost — level,5326.0,5430.79931640625,-104.79931640625,104.79931640625
8089,2022,Q1,36011,Cayuga County,upstate,XGBoost — level,5565.0,6490.89501953125,-925.89501953125,925.89501953125
8089,2022,Q1,36013,Chautauqua County,upstate,XGBoost — level,11759.0,11637.75,121.25,121.25
8089,2022,Q1,36015,Chemung County,upstate,XGBoost — level,7644.0,8333.794921875,-689.794921875,689.794921875
8089,2022,Q1,36017,Chenango County,upstate,XGBoost — level,3435.0,4925.00146484375,-1490.00146484375,1490.00146484375
8089,2022,Q1,36019,Clinton County,upstate,XGBoost — level,7417.0,8316.4609375,-899.4609375,899.4609375
8089,2022,Q1,36021,Columbia County,upstate,XGBoost — level,4763.0,6000.42236328125,-1237.42236328125,1237.42236328125
8089,2022,Q1,36023,Cortland County,upstate,XGBoost — level,5475.0,5776.10791015625,-301.10791015625,301.10791015625
8089,2022,Q1,36025,Delaware County,upstate,XGBoost — level,3521.0,4896.0703125,-1375.0703125,1375.0703125
8089,2022,Q1,36027,Dutchess County,upstate,XGBoost — level,25747.0,29691.7109375,-3944.7109375,3944.7109375
8089,2022,Q1,36029,Erie County,upstate,XGBoost — level,76143.0,80762.21875,-4619.21875,4619.21875
8089,2022,Q1,36031,Essex County,upstate,XGBoost — level,3185.0,2478.767578125,706.232421875,706.232421875
8089,2022,Q1,36033,Franklin County,upstate,XGBoost — level,5258.0,6031.6484375,-773.6484375,773.6484375
8089,2022,Q1,36035,Fulton County,upstate,XGBoost — level,4226.0,5148.53076171875,-922.53076171875,922.53076171875
8089,2022,Q1,36037,Genesee County,upstate,XGBoost — level,4688.0,5617.8974609375,-929.8974609375,929.8974609375
8089,2022,Q1,36043,Herkimer County,upstate,XGBoost — level,3199.0,3771.586181640625,-572.586181640625,572.586181640625
8089,2022,Q1,36045,Jefferson County,upstate,XGBoost — level,10907.0,12084.0859375,-1177.0859375,1177.0859375
8089,2022,Q1,36047,Kings County,nyc,XGBoost — level,181604.0,192984.828125,-11380.828125,11380.828125
8089,2022,Q1,36049,Lewis County,upstate,XGBoost — level,2287.0,2655.77197265625,-368.77197265625,368.77197265625
8089,2022,Q1,36051,Livingston County,upstate,XGBoost — level,2888.0,3390.146484375,-502.146484375,502.146484375
8089,2022,Q1,36053,Madison County,upstate,XGBoost — level,7639.0,8111.68896484375,-472.68896484375,472.68896484375
8089,2022,Q1,36055,Monroe County,upstate,XGBoost — level,63655.0,68082.0703125,-4427.0703125,4427.0703125
8089,2022,Q1,36057,Montgomery County,upstate,XGBoost — level,6596.0,11705.9853515625,-5109.9853515625,5109.9853515625
8089,2022,Q1,36059,Nassau County,downstate_non_nyc,XGBoost — level,105783.0,116385.7421875,-10602.7421875,10602.7421875
8089,2022,Q1,36061,New York County,nyc,XGBoost — level,228969.0,263011.96875,-34042.96875,34042.96875
8089,2022,Q1,36063,Niagara County,upstate,XGBoost — level,11171.0,12229.38671875,-1058.38671875,1058.38671875
8089,2022,Q1,36065,Oneida County,upstate,XGBoost — level,22706.0,26367.845703125,-3661.845703125,3661.845703125
8089,2022,Q1,36067,Onondaga County,upstate,XGBoost — level,43839.0,52938.73828125,-9099.73828125,9099.73828125
8089,2022,Q1,36069,Ontario County,upstate,XGBoost — level,13681.0,17577.15625,-3896.15625,3896.15625
8089,2022,Q1,36071,Orange County,upstate,XGBoost — level,33033.0,40069.80859375,-7036.80859375,7036.80859375
8089,2022,Q1,36075,Oswego County,upstate,XGBoost — level,5476.0,6049.38232421875,-573.38232421875,573.38232421875
8089,2022,Q1,36077,Otsego County,upstate,XGBoost — level,7212.0,8043.8271484375,-831.8271484375,831.8271484375
8089,2022,Q1,36079,Putnam County,upstate,XGBoost — level,4317.0,6269.47314453125,-1952.47314453125,1952.47314453125
8089,2022,Q1,36081,Queens County,nyc,XGBoost — level,144956.0,194533.96875,-49577.96875,49577.96875
8089,2022,Q1,36083,Rensselaer County,upstate,XGBoost — level,10921.0,12037.5283203125,-1116.5283203125,1116.5283203125
8089,2022,Q1,36085,Richmond County,nyc,XGBoost — level,12144.0,22957.619140625,-10813.619140625,10813.619140625
8089,2022,Q1,36087,Rockland County,downstate_non_nyc,XGBoost — level,19307.0,22567.09375,-3260.09375,3260.09375
8089,2022,Q1,36089,St. Lawrence County,upstate,XGBoost — level,14504.0,17629.302734375,-3125.302734375,3125.302734375
8089,2022,Q1,36091,Saratoga County,upstate,XGBoost — level,8802.0,9829.921875,-1027.921875,1027.921875
8089,2022,Q1,36093,Schenectady County,upstate,XGBoost — level,11921.0,12631.7626953125,-710.7626953125,710.7626953125
8089,2022,Q1,36095,Schoharie County,upstate,XGBoost — level,2583.0,2889.573486328125,-306.573486328125,306.573486328125
8089,2022,Q1,36101,Steuben County,upstate,XGBoost — level,9879.0,11519.5791015625,-1640.5791015625,1640.5791015625
8089,2022,Q1,36103,Suffolk County,downstate_non_nyc,XGBoost — level,114963.0,120067.640625,-5104.640625,5104.640625
8089,2022,Q1,36105,Sullivan County,upstate,XGBoost — level,6231.0,6821.51953125,-590.51953125,590.51953125
8089,2022,Q1,36109,Tompkins County,upstate,XGBoost — level,6994.0,8441.0263671875,-1447.0263671875,1447.0263671875
8089,2022,Q1,36111,Ulster County,upstate,XGBoost — level,6631.0,12350.001953125,-5719.001953125,5719.001953125
8089,2022,Q1,36113,Warren County,upstate,XGBoost — level,9893.0,11075.666015625,-1182.666015625,1182.666015625
8089,2022,Q1,36117,Wayne County,upstate,XGBoost — level,4951.0,5589.93310546875,-638.93310546875,638.93310546875
8089,2022,Q1,36119,Westchester County,downstate_non_nyc,XGBoost — level,73689.0,93821.6328125,-20132.6328125,20132.6328125
8089,2022,Q1,36121,Wyoming County,upstate,XGBoost — level,2994.0,3252.20947265625,-258.20947265625,258.20947265625
8089,2022,Q1,36123,Yates County,upstate,XGBoost — level,1463.0,2123.588134765625,-660.588134765625,660.588134765625
8089,2022,Q1,36001,Albany County,upstate,XGBoost — change from seasonal persistence,36417.0,36866.80224609375,-449.80224609375,449.80224609375
8089,2022,Q1,36003,Allegany County,upstate,XGBoost — change from seasonal persistence,2417.0,3138.1870727539062,-721.1870727539062,721.1870727539062
8089,2022,Q1,36005,Bronx County,nyc,XGBoost — change from seasonal persistence,165112.0,205176.3125,-40064.3125,40064.3125
8089,2022,Q1,36007,Broome County,upstate,XGBoost — change from seasonal persistence,21154.0,20341.46337890625,812.53662109375,812.53662109375
8089,2022,Q1,36009,Cattaraugus County,upstate,XGBoost — change from seasonal persistence,5326.0,6694.942077636719,-1368.9420776367188,1368.9420776367188
8089,2022,Q1,36011,Cayuga County,upstate,XGBoost — change from seasonal persistence,5565.0,5935.424499511719,-370.42449951171875,370.42449951171875
8089,2022,Q1,36013,Chautauqua County,upstate,XGBoost — change from seasonal persistence,11759.0,13624.07763671875,-1865.07763671875,1865.07763671875
8089,2022,Q1,36015,Chemung County,upstate,XGBoost — change from seasonal persistence,7644.0,8034.1888427734375,-390.1888427734375,390.1888427734375
8089,2022,Q1,36017,Chenango County,upstate,XGBoost — change from seasonal persistence,3435.0,3625.845703125,-190.845703125,190.845703125
8089,2022,Q1,36019,Clinton County,upstate,XGBoost — change from seasonal persistence,7417.0,8846.538940429688,-1429.5389404296875,1429.5389404296875
8089,2022,Q1,36021,Columbia County,upstate,XGBoost — change from seasonal persistence,4763.0,5953.46728515625,-1190.46728515625,1190.46728515625
8089,2022,Q1,36023,Cortland County,upstate,XGBoost — change from seasonal persistence,5475.0,5411.1434326171875,63.8565673828125,63.8565673828125
8089,2022,Q1,36025,Delaware County,upstate,XGBoost — change from seasonal persistence,3521.0,4163.982177734375,-642.982177734375,642.982177734375
8089,2022,Q1,36027,Dutchess County,upstate,XGBoost — change from seasonal persistence,25747.0,27648.953125,-1901.953125,1901.953125
8089,2022,Q1,36029,Erie County,upstate,XGBoost — change from seasonal persistence,76143.0,82144.1240234375,-6001.1240234375,6001.1240234375
8089,2022,Q1,36031,Essex County,upstate,XGBoost — change from seasonal persistence,3185.0,2040.2134704589844,1144.7865295410156,1144.7865295410156
8089,2022,Q1,36033,Franklin County,upstate,XGBoost — change from seasonal persistence,5258.0,6137.8619384765625,-879.8619384765625,879.8619384765625
8089,2022,Q1,36035,Fulton County,upstate,XGBoost — change from seasonal persistence,4226.0,4223.2791748046875,2.7208251953125,2.7208251953125
8089,2022,Q1,36037,Genesee County,upstate,XGBoost — change from seasonal persistence,4688.0,5508.985900878906,-820.9859008789062,820.9859008789062
8089,2022,Q1,36043,Herkimer County,upstate,XGBoost — change from seasonal persistence,3199.0,3278.4926147460938,-79.49261474609375,79.49261474609375
8089,2022,Q1,36045,Jefferson County,upstate,XGBoost — change from seasonal persistence,10907.0,12520.355102539062,-1613.3551025390625,1613.3551025390625
8089,2022,Q1,36047,Kings County,nyc,XGBoost — change from seasonal persistence,181604.0,180372.31640625,1231.68359375,1231.68359375
8089,2022,Q1,36049,Lewis County,upstate,XGBoost — change from seasonal persistence,2287.0,2640.3572387695312,-353.35723876953125,353.35723876953125
8089,2022,Q1,36051,Livingston County,upstate,XGBoost — change from seasonal persistence,2888.0,3274.6216430664062,-386.62164306640625,386.62164306640625
8089,2022,Q1,36053,Madison County,upstate,XGBoost — change from seasonal persistence,7639.0,7549.572998046875,89.427001953125,89.427001953125
8089,2022,Q1,36055,Monroe County,upstate,XGBoost — change from seasonal persistence,63655.0,77898.2841796875,-14243.2841796875,14243.2841796875
8089,2022,Q1,36057,Montgomery County,upstate,XGBoost — change from seasonal persistence,6596.0,10031.465942382812,-3435.4659423828125,3435.4659423828125
8089,2022,Q1,36059,Nassau County,downstate_non_nyc,XGBoost — change from seasonal persistence,105783.0,118813.107421875,-13030.107421875,13030.107421875
8089,2022,Q1,36061,New York County,nyc,XGBoost — change from seasonal persistence,228969.0,274024.24609375,-45055.24609375,45055.24609375
8089,2022,Q1,36063,Niagara County,upstate,XGBoost — change from seasonal persistence,11171.0,12418.79443359375,-1247.79443359375,1247.79443359375
8089,2022,Q1,36065,Oneida County,upstate,XGBoost — change from seasonal persistence,22706.0,23369.846923828125,-663.846923828125,663.846923828125
8089,2022,Q1,36067,Onondaga County,upstate,XGBoost — change from seasonal persistence,43839.0,51199.873046875,-7360.873046875,7360.873046875
8089,2022,Q1,36069,Ontario County,upstate,XGBoost — change from seasonal persistence,13681.0,14135.740966796875,-454.740966796875,454.740966796875
8089,2022,Q1,36071,Orange County,upstate,XGBoost — change from seasonal persistence,33033.0,34835.77685546875,-1802.77685546875,1802.77685546875
8089,2022,Q1,36075,Oswego County,upstate,XGBoost — change from seasonal persistence,5476.0,5177.066795349121,298.9332046508789,298.9332046508789
8089,2022,Q1,36077,Otsego County,upstate,XGBoost — change from seasonal persistence,7212.0,8784.714416503906,-1572.7144165039062,1572.7144165039062
8089,2022,Q1,36079,Putnam County,upstate,XGBoost — change from seasonal persistence,4317.0,4937.865997314453,-620.8659973144531,620.8659973144531
8089,2022,Q1,36081,Queens County,nyc,XGBoost — change from seasonal persistence,144956.0,202612.43359375,-57656.43359375,57656.43359375
8089,2022,Q1,36083,Rensselaer County,upstate,XGBoost — change from seasonal persistence,10921.0,12402.187744140625,-1481.187744140625,1481.187744140625
8089,2022,Q1,36085,Richmond County,nyc,XGBoost — change from seasonal persistence,12144.0,17861.124633789062,-5717.1246337890625,5717.1246337890625
8089,2022,Q1,36087,Rockland County,downstate_non_nyc,XGBoost — change from seasonal persistence,19307.0,22068.306640625,-2761.306640625,2761.306640625
8089,2022,Q1,36089,St. Lawrence County,upstate,XGBoost — change from seasonal persistence,14504.0,15293.201171875,-789.201171875,789.201171875
8089,2022,Q1,36091,Saratoga County,upstate,XGBoost — change from seasonal persistence,8802.0,9123.503540039062,-321.5035400390625,321.5035400390625
8089,2022,Q1,36093,Schenectady County,upstate,XGBoost — change from seasonal persistence,11921.0,12310.933715820312,-389.9337158203125,389.9337158203125
8089,2022,Q1,36095,Schoharie County,upstate,XGBoost — change from seasonal persistence,2583.0,3093.0916748046875,-510.0916748046875,510.0916748046875
8089,2022,Q1,36101,Steuben County,upstate,XGBoost — change from seasonal persistence,9879.0,10374.748291015625,-495.748291015625,495.748291015625
8089,2022,Q1,36103,Suffolk County,downstate_non_nyc,XGBoost — change from seasonal persistence,114963.0,108583.056640625,6379.943359375,6379.943359375
8089,2022,Q1,36105,Sullivan County,upstate,XGBoost — change from seasonal persistence,6231.0,6615.590637207031,-384.59063720703125,384.59063720703125
8089,2022,Q1,36109,Tompkins County,upstate,XGBoost — change from seasonal persistence,6994.0,7490.0755615234375,-496.0755615234375,496.0755615234375
8089,2022,Q1,36111,Ulster County,upstate,XGBoost — change from seasonal persistence,6631.0,10294.173217773438,-3663.1732177734375,3663.1732177734375
8089,2022,Q1,36113,Warren County,upstate,XGBoost — change from seasonal persistence,9893.0,9518.389068603516,374.6109313964844,374.6109313964844
8089,2022,Q1,36117,Wayne County,upstate,XGBoost — change from seasonal persistence,4951.0,5688.1253662109375,-737.1253662109375,737.1253662109375
8089,2022,Q1,36119,Westchester County,downstate_non_nyc,XGBoost — change from seasonal persistence,73689.0,83739.2490234375,-10050.2490234375,10050.2490234375
8089,2022,Q1,36121,Wyoming County,upstate,XGBoost — change from seasonal persistence,2994.0,3230.8198852539062,-236.81988525390625,236.81988525390625
8089,2022,Q1,36123,Yates County,upstate,XGBoost — change from seasonal persistence,1463.0,2137.2719116210938,-674.2719116210938,674.2719116210938
8090,2022,Q2,36001,Albany County,upstate,Previous-quarter persistence,40816.0,36417.0,4399.0,4399.0
8090,2022,Q2,36003,Allegany County,upstate,Previous-quarter persistence,3011.0,2417.0,594.0,594.0
8090,2022,Q2,36005,Bronx County,nyc,Previous-quarter persistence,185243.0,165112.0,20131.0,20131.0
8090,2022,Q2,36007,Broome County,upstate,Previous-quarter persistence,24012.0,21154.0,2858.0,2858.0
8090,2022,Q2,36009,Cattaraugus County,upstate,Previous-quarter persistence,6639.0,5326.0,1313.0,1313.0
8090,2022,Q2,36011,Cayuga County,upstate,Previous-quarter persistence,6248.0,5565.0,683.0,683.0
8090,2022,Q2,36013,Chautauqua County,upstate,Previous-quarter persistence,14024.0,11759.0,2265.0,2265.0
8090,2022,Q2,36015,Chemung County,upstate,Previous-quarter persistence,8741.0,7644.0,1097.0,1097.0
8090,2022,Q2,36017,Chenango County,upstate,Previous-quarter persistence,4012.0,3435.0,577.0,577.0
8090,2022,Q2,36019,Clinton County,upstate,Previous-quarter persistence,7823.0,7417.0,406.0,406.0
8090,2022,Q2,36021,Columbia County,upstate,Previous-quarter persistence,5369.0,4763.0,606.0,606.0
8090,2022,Q2,36023,Cortland County,upstate,Previous-quarter persistence,6308.0,5475.0,833.0,833.0
8090,2022,Q2,36025,Delaware County,upstate,Previous-quarter persistence,4180.0,3521.0,659.0,659.0
8090,2022,Q2,36027,Dutchess County,upstate,Previous-quarter persistence,29483.0,25747.0,3736.0,3736.0
8090,2022,Q2,36029,Erie County,upstate,Previous-quarter persistence,87697.0,76143.0,11554.0,11554.0
8090,2022,Q2,36031,Essex County,upstate,Previous-quarter persistence,3999.0,3185.0,814.0,814.0
8090,2022,Q2,36033,Franklin County,upstate,Previous-quarter persistence,6188.0,5258.0,930.0,930.0
8090,2022,Q2,36035,Fulton County,upstate,Previous-quarter persistence,4922.0,4226.0,696.0,696.0
8090,2022,Q2,36037,Genesee County,upstate,Previous-quarter persistence,5048.0,4688.0,360.0,360.0
8090,2022,Q2,36043,Herkimer County,upstate,Previous-quarter persistence,3896.0,3199.0,697.0,697.0
8090,2022,Q2,36045,Jefferson County,upstate,Previous-quarter persistence,11961.0,10907.0,1054.0,1054.0
8090,2022,Q2,36047,Kings County,nyc,Previous-quarter persistence,206525.0,181604.0,24921.0,24921.0
8090,2022,Q2,36049,Lewis County,upstate,Previous-quarter persistence,2661.0,2287.0,374.0,374.0
8090,2022,Q2,36051,Livingston County,upstate,Previous-quarter persistence,3548.0,2888.0,660.0,660.0
8090,2022,Q2,36053,Madison County,upstate,Previous-quarter persistence,8829.0,7639.0,1190.0,1190.0
8090,2022,Q2,36055,Monroe County,upstate,Previous-quarter persistence,71463.0,63655.0,7808.0,7808.0
8090,2022,Q2,36057,Montgomery County,upstate,Previous-quarter persistence,9370.0,6596.0,2774.0,2774.0
8090,2022,Q2,36059,Nassau County,downstate_non_nyc,Previous-quarter persistence,122037.0,105783.0,16254.0,16254.0
8090,2022,Q2,36061,New York County,nyc,Previous-quarter persistence,261128.0,228969.0,32159.0,32159.0
8090,2022,Q2,36063,Niagara County,upstate,Previous-quarter persistence,12993.0,11171.0,1822.0,1822.0
8090,2022,Q2,36065,Oneida County,upstate,Previous-quarter persistence,26647.0,22706.0,3941.0,3941.0
8090,2022,Q2,36067,Onondaga County,upstate,Previous-quarter persistence,46170.0,43839.0,2331.0,2331.0
8090,2022,Q2,36069,Ontario County,upstate,Previous-quarter persistence,15908.0,13681.0,2227.0,2227.0
8090,2022,Q2,36071,Orange County,upstate,Previous-quarter persistence,37972.0,33033.0,4939.0,4939.0
8090,2022,Q2,36075,Oswego County,upstate,Previous-quarter persistence,5971.0,5476.0,495.0,495.0
8090,2022,Q2,36077,Otsego County,upstate,Previous-quarter persistence,8772.0,7212.0,1560.0,1560.0
8090,2022,Q2,36079,Putnam County,upstate,Previous-quarter persistence,5106.0,4317.0,789.0,789.0
8090,2022,Q2,36081,Queens County,nyc,Previous-quarter persistence,172078.0,144956.0,27122.0,27122.0
8090,2022,Q2,36083,Rensselaer County,upstate,Previous-quarter persistence,11637.0,10921.0,716.0,716.0
8090,2022,Q2,36085,Richmond County,nyc,Previous-quarter persistence,13860.0,12144.0,1716.0,1716.0
8090,2022,Q2,36087,Rockland County,downstate_non_nyc,Previous-quarter persistence,21981.0,19307.0,2674.0,2674.0
8090,2022,Q2,36089,St. Lawrence County,upstate,Previous-quarter persistence,17014.0,14504.0,2510.0,2510.0
8090,2022,Q2,36091,Saratoga County,upstate,Previous-quarter persistence,9872.0,8802.0,1070.0,1070.0
8090,2022,Q2,36093,Schenectady County,upstate,Previous-quarter persistence,11769.0,11921.0,-152.0,152.0
8090,2022,Q2,36095,Schoharie County,upstate,Previous-quarter persistence,2781.0,2583.0,198.0,198.0
8090,2022,Q2,36101,Steuben County,upstate,Previous-quarter persistence,11167.0,9879.0,1288.0,1288.0
8090,2022,Q2,36103,Suffolk County,downstate_non_nyc,Previous-quarter persistence,135381.0,114963.0,20418.0,20418.0
8090,2022,Q2,36105,Sullivan County,upstate,Previous-quarter persistence,7475.0,6231.0,1244.0,1244.0
8090,2022,Q2,36109,Tompkins County,upstate,Previous-quarter persistence,8152.0,6994.0,1158.0,1158.0
8090,2022,Q2,36111,Ulster County,upstate,Previous-quarter persistence,7608.0,6631.0,977.0,977.0
8090,2022,Q2,36113,Warren County,upstate,Previous-quarter persistence,11128.0,9893.0,1235.0,1235.0
8090,2022,Q2,36117,Wayne County,upstate,Previous-quarter persistence,5814.0,4951.0,863.0,863.0
8090,2022,Q2,36119,Westchester County,downstate_non_nyc,Previous-quarter persistence,88218.0,73689.0,14529.0,14529.0
8090,2022,Q2,36121,Wyoming County,upstate,Previous-quarter persistence,3339.0,2994.0,345.0,345.0
8090,2022,Q2,36123,Yates County,upstate,Previous-quarter persistence,1961.0,1463.0,498.0,498.0
8090,2022,Q2,36001,Albany County,upstate,Seasonal persistence,40816.0,36834.0,3982.0,3982.0
8090,2022,Q2,36003,Allegany County,upstate,Seasonal persistence,3011.0,2772.0,239.0,239.0
8090,2022,Q2,36005,Bronx County,nyc,Seasonal persistence,185243.0,165672.0,19571.0,19571.0
8090,2022,Q2,36007,Broome County,upstate,Seasonal persistence,24012.0,22543.0,1469.0,1469.0
8090,2022,Q2,36009,Cattaraugus County,upstate,Seasonal persistence,6639.0,7038.0,-399.0,399.0
8090,2022,Q2,36011,Cayuga County,upstate,Seasonal persistence,6248.0,5975.0,273.0,273.0
8090,2022,Q2,36013,Chautauqua County,upstate,Seasonal persistence,14024.0,13203.0,821.0,821.0
8090,2022,Q2,36015,Chemung County,upstate,Seasonal persistence,8741.0,8130.0,611.0,611.0
8090,2022,Q2,36017,Chenango County,upstate,Seasonal persistence,4012.0,5213.0,-1201.0,1201.0
8090,2022,Q2,36019,Clinton County,upstate,Seasonal persistence,7823.0,8411.0,-588.0,588.0
8090,2022,Q2,36021,Columbia County,upstate,Seasonal persistence,5369.0,5475.0,-106.0,106.0
8090,2022,Q2,36023,Cortland County,upstate,Seasonal persistence,6308.0,5805.0,503.0,503.0
8090,2022,Q2,36025,Delaware County,upstate,Seasonal persistence,4180.0,4191.0,-11.0,11.0
8090,2022,Q2,36027,Dutchess County,upstate,Seasonal persistence,29483.0,27092.0,2391.0,2391.0
8090,2022,Q2,36029,Erie County,upstate,Seasonal persistence,87697.0,84468.0,3229.0,3229.0
8090,2022,Q2,36031,Essex County,upstate,Seasonal persistence,3999.0,2063.0,1936.0,1936.0
8090,2022,Q2,36033,Franklin County,upstate,Seasonal persistence,6188.0,5542.0,646.0,646.0
8090,2022,Q2,36035,Fulton County,upstate,Seasonal persistence,4922.0,4431.0,491.0,491.0
8090,2022,Q2,36037,Genesee County,upstate,Seasonal persistence,5048.0,5219.0,-171.0,171.0
8090,2022,Q2,36043,Herkimer County,upstate,Seasonal persistence,3896.0,3221.0,675.0,675.0
8090,2022,Q2,36045,Jefferson County,upstate,Seasonal persistence,11961.0,12917.0,-956.0,956.0
8090,2022,Q2,36047,Kings County,nyc,Seasonal persistence,206525.0,162279.0,44246.0,44246.0
8090,2022,Q2,36049,Lewis County,upstate,Seasonal persistence,2661.0,2510.0,151.0,151.0
8090,2022,Q2,36051,Livingston County,upstate,Seasonal persistence,3548.0,3421.0,127.0,127.0
8090,2022,Q2,36053,Madison County,upstate,Seasonal persistence,8829.0,7454.0,1375.0,1375.0
8090,2022,Q2,36055,Monroe County,upstate,Seasonal persistence,71463.0,75445.0,-3982.0,3982.0
8090,2022,Q2,36057,Montgomery County,upstate,Seasonal persistence,9370.0,9004.0,366.0,366.0
8090,2022,Q2,36059,Nassau County,downstate_non_nyc,Seasonal persistence,122037.0,98731.0,23306.0,23306.0
8090,2022,Q2,36061,New York County,nyc,Seasonal persistence,261128.0,236410.0,24718.0,24718.0
8090,2022,Q2,36063,Niagara County,upstate,Seasonal persistence,12993.0,13206.0,-213.0,213.0
8090,2022,Q2,36065,Oneida County,upstate,Seasonal persistence,26647.0,23304.0,3343.0,3343.0
8090,2022,Q2,36067,Onondaga County,upstate,Seasonal persistence,46170.0,53782.0,-7612.0,7612.0
8090,2022,Q2,36069,Ontario County,upstate,Seasonal persistence,15908.0,14057.0,1851.0,1851.0
8090,2022,Q2,36071,Orange County,upstate,Seasonal persistence,37972.0,35216.0,2756.0,2756.0
8090,2022,Q2,36075,Oswego County,upstate,Seasonal persistence,5971.0,6105.0,-134.0,134.0
8090,2022,Q2,36077,Otsego County,upstate,Seasonal persistence,8772.0,8895.0,-123.0,123.0
8090,2022,Q2,36079,Putnam County,upstate,Seasonal persistence,5106.0,5177.0,-71.0,71.0
8090,2022,Q2,36081,Queens County,nyc,Seasonal persistence,172078.0,164504.0,7574.0,7574.0
8090,2022,Q2,36083,Rensselaer County,upstate,Seasonal persistence,11637.0,10537.0,1100.0,1100.0
8090,2022,Q2,36085,Richmond County,nyc,Seasonal persistence,13860.0,19381.0,-5521.0,5521.0
8090,2022,Q2,36087,Rockland County,downstate_non_nyc,Seasonal persistence,21981.0,19934.0,2047.0,2047.0
8090,2022,Q2,36089,St. Lawrence County,upstate,Seasonal persistence,17014.0,14645.0,2369.0,2369.0
8090,2022,Q2,36091,Saratoga County,upstate,Seasonal persistence,9872.0,9090.0,782.0,782.0
8090,2022,Q2,36093,Schenectady County,upstate,Seasonal persistence,11769.0,12166.0,-397.0,397.0
8090,2022,Q2,36095,Schoharie County,upstate,Seasonal persistence,2781.0,2495.0,286.0,286.0
8090,2022,Q2,36101,Steuben County,upstate,Seasonal persistence,11167.0,10107.0,1060.0,1060.0
8090,2022,Q2,36103,Suffolk County,downstate_non_nyc,Seasonal persistence,135381.0,103123.0,32258.0,32258.0
8090,2022,Q2,36105,Sullivan County,upstate,Seasonal persistence,7475.0,6546.0,929.0,929.0
8090,2022,Q2,36109,Tompkins County,upstate,Seasonal persistence,8152.0,7481.0,671.0,671.0
8090,2022,Q2,36111,Ulster County,upstate,Seasonal persistence,7608.0,10643.0,-3035.0,3035.0
8090,2022,Q2,36113,Warren County,upstate,Seasonal persistence,11128.0,10476.0,652.0,652.0
8090,2022,Q2,36117,Wayne County,upstate,Seasonal persistence,5814.0,5389.0,425.0,425.0
8090,2022,Q2,36119,Westchester County,downstate_non_nyc,Seasonal persistence,88218.0,79255.0,8963.0,8963.0
8090,2022,Q2,36121,Wyoming County,upstate,Seasonal persistence,3339.0,3284.0,55.0,55.0
8090,2022,Q2,36123,Yates County,upstate,Seasonal persistence,1961.0,1729.0,232.0,232.0
8090,2022,Q2,36001,Albany County,upstate,Ridge — level,40816.0,36881.267509394296,3934.732490605704,3934.732490605704
8090,2022,Q2,36003,Allegany County,upstate,Ridge — level,3011.0,2819.381686994857,191.61831300514314,191.61831300514314
8090,2022,Q2,36005,Bronx County,nyc,Ridge — level,185243.0,167637.9722311096,17605.027768890403,17605.027768890403
8090,2022,Q2,36007,Broome County,upstate,Ridge — level,24012.0,21593.505176103128,2418.494823896872,2418.494823896872
8090,2022,Q2,36009,Cattaraugus County,upstate,Ridge — level,6639.0,4137.621729139231,2501.3782708607687,2501.3782708607687
8090,2022,Q2,36011,Cayuga County,upstate,Ridge — level,6248.0,4515.894476538506,1732.1055234614942,1732.1055234614942
8090,2022,Q2,36013,Chautauqua County,upstate,Ridge — level,14024.0,12776.14339202176,1247.8566079782395,1247.8566079782395
8090,2022,Q2,36015,Chemung County,upstate,Ridge — level,8741.0,7784.749014325338,956.2509856746619,956.2509856746619
8090,2022,Q2,36017,Chenango County,upstate,Ridge — level,4012.0,1606.5268616859066,2405.4731383140934,2405.4731383140934
8090,2022,Q2,36019,Clinton County,upstate,Ridge — level,7823.0,9026.51082767544,-1203.51082767544,1203.51082767544
8090,2022,Q2,36021,Columbia County,upstate,Ridge — level,5369.0,4377.582987459213,991.4170125407873,991.4170125407873
8090,2022,Q2,36023,Cortland County,upstate,Ridge — level,6308.0,5140.08014475595,1167.9198552440503,1167.9198552440503
8090,2022,Q2,36025,Delaware County,upstate,Ridge — level,4180.0,4342.088402947091,-162.0884029470908,162.0884029470908
8090,2022,Q2,36027,Dutchess County,upstate,Ridge — level,29483.0,25314.614679215312,4168.385320784688,4168.385320784688
8090,2022,Q2,36029,Erie County,upstate,Ridge — level,87697.0,79582.18908639118,8114.810913608817,8114.810913608817
8090,2022,Q2,36031,Essex County,upstate,Ridge — level,3999.0,706.3766036825727,3292.6233963174273,3292.6233963174273
8090,2022,Q2,36033,Franklin County,upstate,Ridge — level,6188.0,7768.554739408257,-1580.5547394082569,1580.5547394082569
8090,2022,Q2,36035,Fulton County,upstate,Ridge — level,4922.0,5062.24108818837,-140.24108818836976,140.24108818836976
8090,2022,Q2,36037,Genesee County,upstate,Ridge — level,5048.0,5542.166482747838,-494.166482747838,494.166482747838
8090,2022,Q2,36043,Herkimer County,upstate,Ridge — level,3896.0,1098.504371325991,2797.495628674009,2797.495628674009
8090,2022,Q2,36045,Jefferson County,upstate,Ridge — level,11961.0,15900.40037729488,-3939.40037729488,3939.40037729488
8090,2022,Q2,36047,Kings County,nyc,Ridge — level,206525.0,185867.3484684154,20657.65153158459,20657.65153158459
8090,2022,Q2,36049,Lewis County,upstate,Ridge — level,2661.0,1731.1768353724583,929.8231646275417,929.8231646275417
8090,2022,Q2,36051,Livingston County,upstate,Ridge — level,3548.0,4289.401793002202,-741.4017930022019,741.4017930022019
8090,2022,Q2,36053,Madison County,upstate,Ridge — level,8829.0,5824.054864911872,3004.945135088128,3004.945135088128
8090,2022,Q2,36055,Monroe County,upstate,Ridge — level,71463.0,65684.60645878041,5778.393541219586,5778.393541219586
8090,2022,Q2,36057,Montgomery County,upstate,Ridge — level,9370.0,9798.284484436976,-428.2844844369756,428.2844844369756
8090,2022,Q2,36059,Nassau County,downstate_non_nyc,Ridge — level,122037.0,109378.24135465863,12658.758645341368,12658.758645341368
8090,2022,Q2,36061,New York County,nyc,Ridge — level,261128.0,232655.07715064366,28472.922849356342,28472.922849356342
8090,2022,Q2,36063,Niagara County,upstate,Ridge — level,12993.0,16291.6032374028,-3298.6032374028,3298.6032374028
8090,2022,Q2,36065,Oneida County,upstate,Ridge — level,26647.0,23984.29655662132,2662.7034433786794,2662.7034433786794
8090,2022,Q2,36067,Onondaga County,upstate,Ridge — level,46170.0,43921.208084528276,2248.7919154717238,2248.7919154717238
8090,2022,Q2,36069,Ontario County,upstate,Ridge — level,15908.0,13919.300168164362,1988.6998318356382,1988.6998318356382
8090,2022,Q2,36071,Orange County,upstate,Ridge — level,37972.0,32706.55381263089,5265.446187369111,5265.446187369111
8090,2022,Q2,36075,Oswego County,upstate,Ridge — level,5971.0,7329.273699748464,-1358.2736997484644,1358.2736997484644
8090,2022,Q2,36077,Otsego County,upstate,Ridge — level,8772.0,5122.967924171946,3649.032075828054,3649.032075828054
8090,2022,Q2,36079,Putnam County,upstate,Ridge — level,5106.0,3534.898125950269,1571.1018740497311,1571.1018740497311
8090,2022,Q2,36081,Queens County,nyc,Ridge — level,172078.0,160424.3981906068,11653.601809393207,11653.601809393207
8090,2022,Q2,36083,Rensselaer County,upstate,Ridge — level,11637.0,10757.417314999177,879.5826850008234,879.5826850008234
8090,2022,Q2,36085,Richmond County,nyc,Ridge — level,13860.0,24435.0413978011,-10575.041397801098,10575.041397801098
8090,2022,Q2,36087,Rockland County,downstate_non_nyc,Ridge — level,21981.0,17742.07154870338,4238.928451296619,4238.928451296619
8090,2022,Q2,36089,St. Lawrence County,upstate,Ridge — level,17014.0,20294.89519564307,-3280.8951956430683,3280.8951956430683
8090,2022,Q2,36091,Saratoga County,upstate,Ridge — level,9872.0,9416.221405036507,455.77859496349265,455.77859496349265
8090,2022,Q2,36093,Schenectady County,upstate,Ridge — level,11769.0,13014.004118981058,-1245.0041189810581,1245.0041189810581
8090,2022,Q2,36095,Schoharie County,upstate,Ridge — level,2781.0,583.4336274056695,2197.5663725943305,2197.5663725943305
8090,2022,Q2,36101,Steuben County,upstate,Ridge — level,11167.0,9412.53918647681,1754.4608135231902,1754.4608135231902
8090,2022,Q2,36103,Suffolk County,downstate_non_nyc,Ridge — level,135381.0,115351.97502063046,20029.02497936954,20029.02497936954
8090,2022,Q2,36105,Sullivan County,upstate,Ridge — level,7475.0,4426.2047987767,3048.7952012233,3048.7952012233
8090,2022,Q2,36109,Tompkins County,upstate,Ridge — level,8152.0,9661.11139446684,-1509.1113944668396,1509.1113944668396
8090,2022,Q2,36111,Ulster County,upstate,Ridge — level,7608.0,9363.309531768911,-1755.3095317689113,1755.3095317689113
8090,2022,Q2,36113,Warren County,upstate,Ridge — level,11128.0,8733.091374183714,2394.908625816286,2394.908625816286
8090,2022,Q2,36117,Wayne County,upstate,Ridge — level,5814.0,5121.861858601253,692.1381413987474,692.1381413987474
8090,2022,Q2,36119,Westchester County,downstate_non_nyc,Ridge — level,88218.0,84602.89135666308,3615.10864333692,3615.10864333692
8090,2022,Q2,36121,Wyoming County,upstate,Ridge — level,3339.0,3213.175443134751,125.82455686524918,125.82455686524918
8090,2022,Q2,36123,Yates County,upstate,Ridge — level,1961.0,-738.1029910448342,2699.102991044834,2699.102991044834
8090,2022,Q2,36001,Albany County,upstate,Ridge — change from seasonal persistence,40816.0,31993.226758337412,8822.773241662588,8822.773241662588
8090,2022,Q2,36003,Allegany County,upstate,Ridge — change from seasonal persistence,3011.0,-2973.466773150575,5984.466773150575,5984.466773150575
8090,2022,Q2,36005,Bronx County,nyc,Ridge — change from seasonal persistence,185243.0,162092.81492217572,23150.18507782428,23150.18507782428
8090,2022,Q2,36007,Broome County,upstate,Ridge — change from seasonal persistence,24012.0,16792.15811877161,7219.841881228389,7219.841881228389
8090,2022,Q2,36009,Cattaraugus County,upstate,Ridge — change from seasonal persistence,6639.0,-1351.4751004419268,7990.475100441927,7990.475100441927
8090,2022,Q2,36011,Cayuga County,upstate,Ridge — change from seasonal persistence,6248.0,-479.3997365801606,6727.399736580161,6727.399736580161
8090,2022,Q2,36013,Chautauqua County,upstate,Ridge — change from seasonal persistence,14024.0,7404.497336100073,6619.502663899927,6619.502663899927
8090,2022,Q2,36015,Chemung County,upstate,Ridge — change from seasonal persistence,8741.0,2597.6008288945104,6143.39917110549,6143.39917110549
8090,2022,Q2,36017,Chenango County,upstate,Ridge — change from seasonal persistence,4012.0,-3354.2214851064964,7366.221485106496,7366.221485106496
8090,2022,Q2,36019,Clinton County,upstate,Ridge — change from seasonal persistence,7823.0,4980.220974385053,2842.7790256149474,2842.7790256149474
8090,2022,Q2,36021,Columbia County,upstate,Ridge — change from seasonal persistence,5369.0,1978.3068868473802,3390.69311315262,3390.69311315262
8090,2022,Q2,36023,Cortland County,upstate,Ridge — change from seasonal persistence,6308.0,-785.9020761114671,7093.902076111467,7093.902076111467
8090,2022,Q2,36025,Delaware County,upstate,Ridge — change from seasonal persistence,4180.0,719.2136426472007,3460.7863573527993,3460.7863573527993
8090,2022,Q2,36027,Dutchess County,upstate,Ridge — change from seasonal persistence,29483.0,20833.625996999643,8649.374003000357,8649.374003000357
8090,2022,Q2,36029,Erie County,upstate,Ridge — change from seasonal persistence,87697.0,74225.28025457537,13471.719745424634,13471.719745424634
8090,2022,Q2,36031,Essex County,upstate,Ridge — change from seasonal persistence,3999.0,-2455.878103857457,6454.878103857457,6454.878103857457
8090,2022,Q2,36033,Franklin County,upstate,Ridge — change from seasonal persistence,6188.0,3492.765335276714,2695.234664723286,2695.234664723286
8090,2022,Q2,36035,Fulton County,upstate,Ridge — change from seasonal persistence,4922.0,745.7328455459401,4176.26715445406,4176.26715445406
8090,2022,Q2,36037,Genesee County,upstate,Ridge — change from seasonal persistence,5048.0,57.6571785181477,4990.342821481852,4990.342821481852
8090,2022,Q2,36043,Herkimer County,upstate,Ridge — change from seasonal persistence,3896.0,-2938.396975204919,6834.396975204919,6834.396975204919
8090,2022,Q2,36045,Jefferson County,upstate,Ridge — change from seasonal persistence,11961.0,11494.910741059168,466.0892589408322,466.0892589408322
8090,2022,Q2,36047,Kings County,nyc,Ridge — change from seasonal persistence,206525.0,181872.38249738186,24652.617502618144,24652.617502618144
8090,2022,Q2,36049,Lewis County,upstate,Ridge — change from seasonal persistence,2661.0,-1645.3336331908022,4306.333633190802,4306.333633190802
8090,2022,Q2,36051,Livingston County,upstate,Ridge — change from seasonal persistence,3548.0,-1426.1658386798672,4974.165838679867,4974.165838679867
8090,2022,Q2,36053,Madison County,upstate,Ridge — change from seasonal persistence,8829.0,-344.15275330785244,9173.152753307852,9173.152753307852
8090,2022,Q2,36055,Monroe County,upstate,Ridge — change from seasonal persistence,71463.0,61184.72452103368,10278.275478966323,10278.275478966323
8090,2022,Q2,36057,Montgomery County,upstate,Ridge — change from seasonal persistence,9370.0,5953.6515152650545,3416.3484847349455,3416.3484847349455
8090,2022,Q2,36059,Nassau County,downstate_non_nyc,Ridge — change from seasonal persistence,122037.0,105919.41350358955,16117.586496410455,16117.586496410455
8090,2022,Q2,36061,New York County,nyc,Ridge — change from seasonal persistence,261128.0,228052.02536561005,33075.974634389946,33075.974634389946
8090,2022,Q2,36063,Niagara County,upstate,Ridge — change from seasonal persistence,12993.0,11441.93022884949,1551.0697711505109,1551.0697711505109
8090,2022,Q2,36065,Oneida County,upstate,Ridge — change from seasonal persistence,26647.0,19255.94417411592,7391.055825884079,7391.055825884079
8090,2022,Q2,36067,Onondaga County,upstate,Ridge — change from seasonal persistence,46170.0,39320.906046337084,6849.093953662916,6849.093953662916
8090,2022,Q2,36069,Ontario County,upstate,Ridge — change from seasonal persistence,15908.0,9149.893709238491,6758.106290761509,6758.106290761509
8090,2022,Q2,36071,Orange County,upstate,Ridge — change from seasonal persistence,37972.0,27866.935303658393,10105.064696341607,10105.064696341607
8090,2022,Q2,36075,Oswego County,upstate,Ridge — change from seasonal persistence,5971.0,3111.613369586008,2859.386630413992,2859.386630413992
8090,2022,Q2,36077,Otsego County,upstate,Ridge — change from seasonal persistence,8772.0,359.26183457014486,8412.738165429855,8412.738165429855
8090,2022,Q2,36079,Putnam County,upstate,Ridge — change from seasonal persistence,5106.0,234.86464903019078,4871.135350969809,4871.135350969809
8090,2022,Q2,36081,Queens County,nyc,Ridge — change from seasonal persistence,172078.0,155466.7897294932,16611.210270506795,16611.210270506795
8090,2022,Q2,36083,Rensselaer County,upstate,Ridge — change from seasonal persistence,11637.0,6260.657907220474,5376.342092779526,5376.342092779526
8090,2022,Q2,36085,Richmond County,nyc,Ridge — change from seasonal persistence,13860.0,20848.327524983782,-6988.3275249837825,6988.3275249837825
8090,2022,Q2,36087,Rockland County,downstate_non_nyc,Ridge — change from seasonal persistence,21981.0,15122.058834886378,6858.9411651136215,6858.9411651136215
8090,2022,Q2,36089,St. Lawrence County,upstate,Ridge — change from seasonal persistence,17014.0,16111.261547347067,902.7384526529331,902.7384526529331
8090,2022,Q2,36091,Saratoga County,upstate,Ridge — change from seasonal persistence,9872.0,5280.786989011059,4591.213010988941,4591.213010988941
8090,2022,Q2,36093,Schenectady County,upstate,Ridge — change from seasonal persistence,11769.0,8829.4452404566,2939.5547595434,2939.5547595434
8090,2022,Q2,36095,Schoharie County,upstate,Ridge — change from seasonal persistence,2781.0,-3566.3119363780206,6347.311936378021,6347.311936378021
8090,2022,Q2,36101,Steuben County,upstate,Ridge — change from seasonal persistence,11167.0,3913.911114047857,7253.088885952143,7253.088885952143
8090,2022,Q2,36103,Suffolk County,downstate_non_nyc,Ridge — change from seasonal persistence,135381.0,110972.08997335625,24408.910026643745,24408.910026643745
8090,2022,Q2,36105,Sullivan County,upstate,Ridge — change from seasonal persistence,7475.0,-59.32142684797054,7534.3214268479705,7534.3214268479705
8090,2022,Q2,36109,Tompkins County,upstate,Ridge — change from seasonal persistence,8152.0,3262.434510190399,4889.565489809601,4889.565489809601
8090,2022,Q2,36111,Ulster County,upstate,Ridge — change from seasonal persistence,7608.0,4748.213865586369,2859.786134413631,2859.786134413631
8090,2022,Q2,36113,Warren County,upstate,Ridge — change from seasonal persistence,11128.0,5547.457477106902,5580.542522893098,5580.542522893098
8090,2022,Q2,36117,Wayne County,upstate,Ridge — change from seasonal persistence,5814.0,824.462994615591,4989.537005384409,4989.537005384409
8090,2022,Q2,36119,Westchester County,downstate_non_nyc,Ridge — change from seasonal persistence,88218.0,80272.34475892417,7945.65524107583,7945.65524107583
8090,2022,Q2,36121,Wyoming County,upstate,Ridge — change from seasonal persistence,3339.0,-3390.2462107245337,6729.246210724534,6729.246210724534
8090,2022,Q2,36123,Yates County,upstate,Ridge — change from seasonal persistence,1961.0,-4585.561897161744,6546.561897161744,6546.561897161744
8090,2022,Q2,36001,Albany County,upstate,Random Forest — level,40816.0,33936.91134821169,6879.088651788312,6879.088651788312
8090,2022,Q2,36003,Allegany County,upstate,Random Forest — level,3011.0,2695.965838245632,315.03416175436814,315.03416175436814
8090,2022,Q2,36005,Bronx County,nyc,Random Forest — level,185243.0,171904.73109045308,13338.268909546925,13338.268909546925
8090,2022,Q2,36007,Broome County,upstate,Random Forest — level,24012.0,21908.93865567602,2103.0613443239818,2103.0613443239818
8090,2022,Q2,36009,Cattaraugus County,upstate,Random Forest — level,6639.0,5637.089586807257,1001.9104131927434,1001.9104131927434
8090,2022,Q2,36011,Cayuga County,upstate,Random Forest — level,6248.0,5488.077031707398,759.9229682926016,759.9229682926016
8090,2022,Q2,36013,Chautauqua County,upstate,Random Forest — level,14024.0,12074.29507270507,1949.7049272949298,1949.7049272949298
8090,2022,Q2,36015,Chemung County,upstate,Random Forest — level,8741.0,7745.545742305354,995.454257694646,995.454257694646
8090,2022,Q2,36017,Chenango County,upstate,Random Forest — level,4012.0,3903.7518370842113,108.24816291578873,108.24816291578873
8090,2022,Q2,36019,Clinton County,upstate,Random Forest — level,7823.0,8305.170264801916,-482.17026480191635,482.17026480191635
8090,2022,Q2,36021,Columbia County,upstate,Random Forest — level,5369.0,5100.310841644737,268.6891583552633,268.6891583552633
8090,2022,Q2,36023,Cortland County,upstate,Random Forest — level,6308.0,5340.400798603356,967.5992013966443,967.5992013966443
8090,2022,Q2,36025,Delaware County,upstate,Random Forest — level,4180.0,3692.000788762162,487.99921123783815,487.99921123783815
8090,2022,Q2,36027,Dutchess County,upstate,Random Forest — level,29483.0,25662.311659997413,3820.688340002587,3820.688340002587
8090,2022,Q2,36029,Erie County,upstate,Random Forest — level,87697.0,76936.861640984,10760.138359015997,10760.138359015997
8090,2022,Q2,36031,Essex County,upstate,Random Forest — level,3999.0,2923.008801226553,1075.9911987734472,1075.9911987734472
8090,2022,Q2,36033,Franklin County,upstate,Random Forest — level,6188.0,5188.5448493820995,999.4551506179005,999.4551506179005
8090,2022,Q2,36035,Fulton County,upstate,Random Forest — level,4922.0,4588.18847340187,333.8115265981296,333.8115265981296
8090,2022,Q2,36037,Genesee County,upstate,Random Forest — level,5048.0,4998.7637900990585,49.2362099009415,49.2362099009415
8090,2022,Q2,36043,Herkimer County,upstate,Random Forest — level,3896.0,3231.5603353498364,664.4396646501636,664.4396646501636
8090,2022,Q2,36045,Jefferson County,upstate,Random Forest — level,11961.0,11474.683868696658,486.31613130334154,486.31613130334154
8090,2022,Q2,36047,Kings County,nyc,Random Forest — level,206525.0,177167.30030161235,29357.699698387645,29357.699698387645
8090,2022,Q2,36049,Lewis County,upstate,Random Forest — level,2661.0,2549.8054328958065,111.19456710419354,111.19456710419354
8090,2022,Q2,36051,Livingston County,upstate,Random Forest — level,3548.0,3107.6613338195025,440.3386661804975,440.3386661804975
8090,2022,Q2,36053,Madison County,upstate,Random Forest — level,8829.0,7544.317353554396,1284.6826464456044,1284.6826464456044
8090,2022,Q2,36055,Monroe County,upstate,Random Forest — level,71463.0,70493.09942549118,969.9005745088216,969.9005745088216
8090,2022,Q2,36057,Montgomery County,upstate,Random Forest — level,9370.0,7460.866652856403,1909.1333471435973,1909.1333471435973
8090,2022,Q2,36059,Nassau County,downstate_non_nyc,Random Forest — level,122037.0,107680.57285009437,14356.427149905634,14356.427149905634
8090,2022,Q2,36061,New York County,nyc,Random Forest — level,261128.0,232533.49304055845,28594.506959441554,28594.506959441554
8090,2022,Q2,36063,Niagara County,upstate,Random Forest — level,12993.0,12424.396384661624,568.6036153383757,568.6036153383757
8090,2022,Q2,36065,Oneida County,upstate,Random Forest — level,26647.0,23012.866130058126,3634.133869941874,3634.133869941874
8090,2022,Q2,36067,Onondaga County,upstate,Random Forest — level,46170.0,47219.720707459244,-1049.7207074592443,1049.7207074592443
8090,2022,Q2,36069,Ontario County,upstate,Random Forest — level,15908.0,12762.758607420346,3145.2413925796536,3145.2413925796536
8090,2022,Q2,36071,Orange County,upstate,Random Forest — level,37972.0,31730.78651604768,6241.2134839523205,6241.2134839523205
8090,2022,Q2,36075,Oswego County,upstate,Random Forest — level,5971.0,5495.1782773743125,475.82172262568747,475.82172262568747
8090,2022,Q2,36077,Otsego County,upstate,Random Forest — level,8772.0,7570.470363728862,1201.5296362711379,1201.5296362711379
8090,2022,Q2,36079,Putnam County,upstate,Random Forest — level,5106.0,4831.397496896894,274.60250310310585,274.60250310310585
8090,2022,Q2,36081,Queens County,nyc,Random Forest — level,172078.0,167628.5645438374,4449.43545616261,4449.43545616261
8090,2022,Q2,36083,Rensselaer County,upstate,Random Forest — level,11637.0,11347.234393415676,289.7656065843239,289.7656065843239
8090,2022,Q2,36085,Richmond County,nyc,Random Forest — level,13860.0,12813.431610827618,1046.568389172382,1046.568389172382
8090,2022,Q2,36087,Rockland County,downstate_non_nyc,Random Forest — level,21981.0,19906.14083286649,2074.859167133509,2074.859167133509
8090,2022,Q2,36089,St. Lawrence County,upstate,Random Forest — level,17014.0,14511.652073639318,2502.3479263606823,2502.3479263606823
8090,2022,Q2,36091,Saratoga County,upstate,Random Forest — level,9872.0,9170.240615181117,701.7593848188826,701.7593848188826
8090,2022,Q2,36093,Schenectady County,upstate,Random Forest — level,11769.0,11631.49863138604,137.50136861395913,137.50136861395913
8090,2022,Q2,36095,Schoharie County,upstate,Random Forest — level,2781.0,2824.3135054221366,-43.313505422136586,43.313505422136586
8090,2022,Q2,36101,Steuben County,upstate,Random Forest — level,11167.0,9916.195591694255,1250.8044083057448,1250.8044083057448
8090,2022,Q2,36103,Suffolk County,downstate_non_nyc,Random Forest — level,135381.0,111987.64814421696,23393.35185578304,23393.35185578304
8090,2022,Q2,36105,Sullivan County,upstate,Random Forest — level,7475.0,6835.587477614978,639.4125223850224,639.4125223850224
8090,2022,Q2,36109,Tompkins County,upstate,Random Forest — level,8152.0,6977.873549765052,1174.1264502349477,1174.1264502349477
8090,2022,Q2,36111,Ulster County,upstate,Random Forest — level,7608.0,7971.306293734045,-363.30629373404463,363.30629373404463
8090,2022,Q2,36113,Warren County,upstate,Random Forest — level,11128.0,9842.106336686462,1285.8936633135381,1285.8936633135381
8090,2022,Q2,36117,Wayne County,upstate,Random Forest — level,5814.0,5115.090091200737,698.9099087992627,698.9099087992627
8090,2022,Q2,36119,Westchester County,downstate_non_nyc,Random Forest — level,88218.0,78753.58736935144,9464.412630648556,9464.412630648556
8090,2022,Q2,36121,Wyoming County,upstate,Random Forest — level,3339.0,3019.9614022475344,319.03859775246565,319.03859775246565
8090,2022,Q2,36123,Yates County,upstate,Random Forest — level,1961.0,1677.8219168475862,283.1780831524138,283.1780831524138
8090,2022,Q2,36001,Albany County,upstate,Random Forest — change from seasonal persistence,40816.0,40165.77903089503,650.220969104972,650.220969104972
8090,2022,Q2,36003,Allegany County,upstate,Random Forest — change from seasonal persistence,3011.0,2968.2749031779767,42.72509682202326,42.72509682202326
8090,2022,Q2,36005,Bronx County,nyc,Random Forest — change from seasonal persistence,185243.0,182129.71097648647,3113.2890235135274,3113.2890235135274
8090,2022,Q2,36007,Broome County,upstate,Random Forest — change from seasonal persistence,24012.0,23811.179009984568,200.82099001543247,200.82099001543247
8090,2022,Q2,36009,Cattaraugus County,upstate,Random Forest — change from seasonal persistence,6639.0,6227.960412751736,411.03958724826407,411.03958724826407
8090,2022,Q2,36011,Cayuga County,upstate,Random Forest — change from seasonal persistence,6248.0,5649.9786614387785,598.0213385612215,598.0213385612215
8090,2022,Q2,36013,Chautauqua County,upstate,Random Forest — change from seasonal persistence,14024.0,11826.640690691633,2197.3593093083673,2197.3593093083673
8090,2022,Q2,36015,Chemung County,upstate,Random Forest — change from seasonal persistence,8741.0,8006.592754462314,734.4072455376863,734.4072455376863
8090,2022,Q2,36017,Chenango County,upstate,Random Forest — change from seasonal persistence,4012.0,4248.92156681989,-236.92156681989036,236.92156681989036
8090,2022,Q2,36019,Clinton County,upstate,Random Forest — change from seasonal persistence,7823.0,8122.796455972133,-299.7964559721331,299.7964559721331
8090,2022,Q2,36021,Columbia County,upstate,Random Forest — change from seasonal persistence,5369.0,5419.1474078514075,-50.14740785140748,50.14740785140748
8090,2022,Q2,36023,Cortland County,upstate,Random Forest — change from seasonal persistence,6308.0,5554.568203546997,753.4317964530028,753.4317964530028
8090,2022,Q2,36025,Delaware County,upstate,Random Forest — change from seasonal persistence,4180.0,4051.5149709389193,128.4850290610807,128.4850290610807
8090,2022,Q2,36027,Dutchess County,upstate,Random Forest — change from seasonal persistence,29483.0,26567.58458529896,2915.4154147010413,2915.4154147010413
8090,2022,Q2,36029,Erie County,upstate,Random Forest — change from seasonal persistence,87697.0,82422.20530465504,5274.794695344957,5274.794695344957
8090,2022,Q2,36031,Essex County,upstate,Random Forest — change from seasonal persistence,3999.0,2795.431785711837,1203.5682142881628,1203.5682142881628
8090,2022,Q2,36033,Franklin County,upstate,Random Forest — change from seasonal persistence,6188.0,5690.679678793973,497.3203212060271,497.3203212060271
8090,2022,Q2,36035,Fulton County,upstate,Random Forest — change from seasonal persistence,4922.0,4680.798518976394,241.201481023606,241.201481023606
8090,2022,Q2,36037,Genesee County,upstate,Random Forest — change from seasonal persistence,5048.0,5008.769440902235,39.23055909776485,39.23055909776485
8090,2022,Q2,36043,Herkimer County,upstate,Random Forest — change from seasonal persistence,3896.0,3901.3865343360344,-5.386534336034401,5.386534336034401
8090,2022,Q2,36045,Jefferson County,upstate,Random Forest — change from seasonal persistence,11961.0,10986.466964422016,974.5330355779843,974.5330355779843
8090,2022,Q2,36047,Kings County,nyc,Random Forest — change from seasonal persistence,206525.0,181519.73963869462,25005.26036130538,25005.26036130538
8090,2022,Q2,36049,Lewis County,upstate,Random Forest — change from seasonal persistence,2661.0,2737.7730557405557,-76.77305574055572,76.77305574055572
8090,2022,Q2,36051,Livingston County,upstate,Random Forest — change from seasonal persistence,3548.0,3395.823391067266,152.17660893273387,152.17660893273387
8090,2022,Q2,36053,Madison County,upstate,Random Forest — change from seasonal persistence,8829.0,7795.036876491972,1033.9631235080278,1033.9631235080278
8090,2022,Q2,36055,Monroe County,upstate,Random Forest — change from seasonal persistence,71463.0,73132.30812043186,-1669.3081204318587,1669.3081204318587
8090,2022,Q2,36057,Montgomery County,upstate,Random Forest — change from seasonal persistence,9370.0,9016.742108293667,353.2578917063329,353.2578917063329
8090,2022,Q2,36059,Nassau County,downstate_non_nyc,Random Forest — change from seasonal persistence,122037.0,109396.35446160784,12640.645538392157,12640.645538392157
8090,2022,Q2,36061,New York County,nyc,Random Forest — change from seasonal persistence,261128.0,227638.55228798054,33489.447712019464,33489.447712019464
8090,2022,Q2,36063,Niagara County,upstate,Random Forest — change from seasonal persistence,12993.0,11901.914240416418,1091.0857595835823,1091.0857595835823
8090,2022,Q2,36065,Oneida County,upstate,Random Forest — change from seasonal persistence,26647.0,23866.395864310798,2780.604135689202,2780.604135689202
8090,2022,Q2,36067,Onondaga County,upstate,Random Forest — change from seasonal persistence,46170.0,53842.131875254374,-7672.131875254374,7672.131875254374
8090,2022,Q2,36069,Ontario County,upstate,Random Forest — change from seasonal persistence,15908.0,14137.82858144089,1770.17141855911,1770.17141855911
8090,2022,Q2,36071,Orange County,upstate,Random Forest — change from seasonal persistence,37972.0,37828.573687562435,143.42631243756477,143.42631243756477
8090,2022,Q2,36075,Oswego County,upstate,Random Forest — change from seasonal persistence,5971.0,5871.833471815766,99.16652818423427,99.16652818423427
8090,2022,Q2,36077,Otsego County,upstate,Random Forest — change from seasonal persistence,8772.0,8159.223666873976,612.7763331260239,612.7763331260239
8090,2022,Q2,36079,Putnam County,upstate,Random Forest — change from seasonal persistence,5106.0,4756.805628343879,349.1943716561209,349.1943716561209
8090,2022,Q2,36081,Queens County,nyc,Random Forest — change from seasonal persistence,172078.0,179825.08345948497,-7747.083459484973,7747.083459484973
8090,2022,Q2,36083,Rensselaer County,upstate,Random Forest — change from seasonal persistence,11637.0,11117.965447432198,519.0345525678022,519.0345525678022
8090,2022,Q2,36085,Richmond County,nyc,Random Forest — change from seasonal persistence,13860.0,14856.164761988015,-996.164761988015,996.164761988015
8090,2022,Q2,36087,Rockland County,downstate_non_nyc,Random Forest — change from seasonal persistence,21981.0,19811.118254467754,2169.881745532246,2169.881745532246
8090,2022,Q2,36089,St. Lawrence County,upstate,Random Forest — change from seasonal persistence,17014.0,14296.028553709362,2717.9714462906377,2717.9714462906377
8090,2022,Q2,36091,Saratoga County,upstate,Random Forest — change from seasonal persistence,9872.0,9336.402501924002,535.5974980759984,535.5974980759984
8090,2022,Q2,36093,Schenectady County,upstate,Random Forest — change from seasonal persistence,11769.0,10959.62693940319,809.3730605968103,809.3730605968103
8090,2022,Q2,36095,Schoharie County,upstate,Random Forest — change from seasonal persistence,2781.0,3062.556060936885,-281.55606093688493,281.55606093688493
8090,2022,Q2,36101,Steuben County,upstate,Random Forest — change from seasonal persistence,11167.0,10126.672814055499,1040.3271859445013,1040.3271859445013
8090,2022,Q2,36103,Suffolk County,downstate_non_nyc,Random Forest — change from seasonal persistence,135381.0,108123.24964694103,27257.750353058975,27257.750353058975
8090,2022,Q2,36105,Sullivan County,upstate,Random Forest — change from seasonal persistence,7475.0,6879.30522682519,595.6947731748096,595.6947731748096
8090,2022,Q2,36109,Tompkins County,upstate,Random Forest — change from seasonal persistence,8152.0,7692.409408713291,459.59059128670924,459.59059128670924
8090,2022,Q2,36111,Ulster County,upstate,Random Forest — change from seasonal persistence,7608.0,10034.56905043105,-2426.5690504310496,2426.5690504310496
8090,2022,Q2,36113,Warren County,upstate,Random Forest — change from seasonal persistence,11128.0,10056.125790787099,1071.8742092129014,1071.8742092129014
8090,2022,Q2,36117,Wayne County,upstate,Random Forest — change from seasonal persistence,5814.0,5382.551739732489,431.4482602675107,431.4482602675107
8090,2022,Q2,36119,Westchester County,downstate_non_nyc,Random Forest — change from seasonal persistence,88218.0,81698.74545337995,6519.254546620054,6519.254546620054
8090,2022,Q2,36121,Wyoming County,upstate,Random Forest — change from seasonal persistence,3339.0,3312.0141206454223,26.98587935457772,26.98587935457772
8090,2022,Q2,36123,Yates County,upstate,Random Forest — change from seasonal persistence,1961.0,1994.9529602712103,-33.95296027121026,33.95296027121026
8090,2022,Q2,36001,Albany County,upstate,XGBoost — level,40816.0,34562.91796875,6253.08203125,6253.08203125
8090,2022,Q2,36003,Allegany County,upstate,XGBoost — level,3011.0,2524.0947265625,486.9052734375,486.9052734375
8090,2022,Q2,36005,Bronx County,nyc,XGBoost — level,185243.0,171215.703125,14027.296875,14027.296875
8090,2022,Q2,36007,Broome County,upstate,XGBoost — level,24012.0,23013.689453125,998.310546875,998.310546875
8090,2022,Q2,36009,Cattaraugus County,upstate,XGBoost — level,6639.0,5409.6123046875,1229.3876953125,1229.3876953125
8090,2022,Q2,36011,Cayuga County,upstate,XGBoost — level,6248.0,5530.91162109375,717.08837890625,717.08837890625
8090,2022,Q2,36013,Chautauqua County,upstate,XGBoost — level,14024.0,12284.21875,1739.78125,1739.78125
8090,2022,Q2,36015,Chemung County,upstate,XGBoost — level,8741.0,7639.27294921875,1101.72705078125,1101.72705078125
8090,2022,Q2,36017,Chenango County,upstate,XGBoost — level,4012.0,4006.011474609375,5.988525390625,5.988525390625
8090,2022,Q2,36019,Clinton County,upstate,XGBoost — level,7823.0,7835.2392578125,-12.2392578125,12.2392578125
8090,2022,Q2,36021,Columbia County,upstate,XGBoost — level,5369.0,5223.07861328125,145.92138671875,145.92138671875
8090,2022,Q2,36023,Cortland County,upstate,XGBoost — level,6308.0,5179.07275390625,1128.92724609375,1128.92724609375
8090,2022,Q2,36025,Delaware County,upstate,XGBoost — level,4180.0,3750.51708984375,429.48291015625,429.48291015625
8090,2022,Q2,36027,Dutchess County,upstate,XGBoost — level,29483.0,27349.197265625,2133.802734375,2133.802734375
8090,2022,Q2,36029,Erie County,upstate,XGBoost — level,87697.0,78383.1953125,9313.8046875,9313.8046875
8090,2022,Q2,36031,Essex County,upstate,XGBoost — level,3999.0,2476.638916015625,1522.361083984375,1522.361083984375
8090,2022,Q2,36033,Franklin County,upstate,XGBoost — level,6188.0,5440.07666015625,747.92333984375,747.92333984375
8090,2022,Q2,36035,Fulton County,upstate,XGBoost — level,4922.0,4928.36572265625,-6.36572265625,6.36572265625
8090,2022,Q2,36037,Genesee County,upstate,XGBoost — level,5048.0,5248.36572265625,-200.36572265625,200.36572265625
8090,2022,Q2,36043,Herkimer County,upstate,XGBoost — level,3896.0,3245.14404296875,650.85595703125,650.85595703125
8090,2022,Q2,36045,Jefferson County,upstate,XGBoost — level,11961.0,12450.8984375,-489.8984375,489.8984375
8090,2022,Q2,36047,Kings County,nyc,XGBoost — level,206525.0,185984.734375,20540.265625,20540.265625
8090,2022,Q2,36049,Lewis County,upstate,XGBoost — level,2661.0,2471.165771484375,189.834228515625,189.834228515625
8090,2022,Q2,36051,Livingston County,upstate,XGBoost — level,3548.0,3258.73095703125,289.26904296875,289.26904296875
8090,2022,Q2,36053,Madison County,upstate,XGBoost — level,8829.0,7715.86669921875,1113.13330078125,1113.13330078125
8090,2022,Q2,36055,Monroe County,upstate,XGBoost — level,71463.0,67430.6953125,4032.3046875,4032.3046875
8090,2022,Q2,36057,Montgomery County,upstate,XGBoost — level,9370.0,7425.00390625,1944.99609375,1944.99609375
8090,2022,Q2,36059,Nassau County,downstate_non_nyc,XGBoost — level,122037.0,110498.2265625,11538.7734375,11538.7734375
8090,2022,Q2,36061,New York County,nyc,XGBoost — level,261128.0,227972.0625,33155.9375,33155.9375
8090,2022,Q2,36063,Niagara County,upstate,XGBoost — level,12993.0,12373.5908203125,619.4091796875,619.4091796875
8090,2022,Q2,36065,Oneida County,upstate,XGBoost — level,26647.0,22143.10546875,4503.89453125,4503.89453125
8090,2022,Q2,36067,Onondaga County,upstate,XGBoost — level,46170.0,44499.27734375,1670.72265625,1670.72265625
8090,2022,Q2,36069,Ontario County,upstate,XGBoost — level,15908.0,13207.306640625,2700.693359375,2700.693359375
8090,2022,Q2,36071,Orange County,upstate,XGBoost — level,37972.0,32904.734375,5067.265625,5067.265625
8090,2022,Q2,36075,Oswego County,upstate,XGBoost — level,5971.0,5839.462890625,131.537109375,131.537109375
8090,2022,Q2,36077,Otsego County,upstate,XGBoost — level,8772.0,6706.318359375,2065.681640625,2065.681640625
8090,2022,Q2,36079,Putnam County,upstate,XGBoost — level,5106.0,4989.16064453125,116.83935546875,116.83935546875
8090,2022,Q2,36081,Queens County,nyc,XGBoost — level,172078.0,139196.203125,32881.796875,32881.796875
8090,2022,Q2,36083,Rensselaer County,upstate,XGBoost — level,11637.0,11392.099609375,244.900390625,244.900390625
8090,2022,Q2,36085,Richmond County,nyc,XGBoost — level,13860.0,9430.423828125,4429.576171875,4429.576171875
8090,2022,Q2,36087,Rockland County,downstate_non_nyc,XGBoost — level,21981.0,20036.552734375,1944.447265625,1944.447265625
8090,2022,Q2,36089,St. Lawrence County,upstate,XGBoost — level,17014.0,15288.64453125,1725.35546875,1725.35546875
8090,2022,Q2,36091,Saratoga County,upstate,XGBoost — level,9872.0,9175.5888671875,696.4111328125,696.4111328125
8090,2022,Q2,36093,Schenectady County,upstate,XGBoost — level,11769.0,11667.4404296875,101.5595703125,101.5595703125
8090,2022,Q2,36095,Schoharie County,upstate,XGBoost — level,2781.0,2557.132080078125,223.867919921875,223.867919921875
8090,2022,Q2,36101,Steuben County,upstate,XGBoost — level,11167.0,9915.0107421875,1251.9892578125,1251.9892578125
8090,2022,Q2,36103,Suffolk County,downstate_non_nyc,XGBoost — level,135381.0,113778.03125,21602.96875,21602.96875
8090,2022,Q2,36105,Sullivan County,upstate,XGBoost — level,7475.0,6467.5380859375,1007.4619140625,1007.4619140625
8090,2022,Q2,36109,Tompkins County,upstate,XGBoost — level,8152.0,6904.37939453125,1247.62060546875,1247.62060546875
8090,2022,Q2,36111,Ulster County,upstate,XGBoost — level,7608.0,8140.84228515625,-532.84228515625,532.84228515625
8090,2022,Q2,36113,Warren County,upstate,XGBoost — level,11128.0,9840.71875,1287.28125,1287.28125
8090,2022,Q2,36117,Wayne County,upstate,XGBoost — level,5814.0,5369.20947265625,444.79052734375,444.79052734375
8090,2022,Q2,36119,Westchester County,downstate_non_nyc,XGBoost — level,88218.0,77061.9609375,11156.0390625,11156.0390625
8090,2022,Q2,36121,Wyoming County,upstate,XGBoost — level,3339.0,3011.939453125,327.060546875,327.060546875
8090,2022,Q2,36123,Yates County,upstate,XGBoost — level,1961.0,1839.0167236328125,121.9832763671875,121.9832763671875
8090,2022,Q2,36001,Albany County,upstate,XGBoost — change from seasonal persistence,40816.0,40132.072509765625,683.927490234375,683.927490234375
8090,2022,Q2,36003,Allegany County,upstate,XGBoost — change from seasonal persistence,3011.0,2230.44189453125,780.55810546875,780.55810546875
8090,2022,Q2,36005,Bronx County,nyc,XGBoost — change from seasonal persistence,185243.0,186365.603515625,-1122.603515625,1122.603515625
8090,2022,Q2,36007,Broome County,upstate,XGBoost — change from seasonal persistence,24012.0,23090.836364746094,921.1636352539062,921.1636352539062
8090,2022,Q2,36009,Cattaraugus County,upstate,XGBoost — change from seasonal persistence,6639.0,5734.4044189453125,904.5955810546875,904.5955810546875
8090,2022,Q2,36011,Cayuga County,upstate,XGBoost — change from seasonal persistence,6248.0,5888.391273498535,359.60872650146484,359.60872650146484
8090,2022,Q2,36013,Chautauqua County,upstate,XGBoost — change from seasonal persistence,14024.0,12807.951751708984,1216.0482482910156,1216.0482482910156
8090,2022,Q2,36015,Chemung County,upstate,XGBoost — change from seasonal persistence,8741.0,7152.041015625,1588.958984375,1588.958984375
8090,2022,Q2,36017,Chenango County,upstate,XGBoost — change from seasonal persistence,4012.0,3915.2109375,96.7890625,96.7890625
8090,2022,Q2,36019,Clinton County,upstate,XGBoost — change from seasonal persistence,7823.0,8246.840469360352,-423.84046936035156,423.84046936035156
8090,2022,Q2,36021,Columbia County,upstate,XGBoost — change from seasonal persistence,5369.0,5497.994340896606,-128.99434089660645,128.99434089660645
8090,2022,Q2,36023,Cortland County,upstate,XGBoost — change from seasonal persistence,6308.0,4653.0242919921875,1654.9757080078125,1654.9757080078125
8090,2022,Q2,36025,Delaware County,upstate,XGBoost — change from seasonal persistence,4180.0,3567.47998046875,612.52001953125,612.52001953125
8090,2022,Q2,36027,Dutchess County,upstate,XGBoost — change from seasonal persistence,29483.0,24759.706298828125,4723.293701171875,4723.293701171875
8090,2022,Q2,36029,Erie County,upstate,XGBoost — change from seasonal persistence,87697.0,82421.49853515625,5275.50146484375,5275.50146484375
8090,2022,Q2,36031,Essex County,upstate,XGBoost — change from seasonal persistence,3999.0,1953.541748046875,2045.458251953125,2045.458251953125
8090,2022,Q2,36033,Franklin County,upstate,XGBoost — change from seasonal persistence,6188.0,5191.802398681641,996.1976013183594,996.1976013183594
8090,2022,Q2,36035,Fulton County,upstate,XGBoost — change from seasonal persistence,4922.0,3742.7625122070312,1179.2374877929688,1179.2374877929688
8090,2022,Q2,36037,Genesee County,upstate,XGBoost — change from seasonal persistence,5048.0,5231.236667633057,-183.23666763305664,183.23666763305664
8090,2022,Q2,36043,Herkimer County,upstate,XGBoost — change from seasonal persistence,3896.0,2984.0450897216797,911.9549102783203,911.9549102783203
8090,2022,Q2,36045,Jefferson County,upstate,XGBoost — change from seasonal persistence,11961.0,12373.173400878906,-412.17340087890625,412.17340087890625
8090,2022,Q2,36047,Kings County,nyc,XGBoost — change from seasonal persistence,206525.0,190418.73828125,16106.26171875,16106.26171875
8090,2022,Q2,36049,Lewis County,upstate,XGBoost — change from seasonal persistence,2661.0,2737.4285888671875,-76.4285888671875,76.4285888671875
8090,2022,Q2,36051,Livingston County,upstate,XGBoost — change from seasonal persistence,3548.0,3400.4161281585693,147.58387184143066,147.58387184143066
8090,2022,Q2,36053,Madison County,upstate,XGBoost — change from seasonal persistence,8829.0,6989.109558105469,1839.8904418945312,1839.8904418945312
8090,2022,Q2,36055,Monroe County,upstate,XGBoost — change from seasonal persistence,71463.0,73549.63134765625,-2086.63134765625,2086.63134765625
8090,2022,Q2,36057,Montgomery County,upstate,XGBoost — change from seasonal persistence,9370.0,8542.28775024414,827.7122497558594,827.7122497558594
8090,2022,Q2,36059,Nassau County,downstate_non_nyc,XGBoost — change from seasonal persistence,122037.0,111748.6650390625,10288.3349609375,10288.3349609375
8090,2022,Q2,36061,New York County,nyc,XGBoost — change from seasonal persistence,261128.0,224604.1826171875,36523.8173828125,36523.8173828125
8090,2022,Q2,36063,Niagara County,upstate,XGBoost — change from seasonal persistence,12993.0,12698.089050292969,294.91094970703125,294.91094970703125
8090,2022,Q2,36065,Oneida County,upstate,XGBoost — change from seasonal persistence,26647.0,24260.150329589844,2386.8496704101562,2386.8496704101562
8090,2022,Q2,36067,Onondaga County,upstate,XGBoost — change from seasonal persistence,46170.0,52110.93444824219,-5940.9344482421875,5940.9344482421875
8090,2022,Q2,36069,Ontario County,upstate,XGBoost — change from seasonal persistence,15908.0,13237.149841308594,2670.8501586914062,2670.8501586914062
8090,2022,Q2,36071,Orange County,upstate,XGBoost — change from seasonal persistence,37972.0,34472.91589355469,3499.0841064453125,3499.0841064453125
8090,2022,Q2,36075,Oswego County,upstate,XGBoost — change from seasonal persistence,5971.0,5721.2169189453125,249.7830810546875,249.7830810546875
8090,2022,Q2,36077,Otsego County,upstate,XGBoost — change from seasonal persistence,8772.0,7798.2581787109375,973.7418212890625,973.7418212890625
8090,2022,Q2,36079,Putnam County,upstate,XGBoost — change from seasonal persistence,5106.0,4747.874359130859,358.1256408691406,358.1256408691406
8090,2022,Q2,36081,Queens County,nyc,XGBoost — change from seasonal persistence,172078.0,165049.5971069336,7028.402893066406,7028.402893066406
8090,2022,Q2,36083,Rensselaer County,upstate,XGBoost — change from seasonal persistence,11637.0,10248.650085449219,1388.3499145507812,1388.3499145507812
8090,2022,Q2,36085,Richmond County,nyc,XGBoost — change from seasonal persistence,13860.0,10902.5185546875,2957.4814453125,2957.4814453125
8090,2022,Q2,36087,Rockland County,downstate_non_nyc,XGBoost — change from seasonal persistence,21981.0,18450.734497070312,3530.2655029296875,3530.2655029296875
8090,2022,Q2,36089,St. Lawrence County,upstate,XGBoost — change from seasonal persistence,17014.0,14468.899856567383,2545.100143432617,2545.100143432617
8090,2022,Q2,36091,Saratoga County,upstate,XGBoost — change from seasonal persistence,9872.0,8056.5933837890625,1815.4066162109375,1815.4066162109375
8090,2022,Q2,36093,Schenectady County,upstate,XGBoost — change from seasonal persistence,11769.0,11429.558288574219,339.44171142578125,339.44171142578125
8090,2022,Q2,36095,Schoharie County,upstate,XGBoost — change from seasonal persistence,2781.0,2355.3699493408203,425.6300506591797,425.6300506591797
8090,2022,Q2,36101,Steuben County,upstate,XGBoost — change from seasonal persistence,11167.0,9909.415420532227,1257.5845794677734,1257.5845794677734
8090,2022,Q2,36103,Suffolk County,downstate_non_nyc,XGBoost — change from seasonal persistence,135381.0,109174.1640625,26206.8359375,26206.8359375
8090,2022,Q2,36105,Sullivan County,upstate,XGBoost — change from seasonal persistence,7475.0,5774.071594238281,1700.9284057617188,1700.9284057617188
8090,2022,Q2,36109,Tompkins County,upstate,XGBoost — change from seasonal persistence,8152.0,7646.806625366211,505.19337463378906,505.19337463378906
8090,2022,Q2,36111,Ulster County,upstate,XGBoost — change from seasonal persistence,7608.0,9083.68310546875,-1475.68310546875,1475.68310546875
8090,2022,Q2,36113,Warren County,upstate,XGBoost — change from seasonal persistence,11128.0,10029.539978027344,1098.4600219726562,1098.4600219726562
8090,2022,Q2,36117,Wayne County,upstate,XGBoost — change from seasonal persistence,5814.0,5482.501930236816,331.4980697631836,331.4980697631836
8090,2022,Q2,36119,Westchester County,downstate_non_nyc,XGBoost — change from seasonal persistence,88218.0,86043.61865234375,2174.38134765625,2174.38134765625
8090,2022,Q2,36121,Wyoming County,upstate,XGBoost — change from seasonal persistence,3339.0,3309.4529762268066,29.54702377319336,29.54702377319336
8090,2022,Q2,36123,Yates County,upstate,XGBoost — change from seasonal persistence,1961.0,1875.6629028320312,85.33709716796875,85.33709716796875
8091,2022,Q3,36001,Albany County,upstate,Previous-quarter persistence,39556.0,40816.0,-1260.0,1260.0
8091,2022,Q3,36003,Allegany County,upstate,Previous-quarter persistence,3259.0,3011.0,248.0,248.0
8091,2022,Q3,36005,Bronx County,nyc,Previous-quarter persistence,184732.0,185243.0,-511.0,511.0
8091,2022,Q3,36007,Broome County,upstate,Previous-quarter persistence,24296.0,24012.0,284.0,284.0
8091,2022,Q3,36009,Cattaraugus County,upstate,Previous-quarter persistence,6541.0,6639.0,-98.0,98.0
8091,2022,Q3,36011,Cayuga County,upstate,Previous-quarter persistence,6505.0,6248.0,257.0,257.0
8091,2022,Q3,36013,Chautauqua County,upstate,Previous-quarter persistence,14122.0,14024.0,98.0,98.0
8091,2022,Q3,36015,Chemung County,upstate,Previous-quarter persistence,8260.0,8741.0,-481.0,481.0
8091,2022,Q3,36017,Chenango County,upstate,Previous-quarter persistence,4342.0,4012.0,330.0,330.0
8091,2022,Q3,36019,Clinton County,upstate,Previous-quarter persistence,8501.0,7823.0,678.0,678.0
8091,2022,Q3,36021,Columbia County,upstate,Previous-quarter persistence,5414.0,5369.0,45.0,45.0
8091,2022,Q3,36023,Cortland County,upstate,Previous-quarter persistence,6294.0,6308.0,-14.0,14.0
8091,2022,Q3,36025,Delaware County,upstate,Previous-quarter persistence,4450.0,4180.0,270.0,270.0
8091,2022,Q3,36027,Dutchess County,upstate,Previous-quarter persistence,30267.0,29483.0,784.0,784.0
8091,2022,Q3,36029,Erie County,upstate,Previous-quarter persistence,90435.0,87697.0,2738.0,2738.0
8091,2022,Q3,36031,Essex County,upstate,Previous-quarter persistence,4712.0,3999.0,713.0,713.0
8091,2022,Q3,36033,Franklin County,upstate,Previous-quarter persistence,6659.0,6188.0,471.0,471.0
8091,2022,Q3,36035,Fulton County,upstate,Previous-quarter persistence,5302.0,4922.0,380.0,380.0
8091,2022,Q3,36037,Genesee County,upstate,Previous-quarter persistence,5615.0,5048.0,567.0,567.0
8091,2022,Q3,36043,Herkimer County,upstate,Previous-quarter persistence,3879.0,3896.0,-17.0,17.0
8091,2022,Q3,36045,Jefferson County,upstate,Previous-quarter persistence,12103.0,11961.0,142.0,142.0
8091,2022,Q3,36047,Kings County,nyc,Previous-quarter persistence,208195.0,206525.0,1670.0,1670.0
8091,2022,Q3,36049,Lewis County,upstate,Previous-quarter persistence,2717.0,2661.0,56.0,56.0
8091,2022,Q3,36051,Livingston County,upstate,Previous-quarter persistence,3711.0,3548.0,163.0,163.0
8091,2022,Q3,36053,Madison County,upstate,Previous-quarter persistence,8762.0,8829.0,-67.0,67.0
8091,2022,Q3,36055,Monroe County,upstate,Previous-quarter persistence,70916.0,71463.0,-547.0,547.0
8091,2022,Q3,36057,Montgomery County,upstate,Previous-quarter persistence,9547.0,9370.0,177.0,177.0
8091,2022,Q3,36059,Nassau County,downstate_non_nyc,Previous-quarter persistence,123337.0,122037.0,1300.0,1300.0
8091,2022,Q3,36061,New York County,nyc,Previous-quarter persistence,263431.0,261128.0,2303.0,2303.0
8091,2022,Q3,36063,Niagara County,upstate,Previous-quarter persistence,13013.0,12993.0,20.0,20.0
8091,2022,Q3,36065,Oneida County,upstate,Previous-quarter persistence,25890.0,26647.0,-757.0,757.0
8091,2022,Q3,36067,Onondaga County,upstate,Previous-quarter persistence,47247.0,46170.0,1077.0,1077.0
8091,2022,Q3,36069,Ontario County,upstate,Previous-quarter persistence,16558.0,15908.0,650.0,650.0
8091,2022,Q3,36071,Orange County,upstate,Previous-quarter persistence,38444.0,37972.0,472.0,472.0
8091,2022,Q3,36075,Oswego County,upstate,Previous-quarter persistence,6405.0,5971.0,434.0,434.0
8091,2022,Q3,36077,Otsego County,upstate,Previous-quarter persistence,9161.0,8772.0,389.0,389.0
8091,2022,Q3,36079,Putnam County,upstate,Previous-quarter persistence,5144.0,5106.0,38.0,38.0
8091,2022,Q3,36081,Queens County,nyc,Previous-quarter persistence,170065.0,172078.0,-2013.0,2013.0
8091,2022,Q3,36083,Rensselaer County,upstate,Previous-quarter persistence,11993.0,11637.0,356.0,356.0
8091,2022,Q3,36085,Richmond County,nyc,Previous-quarter persistence,13420.0,13860.0,-440.0,440.0
8091,2022,Q3,36087,Rockland County,downstate_non_nyc,Previous-quarter persistence,22550.0,21981.0,569.0,569.0
8091,2022,Q3,36089,St. Lawrence County,upstate,Previous-quarter persistence,16591.0,17014.0,-423.0,423.0
8091,2022,Q3,36091,Saratoga County,upstate,Previous-quarter persistence,9936.0,9872.0,64.0,64.0
8091,2022,Q3,36093,Schenectady County,upstate,Previous-quarter persistence,12409.0,11769.0,640.0,640.0
8091,2022,Q3,36095,Schoharie County,upstate,Previous-quarter persistence,2947.0,2781.0,166.0,166.0
8091,2022,Q3,36101,Steuben County,upstate,Previous-quarter persistence,11441.0,11167.0,274.0,274.0
8091,2022,Q3,36103,Suffolk County,downstate_non_nyc,Previous-quarter persistence,139049.0,135381.0,3668.0,3668.0
8091,2022,Q3,36105,Sullivan County,upstate,Previous-quarter persistence,8513.0,7475.0,1038.0,1038.0
8091,2022,Q3,36109,Tompkins County,upstate,Previous-quarter persistence,8685.0,8152.0,533.0,533.0
8091,2022,Q3,36111,Ulster County,upstate,Previous-quarter persistence,7741.0,7608.0,133.0,133.0
8091,2022,Q3,36113,Warren County,upstate,Previous-quarter persistence,11338.0,11128.0,210.0,210.0
8091,2022,Q3,36117,Wayne County,upstate,Previous-quarter persistence,5754.0,5814.0,-60.0,60.0
8091,2022,Q3,36119,Westchester County,downstate_non_nyc,Previous-quarter persistence,88461.0,88218.0,243.0,243.0
8091,2022,Q3,36121,Wyoming County,upstate,Previous-quarter persistence,3597.0,3339.0,258.0,258.0
8091,2022,Q3,36123,Yates County,upstate,Previous-quarter persistence,2205.0,1961.0,244.0,244.0
8091,2022,Q3,36001,Albany County,upstate,Seasonal persistence,39556.0,41275.0,-1719.0,1719.0
8091,2022,Q3,36003,Allegany County,upstate,Seasonal persistence,3259.0,2933.0,326.0,326.0
8091,2022,Q3,36005,Bronx County,nyc,Seasonal persistence,184732.0,176052.0,8680.0,8680.0
8091,2022,Q3,36007,Broome County,upstate,Seasonal persistence,24296.0,23618.0,678.0,678.0
8091,2022,Q3,36009,Cattaraugus County,upstate,Seasonal persistence,6541.0,7087.0,-546.0,546.0
8091,2022,Q3,36011,Cayuga County,upstate,Seasonal persistence,6505.0,6668.0,-163.0,163.0
8091,2022,Q3,36013,Chautauqua County,upstate,Seasonal persistence,14122.0,14440.0,-318.0,318.0
8091,2022,Q3,36015,Chemung County,upstate,Seasonal persistence,8260.0,8810.0,-550.0,550.0
8091,2022,Q3,36017,Chenango County,upstate,Seasonal persistence,4342.0,4090.0,252.0,252.0
8091,2022,Q3,36019,Clinton County,upstate,Seasonal persistence,8501.0,9248.0,-747.0,747.0
8091,2022,Q3,36021,Columbia County,upstate,Seasonal persistence,5414.0,5989.0,-575.0,575.0
8091,2022,Q3,36023,Cortland County,upstate,Seasonal persistence,6294.0,6468.0,-174.0,174.0
8091,2022,Q3,36025,Delaware County,upstate,Seasonal persistence,4450.0,4918.0,-468.0,468.0
8091,2022,Q3,36027,Dutchess County,upstate,Seasonal persistence,30267.0,28395.0,1872.0,1872.0
8091,2022,Q3,36029,Erie County,upstate,Seasonal persistence,90435.0,89218.0,1217.0,1217.0
8091,2022,Q3,36031,Essex County,upstate,Seasonal persistence,4712.0,2776.0,1936.0,1936.0
8091,2022,Q3,36033,Franklin County,upstate,Seasonal persistence,6659.0,6794.0,-135.0,135.0
8091,2022,Q3,36035,Fulton County,upstate,Seasonal persistence,5302.0,4979.0,323.0,323.0
8091,2022,Q3,36037,Genesee County,upstate,Seasonal persistence,5615.0,6135.0,-520.0,520.0
8091,2022,Q3,36043,Herkimer County,upstate,Seasonal persistence,3879.0,3699.0,180.0,180.0
8091,2022,Q3,36045,Jefferson County,upstate,Seasonal persistence,12103.0,12250.0,-147.0,147.0
8091,2022,Q3,36047,Kings County,nyc,Seasonal persistence,208195.0,175218.0,32977.0,32977.0
8091,2022,Q3,36049,Lewis County,upstate,Seasonal persistence,2717.0,2911.0,-194.0,194.0
8091,2022,Q3,36051,Livingston County,upstate,Seasonal persistence,3711.0,3769.0,-58.0,58.0
8091,2022,Q3,36053,Madison County,upstate,Seasonal persistence,8762.0,8420.0,342.0,342.0
8091,2022,Q3,36055,Monroe County,upstate,Seasonal persistence,70916.0,76113.0,-5197.0,5197.0
8091,2022,Q3,36057,Montgomery County,upstate,Seasonal persistence,9547.0,11122.0,-1575.0,1575.0
8091,2022,Q3,36059,Nassau County,downstate_non_nyc,Seasonal persistence,123337.0,111843.0,11494.0,11494.0
8091,2022,Q3,36061,New York County,nyc,Seasonal persistence,263431.0,250167.0,13264.0,13264.0
8091,2022,Q3,36063,Niagara County,upstate,Seasonal persistence,13013.0,13817.0,-804.0,804.0
8091,2022,Q3,36065,Oneida County,upstate,Seasonal persistence,25890.0,26472.0,-582.0,582.0
8091,2022,Q3,36067,Onondaga County,upstate,Seasonal persistence,47247.0,54541.0,-7294.0,7294.0
8091,2022,Q3,36069,Ontario County,upstate,Seasonal persistence,16558.0,16159.0,399.0,399.0
8091,2022,Q3,36071,Orange County,upstate,Seasonal persistence,38444.0,38044.0,400.0,400.0
8091,2022,Q3,36075,Oswego County,upstate,Seasonal persistence,6405.0,6831.0,-426.0,426.0
8091,2022,Q3,36077,Otsego County,upstate,Seasonal persistence,9161.0,8610.0,551.0,551.0
8091,2022,Q3,36079,Putnam County,upstate,Seasonal persistence,5144.0,5401.0,-257.0,257.0
8091,2022,Q3,36081,Queens County,nyc,Seasonal persistence,170065.0,177209.0,-7144.0,7144.0
8091,2022,Q3,36083,Rensselaer County,upstate,Seasonal persistence,11993.0,12452.0,-459.0,459.0
8091,2022,Q3,36085,Richmond County,nyc,Seasonal persistence,13420.0,21242.0,-7822.0,7822.0
8091,2022,Q3,36087,Rockland County,downstate_non_nyc,Seasonal persistence,22550.0,21873.0,677.0,677.0
8091,2022,Q3,36089,St. Lawrence County,upstate,Seasonal persistence,16591.0,16826.0,-235.0,235.0
8091,2022,Q3,36091,Saratoga County,upstate,Seasonal persistence,9936.0,9843.0,93.0,93.0
8091,2022,Q3,36093,Schenectady County,upstate,Seasonal persistence,12409.0,12223.0,186.0,186.0
8091,2022,Q3,36095,Schoharie County,upstate,Seasonal persistence,2947.0,3028.0,-81.0,81.0
8091,2022,Q3,36101,Steuben County,upstate,Seasonal persistence,11441.0,11389.0,52.0,52.0
8091,2022,Q3,36103,Suffolk County,downstate_non_nyc,Seasonal persistence,139049.0,116463.0,22586.0,22586.0
8091,2022,Q3,36105,Sullivan County,upstate,Seasonal persistence,8513.0,7925.0,588.0,588.0
8091,2022,Q3,36109,Tompkins County,upstate,Seasonal persistence,8685.0,8519.0,166.0,166.0
8091,2022,Q3,36111,Ulster County,upstate,Seasonal persistence,7741.0,10929.0,-3188.0,3188.0
8091,2022,Q3,36113,Warren County,upstate,Seasonal persistence,11338.0,11119.0,219.0,219.0
8091,2022,Q3,36117,Wayne County,upstate,Seasonal persistence,5754.0,6012.0,-258.0,258.0
8091,2022,Q3,36119,Westchester County,downstate_non_nyc,Seasonal persistence,88461.0,87645.0,816.0,816.0
8091,2022,Q3,36121,Wyoming County,upstate,Seasonal persistence,3597.0,3681.0,-84.0,84.0
8091,2022,Q3,36123,Yates County,upstate,Seasonal persistence,2205.0,2088.0,117.0,117.0
8091,2022,Q3,36001,Albany County,upstate,Ridge — level,39556.0,34344.68785208409,5211.312147915909,5211.312147915909
8091,2022,Q3,36003,Allegany County,upstate,Ridge — level,3259.0,-192.0438766295265,3451.0438766295265,3451.0438766295265
8091,2022,Q3,36005,Bronx County,nyc,Ridge — level,184732.0,169061.8143225923,15670.185677407688,15670.185677407688
8091,2022,Q3,36007,Broome County,upstate,Ridge — level,24296.0,18552.70483672296,5743.295163277038,5743.295163277038
8091,2022,Q3,36009,Cattaraugus County,upstate,Ridge — level,6541.0,1454.7850872583658,5086.214912741634,5086.214912741634
8091,2022,Q3,36011,Cayuga County,upstate,Ridge — level,6505.0,1699.4919630119875,4805.5080369880125,4805.5080369880125
8091,2022,Q3,36013,Chautauqua County,upstate,Ridge — level,14122.0,11671.344028035557,2450.655971964443,2450.655971964443
8091,2022,Q3,36015,Chemung County,upstate,Ridge — level,8260.0,5714.625354522879,2545.374645477121,2545.374645477121
8091,2022,Q3,36017,Chenango County,upstate,Ridge — level,4342.0,-1615.1558022596255,5957.1558022596255,5957.1558022596255
8091,2022,Q3,36019,Clinton County,upstate,Ridge — level,8501.0,4383.439344753831,4117.560655246169,4117.560655246169
8091,2022,Q3,36021,Columbia County,upstate,Ridge — level,5414.0,-1176.8479209239267,6590.847920923927,6590.847920923927
8091,2022,Q3,36023,Cortland County,upstate,Ridge — level,6294.0,2588.2842958826986,3705.7157041173014,3705.7157041173014
8091,2022,Q3,36025,Delaware County,upstate,Ridge — level,4450.0,1583.8152309938014,2866.1847690061986,2866.1847690061986
8091,2022,Q3,36027,Dutchess County,upstate,Ridge — level,30267.0,24755.792964881184,5511.207035118816,5511.207035118816
8091,2022,Q3,36029,Erie County,upstate,Ridge — level,90435.0,78780.09397557084,11654.906024429161,11654.906024429161
8091,2022,Q3,36031,Essex County,upstate,Ridge — level,4712.0,84.56547424407472,4627.434525755925,4627.434525755925
8091,2022,Q3,36033,Franklin County,upstate,Ridge — level,6659.0,2519.3268254683026,4139.673174531697,4139.673174531697
8091,2022,Q3,36035,Fulton County,upstate,Ridge — level,5302.0,-569.1798780014251,5871.179878001425,5871.179878001425
8091,2022,Q3,36037,Genesee County,upstate,Ridge — level,5615.0,725.4849269605693,4889.515073039431,4889.515073039431
8091,2022,Q3,36043,Herkimer County,upstate,Ridge — level,3879.0,-3898.5518184222274,7777.551818422227,7777.551818422227
8091,2022,Q3,36045,Jefferson County,upstate,Ridge — level,12103.0,7802.073717770134,4300.926282229866,4300.926282229866
8091,2022,Q3,36047,Kings County,nyc,Ridge — level,208195.0,194016.87379529694,14178.126204703061,14178.126204703061
8091,2022,Q3,36049,Lewis County,upstate,Ridge — level,2717.0,-2067.5060966258134,4784.506096625813,4784.506096625813
8091,2022,Q3,36051,Livingston County,upstate,Ridge — level,3711.0,703.446230479014,3007.553769520986,3007.553769520986
8091,2022,Q3,36053,Madison County,upstate,Ridge — level,8762.0,2999.292858701705,5762.707141298295,5762.707141298295
8091,2022,Q3,36055,Monroe County,upstate,Ridge — level,70916.0,61250.58898614654,9665.41101385346,9665.41101385346
8091,2022,Q3,36057,Montgomery County,upstate,Ridge — level,9547.0,1646.1372732608907,7900.862726739109,7900.862726739109
8091,2022,Q3,36059,Nassau County,downstate_non_nyc,Ridge — level,123337.0,109801.83650550176,13535.163494498236,13535.163494498236
8091,2022,Q3,36061,New York County,nyc,Ridge — level,263431.0,240146.9482438271,23284.051756172907,23284.051756172907
8091,2022,Q3,36063,Niagara County,upstate,Ridge — level,13013.0,12680.1033368729,332.8966631270996,332.8966631270996
8091,2022,Q3,36065,Oneida County,upstate,Ridge — level,25890.0,19202.21975003211,6687.780249967891,6687.780249967891
8091,2022,Q3,36067,Onondaga County,upstate,Ridge — level,47247.0,39253.52733077752,7993.472669222479,7993.472669222479
8091,2022,Q3,36069,Ontario County,upstate,Ridge — level,16558.0,10352.923407248749,6205.076592751251,6205.076592751251
8091,2022,Q3,36071,Orange County,upstate,Ridge — level,38444.0,33330.28117904119,5113.718820958813,5113.718820958813
8091,2022,Q3,36075,Oswego County,upstate,Ridge — level,6405.0,3504.2268209258,2900.7731790742,2900.7731790742
8091,2022,Q3,36077,Otsego County,upstate,Ridge — level,9161.0,3614.7889251330635,5546.2110748669365,5546.2110748669365
8091,2022,Q3,36079,Putnam County,upstate,Ridge — level,5144.0,753.4348300171223,4390.565169982878,4390.565169982878
8091,2022,Q3,36081,Queens County,nyc,Ridge — level,170065.0,159936.6883607313,10128.311639268708,10128.311639268708
8091,2022,Q3,36083,Rensselaer County,upstate,Ridge — level,11993.0,1685.805573480884,10307.194426519116,10307.194426519116
8091,2022,Q3,36085,Richmond County,nyc,Ridge — level,13420.0,18396.572722362394,-4976.572722362394,4976.572722362394
8091,2022,Q3,36087,Rockland County,downstate_non_nyc,Ridge — level,22550.0,16333.18413000234,6216.815869997659,6216.815869997659
8091,2022,Q3,36089,St. Lawrence County,upstate,Ridge — level,16591.0,14384.465005955186,2206.534994044814,2206.534994044814
8091,2022,Q3,36091,Saratoga County,upstate,Ridge — level,9936.0,2822.8716728807594,7113.128327119241,7113.128327119241
8091,2022,Q3,36093,Schenectady County,upstate,Ridge — level,12409.0,7197.758090329538,5211.241909670462,5211.241909670462
8091,2022,Q3,36095,Schoharie County,upstate,Ridge — level,2947.0,-4076.243200746143,7023.243200746143,7023.243200746143
8091,2022,Q3,36101,Steuben County,upstate,Ridge — level,11441.0,6925.122418404291,4515.877581595709,4515.877581595709
8091,2022,Q3,36103,Suffolk County,downstate_non_nyc,Ridge — level,139049.0,120956.21729852636,18092.78270147364,18092.78270147364
8091,2022,Q3,36105,Sullivan County,upstate,Ridge — level,8513.0,4888.483449917108,3624.5165500828916,3624.5165500828916
8091,2022,Q3,36109,Tompkins County,upstate,Ridge — level,8685.0,6774.277848226233,1910.722151773767,1910.722151773767
8091,2022,Q3,36111,Ulster County,upstate,Ridge — level,7741.0,6673.234378902744,1067.7656210972564,1067.7656210972564
8091,2022,Q3,36113,Warren County,upstate,Ridge — level,11338.0,4317.118781760124,7020.881218239876,7020.881218239876
8091,2022,Q3,36117,Wayne County,upstate,Ridge — level,5754.0,-341.4686935107711,6095.468693510771,6095.468693510771
8091,2022,Q3,36119,Westchester County,downstate_non_nyc,Ridge — level,88461.0,86029.11617332262,2431.883826677382,2431.883826677382
8091,2022,Q3,36121,Wyoming County,upstate,Ridge — level,3597.0,-738.8939607944085,4335.8939607944085,4335.8939607944085
8091,2022,Q3,36123,Yates County,upstate,Ridge — level,2205.0,-3975.3909019522653,6180.390901952265,6180.390901952265
8091,2022,Q3,36001,Albany County,upstate,Ridge — change from seasonal persistence,39556.0,31860.228831419197,7695.771168580803,7695.771168580803
8091,2022,Q3,36003,Allegany County,upstate,Ridge — change from seasonal persistence,3259.0,-3420.5053061821745,6679.5053061821745,6679.5053061821745
8091,2022,Q3,36005,Bronx County,nyc,Ridge — change from seasonal persistence,184732.0,167136.2325349838,17595.767465016193,17595.767465016193
8091,2022,Q3,36007,Broome County,upstate,Ridge — change from seasonal persistence,24296.0,15383.389564346693,8912.610435653307,8912.610435653307
8091,2022,Q3,36009,Cattaraugus County,upstate,Ridge — change from seasonal persistence,6541.0,-1604.483437836956,8145.483437836956,8145.483437836956
8091,2022,Q3,36011,Cayuga County,upstate,Ridge — change from seasonal persistence,6505.0,-1941.7215191224623,8446.721519122462,8446.721519122462
8091,2022,Q3,36013,Chautauqua County,upstate,Ridge — change from seasonal persistence,14122.0,8745.99137952461,5376.00862047539,5376.00862047539
8091,2022,Q3,36015,Chemung County,upstate,Ridge — change from seasonal persistence,8260.0,2773.1016768153404,5486.89832318466,5486.89832318466
8091,2022,Q3,36017,Chenango County,upstate,Ridge — change from seasonal persistence,4342.0,-4679.028628332599,9021.028628332599,9021.028628332599
8091,2022,Q3,36019,Clinton County,upstate,Ridge — change from seasonal persistence,8501.0,3262.6575760790456,5238.342423920954,5238.342423920954
8091,2022,Q3,36021,Columbia County,upstate,Ridge — change from seasonal persistence,5414.0,-1368.0230256818759,6782.023025681876,6782.023025681876
8091,2022,Q3,36023,Cortland County,upstate,Ridge — change from seasonal persistence,6294.0,-2143.153084841886,8437.153084841886,8437.153084841886
8091,2022,Q3,36025,Delaware County,upstate,Ridge — change from seasonal persistence,4450.0,-1288.4383730795726,5738.438373079573,5738.438373079573
8091,2022,Q3,36027,Dutchess County,upstate,Ridge — change from seasonal persistence,30267.0,21833.868032374798,8433.131967625202,8433.131967625202
8091,2022,Q3,36029,Erie County,upstate,Ridge — change from seasonal persistence,90435.0,75303.03015379151,15131.969846208493,15131.969846208493
8091,2022,Q3,36031,Essex County,upstate,Ridge — change from seasonal persistence,4712.0,-933.0613404824858,5645.061340482485,5645.061340482485
8091,2022,Q3,36033,Franklin County,upstate,Ridge — change from seasonal persistence,6659.0,1058.1618365763043,5600.838163423696,5600.838163423696
8091,2022,Q3,36035,Fulton County,upstate,Ridge — change from seasonal persistence,5302.0,-3910.564529582647,9212.564529582647,9212.564529582647
8091,2022,Q3,36037,Genesee County,upstate,Ridge — change from seasonal persistence,5615.0,-2949.451352466289,8564.451352466289,8564.451352466289
8091,2022,Q3,36043,Herkimer County,upstate,Ridge — change from seasonal persistence,3879.0,-6918.93063306204,10797.93063306204,10797.93063306204
8091,2022,Q3,36045,Jefferson County,upstate,Ridge — change from seasonal persistence,12103.0,5919.128664642596,6183.871335357404,6183.871335357404
8091,2022,Q3,36047,Kings County,nyc,Ridge — change from seasonal persistence,208195.0,192426.42512332124,15768.574876678758,15768.574876678758
8091,2022,Q3,36049,Lewis County,upstate,Ridge — change from seasonal persistence,2717.0,-3021.466245123749,5738.466245123749,5738.466245123749
8091,2022,Q3,36051,Livingston County,upstate,Ridge — change from seasonal persistence,3711.0,-3996.0666123018254,7707.066612301825,7707.066612301825
8091,2022,Q3,36053,Madison County,upstate,Ridge — change from seasonal persistence,8762.0,-1596.4004503782417,10358.400450378242,10358.400450378242
8091,2022,Q3,36055,Monroe County,upstate,Ridge — change from seasonal persistence,70916.0,58710.66016365328,12205.33983634672,12205.33983634672
8091,2022,Q3,36057,Montgomery County,upstate,Ridge — change from seasonal persistence,9547.0,1085.132445287807,8461.867554712193,8461.867554712193
8091,2022,Q3,36059,Nassau County,downstate_non_nyc,Ridge — change from seasonal persistence,123337.0,109049.96084397135,14287.039156028652,14287.039156028652
8091,2022,Q3,36061,New York County,nyc,Ridge — change from seasonal persistence,263431.0,238687.17667104775,24743.823328952247,24743.823328952247
8091,2022,Q3,36063,Niagara County,upstate,Ridge — change from seasonal persistence,13013.0,9703.702886332267,3309.2971136677334,3309.2971136677334
8091,2022,Q3,36065,Oneida County,upstate,Ridge — change from seasonal persistence,25890.0,15310.473608954468,10579.526391045532,10579.526391045532
8091,2022,Q3,36067,Onondaga County,upstate,Ridge — change from seasonal persistence,47247.0,35812.80321696734,11434.196783032661,11434.196783032661
8091,2022,Q3,36069,Ontario County,upstate,Ridge — change from seasonal persistence,16558.0,7220.742646223467,9337.257353776533,9337.257353776533
8091,2022,Q3,36071,Orange County,upstate,Ridge — change from seasonal persistence,38444.0,33301.16141249763,5142.838587502367,5142.838587502367
8091,2022,Q3,36075,Oswego County,upstate,Ridge — change from seasonal persistence,6405.0,-317.0669820359053,6722.066982035905,6722.066982035905
8091,2022,Q3,36077,Otsego County,upstate,Ridge — change from seasonal persistence,9161.0,436.6688140250608,8724.33118597494,8724.33118597494
8091,2022,Q3,36079,Putnam County,upstate,Ridge — change from seasonal persistence,5144.0,-2406.6074462322085,7550.6074462322085,7550.6074462322085
8091,2022,Q3,36081,Queens County,nyc,Ridge — change from seasonal persistence,170065.0,157037.99867806688,13027.001321933116,13027.001321933116
8091,2022,Q3,36083,Rensselaer County,upstate,Ridge — change from seasonal persistence,11993.0,-2873.684325356917,14866.684325356917,14866.684325356917
8091,2022,Q3,36085,Richmond County,nyc,Ridge — change from seasonal persistence,13420.0,16755.666108606474,-3335.666108606474,3335.666108606474
8091,2022,Q3,36087,Rockland County,downstate_non_nyc,Ridge — change from seasonal persistence,22550.0,17690.212953888993,4859.787046111007,4859.787046111007
8091,2022,Q3,36089,St. Lawrence County,upstate,Ridge — change from seasonal persistence,16591.0,12804.763172819064,3786.2368271809355,3786.2368271809355
8091,2022,Q3,36091,Saratoga County,upstate,Ridge — change from seasonal persistence,9936.0,572.2633549135389,9363.736645086461,9363.736645086461
8091,2022,Q3,36093,Schenectady County,upstate,Ridge — change from seasonal persistence,12409.0,6538.292449833059,5870.707550166941,5870.707550166941
8091,2022,Q3,36095,Schoharie County,upstate,Ridge — change from seasonal persistence,2947.0,-6992.66476274126,9939.66476274126,9939.66476274126
8091,2022,Q3,36101,Steuben County,upstate,Ridge — change from seasonal persistence,11441.0,4106.067174689206,7334.932825310794,7334.932825310794
8091,2022,Q3,36103,Suffolk County,downstate_non_nyc,Ridge — change from seasonal persistence,139049.0,119070.9147431836,19978.085256816397,19978.085256816397
8091,2022,Q3,36105,Sullivan County,upstate,Ridge — change from seasonal persistence,8513.0,2565.100027892713,5947.899972107287,5947.899972107287
8091,2022,Q3,36109,Tompkins County,upstate,Ridge — change from seasonal persistence,8685.0,935.1145796212913,7749.885420378709,7749.885420378709
8091,2022,Q3,36111,Ulster County,upstate,Ridge — change from seasonal persistence,7741.0,4606.365156324962,3134.6348436750377,3134.6348436750377
8091,2022,Q3,36113,Warren County,upstate,Ridge — change from seasonal persistence,11338.0,2704.3854939588364,8633.614506041164,8633.614506041164
8091,2022,Q3,36117,Wayne County,upstate,Ridge — change from seasonal persistence,5754.0,-2505.700932749496,8259.700932749496,8259.700932749496
8091,2022,Q3,36119,Westchester County,downstate_non_nyc,Ridge — change from seasonal persistence,88461.0,84084.54312725346,4376.456872746538,4376.456872746538
8091,2022,Q3,36121,Wyoming County,upstate,Ridge — change from seasonal persistence,3597.0,-6102.107147999015,9699.107147999015,9699.107147999015
8091,2022,Q3,36123,Yates County,upstate,Ridge — change from seasonal persistence,2205.0,-5417.339344136464,7622.339344136464,7622.339344136464
8091,2022,Q3,36001,Albany County,upstate,Random Forest — level,39556.0,37098.44776203891,2457.552237961092,2457.552237961092
8091,2022,Q3,36003,Allegany County,upstate,Random Forest — level,3259.0,3020.8982964927213,238.10170350727867,238.10170350727867
8091,2022,Q3,36005,Bronx County,nyc,Random Forest — level,184732.0,171777.13975911133,12954.860240888665,12954.860240888665
8091,2022,Q3,36007,Broome County,upstate,Random Forest — level,24296.0,21733.28799387185,2562.7120061281494,2562.7120061281494
8091,2022,Q3,36009,Cattaraugus County,upstate,Random Forest — level,6541.0,6162.071047743928,378.9289522560721,378.9289522560721
8091,2022,Q3,36011,Cayuga County,upstate,Random Forest — level,6505.0,6126.935196465576,378.06480353442385,378.06480353442385
8091,2022,Q3,36013,Chautauqua County,upstate,Random Forest — level,14122.0,13186.744710941022,935.2552890589777,935.2552890589777
8091,2022,Q3,36015,Chemung County,upstate,Random Forest — level,8260.0,8112.563023078771,147.43697692122896,147.43697692122896
8091,2022,Q3,36017,Chenango County,upstate,Random Forest — level,4342.0,3799.122210451585,542.877789548415,542.877789548415
8091,2022,Q3,36019,Clinton County,upstate,Random Forest — level,8501.0,7933.290637973682,567.7093620263176,567.7093620263176
8091,2022,Q3,36021,Columbia County,upstate,Random Forest — level,5414.0,4894.069924667926,519.930075332074,519.930075332074
8091,2022,Q3,36023,Cortland County,upstate,Random Forest — level,6294.0,6026.510684218561,267.48931578143856,267.48931578143856
8091,2022,Q3,36025,Delaware County,upstate,Random Forest — level,4450.0,3901.9768427822182,548.0231572177818,548.0231572177818
8091,2022,Q3,36027,Dutchess County,upstate,Random Forest — level,30267.0,26272.678755244757,3994.3212447552432,3994.3212447552432
8091,2022,Q3,36029,Erie County,upstate,Random Forest — level,90435.0,76037.50758280225,14397.492417197747,14397.492417197747
8091,2022,Q3,36031,Essex County,upstate,Random Forest — level,4712.0,3793.052591420016,918.9474085799839,918.9474085799839
8091,2022,Q3,36033,Franklin County,upstate,Random Forest — level,6659.0,5613.999895465649,1045.0001045343506,1045.0001045343506
8091,2022,Q3,36035,Fulton County,upstate,Random Forest — level,5302.0,4295.17191867392,1006.8280813260799,1006.8280813260799
8091,2022,Q3,36037,Genesee County,upstate,Random Forest — level,5615.0,4889.388043044919,725.611956955081,725.611956955081
8091,2022,Q3,36043,Herkimer County,upstate,Random Forest — level,3879.0,3533.121065724854,345.8789342751461,345.8789342751461
8091,2022,Q3,36045,Jefferson County,upstate,Random Forest — level,12103.0,11589.243239292924,513.756760707076,513.756760707076
8091,2022,Q3,36047,Kings County,nyc,Random Forest — level,208195.0,199815.64469937654,8379.355300623458,8379.355300623458
8091,2022,Q3,36049,Lewis County,upstate,Random Forest — level,2717.0,2369.1030288502343,347.8969711497657,347.8969711497657
8091,2022,Q3,36051,Livingston County,upstate,Random Forest — level,3711.0,3318.7630942605892,392.23690573941076,392.23690573941076
8091,2022,Q3,36053,Madison County,upstate,Random Forest — level,8762.0,8011.392039477403,750.6079605225968,750.6079605225968
8091,2022,Q3,36055,Monroe County,upstate,Random Forest — level,70916.0,67995.80384865127,2920.196151348733,2920.196151348733
8091,2022,Q3,36057,Montgomery County,upstate,Random Forest — level,9547.0,8313.715145289889,1233.2848547101112,1233.2848547101112
8091,2022,Q3,36059,Nassau County,downstate_non_nyc,Random Forest — level,123337.0,103380.01128040944,19956.98871959056,19956.98871959056
8091,2022,Q3,36061,New York County,nyc,Random Forest — level,263431.0,232622.42660819445,30808.57339180555,30808.57339180555
8091,2022,Q3,36063,Niagara County,upstate,Random Forest — level,13013.0,12091.748796531429,921.2512034685715,921.2512034685715
8091,2022,Q3,36065,Oneida County,upstate,Random Forest — level,25890.0,24129.96031537442,1760.039684625579,1760.039684625579
8091,2022,Q3,36067,Onondaga County,upstate,Random Forest — level,47247.0,46506.471126554,740.5288734459973,740.5288734459973
8091,2022,Q3,36069,Ontario County,upstate,Random Forest — level,16558.0,15374.609240004555,1183.3907599954455,1183.3907599954455
8091,2022,Q3,36071,Orange County,upstate,Random Forest — level,38444.0,35165.80340880881,3278.1965911911902,3278.1965911911902
8091,2022,Q3,36075,Oswego County,upstate,Random Forest — level,6405.0,5609.981022856773,795.018977143227,795.018977143227
8091,2022,Q3,36077,Otsego County,upstate,Random Forest — level,9161.0,8007.692091971207,1153.3079080287926,1153.3079080287926
8091,2022,Q3,36079,Putnam County,upstate,Random Forest — level,5144.0,4800.546885572761,343.4531144272387,343.4531144272387
8091,2022,Q3,36081,Queens County,nyc,Random Forest — level,170065.0,167633.7191901894,2431.280809810589,2431.280809810589
8091,2022,Q3,36083,Rensselaer County,upstate,Random Forest — level,11993.0,11011.391426138669,981.608573861331,981.608573861331
8091,2022,Q3,36085,Richmond County,nyc,Random Forest — level,13420.0,14581.377925985304,-1161.3779259853036,1161.3779259853036
8091,2022,Q3,36087,Rockland County,downstate_non_nyc,Random Forest — level,22550.0,20996.655158323163,1553.344841676837,1553.344841676837
8091,2022,Q3,36089,St. Lawrence County,upstate,Random Forest — level,16591.0,16534.34759870685,56.65240129315134,56.65240129315134
8091,2022,Q3,36091,Saratoga County,upstate,Random Forest — level,9936.0,9450.597330331699,485.4026696683013,485.4026696683013
8091,2022,Q3,36093,Schenectady County,upstate,Random Forest — level,12409.0,11284.569698581146,1124.4303014188536,1124.4303014188536
8091,2022,Q3,36095,Schoharie County,upstate,Random Forest — level,2947.0,2602.0073313429484,344.9926686570516,344.9926686570516
8091,2022,Q3,36101,Steuben County,upstate,Random Forest — level,11441.0,10933.55208533188,507.4479146681206,507.4479146681206
8091,2022,Q3,36103,Suffolk County,downstate_non_nyc,Random Forest — level,139049.0,113248.63082138702,25800.36917861298,25800.36917861298
8091,2022,Q3,36105,Sullivan County,upstate,Random Forest — level,8513.0,7615.511167818836,897.4888321811641,897.4888321811641
8091,2022,Q3,36109,Tompkins County,upstate,Random Forest — level,8685.0,7988.878481553852,696.121518446148,696.121518446148
8091,2022,Q3,36111,Ulster County,upstate,Random Forest — level,7741.0,8580.041103457272,-839.0411034572717,839.0411034572717
8091,2022,Q3,36113,Warren County,upstate,Random Forest — level,11338.0,10383.559514226512,954.440485773488,954.440485773488
8091,2022,Q3,36117,Wayne County,upstate,Random Forest — level,5754.0,5295.797879412255,458.2021205877454,458.2021205877454
8091,2022,Q3,36119,Westchester County,downstate_non_nyc,Random Forest — level,88461.0,81993.67456660932,6467.325433390681,6467.325433390681
8091,2022,Q3,36121,Wyoming County,upstate,Random Forest — level,3597.0,3077.829476813766,519.1705231862338,519.1705231862338
8091,2022,Q3,36123,Yates County,upstate,Random Forest — level,2205.0,1941.6579197001251,263.34208029987485,263.34208029987485
8091,2022,Q3,36001,Albany County,upstate,Random Forest — change from seasonal persistence,39556.0,39030.685064500314,525.3149354996858,525.3149354996858
8091,2022,Q3,36003,Allegany County,upstate,Random Forest — change from seasonal persistence,3259.0,2828.664220785478,430.33577921452206,430.33577921452206
8091,2022,Q3,36005,Bronx County,nyc,Random Forest — change from seasonal persistence,184732.0,192343.2224154707,-7611.222415470693,7611.222415470693
8091,2022,Q3,36007,Broome County,upstate,Random Forest — change from seasonal persistence,24296.0,23568.03598116698,727.9640188330195,727.9640188330195
8091,2022,Q3,36009,Cattaraugus County,upstate,Random Forest — change from seasonal persistence,6541.0,6818.662902122659,-277.66290212265903,277.66290212265903
8091,2022,Q3,36011,Cayuga County,upstate,Random Forest — change from seasonal persistence,6505.0,6527.119938174571,-22.11993817457096,22.11993817457096
8091,2022,Q3,36013,Chautauqua County,upstate,Random Forest — change from seasonal persistence,14122.0,13502.120278050654,619.8797219493463,619.8797219493463
8091,2022,Q3,36015,Chemung County,upstate,Random Forest — change from seasonal persistence,8260.0,8532.60512465775,-272.6051246577499,272.6051246577499
8091,2022,Q3,36017,Chenango County,upstate,Random Forest — change from seasonal persistence,4342.0,3882.682582631965,459.31741736803497,459.31741736803497
8091,2022,Q3,36019,Clinton County,upstate,Random Forest — change from seasonal persistence,8501.0,8786.18644765855,-285.1864476585506,285.1864476585506
8091,2022,Q3,36021,Columbia County,upstate,Random Forest — change from seasonal persistence,5414.0,5635.663497007622,-221.66349700762203,221.66349700762203
8091,2022,Q3,36023,Cortland County,upstate,Random Forest — change from seasonal persistence,6294.0,6303.9121977390805,-9.912197739080511,9.912197739080511
8091,2022,Q3,36025,Delaware County,upstate,Random Forest — change from seasonal persistence,4450.0,4415.855923767681,34.144076232319094,34.144076232319094
8091,2022,Q3,36027,Dutchess County,upstate,Random Forest — change from seasonal persistence,30267.0,27829.088557812556,2437.9114421874438,2437.9114421874438
8091,2022,Q3,36029,Erie County,upstate,Random Forest — change from seasonal persistence,90435.0,81659.94494275631,8775.055057243691,8775.055057243691
8091,2022,Q3,36031,Essex County,upstate,Random Forest — change from seasonal persistence,4712.0,2587.7845641596964,2124.2154358403036,2124.2154358403036
8091,2022,Q3,36033,Franklin County,upstate,Random Forest — change from seasonal persistence,6659.0,6530.273573321831,128.72642667816945,128.72642667816945
8091,2022,Q3,36035,Fulton County,upstate,Random Forest — change from seasonal persistence,5302.0,4857.134218422101,444.8657815778988,444.8657815778988
8091,2022,Q3,36037,Genesee County,upstate,Random Forest — change from seasonal persistence,5615.0,6078.421173568806,-463.4211735688059,463.4211735688059
8091,2022,Q3,36043,Herkimer County,upstate,Random Forest — change from seasonal persistence,3879.0,3567.625499909132,311.37450009086797,311.37450009086797
8091,2022,Q3,36045,Jefferson County,upstate,Random Forest — change from seasonal persistence,12103.0,12015.963817955193,87.03618204480699,87.03618204480699
8091,2022,Q3,36047,Kings County,nyc,Random Forest — change from seasonal persistence,208195.0,196131.21368713747,12063.786312862532,12063.786312862532
8091,2022,Q3,36049,Lewis County,upstate,Random Forest — change from seasonal persistence,2717.0,2876.6164583055834,-159.61645830558336,159.61645830558336
8091,2022,Q3,36051,Livingston County,upstate,Random Forest — change from seasonal persistence,3711.0,3733.683902784035,-22.683902784035126,22.683902784035126
8091,2022,Q3,36053,Madison County,upstate,Random Forest — change from seasonal persistence,8762.0,8289.792471597846,472.2075284021539,472.2075284021539
8091,2022,Q3,36055,Monroe County,upstate,Random Forest — change from seasonal persistence,70916.0,73261.1620723212,-2345.1620723211963,2345.1620723211963
8091,2022,Q3,36057,Montgomery County,upstate,Random Forest — change from seasonal persistence,9547.0,10489.769278263404,-942.769278263404,942.769278263404
8091,2022,Q3,36059,Nassau County,downstate_non_nyc,Random Forest — change from seasonal persistence,123337.0,105978.4962658741,17358.5037341259,17358.5037341259
8091,2022,Q3,36061,New York County,nyc,Random Forest — change from seasonal persistence,263431.0,236223.48912174074,27207.510878259258,27207.510878259258
8091,2022,Q3,36063,Niagara County,upstate,Random Forest — change from seasonal persistence,13013.0,13017.008488196989,-4.008488196988765,4.008488196988765
8091,2022,Q3,36065,Oneida County,upstate,Random Forest — change from seasonal persistence,25890.0,26107.26145004995,-217.26145004995124,217.26145004995124
8091,2022,Q3,36067,Onondaga County,upstate,Random Forest — change from seasonal persistence,47247.0,51837.47964465627,-4590.479644656269,4590.479644656269
8091,2022,Q3,36069,Ontario County,upstate,Random Forest — change from seasonal persistence,16558.0,15812.90033967884,745.0996603211606,745.0996603211606
8091,2022,Q3,36071,Orange County,upstate,Random Forest — change from seasonal persistence,38444.0,38777.50180188711,-333.5018018871124,333.5018018871124
8091,2022,Q3,36075,Oswego County,upstate,Random Forest — change from seasonal persistence,6405.0,6593.70748352274,-188.7074835227404,188.7074835227404
8091,2022,Q3,36077,Otsego County,upstate,Random Forest — change from seasonal persistence,9161.0,8322.508891446516,838.4911085534841,838.4911085534841
8091,2022,Q3,36079,Putnam County,upstate,Random Forest — change from seasonal persistence,5144.0,5165.101468619343,-21.101468619342995,21.101468619342995
8091,2022,Q3,36081,Queens County,nyc,Random Forest — change from seasonal persistence,170065.0,192122.4890311652,-22057.489031165198,22057.489031165198
8091,2022,Q3,36083,Rensselaer County,upstate,Random Forest — change from seasonal persistence,11993.0,12158.51965375828,-165.51965375827967,165.51965375827967
8091,2022,Q3,36085,Richmond County,nyc,Random Forest — change from seasonal persistence,13420.0,18327.96367180967,-4907.96367180967,4907.96367180967
8091,2022,Q3,36087,Rockland County,downstate_non_nyc,Random Forest — change from seasonal persistence,22550.0,20975.688283392534,1574.3117166074662,1574.3117166074662
8091,2022,Q3,36089,St. Lawrence County,upstate,Random Forest — change from seasonal persistence,16591.0,17566.748512640137,-975.748512640137,975.748512640137
8091,2022,Q3,36091,Saratoga County,upstate,Random Forest — change from seasonal persistence,9936.0,9823.845652250528,112.15434774947244,112.15434774947244
8091,2022,Q3,36093,Schenectady County,upstate,Random Forest — change from seasonal persistence,12409.0,11585.496384106635,823.5036158933653,823.5036158933653
8091,2022,Q3,36095,Schoharie County,upstate,Random Forest — change from seasonal persistence,2947.0,2843.993240705373,103.00675929462705,103.00675929462705
8091,2022,Q3,36101,Steuben County,upstate,Random Forest — change from seasonal persistence,11441.0,11446.795260690562,-5.795260690561918,5.795260690561918
8091,2022,Q3,36103,Suffolk County,downstate_non_nyc,Random Forest — change from seasonal persistence,139049.0,121837.93864116549,17211.061358834515,17211.061358834515
8091,2022,Q3,36105,Sullivan County,upstate,Random Forest — change from seasonal persistence,8513.0,7627.071495416621,885.9285045833794,885.9285045833794
8091,2022,Q3,36109,Tompkins County,upstate,Random Forest — change from seasonal persistence,8685.0,8108.024377978503,576.9756220214967,576.9756220214967
8091,2022,Q3,36111,Ulster County,upstate,Random Forest — change from seasonal persistence,7741.0,10282.521518920894,-2541.521518920894,2541.521518920894
8091,2022,Q3,36113,Warren County,upstate,Random Forest — change from seasonal persistence,11338.0,10943.59889518352,394.40110481647935,394.40110481647935
8091,2022,Q3,36117,Wayne County,upstate,Random Forest — change from seasonal persistence,5754.0,6033.856729559112,-279.85672955911195,279.85672955911195
8091,2022,Q3,36119,Westchester County,downstate_non_nyc,Random Forest — change from seasonal persistence,88461.0,83479.61173034373,4981.388269656265,4981.388269656265
8091,2022,Q3,36121,Wyoming County,upstate,Random Forest — change from seasonal persistence,3597.0,3594.998879427762,2.001120572238051,2.001120572238051
8091,2022,Q3,36123,Yates County,upstate,Random Forest — change from seasonal persistence,2205.0,1971.1035083543907,233.89649164560933,233.89649164560933
8091,2022,Q3,36001,Albany County,upstate,XGBoost — level,39556.0,29294.984375,10261.015625,10261.015625
8091,2022,Q3,36003,Allegany County,upstate,XGBoost — level,3259.0,2564.047119140625,694.952880859375,694.952880859375
8091,2022,Q3,36005,Bronx County,nyc,XGBoost — level,184732.0,179503.375,5228.625,5228.625
8091,2022,Q3,36007,Broome County,upstate,XGBoost — level,24296.0,20916.615234375,3379.384765625,3379.384765625
8091,2022,Q3,36009,Cattaraugus County,upstate,XGBoost — level,6541.0,5875.58203125,665.41796875,665.41796875
8091,2022,Q3,36011,Cayuga County,upstate,XGBoost — level,6505.0,5792.685546875,712.314453125,712.314453125
8091,2022,Q3,36013,Chautauqua County,upstate,XGBoost — level,14122.0,12956.8115234375,1165.1884765625,1165.1884765625
8091,2022,Q3,36015,Chemung County,upstate,XGBoost — level,8260.0,7683.66796875,576.33203125,576.33203125
8091,2022,Q3,36017,Chenango County,upstate,XGBoost — level,4342.0,3587.0712890625,754.9287109375,754.9287109375
8091,2022,Q3,36019,Clinton County,upstate,XGBoost — level,8501.0,7086.83837890625,1414.16162109375,1414.16162109375
8091,2022,Q3,36021,Columbia County,upstate,XGBoost — level,5414.0,3796.77099609375,1617.22900390625,1617.22900390625
8091,2022,Q3,36023,Cortland County,upstate,XGBoost — level,6294.0,5724.1982421875,569.8017578125,569.8017578125
8091,2022,Q3,36025,Delaware County,upstate,XGBoost — level,4450.0,3539.288818359375,910.711181640625,910.711181640625
8091,2022,Q3,36027,Dutchess County,upstate,XGBoost — level,30267.0,27500.611328125,2766.388671875,2766.388671875
8091,2022,Q3,36029,Erie County,upstate,XGBoost — level,90435.0,73101.5078125,17333.4921875,17333.4921875
8091,2022,Q3,36031,Essex County,upstate,XGBoost — level,4712.0,3278.965087890625,1433.034912109375,1433.034912109375
8091,2022,Q3,36033,Franklin County,upstate,XGBoost — level,6659.0,5841.1669921875,817.8330078125,817.8330078125
8091,2022,Q3,36035,Fulton County,upstate,XGBoost — level,5302.0,3864.823974609375,1437.176025390625,1437.176025390625
8091,2022,Q3,36037,Genesee County,upstate,XGBoost — level,5615.0,4737.29248046875,877.70751953125,877.70751953125
8091,2022,Q3,36043,Herkimer County,upstate,XGBoost — level,3879.0,3113.480712890625,765.519287109375,765.519287109375
8091,2022,Q3,36045,Jefferson County,upstate,XGBoost — level,12103.0,11077.7744140625,1025.2255859375,1025.2255859375
8091,2022,Q3,36047,Kings County,nyc,XGBoost — level,208195.0,216276.65625,-8081.65625,8081.65625
8091,2022,Q3,36049,Lewis County,upstate,XGBoost — level,2717.0,2208.566650390625,508.433349609375,508.433349609375
8091,2022,Q3,36051,Livingston County,upstate,XGBoost — level,3711.0,3341.570068359375,369.429931640625,369.429931640625
8091,2022,Q3,36053,Madison County,upstate,XGBoost — level,8762.0,8213.5615234375,548.4384765625,548.4384765625
8091,2022,Q3,36055,Monroe County,upstate,XGBoost — level,70916.0,60504.78515625,10411.21484375,10411.21484375
8091,2022,Q3,36057,Montgomery County,upstate,XGBoost — level,9547.0,8569.017578125,977.982421875,977.982421875
8091,2022,Q3,36059,Nassau County,downstate_non_nyc,XGBoost — level,123337.0,108954.265625,14382.734375,14382.734375
8091,2022,Q3,36061,New York County,nyc,XGBoost — level,263431.0,241062.3125,22368.6875,22368.6875
8091,2022,Q3,36063,Niagara County,upstate,XGBoost — level,13013.0,11049.1328125,1963.8671875,1963.8671875
8091,2022,Q3,36065,Oneida County,upstate,XGBoost — level,25890.0,22390.24609375,3499.75390625,3499.75390625
8091,2022,Q3,36067,Onondaga County,upstate,XGBoost — level,47247.0,36940.765625,10306.234375,10306.234375
8091,2022,Q3,36069,Ontario County,upstate,XGBoost — level,16558.0,12890.548828125,3667.451171875,3667.451171875
8091,2022,Q3,36071,Orange County,upstate,XGBoost — level,38444.0,37979.41796875,464.58203125,464.58203125
8091,2022,Q3,36075,Oswego County,upstate,XGBoost — level,6405.0,5717.71435546875,687.28564453125,687.28564453125
8091,2022,Q3,36077,Otsego County,upstate,XGBoost — level,9161.0,7314.595703125,1846.404296875,1846.404296875
8091,2022,Q3,36079,Putnam County,upstate,XGBoost — level,5144.0,4807.3701171875,336.6298828125,336.6298828125
8091,2022,Q3,36081,Queens County,nyc,XGBoost — level,170065.0,167385.40625,2679.59375,2679.59375
8091,2022,Q3,36083,Rensselaer County,upstate,XGBoost — level,11993.0,9768.453125,2224.546875,2224.546875
8091,2022,Q3,36085,Richmond County,nyc,XGBoost — level,13420.0,13563.494140625,-143.494140625,143.494140625
8091,2022,Q3,36087,Rockland County,downstate_non_nyc,XGBoost — level,22550.0,21072.80078125,1477.19921875,1477.19921875
8091,2022,Q3,36089,St. Lawrence County,upstate,XGBoost — level,16591.0,16300.7275390625,290.2724609375,290.2724609375
8091,2022,Q3,36091,Saratoga County,upstate,XGBoost — level,9936.0,8216.6201171875,1719.3798828125,1719.3798828125
8091,2022,Q3,36093,Schenectady County,upstate,XGBoost — level,12409.0,9547.8896484375,2861.1103515625,2861.1103515625
8091,2022,Q3,36095,Schoharie County,upstate,XGBoost — level,2947.0,2071.715576171875,875.284423828125,875.284423828125
8091,2022,Q3,36101,Steuben County,upstate,XGBoost — level,11441.0,10325.85546875,1115.14453125,1115.14453125
8091,2022,Q3,36103,Suffolk County,downstate_non_nyc,XGBoost — level,139049.0,120436.6171875,18612.3828125,18612.3828125
8091,2022,Q3,36105,Sullivan County,upstate,XGBoost — level,8513.0,7306.89013671875,1206.10986328125,1206.10986328125
8091,2022,Q3,36109,Tompkins County,upstate,XGBoost — level,8685.0,8015.2626953125,669.7373046875,669.7373046875
8091,2022,Q3,36111,Ulster County,upstate,XGBoost — level,7741.0,7585.171875,155.828125,155.828125
8091,2022,Q3,36113,Warren County,upstate,XGBoost — level,11338.0,9342.3701171875,1995.6298828125,1995.6298828125
8091,2022,Q3,36117,Wayne County,upstate,XGBoost — level,5754.0,5055.96435546875,698.03564453125,698.03564453125
8091,2022,Q3,36119,Westchester County,downstate_non_nyc,XGBoost — level,88461.0,85666.765625,2794.234375,2794.234375
8091,2022,Q3,36121,Wyoming County,upstate,XGBoost — level,3597.0,2821.2119140625,775.7880859375,775.7880859375
8091,2022,Q3,36123,Yates County,upstate,XGBoost — level,2205.0,1611.4012451171875,593.5987548828125,593.5987548828125
8091,2022,Q3,36001,Albany County,upstate,XGBoost — change from seasonal persistence,39556.0,39436.72412109375,119.27587890625,119.27587890625
8091,2022,Q3,36003,Allegany County,upstate,XGBoost — change from seasonal persistence,3259.0,2650.7085876464844,608.2914123535156,608.2914123535156
8091,2022,Q3,36005,Bronx County,nyc,XGBoost — change from seasonal persistence,184732.0,190088.1845703125,-5356.1845703125,5356.1845703125
8091,2022,Q3,36007,Broome County,upstate,XGBoost — change from seasonal persistence,24296.0,21792.604248046875,2503.395751953125,2503.395751953125
8091,2022,Q3,36009,Cattaraugus County,upstate,XGBoost — change from seasonal persistence,6541.0,6004.175537109375,536.824462890625,536.824462890625
8091,2022,Q3,36011,Cayuga County,upstate,XGBoost — change from seasonal persistence,6505.0,6213.358856201172,291.6411437988281,291.6411437988281
8091,2022,Q3,36013,Chautauqua County,upstate,XGBoost — change from seasonal persistence,14122.0,13927.070556640625,194.929443359375,194.929443359375
8091,2022,Q3,36015,Chemung County,upstate,XGBoost — change from seasonal persistence,8260.0,8219.725219726562,40.2747802734375,40.2747802734375
8091,2022,Q3,36017,Chenango County,upstate,XGBoost — change from seasonal persistence,4342.0,3739.343719482422,602.6562805175781,602.6562805175781
8091,2022,Q3,36019,Clinton County,upstate,XGBoost — change from seasonal persistence,8501.0,8899.81494140625,-398.81494140625,398.81494140625
8091,2022,Q3,36021,Columbia County,upstate,XGBoost — change from seasonal persistence,5414.0,5300.267395019531,113.73260498046875,113.73260498046875
8091,2022,Q3,36023,Cortland County,upstate,XGBoost — change from seasonal persistence,6294.0,5765.1207275390625,528.8792724609375,528.8792724609375
8091,2022,Q3,36025,Delaware County,upstate,XGBoost — change from seasonal persistence,4450.0,3755.51025390625,694.48974609375,694.48974609375
8091,2022,Q3,36027,Dutchess County,upstate,XGBoost — change from seasonal persistence,30267.0,29668.266479492188,598.7335205078125,598.7335205078125
8091,2022,Q3,36029,Erie County,upstate,XGBoost — change from seasonal persistence,90435.0,87760.66479492188,2674.335205078125,2674.335205078125
8091,2022,Q3,36031,Essex County,upstate,XGBoost — change from seasonal persistence,4712.0,3227.4967346191406,1484.5032653808594,1484.5032653808594
8091,2022,Q3,36033,Franklin County,upstate,XGBoost — change from seasonal persistence,6659.0,6152.746154785156,506.25384521484375,506.25384521484375
8091,2022,Q3,36035,Fulton County,upstate,XGBoost — change from seasonal persistence,5302.0,4457.77685546875,844.22314453125,844.22314453125
8091,2022,Q3,36037,Genesee County,upstate,XGBoost — change from seasonal persistence,5615.0,5402.780456542969,212.21954345703125,212.21954345703125
8091,2022,Q3,36043,Herkimer County,upstate,XGBoost — change from seasonal persistence,3879.0,3341.6356506347656,537.3643493652344,537.3643493652344
8091,2022,Q3,36045,Jefferson County,upstate,XGBoost — change from seasonal persistence,12103.0,11546.455078125,556.544921875,556.544921875
8091,2022,Q3,36047,Kings County,nyc,XGBoost — change from seasonal persistence,208195.0,202683.810546875,5511.189453125,5511.189453125
8091,2022,Q3,36049,Lewis County,upstate,XGBoost — change from seasonal persistence,2717.0,2917.2658681869507,-200.26586818695068,200.26586818695068
8091,2022,Q3,36051,Livingston County,upstate,XGBoost — change from seasonal persistence,3711.0,3307.1324462890625,403.8675537109375,403.8675537109375
8091,2022,Q3,36053,Madison County,upstate,XGBoost — change from seasonal persistence,8762.0,7582.255554199219,1179.7444458007812,1179.7444458007812
8091,2022,Q3,36055,Monroe County,upstate,XGBoost — change from seasonal persistence,70916.0,71174.89892578125,-258.89892578125,258.89892578125
8091,2022,Q3,36057,Montgomery County,upstate,XGBoost — change from seasonal persistence,9547.0,9861.855834960938,-314.8558349609375,314.8558349609375
8091,2022,Q3,36059,Nassau County,downstate_non_nyc,XGBoost — change from seasonal persistence,123337.0,108819.95825195312,14517.041748046875,14517.041748046875
8091,2022,Q3,36061,New York County,nyc,XGBoost — change from seasonal persistence,263431.0,246712.01049804688,16718.989501953125,16718.989501953125
8091,2022,Q3,36063,Niagara County,upstate,XGBoost — change from seasonal persistence,13013.0,12952.162536621094,60.83746337890625,60.83746337890625
8091,2022,Q3,36065,Oneida County,upstate,XGBoost — change from seasonal persistence,25890.0,26235.116088867188,-345.1160888671875,345.1160888671875
8091,2022,Q3,36067,Onondaga County,upstate,XGBoost — change from seasonal persistence,47247.0,50052.0791015625,-2805.0791015625,2805.0791015625
8091,2022,Q3,36069,Ontario County,upstate,XGBoost — change from seasonal persistence,16558.0,15403.813659667969,1154.1863403320312,1154.1863403320312
8091,2022,Q3,36071,Orange County,upstate,XGBoost — change from seasonal persistence,38444.0,39660.42932128906,-1216.4293212890625,1216.4293212890625
8091,2022,Q3,36075,Oswego County,upstate,XGBoost — change from seasonal persistence,6405.0,6073.385009765625,331.614990234375,331.614990234375
8091,2022,Q3,36077,Otsego County,upstate,XGBoost — change from seasonal persistence,9161.0,7809.0772705078125,1351.9227294921875,1351.9227294921875
8091,2022,Q3,36079,Putnam County,upstate,XGBoost — change from seasonal persistence,5144.0,5351.980884552002,-207.98088455200195,207.98088455200195
8091,2022,Q3,36081,Queens County,nyc,XGBoost — change from seasonal persistence,170065.0,187883.09375,-17818.09375,17818.09375
8091,2022,Q3,36083,Rensselaer County,upstate,XGBoost — change from seasonal persistence,11993.0,11658.27734375,334.72265625,334.72265625
8091,2022,Q3,36085,Richmond County,nyc,XGBoost — change from seasonal persistence,13420.0,17274.372802734375,-3854.372802734375,3854.372802734375
8091,2022,Q3,36087,Rockland County,downstate_non_nyc,XGBoost — change from seasonal persistence,22550.0,21636.286682128906,913.7133178710938,913.7133178710938
8091,2022,Q3,36089,St. Lawrence County,upstate,XGBoost — change from seasonal persistence,16591.0,17426.853576660156,-835.8535766601562,835.8535766601562
8091,2022,Q3,36091,Saratoga County,upstate,XGBoost — change from seasonal persistence,9936.0,10105.512573242188,-169.5125732421875,169.5125732421875
8091,2022,Q3,36093,Schenectady County,upstate,XGBoost — change from seasonal persistence,12409.0,11789.196746826172,619.8032531738281,619.8032531738281
8091,2022,Q3,36095,Schoharie County,upstate,XGBoost — change from seasonal persistence,2947.0,3007.6769886016846,-60.67698860168457,60.67698860168457
8091,2022,Q3,36101,Steuben County,upstate,XGBoost — change from seasonal persistence,11441.0,10581.279541015625,859.720458984375,859.720458984375
8091,2022,Q3,36103,Suffolk County,downstate_non_nyc,XGBoost — change from seasonal persistence,139049.0,119539.06762695312,19509.932373046875,19509.932373046875
8091,2022,Q3,36105,Sullivan County,upstate,XGBoost — change from seasonal persistence,8513.0,7698.945541381836,814.0544586181641,814.0544586181641
8091,2022,Q3,36109,Tompkins County,upstate,XGBoost — change from seasonal persistence,8685.0,8019.457183837891,665.5428161621094,665.5428161621094
8091,2022,Q3,36111,Ulster County,upstate,XGBoost — change from seasonal persistence,7741.0,9663.409790039062,-1922.4097900390625,1922.4097900390625
8091,2022,Q3,36113,Warren County,upstate,XGBoost — change from seasonal persistence,11338.0,10530.0927734375,807.9072265625,807.9072265625
8091,2022,Q3,36117,Wayne County,upstate,XGBoost — change from seasonal persistence,5754.0,5718.112731933594,35.88726806640625,35.88726806640625
8091,2022,Q3,36119,Westchester County,downstate_non_nyc,XGBoost — change from seasonal persistence,88461.0,87651.80809879303,809.1919012069702,809.1919012069702
8091,2022,Q3,36121,Wyoming County,upstate,XGBoost — change from seasonal persistence,3597.0,3181.0359497070312,415.96405029296875,415.96405029296875
8091,2022,Q3,36123,Yates County,upstate,XGBoost — change from seasonal persistence,2205.0,1997.5904693603516,207.40953063964844,207.40953063964844
8092,2022,Q4,36001,Albany County,upstate,Previous-quarter persistence,41418.0,39556.0,1862.0,1862.0
8092,2022,Q4,36003,Allegany County,upstate,Previous-quarter persistence,3511.0,3259.0,252.0,252.0
8092,2022,Q4,36005,Bronx County,nyc,Previous-quarter persistence,199815.0,184732.0,15083.0,15083.0
8092,2022,Q4,36007,Broome County,upstate,Previous-quarter persistence,24170.0,24296.0,-126.0,126.0
8092,2022,Q4,36009,Cattaraugus County,upstate,Previous-quarter persistence,6684.0,6541.0,143.0,143.0
8092,2022,Q4,36011,Cayuga County,upstate,Previous-quarter persistence,5966.0,6505.0,-539.0,539.0
8092,2022,Q4,36013,Chautauqua County,upstate,Previous-quarter persistence,14501.0,14122.0,379.0,379.0
8092,2022,Q4,36015,Chemung County,upstate,Previous-quarter persistence,8360.0,8260.0,100.0,100.0
8092,2022,Q4,36017,Chenango County,upstate,Previous-quarter persistence,4435.0,4342.0,93.0,93.0
8092,2022,Q4,36019,Clinton County,upstate,Previous-quarter persistence,8598.0,8501.0,97.0,97.0
8092,2022,Q4,36021,Columbia County,upstate,Previous-quarter persistence,5304.0,5414.0,-110.0,110.0
8092,2022,Q4,36023,Cortland County,upstate,Previous-quarter persistence,6727.0,6294.0,433.0,433.0
8092,2022,Q4,36025,Delaware County,upstate,Previous-quarter persistence,4713.0,4450.0,263.0,263.0
8092,2022,Q4,36027,Dutchess County,upstate,Previous-quarter persistence,30260.0,30267.0,-7.0,7.0
8092,2022,Q4,36029,Erie County,upstate,Previous-quarter persistence,88052.0,90435.0,-2383.0,2383.0
8092,2022,Q4,36031,Essex County,upstate,Previous-quarter persistence,4172.0,4712.0,-540.0,540.0
8092,2022,Q4,36033,Franklin County,upstate,Previous-quarter persistence,6537.0,6659.0,-122.0,122.0
8092,2022,Q4,36035,Fulton County,upstate,Previous-quarter persistence,5130.0,5302.0,-172.0,172.0
8092,2022,Q4,36037,Genesee County,upstate,Previous-quarter persistence,6205.0,5615.0,590.0,590.0
8092,2022,Q4,36043,Herkimer County,upstate,Previous-quarter persistence,4247.0,3879.0,368.0,368.0
8092,2022,Q4,36045,Jefferson County,upstate,Previous-quarter persistence,11610.0,12103.0,-493.0,493.0
8092,2022,Q4,36047,Kings County,nyc,Previous-quarter persistence,224386.0,208195.0,16191.0,16191.0
8092,2022,Q4,36049,Lewis County,upstate,Previous-quarter persistence,2739.0,2717.0,22.0,22.0
8092,2022,Q4,36051,Livingston County,upstate,Previous-quarter persistence,3549.0,3711.0,-162.0,162.0
8092,2022,Q4,36053,Madison County,upstate,Previous-quarter persistence,9324.0,8762.0,562.0,562.0
8092,2022,Q4,36055,Monroe County,upstate,Previous-quarter persistence,73960.0,70916.0,3044.0,3044.0
8092,2022,Q4,36057,Montgomery County,upstate,Previous-quarter persistence,10456.0,9547.0,909.0,909.0
8092,2022,Q4,36059,Nassau County,downstate_non_nyc,Previous-quarter persistence,123804.0,123337.0,467.0,467.0
8092,2022,Q4,36061,New York County,nyc,Previous-quarter persistence,277461.0,263431.0,14030.0,14030.0
8092,2022,Q4,36063,Niagara County,upstate,Previous-quarter persistence,12386.0,13013.0,-627.0,627.0
8092,2022,Q4,36065,Oneida County,upstate,Previous-quarter persistence,26656.0,25890.0,766.0,766.0
8092,2022,Q4,36067,Onondaga County,upstate,Previous-quarter persistence,49830.0,47247.0,2583.0,2583.0
8092,2022,Q4,36069,Ontario County,upstate,Previous-quarter persistence,16173.0,16558.0,-385.0,385.0
8092,2022,Q4,36071,Orange County,upstate,Previous-quarter persistence,39164.0,38444.0,720.0,720.0
8092,2022,Q4,36075,Oswego County,upstate,Previous-quarter persistence,6060.0,6405.0,-345.0,345.0
8092,2022,Q4,36077,Otsego County,upstate,Previous-quarter persistence,8791.0,9161.0,-370.0,370.0
8092,2022,Q4,36079,Putnam County,upstate,Previous-quarter persistence,5597.0,5144.0,453.0,453.0
8092,2022,Q4,36081,Queens County,nyc,Previous-quarter persistence,186836.0,170065.0,16771.0,16771.0
8092,2022,Q4,36083,Rensselaer County,upstate,Previous-quarter persistence,12470.0,11993.0,477.0,477.0
8092,2022,Q4,36085,Richmond County,nyc,Previous-quarter persistence,13941.0,13420.0,521.0,521.0
8092,2022,Q4,36087,Rockland County,downstate_non_nyc,Previous-quarter persistence,22990.0,22550.0,440.0,440.0
8092,2022,Q4,36089,St. Lawrence County,upstate,Previous-quarter persistence,17092.0,16591.0,501.0,501.0
8092,2022,Q4,36091,Saratoga County,upstate,Previous-quarter persistence,9244.0,9936.0,-692.0,692.0
8092,2022,Q4,36093,Schenectady County,upstate,Previous-quarter persistence,11783.0,12409.0,-626.0,626.0
8092,2022,Q4,36095,Schoharie County,upstate,Previous-quarter persistence,3191.0,2947.0,244.0,244.0
8092,2022,Q4,36101,Steuben County,upstate,Previous-quarter persistence,12033.0,11441.0,592.0,592.0
8092,2022,Q4,36103,Suffolk County,downstate_non_nyc,Previous-quarter persistence,137306.0,139049.0,-1743.0,1743.0
8092,2022,Q4,36105,Sullivan County,upstate,Previous-quarter persistence,7735.0,8513.0,-778.0,778.0
8092,2022,Q4,36109,Tompkins County,upstate,Previous-quarter persistence,8723.0,8685.0,38.0,38.0
8092,2022,Q4,36111,Ulster County,upstate,Previous-quarter persistence,6010.0,7741.0,-1731.0,1731.0
8092,2022,Q4,36113,Warren County,upstate,Previous-quarter persistence,10323.0,11338.0,-1015.0,1015.0
8092,2022,Q4,36117,Wayne County,upstate,Previous-quarter persistence,5611.0,5754.0,-143.0,143.0
8092,2022,Q4,36119,Westchester County,downstate_non_nyc,Previous-quarter persistence,93641.0,88461.0,5180.0,5180.0
8092,2022,Q4,36121,Wyoming County,upstate,Previous-quarter persistence,3678.0,3597.0,81.0,81.0
8092,2022,Q4,36123,Yates County,upstate,Previous-quarter persistence,2030.0,2205.0,-175.0,175.0
8092,2022,Q4,36001,Albany County,upstate,Seasonal persistence,41418.0,39044.0,2374.0,2374.0
8092,2022,Q4,36003,Allegany County,upstate,Seasonal persistence,3511.0,2668.0,843.0,843.0
8092,2022,Q4,36005,Bronx County,nyc,Seasonal persistence,199815.0,190068.0,9747.0,9747.0
8092,2022,Q4,36007,Broome County,upstate,Seasonal persistence,24170.0,22477.0,1693.0,1693.0
8092,2022,Q4,36009,Cattaraugus County,upstate,Seasonal persistence,6684.0,5548.0,1136.0,1136.0
8092,2022,Q4,36011,Cayuga County,upstate,Seasonal persistence,5966.0,6251.0,-285.0,285.0
8092,2022,Q4,36013,Chautauqua County,upstate,Seasonal persistence,14501.0,12547.0,1954.0,1954.0
8092,2022,Q4,36015,Chemung County,upstate,Seasonal persistence,8360.0,7809.0,551.0,551.0
8092,2022,Q4,36017,Chenango County,upstate,Seasonal persistence,4435.0,5356.0,-921.0,921.0
8092,2022,Q4,36019,Clinton County,upstate,Seasonal persistence,8598.0,7911.0,687.0,687.0
8092,2022,Q4,36021,Columbia County,upstate,Seasonal persistence,5304.0,5168.0,136.0,136.0
8092,2022,Q4,36023,Cortland County,upstate,Seasonal persistence,6727.0,6186.0,541.0,541.0
8092,2022,Q4,36025,Delaware County,upstate,Seasonal persistence,4713.0,4613.0,100.0,100.0
8092,2022,Q4,36027,Dutchess County,upstate,Seasonal persistence,30260.0,28503.0,1757.0,1757.0
8092,2022,Q4,36029,Erie County,upstate,Seasonal persistence,88052.0,74679.0,13373.0,13373.0
8092,2022,Q4,36031,Essex County,upstate,Seasonal persistence,4172.0,2124.0,2048.0,2048.0
8092,2022,Q4,36033,Franklin County,upstate,Seasonal persistence,6537.0,5788.0,749.0,749.0
8092,2022,Q4,36035,Fulton County,upstate,Seasonal persistence,5130.0,4617.0,513.0,513.0
8092,2022,Q4,36037,Genesee County,upstate,Seasonal persistence,6205.0,5590.0,615.0,615.0
8092,2022,Q4,36043,Herkimer County,upstate,Seasonal persistence,4247.0,3737.0,510.0,510.0
8092,2022,Q4,36045,Jefferson County,upstate,Seasonal persistence,11610.0,11097.0,513.0,513.0
8092,2022,Q4,36047,Kings County,nyc,Seasonal persistence,224386.0,181318.0,43068.0,43068.0
8092,2022,Q4,36049,Lewis County,upstate,Seasonal persistence,2739.0,2499.0,240.0,240.0
8092,2022,Q4,36051,Livingston County,upstate,Seasonal persistence,3549.0,3207.0,342.0,342.0
8092,2022,Q4,36053,Madison County,upstate,Seasonal persistence,9324.0,8680.0,644.0,644.0
8092,2022,Q4,36055,Monroe County,upstate,Seasonal persistence,73960.0,69790.0,4170.0,4170.0
8092,2022,Q4,36057,Montgomery County,upstate,Seasonal persistence,10456.0,10481.0,-25.0,25.0
8092,2022,Q4,36059,Nassau County,downstate_non_nyc,Seasonal persistence,123804.0,118863.0,4941.0,4941.0
8092,2022,Q4,36061,New York County,nyc,Seasonal persistence,277461.0,263132.0,14329.0,14329.0
8092,2022,Q4,36063,Niagara County,upstate,Seasonal persistence,12386.0,12476.0,-90.0,90.0
8092,2022,Q4,36065,Oneida County,upstate,Seasonal persistence,26656.0,26962.0,-306.0,306.0
8092,2022,Q4,36067,Onondaga County,upstate,Seasonal persistence,49830.0,49476.0,354.0,354.0
8092,2022,Q4,36069,Ontario County,upstate,Seasonal persistence,16173.0,15289.0,884.0,884.0
8092,2022,Q4,36071,Orange County,upstate,Seasonal persistence,39164.0,37916.0,1248.0,1248.0
8092,2022,Q4,36075,Oswego County,upstate,Seasonal persistence,6060.0,5747.0,313.0,313.0
8092,2022,Q4,36077,Otsego County,upstate,Seasonal persistence,8791.0,7743.0,1048.0,1048.0
8092,2022,Q4,36079,Putnam County,upstate,Seasonal persistence,5597.0,5081.0,516.0,516.0
8092,2022,Q4,36081,Queens County,nyc,Seasonal persistence,186836.0,186459.0,377.0,377.0
8092,2022,Q4,36083,Rensselaer County,upstate,Seasonal persistence,12470.0,12074.0,396.0,396.0
8092,2022,Q4,36085,Richmond County,nyc,Seasonal persistence,13941.0,22847.0,-8906.0,8906.0
8092,2022,Q4,36087,Rockland County,downstate_non_nyc,Seasonal persistence,22990.0,21993.0,997.0,997.0
8092,2022,Q4,36089,St. Lawrence County,upstate,Seasonal persistence,17092.0,15950.0,1142.0,1142.0
8092,2022,Q4,36091,Saratoga County,upstate,Seasonal persistence,9244.0,9009.0,235.0,235.0
8092,2022,Q4,36093,Schenectady County,upstate,Seasonal persistence,11783.0,11858.0,-75.0,75.0
8092,2022,Q4,36095,Schoharie County,upstate,Seasonal persistence,3191.0,3050.0,141.0,141.0
8092,2022,Q4,36101,Steuben County,upstate,Seasonal persistence,12033.0,10806.0,1227.0,1227.0
8092,2022,Q4,36103,Suffolk County,downstate_non_nyc,Seasonal persistence,137306.0,115476.0,21830.0,21830.0
8092,2022,Q4,36105,Sullivan County,upstate,Seasonal persistence,7735.0,6591.0,1144.0,1144.0
8092,2022,Q4,36109,Tompkins County,upstate,Seasonal persistence,8723.0,7824.0,899.0,899.0
8092,2022,Q4,36111,Ulster County,upstate,Seasonal persistence,6010.0,10917.0,-4907.0,4907.0
8092,2022,Q4,36113,Warren County,upstate,Seasonal persistence,10323.0,10255.0,68.0,68.0
8092,2022,Q4,36117,Wayne County,upstate,Seasonal persistence,5611.0,5257.0,354.0,354.0
8092,2022,Q4,36119,Westchester County,downstate_non_nyc,Seasonal persistence,93641.0,93243.0,398.0,398.0
8092,2022,Q4,36121,Wyoming County,upstate,Seasonal persistence,3678.0,3351.0,327.0,327.0
8092,2022,Q4,36123,Yates County,upstate,Seasonal persistence,2030.0,1877.0,153.0,153.0
8092,2022,Q4,36001,Albany County,upstate,Ridge — level,41418.0,38722.134717954366,2695.8652820456336,2695.8652820456336
8092,2022,Q4,36003,Allegany County,upstate,Ridge — level,3511.0,2665.590497087309,845.4095029126911,845.4095029126911
8092,2022,Q4,36005,Bronx County,nyc,Ridge — level,199815.0,173604.74232861114,26210.257671388856,26210.257671388856
8092,2022,Q4,36007,Broome County,upstate,Ridge — level,24170.0,22773.48536303979,1396.5146369602116,1396.5146369602116
8092,2022,Q4,36009,Cattaraugus County,upstate,Ridge — level,6684.0,2782.4597030363984,3901.5402969636016,3901.5402969636016
8092,2022,Q4,36011,Cayuga County,upstate,Ridge — level,5966.0,3135.3009177074637,2830.6990822925363,2830.6990822925363
8092,2022,Q4,36013,Chautauqua County,upstate,Ridge — level,14501.0,11254.682019157706,3246.3179808422938,3246.3179808422938
8092,2022,Q4,36015,Chemung County,upstate,Ridge — level,8360.0,8017.319100934543,342.6808990654572,342.6808990654572
8092,2022,Q4,36017,Chenango County,upstate,Ridge — level,4435.0,1395.2505554866912,3039.749444513309,3039.749444513309
8092,2022,Q4,36019,Clinton County,upstate,Ridge — level,8598.0,7398.903600703583,1199.096399296417,1199.096399296417
8092,2022,Q4,36021,Columbia County,upstate,Ridge — level,5304.0,5504.9494599334685,-200.94945993346846,200.94945993346846
8092,2022,Q4,36023,Cortland County,upstate,Ridge — level,6727.0,3131.9793792099954,3595.0206207900046,3595.0206207900046
8092,2022,Q4,36025,Delaware County,upstate,Ridge — level,4713.0,6432.213813082391,-1719.2138130823914,1719.2138130823914
8092,2022,Q4,36027,Dutchess County,upstate,Ridge — level,30260.0,29143.711709520172,1116.288290479828,1116.288290479828
8092,2022,Q4,36029,Erie County,upstate,Ridge — level,88052.0,86404.80695576072,1647.1930442392768,1647.1930442392768
8092,2022,Q4,36031,Essex County,upstate,Ridge — level,4172.0,2528.164866752413,1643.8351332475868,1643.8351332475868
8092,2022,Q4,36033,Franklin County,upstate,Ridge — level,6537.0,6731.987097720419,-194.98709772041911,194.98709772041911
8092,2022,Q4,36035,Fulton County,upstate,Ridge — level,5130.0,3135.1251669609665,1994.8748330390335,1994.8748330390335
8092,2022,Q4,36037,Genesee County,upstate,Ridge — level,6205.0,3848.180024351197,2356.819975648803,2356.819975648803
8092,2022,Q4,36043,Herkimer County,upstate,Ridge — level,4247.0,-532.2812307955173,4779.281230795517,4779.281230795517
8092,2022,Q4,36045,Jefferson County,upstate,Ridge — level,11610.0,10832.084912771294,777.9150872287064,777.9150872287064
8092,2022,Q4,36047,Kings County,nyc,Ridge — level,224386.0,206423.56752993853,17962.432470061467,17962.432470061467
8092,2022,Q4,36049,Lewis County,upstate,Ridge — level,2739.0,-1073.9779751692113,3812.9779751692113,3812.9779751692113
8092,2022,Q4,36051,Livingston County,upstate,Ridge — level,3549.0,2178.331285146869,1370.668714853131,1370.668714853131
8092,2022,Q4,36053,Madison County,upstate,Ridge — level,9324.0,4696.944780822181,4627.055219177819,4627.055219177819
8092,2022,Q4,36055,Monroe County,upstate,Ridge — level,73960.0,66041.14614314308,7918.85385685692,7918.85385685692
8092,2022,Q4,36057,Montgomery County,upstate,Ridge — level,10456.0,8318.44186500779,2137.5581349922104,2137.5581349922104
8092,2022,Q4,36059,Nassau County,downstate_non_nyc,Ridge — level,123804.0,119760.38711108612,4043.612888913878,4043.612888913878
8092,2022,Q4,36061,New York County,nyc,Ridge — level,277461.0,249243.84671883535,28217.153281164647,28217.153281164647
8092,2022,Q4,36063,Niagara County,upstate,Ridge — level,12386.0,13748.435933334029,-1362.435933334029,1362.435933334029
8092,2022,Q4,36065,Oneida County,upstate,Ridge — level,26656.0,22673.438166286316,3982.561833713684,3982.561833713684
8092,2022,Q4,36067,Onondaga County,upstate,Ridge — level,49830.0,42172.52831035681,7657.471689643193,7657.471689643193
8092,2022,Q4,36069,Ontario County,upstate,Ridge — level,16173.0,13775.589463048342,2397.4105369516583,2397.4105369516583
8092,2022,Q4,36071,Orange County,upstate,Ridge — level,39164.0,37295.53087380423,1868.4691261957705,1868.4691261957705
8092,2022,Q4,36075,Oswego County,upstate,Ridge — level,6060.0,3519.5040209534454,2540.4959790465546,2540.4959790465546
8092,2022,Q4,36077,Otsego County,upstate,Ridge — level,8791.0,7803.409303877586,987.5906961224136,987.5906961224136
8092,2022,Q4,36079,Putnam County,upstate,Ridge — level,5597.0,5072.622787803197,524.3772121968032,524.3772121968032
8092,2022,Q4,36081,Queens County,nyc,Ridge — level,186836.0,164577.96848225518,22258.03151774482,22258.03151774482
8092,2022,Q4,36083,Rensselaer County,upstate,Ridge — level,12470.0,9603.031239435299,2866.9687605647014,2866.9687605647014
8092,2022,Q4,36085,Richmond County,nyc,Ridge — level,13941.0,19201.538106604174,-5260.538106604174,5260.538106604174
8092,2022,Q4,36087,Rockland County,downstate_non_nyc,Ridge — level,22990.0,20568.136319096608,2421.8636809033924,2421.8636809033924
8092,2022,Q4,36089,St. Lawrence County,upstate,Ridge — level,17092.0,18438.08338362684,-1346.0833836268393,1346.0833836268393
8092,2022,Q4,36091,Saratoga County,upstate,Ridge — level,9244.0,10366.831414017906,-1122.8314140179064,1122.8314140179064
8092,2022,Q4,36093,Schenectady County,upstate,Ridge — level,11783.0,12639.986426269854,-856.9864262698538,856.9864262698538
8092,2022,Q4,36095,Schoharie County,upstate,Ridge — level,3191.0,1262.057809474165,1928.942190525835,1928.942190525835
8092,2022,Q4,36101,Steuben County,upstate,Ridge — level,12033.0,11831.316498199623,201.6835018003767,201.6835018003767
8092,2022,Q4,36103,Suffolk County,downstate_non_nyc,Ridge — level,137306.0,131187.43906143244,6118.560938567563,6118.560938567563
8092,2022,Q4,36105,Sullivan County,upstate,Ridge — level,7735.0,8478.67141118001,-743.6714111800102,743.6714111800102
8092,2022,Q4,36109,Tompkins County,upstate,Ridge — level,8723.0,7697.20406187663,1025.7959381233704,1025.7959381233704
8092,2022,Q4,36111,Ulster County,upstate,Ridge — level,6010.0,10150.59489288399,-4140.59489288399,4140.59489288399
8092,2022,Q4,36113,Warren County,upstate,Ridge — level,10323.0,9565.332226827399,757.6677731726013,757.6677731726013
8092,2022,Q4,36117,Wayne County,upstate,Ridge — level,5611.0,1739.482627638794,3871.517372361206,3871.517372361206
8092,2022,Q4,36119,Westchester County,downstate_non_nyc,Ridge — level,93641.0,89589.72247401126,4051.277525988742,4051.277525988742
8092,2022,Q4,36121,Wyoming County,upstate,Ridge — level,3678.0,-81.28569973050253,3759.2856997305025,3759.2856997305025
8092,2022,Q4,36123,Yates County,upstate,Ridge — level,2030.0,486.4166023971775,1543.5833976028225,1543.5833976028225
8092,2022,Q4,36001,Albany County,upstate,Ridge — change from seasonal persistence,41418.0,39173.73718359631,2244.262816403687,2244.262816403687
8092,2022,Q4,36003,Allegany County,upstate,Ridge — change from seasonal persistence,3511.0,2387.592388584221,1123.4076114157788,1123.4076114157788
8092,2022,Q4,36005,Bronx County,nyc,Ridge — change from seasonal persistence,199815.0,174955.87720223464,24859.12279776536,24859.12279776536
8092,2022,Q4,36007,Broome County,upstate,Ridge — change from seasonal persistence,24170.0,23106.179177436905,1063.8208225630951,1063.8208225630951
8092,2022,Q4,36009,Cattaraugus County,upstate,Ridge — change from seasonal persistence,6684.0,2137.4491870954625,4546.550812904537,4546.550812904537
8092,2022,Q4,36011,Cayuga County,upstate,Ridge — change from seasonal persistence,5966.0,3264.0305445102704,2701.9694554897296,2701.9694554897296
8092,2022,Q4,36013,Chautauqua County,upstate,Ridge — change from seasonal persistence,14501.0,10502.595263838455,3998.404736161545,3998.404736161545
8092,2022,Q4,36015,Chemung County,upstate,Ridge — change from seasonal persistence,8360.0,7996.559925069406,363.44007493059416,363.44007493059416
8092,2022,Q4,36017,Chenango County,upstate,Ridge — change from seasonal persistence,4435.0,2138.0419150339408,2296.9580849660592,2296.9580849660592
8092,2022,Q4,36019,Clinton County,upstate,Ridge — change from seasonal persistence,8598.0,8731.386866527208,-133.38686652720753,133.38686652720753
8092,2022,Q4,36021,Columbia County,upstate,Ridge — change from seasonal persistence,5304.0,6689.367598668348,-1385.3675986683484,1385.3675986683484
8092,2022,Q4,36023,Cortland County,upstate,Ridge — change from seasonal persistence,6727.0,3122.0365462718996,3604.9634537281004,3604.9634537281004
8092,2022,Q4,36025,Delaware County,upstate,Ridge — change from seasonal persistence,4713.0,7807.822180942309,-3094.8221809423094,3094.8221809423094
8092,2022,Q4,36027,Dutchess County,upstate,Ridge — change from seasonal persistence,30260.0,29223.71560620718,1036.2843937928192,1036.2843937928192
8092,2022,Q4,36029,Erie County,upstate,Ridge — change from seasonal persistence,88052.0,84751.84461933785,3300.1553806621523,3300.1553806621523
8092,2022,Q4,36031,Essex County,upstate,Ridge — change from seasonal persistence,4172.0,4065.136052153794,106.86394784620597,106.86394784620597
8092,2022,Q4,36033,Franklin County,upstate,Ridge — change from seasonal persistence,6537.0,7953.443263716805,-1416.4432637168047,1416.4432637168047
8092,2022,Q4,36035,Fulton County,upstate,Ridge — change from seasonal persistence,5130.0,4252.632715950211,877.3672840497893,877.3672840497893
8092,2022,Q4,36037,Genesee County,upstate,Ridge — change from seasonal persistence,6205.0,3365.2009001201454,2839.7990998798546,2839.7990998798546
8092,2022,Q4,36043,Herkimer County,upstate,Ridge — change from seasonal persistence,4247.0,265.3381283874978,3981.661871612502,3981.661871612502
8092,2022,Q4,36045,Jefferson County,upstate,Ridge — change from seasonal persistence,11610.0,10707.205000071133,902.7949999288667,902.7949999288667
8092,2022,Q4,36047,Kings County,nyc,Ridge — change from seasonal persistence,224386.0,205331.5693092377,19054.430690762296,19054.430690762296
8092,2022,Q4,36049,Lewis County,upstate,Ridge — change from seasonal persistence,2739.0,-580.8058197970472,3319.805819797047,3319.805819797047
8092,2022,Q4,36051,Livingston County,upstate,Ridge — change from seasonal persistence,3549.0,1826.7092759249592,1722.2907240750408,1722.2907240750408
8092,2022,Q4,36053,Madison County,upstate,Ridge — change from seasonal persistence,9324.0,4973.7898049467185,4350.2101950532815,4350.2101950532815
8092,2022,Q4,36055,Monroe County,upstate,Ridge — change from seasonal persistence,73960.0,65389.26602272702,8570.733977272983,8570.733977272983
8092,2022,Q4,36057,Montgomery County,upstate,Ridge — change from seasonal persistence,10456.0,9403.050511353385,1052.9494886466146,1052.9494886466146
8092,2022,Q4,36059,Nassau County,downstate_non_nyc,Ridge — change from seasonal persistence,123804.0,119977.41213206932,3826.587867930677,3826.587867930677
8092,2022,Q4,36061,New York County,nyc,Ridge — change from seasonal persistence,277461.0,249348.5278879174,28112.472112082614,28112.472112082614
8092,2022,Q4,36063,Niagara County,upstate,Ridge — change from seasonal persistence,12386.0,13209.835423208526,-823.8354232085258,823.8354232085258
8092,2022,Q4,36065,Oneida County,upstate,Ridge — change from seasonal persistence,26656.0,23083.637679450432,3572.362320549568,3572.362320549568
8092,2022,Q4,36067,Onondaga County,upstate,Ridge — change from seasonal persistence,49830.0,42033.02876254351,7796.9712374564915,7796.9712374564915
8092,2022,Q4,36069,Ontario County,upstate,Ridge — change from seasonal persistence,16173.0,13484.47153852041,2688.528461479589,2688.528461479589
8092,2022,Q4,36071,Orange County,upstate,Ridge — change from seasonal persistence,39164.0,36713.624040752635,2450.3759592473652,2450.3759592473652
8092,2022,Q4,36075,Oswego County,upstate,Ridge — change from seasonal persistence,6060.0,3448.0751742113607,2611.9248257886393,2611.9248257886393
8092,2022,Q4,36077,Otsego County,upstate,Ridge — change from seasonal persistence,8791.0,8694.478592561238,96.52140743876225,96.52140743876225
8092,2022,Q4,36079,Putnam County,upstate,Ridge — change from seasonal persistence,5597.0,4262.306292130229,1334.693707869771,1334.693707869771
8092,2022,Q4,36081,Queens County,nyc,Ridge — change from seasonal persistence,186836.0,166127.65063598097,20708.349364019028,20708.349364019028
8092,2022,Q4,36083,Rensselaer County,upstate,Ridge — change from seasonal persistence,12470.0,10109.203658474196,2360.7963415258037,2360.7963415258037
8092,2022,Q4,36085,Richmond County,nyc,Ridge — change from seasonal persistence,13941.0,19823.184160301764,-5882.184160301764,5882.184160301764
8092,2022,Q4,36087,Rockland County,downstate_non_nyc,Ridge — change from seasonal persistence,22990.0,21261.763107351748,1728.2368926482523,1728.2368926482523
8092,2022,Q4,36089,St. Lawrence County,upstate,Ridge — change from seasonal persistence,17092.0,19416.070604869816,-2324.0706048698157,2324.0706048698157
8092,2022,Q4,36091,Saratoga County,upstate,Ridge — change from seasonal persistence,9244.0,10556.520379884569,-1312.5203798845687,1312.5203798845687
8092,2022,Q4,36093,Schenectady County,upstate,Ridge — change from seasonal persistence,11783.0,13154.72495029222,-1371.7249502922205,1371.7249502922205
8092,2022,Q4,36095,Schoharie County,upstate,Ridge — change from seasonal persistence,3191.0,2343.2983632357436,847.7016367642564,847.7016367642564
8092,2022,Q4,36101,Steuben County,upstate,Ridge — change from seasonal persistence,12033.0,11709.224530397027,323.7754696029733,323.7754696029733
8092,2022,Q4,36103,Suffolk County,downstate_non_nyc,Ridge — change from seasonal persistence,137306.0,131243.2337904485,6062.766209551512,6062.766209551512
8092,2022,Q4,36105,Sullivan County,upstate,Ridge — change from seasonal persistence,7735.0,8881.119463489204,-1146.1194634892036,1146.1194634892036
8092,2022,Q4,36109,Tompkins County,upstate,Ridge — change from seasonal persistence,8723.0,7485.292450663846,1237.7075493361544,1237.7075493361544
8092,2022,Q4,36111,Ulster County,upstate,Ridge — change from seasonal persistence,6010.0,11058.938300391419,-5048.938300391419,5048.938300391419
8092,2022,Q4,36113,Warren County,upstate,Ridge — change from seasonal persistence,10323.0,10856.717968886831,-533.7179688868309,533.7179688868309
8092,2022,Q4,36117,Wayne County,upstate,Ridge — change from seasonal persistence,5611.0,1477.8402751352892,4133.15972486471,4133.15972486471
8092,2022,Q4,36119,Westchester County,downstate_non_nyc,Ridge — change from seasonal persistence,93641.0,91105.1716583941,2535.8283416058985,2535.8283416058985
8092,2022,Q4,36121,Wyoming County,upstate,Ridge — change from seasonal persistence,3678.0,-597.4399272300798,4275.43992723008,4275.43992723008
8092,2022,Q4,36123,Yates County,upstate,Ridge — change from seasonal persistence,2030.0,489.40109035046635,1540.5989096495337,1540.5989096495337
8092,2022,Q4,36001,Albany County,upstate,Random Forest — level,41418.0,37479.52033833759,3938.479661662408,3938.479661662408
8092,2022,Q4,36003,Allegany County,upstate,Random Forest — level,3511.0,3061.0797271274487,449.9202728725513,449.9202728725513
8092,2022,Q4,36005,Bronx County,nyc,Random Forest — level,199815.0,171947.5177014102,27867.482298589806,27867.482298589806
8092,2022,Q4,36007,Broome County,upstate,Random Forest — level,24170.0,22428.18128976362,1741.8187102363809,1741.8187102363809
8092,2022,Q4,36009,Cattaraugus County,upstate,Random Forest — level,6684.0,6055.697121295371,628.3028787046287,628.3028787046287
8092,2022,Q4,36011,Cayuga County,upstate,Random Forest — level,5966.0,6127.872103862642,-161.87210386264178,161.87210386264178
8092,2022,Q4,36013,Chautauqua County,upstate,Random Forest — level,14501.0,13396.415375157248,1104.5846248427515,1104.5846248427515
8092,2022,Q4,36015,Chemung County,upstate,Random Forest — level,8360.0,8052.918815566784,307.08118443321564,307.08118443321564
8092,2022,Q4,36017,Chenango County,upstate,Random Forest — level,4435.0,4237.366705368704,197.63329463129594,197.63329463129594
8092,2022,Q4,36019,Clinton County,upstate,Random Forest — level,8598.0,8032.541783524754,565.4582164752464,565.4582164752464
8092,2022,Q4,36021,Columbia County,upstate,Random Forest — level,5304.0,5190.200437643169,113.7995623568313,113.7995623568313
8092,2022,Q4,36023,Cortland County,upstate,Random Forest — level,6727.0,6091.424718022718,635.5752819772824,635.5752819772824
8092,2022,Q4,36025,Delaware County,upstate,Random Forest — level,4713.0,4351.915211945462,361.08478805453797,361.08478805453797
8092,2022,Q4,36027,Dutchess County,upstate,Random Forest — level,30260.0,29033.482824989824,1226.5171750101763,1226.5171750101763
8092,2022,Q4,36029,Erie County,upstate,Random Forest — level,88052.0,81417.17121966924,6634.828780330761,6634.828780330761
8092,2022,Q4,36031,Essex County,upstate,Random Forest — level,4172.0,4382.566892380762,-210.5668923807616,210.5668923807616
8092,2022,Q4,36033,Franklin County,upstate,Random Forest — level,6537.0,6144.508571234322,392.4914287656784,392.4914287656784
8092,2022,Q4,36035,Fulton County,upstate,Random Forest — level,5130.0,4832.18143933844,297.8185606615598,297.8185606615598
8092,2022,Q4,36037,Genesee County,upstate,Random Forest — level,6205.0,5280.862839914717,924.1371600852826,924.1371600852826
8092,2022,Q4,36043,Herkimer County,upstate,Random Forest — level,4247.0,3603.5155179703174,643.4844820296826,643.4844820296826
8092,2022,Q4,36045,Jefferson County,upstate,Random Forest — level,11610.0,11924.06131410828,-314.0613141082795,314.0613141082795
8092,2022,Q4,36047,Kings County,nyc,Random Forest — level,224386.0,211624.15111560925,12761.848884390754,12761.848884390754
8092,2022,Q4,36049,Lewis County,upstate,Random Forest — level,2739.0,2505.440665676916,233.55933432308393,233.55933432308393
8092,2022,Q4,36051,Livingston County,upstate,Random Forest — level,3549.0,3408.000422214495,140.99957778550515,140.99957778550515
8092,2022,Q4,36053,Madison County,upstate,Random Forest — level,9324.0,8222.019271577554,1101.9807284224462,1101.9807284224462
8092,2022,Q4,36055,Monroe County,upstate,Random Forest — level,73960.0,69174.22385777405,4785.77614222595,4785.77614222595
8092,2022,Q4,36057,Montgomery County,upstate,Random Forest — level,10456.0,9055.872999852,1400.1270001480007,1400.1270001480007
8092,2022,Q4,36059,Nassau County,downstate_non_nyc,Random Forest — level,123804.0,113593.26315706898,10210.736842931015,10210.736842931015
8092,2022,Q4,36061,New York County,nyc,Random Forest — level,277461.0,242979.20327346076,34481.796726539236,34481.796726539236
8092,2022,Q4,36063,Niagara County,upstate,Random Forest — level,12386.0,12123.197466764717,262.8025332352827,262.8025332352827
8092,2022,Q4,36065,Oneida County,upstate,Random Forest — level,26656.0,23670.2842366106,2985.7157633893985,2985.7157633893985
8092,2022,Q4,36067,Onondaga County,upstate,Random Forest — level,49830.0,46771.6263428886,3058.3736571113986,3058.3736571113986
8092,2022,Q4,36069,Ontario County,upstate,Random Forest — level,16173.0,16091.18779064835,81.81220935165038,81.81220935165038
8092,2022,Q4,36071,Orange County,upstate,Random Forest — level,39164.0,35967.15454376182,3196.845456238181,3196.845456238181
8092,2022,Q4,36075,Oswego County,upstate,Random Forest — level,6060.0,6117.659865546492,-57.659865546492256,57.659865546492256
8092,2022,Q4,36077,Otsego County,upstate,Random Forest — level,8791.0,8633.924775807527,157.0752241924729,157.0752241924729
8092,2022,Q4,36079,Putnam County,upstate,Random Forest — level,5597.0,4939.283922817921,657.7160771820791,657.7160771820791
8092,2022,Q4,36081,Queens County,nyc,Random Forest — level,186836.0,164186.92147588896,22649.078524111042,22649.078524111042
8092,2022,Q4,36083,Rensselaer County,upstate,Random Forest — level,12470.0,11684.47906414311,785.52093585689,785.52093585689
8092,2022,Q4,36085,Richmond County,nyc,Random Forest — level,13941.0,13505.514589077588,435.4854109224125,435.4854109224125
8092,2022,Q4,36087,Rockland County,downstate_non_nyc,Random Forest — level,22990.0,20758.603403994155,2231.396596005845,2231.396596005845
8092,2022,Q4,36089,St. Lawrence County,upstate,Random Forest — level,17092.0,16509.949201635503,582.0507983644966,582.0507983644966
8092,2022,Q4,36091,Saratoga County,upstate,Random Forest — level,9244.0,9979.958996605255,-735.9589966052554,735.9589966052554
8092,2022,Q4,36093,Schenectady County,upstate,Random Forest — level,11783.0,11933.929025713935,-150.9290257139346,150.9290257139346
8092,2022,Q4,36095,Schoharie County,upstate,Random Forest — level,3191.0,3049.7096630314136,141.29033696858642,141.29033696858642
8092,2022,Q4,36101,Steuben County,upstate,Random Forest — level,12033.0,11064.580720300399,968.4192796996012,968.4192796996012
8092,2022,Q4,36103,Suffolk County,downstate_non_nyc,Random Forest — level,137306.0,130283.29471181058,7022.70528818942,7022.70528818942
8092,2022,Q4,36105,Sullivan County,upstate,Random Forest — level,7735.0,8359.95261481547,-624.9526148154691,624.9526148154691
8092,2022,Q4,36109,Tompkins County,upstate,Random Forest — level,8723.0,7959.829803007448,763.1701969925516,763.1701969925516
8092,2022,Q4,36111,Ulster County,upstate,Random Forest — level,6010.0,8300.430860738392,-2290.430860738392,2290.430860738392
8092,2022,Q4,36113,Warren County,upstate,Random Forest — level,10323.0,10377.343363668742,-54.34336366874231,54.34336366874231
8092,2022,Q4,36117,Wayne County,upstate,Random Forest — level,5611.0,5364.256550370922,246.743449629078,246.743449629078
8092,2022,Q4,36119,Westchester County,downstate_non_nyc,Random Forest — level,93641.0,81503.04886894587,12137.951131054127,12137.951131054127
8092,2022,Q4,36121,Wyoming County,upstate,Random Forest — level,3678.0,3415.7297789503527,262.27022104964726,262.27022104964726
8092,2022,Q4,36123,Yates County,upstate,Random Forest — level,2030.0,2011.4235654808163,18.57643451918375,18.57643451918375
8092,2022,Q4,36001,Albany County,upstate,Random Forest — change from seasonal persistence,41418.0,37420.04427946074,3997.955720539263,3997.955720539263
8092,2022,Q4,36003,Allegany County,upstate,Random Forest — change from seasonal persistence,3511.0,2902.650854710105,608.3491452898952,608.3491452898952
8092,2022,Q4,36005,Bronx County,nyc,Random Forest — change from seasonal persistence,199815.0,166044.65922911157,33770.34077088843,33770.34077088843
8092,2022,Q4,36007,Broome County,upstate,Random Forest — change from seasonal persistence,24170.0,24183.057869782995,-13.057869782995112,13.057869782995112
8092,2022,Q4,36009,Cattaraugus County,upstate,Random Forest — change from seasonal persistence,6684.0,5576.59791037666,1107.4020896233396,1107.4020896233396
8092,2022,Q4,36011,Cayuga County,upstate,Random Forest — change from seasonal persistence,5966.0,6136.549082880355,-170.54908288035494,170.54908288035494
8092,2022,Q4,36013,Chautauqua County,upstate,Random Forest — change from seasonal persistence,14501.0,12700.499601804713,1800.5003981952868,1800.5003981952868
8092,2022,Q4,36015,Chemung County,upstate,Random Forest — change from seasonal persistence,8360.0,8083.2147636192785,276.78523638072147,276.78523638072147
8092,2022,Q4,36017,Chenango County,upstate,Random Forest — change from seasonal persistence,4435.0,4877.0321847735595,-442.0321847735595,442.0321847735595
8092,2022,Q4,36019,Clinton County,upstate,Random Forest — change from seasonal persistence,8598.0,7963.034989427239,634.9650105727605,634.9650105727605
8092,2022,Q4,36021,Columbia County,upstate,Random Forest — change from seasonal persistence,5304.0,5273.772226319246,30.22777368075367,30.22777368075367
8092,2022,Q4,36023,Cortland County,upstate,Random Forest — change from seasonal persistence,6727.0,6123.268606706202,603.7313932937977,603.7313932937977
8092,2022,Q4,36025,Delaware County,upstate,Random Forest — change from seasonal persistence,4713.0,4730.4579246401745,-17.457924640174497,17.457924640174497
8092,2022,Q4,36027,Dutchess County,upstate,Random Forest — change from seasonal persistence,30260.0,29467.410237766864,792.5897622331358,792.5897622331358
8092,2022,Q4,36029,Erie County,upstate,Random Forest — change from seasonal persistence,88052.0,76109.81441984132,11942.185580158679,11942.185580158679
8092,2022,Q4,36031,Essex County,upstate,Random Forest — change from seasonal persistence,4172.0,3213.486579220975,958.5134207790252,958.5134207790252
8092,2022,Q4,36033,Franklin County,upstate,Random Forest — change from seasonal persistence,6537.0,6077.295921675546,459.7040783244538,459.7040783244538
8092,2022,Q4,36035,Fulton County,upstate,Random Forest — change from seasonal persistence,5130.0,5010.451832764458,119.54816723554177,119.54816723554177
8092,2022,Q4,36037,Genesee County,upstate,Random Forest — change from seasonal persistence,6205.0,5454.03024053724,750.9697594627596,750.9697594627596
8092,2022,Q4,36043,Herkimer County,upstate,Random Forest — change from seasonal persistence,4247.0,3870.5818682058684,376.41813179413157,376.41813179413157
8092,2022,Q4,36045,Jefferson County,upstate,Random Forest — change from seasonal persistence,11610.0,11721.15715887435,-111.15715887434999,111.15715887434999
8092,2022,Q4,36047,Kings County,nyc,Random Forest — change from seasonal persistence,224386.0,205577.46308318342,18808.536916816578,18808.536916816578
8092,2022,Q4,36049,Lewis County,upstate,Random Forest — change from seasonal persistence,2739.0,2610.610751057766,128.3892489422342,128.3892489422342
8092,2022,Q4,36051,Livingston County,upstate,Random Forest — change from seasonal persistence,3549.0,3515.49561539776,33.50438460223995,33.50438460223995
8092,2022,Q4,36053,Madison County,upstate,Random Forest — change from seasonal persistence,9324.0,8904.951524595775,419.0484754042245,419.0484754042245
8092,2022,Q4,36055,Monroe County,upstate,Random Forest — change from seasonal persistence,73960.0,66653.24531159527,7306.754688404733,7306.754688404733
8092,2022,Q4,36057,Montgomery County,upstate,Random Forest — change from seasonal persistence,10456.0,9853.605882370897,602.3941176291028,602.3941176291028
8092,2022,Q4,36059,Nassau County,downstate_non_nyc,Random Forest — change from seasonal persistence,123804.0,101305.00036316163,22498.999636838373,22498.999636838373
8092,2022,Q4,36061,New York County,nyc,Random Forest — change from seasonal persistence,277461.0,254911.24084400784,22549.759155992157,22549.759155992157
8092,2022,Q4,36063,Niagara County,upstate,Random Forest — change from seasonal persistence,12386.0,12292.426381446368,93.5736185536316,93.5736185536316
8092,2022,Q4,36065,Oneida County,upstate,Random Forest — change from seasonal persistence,26656.0,26631.62756769157,24.3724323084316,24.3724323084316
8092,2022,Q4,36067,Onondaga County,upstate,Random Forest — change from seasonal persistence,49830.0,46069.542840631046,3760.4571593689543,3760.4571593689543
8092,2022,Q4,36069,Ontario County,upstate,Random Forest — change from seasonal persistence,16173.0,16673.586067062566,-500.58606706256614,500.58606706256614
8092,2022,Q4,36071,Orange County,upstate,Random Forest — change from seasonal persistence,39164.0,40303.29892003285,-1139.298920032852,1139.298920032852
8092,2022,Q4,36075,Oswego County,upstate,Random Forest — change from seasonal persistence,6060.0,5874.605184916934,185.39481508306562,185.39481508306562
8092,2022,Q4,36077,Otsego County,upstate,Random Forest — change from seasonal persistence,8791.0,8150.175465811966,640.8245341880338,640.8245341880338
8092,2022,Q4,36079,Putnam County,upstate,Random Forest — change from seasonal persistence,5597.0,4992.005399706044,604.994600293956,604.994600293956
8092,2022,Q4,36081,Queens County,nyc,Random Forest — change from seasonal persistence,186836.0,155104.37478643743,31731.62521356257,31731.62521356257
8092,2022,Q4,36083,Rensselaer County,upstate,Random Forest — change from seasonal persistence,12470.0,12063.279309043624,406.7206909563756,406.7206909563756
8092,2022,Q4,36085,Richmond County,nyc,Random Forest — change from seasonal persistence,13941.0,18059.31421794763,-4118.314217947631,4118.314217947631
8092,2022,Q4,36087,Rockland County,downstate_non_nyc,Random Forest — change from seasonal persistence,22990.0,22557.65515303678,432.34484696322033,432.34484696322033
8092,2022,Q4,36089,St. Lawrence County,upstate,Random Forest — change from seasonal persistence,17092.0,17498.51232003182,-406.5123200318194,406.5123200318194
8092,2022,Q4,36091,Saratoga County,upstate,Random Forest — change from seasonal persistence,9244.0,9319.298203934954,-75.29820393495356,75.29820393495356
8092,2022,Q4,36093,Schenectady County,upstate,Random Forest — change from seasonal persistence,11783.0,11706.14637473719,76.85362526280915,76.85362526280915
8092,2022,Q4,36095,Schoharie County,upstate,Random Forest — change from seasonal persistence,3191.0,3438.106512600417,-247.10651260041686,247.10651260041686
8092,2022,Q4,36101,Steuben County,upstate,Random Forest — change from seasonal persistence,12033.0,11644.5523993229,388.4476006771001,388.4476006771001
8092,2022,Q4,36103,Suffolk County,downstate_non_nyc,Random Forest — change from seasonal persistence,137306.0,138082.6065598426,-776.6065598425921,776.6065598425921
8092,2022,Q4,36105,Sullivan County,upstate,Random Forest — change from seasonal persistence,7735.0,7368.352097066332,366.64790293366786,366.64790293366786
8092,2022,Q4,36109,Tompkins County,upstate,Random Forest — change from seasonal persistence,8723.0,8066.637402592778,656.362597407222,656.362597407222
8092,2022,Q4,36111,Ulster County,upstate,Random Forest — change from seasonal persistence,6010.0,9476.103563116078,-3466.1035631160776,3466.1035631160776
8092,2022,Q4,36113,Warren County,upstate,Random Forest — change from seasonal persistence,10323.0,11138.40135452048,-815.4013545204798,815.4013545204798
8092,2022,Q4,36117,Wayne County,upstate,Random Forest — change from seasonal persistence,5611.0,5274.97411013986,336.0258898601396,336.0258898601396
8092,2022,Q4,36119,Westchester County,downstate_non_nyc,Random Forest — change from seasonal persistence,93641.0,88201.01553404222,5439.984465957779,5439.984465957779
8092,2022,Q4,36121,Wyoming County,upstate,Random Forest — change from seasonal persistence,3678.0,3428.2156501184,249.78434988160006,249.78434988160006
8092,2022,Q4,36123,Yates County,upstate,Random Forest — change from seasonal persistence,2030.0,2095.6044351454643,-65.60443514546432,65.60443514546432
8092,2022,Q4,36001,Albany County,upstate,XGBoost — level,41418.0,38660.5,2757.5,2757.5
8092,2022,Q4,36003,Allegany County,upstate,XGBoost — level,3511.0,2819.625732421875,691.374267578125,691.374267578125
8092,2022,Q4,36005,Bronx County,nyc,XGBoost — level,199815.0,185888.3125,13926.6875,13926.6875
8092,2022,Q4,36007,Broome County,upstate,XGBoost — level,24170.0,22912.85546875,1257.14453125,1257.14453125
8092,2022,Q4,36009,Cattaraugus County,upstate,XGBoost — level,6684.0,6316.27978515625,367.72021484375,367.72021484375
8092,2022,Q4,36011,Cayuga County,upstate,XGBoost — level,5966.0,6265.94140625,-299.94140625,299.94140625
8092,2022,Q4,36013,Chautauqua County,upstate,XGBoost — level,14501.0,13133.2314453125,1367.7685546875,1367.7685546875
8092,2022,Q4,36015,Chemung County,upstate,XGBoost — level,8360.0,7965.79833984375,394.20166015625,394.20166015625
8092,2022,Q4,36017,Chenango County,upstate,XGBoost — level,4435.0,4138.85107421875,296.14892578125,296.14892578125
8092,2022,Q4,36019,Clinton County,upstate,XGBoost — level,8598.0,7800.0634765625,797.9365234375,797.9365234375
8092,2022,Q4,36021,Columbia County,upstate,XGBoost — level,5304.0,5571.7744140625,-267.7744140625,267.7744140625
8092,2022,Q4,36023,Cortland County,upstate,XGBoost — level,6727.0,5815.259765625,911.740234375,911.740234375
8092,2022,Q4,36025,Delaware County,upstate,XGBoost — level,4713.0,4190.9013671875,522.0986328125,522.0986328125
8092,2022,Q4,36027,Dutchess County,upstate,XGBoost — level,30260.0,29127.994140625,1132.005859375,1132.005859375
8092,2022,Q4,36029,Erie County,upstate,XGBoost — level,88052.0,79924.046875,8127.953125,8127.953125
8092,2022,Q4,36031,Essex County,upstate,XGBoost — level,4172.0,4120.10107421875,51.89892578125,51.89892578125
8092,2022,Q4,36033,Franklin County,upstate,XGBoost — level,6537.0,6234.1806640625,302.8193359375,302.8193359375
8092,2022,Q4,36035,Fulton County,upstate,XGBoost — level,5130.0,4975.740234375,154.259765625,154.259765625
8092,2022,Q4,36037,Genesee County,upstate,XGBoost — level,6205.0,5220.22412109375,984.77587890625,984.77587890625
8092,2022,Q4,36043,Herkimer County,upstate,XGBoost — level,4247.0,3719.170654296875,527.829345703125,527.829345703125
8092,2022,Q4,36045,Jefferson County,upstate,XGBoost — level,11610.0,11520.330078125,89.669921875,89.669921875
8092,2022,Q4,36047,Kings County,nyc,XGBoost — level,224386.0,224487.890625,-101.890625,101.890625
8092,2022,Q4,36049,Lewis County,upstate,XGBoost — level,2739.0,2430.03564453125,308.96435546875,308.96435546875
8092,2022,Q4,36051,Livingston County,upstate,XGBoost — level,3549.0,3725.330078125,-176.330078125,176.330078125
8092,2022,Q4,36053,Madison County,upstate,XGBoost — level,9324.0,8493.0712890625,830.9287109375,830.9287109375
8092,2022,Q4,36055,Monroe County,upstate,XGBoost — level,73960.0,62392.046875,11567.953125,11567.953125
8092,2022,Q4,36057,Montgomery County,upstate,XGBoost — level,10456.0,8989.931640625,1466.068359375,1466.068359375
8092,2022,Q4,36059,Nassau County,downstate_non_nyc,XGBoost — level,123804.0,118214.9609375,5589.0390625,5589.0390625
8092,2022,Q4,36061,New York County,nyc,XGBoost — level,277461.0,251575.765625,25885.234375,25885.234375
8092,2022,Q4,36063,Niagara County,upstate,XGBoost — level,12386.0,11699.150390625,686.849609375,686.849609375
8092,2022,Q4,36065,Oneida County,upstate,XGBoost — level,26656.0,22662.935546875,3993.064453125,3993.064453125
8092,2022,Q4,36067,Onondaga County,upstate,XGBoost — level,49830.0,45430.3125,4399.6875,4399.6875
8092,2022,Q4,36069,Ontario County,upstate,XGBoost — level,16173.0,15963.4296875,209.5703125,209.5703125
8092,2022,Q4,36071,Orange County,upstate,XGBoost — level,39164.0,38106.19921875,1057.80078125,1057.80078125
8092,2022,Q4,36075,Oswego County,upstate,XGBoost — level,6060.0,6165.85205078125,-105.85205078125,105.85205078125
8092,2022,Q4,36077,Otsego County,upstate,XGBoost — level,8791.0,8181.08056640625,609.91943359375,609.91943359375
8092,2022,Q4,36079,Putnam County,upstate,XGBoost — level,5597.0,5463.64501953125,133.35498046875,133.35498046875
8092,2022,Q4,36081,Queens County,nyc,XGBoost — level,186836.0,173327.65625,13508.34375,13508.34375
8092,2022,Q4,36083,Rensselaer County,upstate,XGBoost — level,12470.0,11936.45703125,533.54296875,533.54296875
8092,2022,Q4,36085,Richmond County,nyc,XGBoost — level,13941.0,12164.3515625,1776.6484375,1776.6484375
8092,2022,Q4,36087,Rockland County,downstate_non_nyc,XGBoost — level,22990.0,22360.767578125,629.232421875,629.232421875
8092,2022,Q4,36089,St. Lawrence County,upstate,XGBoost — level,17092.0,16335.033203125,756.966796875,756.966796875
8092,2022,Q4,36091,Saratoga County,upstate,XGBoost — level,9244.0,10654.8095703125,-1410.8095703125,1410.8095703125
8092,2022,Q4,36093,Schenectady County,upstate,XGBoost — level,11783.0,12358.8203125,-575.8203125,575.8203125
8092,2022,Q4,36095,Schoharie County,upstate,XGBoost — level,3191.0,2854.11669921875,336.88330078125,336.88330078125
8092,2022,Q4,36101,Steuben County,upstate,XGBoost — level,12033.0,10911.3154296875,1121.6845703125,1121.6845703125
8092,2022,Q4,36103,Suffolk County,downstate_non_nyc,XGBoost — level,137306.0,137493.265625,-187.265625,187.265625
8092,2022,Q4,36105,Sullivan County,upstate,XGBoost — level,7735.0,8069.361328125,-334.361328125,334.361328125
8092,2022,Q4,36109,Tompkins County,upstate,XGBoost — level,8723.0,7967.142578125,755.857421875,755.857421875
8092,2022,Q4,36111,Ulster County,upstate,XGBoost — level,6010.0,8165.97607421875,-2155.97607421875,2155.97607421875
8092,2022,Q4,36113,Warren County,upstate,XGBoost — level,10323.0,10742.8828125,-419.8828125,419.8828125
8092,2022,Q4,36117,Wayne County,upstate,XGBoost — level,5611.0,5280.4736328125,330.5263671875,330.5263671875
8092,2022,Q4,36119,Westchester County,downstate_non_nyc,XGBoost — level,93641.0,81997.578125,11643.421875,11643.421875
8092,2022,Q4,36121,Wyoming County,upstate,XGBoost — level,3678.0,3460.600341796875,217.399658203125,217.399658203125
8092,2022,Q4,36123,Yates County,upstate,XGBoost — level,2030.0,2231.0830078125,-201.0830078125,201.0830078125
8092,2022,Q4,36001,Albany County,upstate,XGBoost — change from seasonal persistence,41418.0,39017.79510688782,2400.2048931121826,2400.2048931121826
8092,2022,Q4,36003,Allegany County,upstate,XGBoost — change from seasonal persistence,3511.0,2989.7503356933594,521.2496643066406,521.2496643066406
8092,2022,Q4,36005,Bronx County,nyc,XGBoost — change from seasonal persistence,199815.0,186968.52001953125,12846.47998046875,12846.47998046875
8092,2022,Q4,36007,Broome County,upstate,XGBoost — change from seasonal persistence,24170.0,24854.9306640625,-684.9306640625,684.9306640625
8092,2022,Q4,36009,Cattaraugus County,upstate,XGBoost — change from seasonal persistence,6684.0,5650.685218811035,1033.3147811889648,1033.3147811889648
8092,2022,Q4,36011,Cayuga County,upstate,XGBoost — change from seasonal persistence,5966.0,6285.19665145874,-319.19665145874023,319.19665145874023
8092,2022,Q4,36013,Chautauqua County,upstate,XGBoost — change from seasonal persistence,14501.0,12715.550674438477,1785.4493255615234,1785.4493255615234
8092,2022,Q4,36015,Chemung County,upstate,XGBoost — change from seasonal persistence,8360.0,8494.356689453125,-134.356689453125,134.356689453125
8092,2022,Q4,36017,Chenango County,upstate,XGBoost — change from seasonal persistence,4435.0,5001.011169433594,-566.0111694335938,566.0111694335938
8092,2022,Q4,36019,Clinton County,upstate,XGBoost — change from seasonal persistence,8598.0,8260.035705566406,337.96429443359375,337.96429443359375
8092,2022,Q4,36021,Columbia County,upstate,XGBoost — change from seasonal persistence,5304.0,5062.3712158203125,241.6287841796875,241.6287841796875
8092,2022,Q4,36023,Cortland County,upstate,XGBoost — change from seasonal persistence,6727.0,6182.188574552536,544.811425447464,544.811425447464
8092,2022,Q4,36025,Delaware County,upstate,XGBoost — change from seasonal persistence,4713.0,4669.749412536621,43.250587463378906,43.250587463378906
8092,2022,Q4,36027,Dutchess County,upstate,XGBoost — change from seasonal persistence,30260.0,28232.38656616211,2027.6134338378906,2027.6134338378906
8092,2022,Q4,36029,Erie County,upstate,XGBoost — change from seasonal persistence,88052.0,76673.53405761719,11378.465942382812,11378.465942382812
8092,2022,Q4,36031,Essex County,upstate,XGBoost — change from seasonal persistence,4172.0,3116.4910278320312,1055.5089721679688,1055.5089721679688
8092,2022,Q4,36033,Franklin County,upstate,XGBoost — change from seasonal persistence,6537.0,6381.979064941406,155.02093505859375,155.02093505859375
8092,2022,Q4,36035,Fulton County,upstate,XGBoost — change from seasonal persistence,5130.0,4760.037796020508,369.9622039794922,369.9622039794922
8092,2022,Q4,36037,Genesee County,upstate,XGBoost — change from seasonal persistence,6205.0,5444.397857666016,760.6021423339844,760.6021423339844
8092,2022,Q4,36043,Herkimer County,upstate,XGBoost — change from seasonal persistence,4247.0,3775.1542778015137,471.8457221984863,471.8457221984863
8092,2022,Q4,36045,Jefferson County,upstate,XGBoost — change from seasonal persistence,11610.0,11322.474731445312,287.5252685546875,287.5252685546875
8092,2022,Q4,36047,Kings County,nyc,XGBoost — change from seasonal persistence,224386.0,209214.8046875,15171.1953125,15171.1953125
8092,2022,Q4,36049,Lewis County,upstate,XGBoost — change from seasonal persistence,2739.0,2620.7085876464844,118.29141235351562,118.29141235351562
8092,2022,Q4,36051,Livingston County,upstate,XGBoost — change from seasonal persistence,3549.0,3456.805862426758,92.19413757324219,92.19413757324219
8092,2022,Q4,36053,Madison County,upstate,XGBoost — change from seasonal persistence,9324.0,8785.317031860352,538.6829681396484,538.6829681396484
8092,2022,Q4,36055,Monroe County,upstate,XGBoost — change from seasonal persistence,73960.0,66558.9091796875,7401.0908203125,7401.0908203125
8092,2022,Q4,36057,Montgomery County,upstate,XGBoost — change from seasonal persistence,10456.0,10337.569793701172,118.43020629882812,118.43020629882812
8092,2022,Q4,36059,Nassau County,downstate_non_nyc,XGBoost — change from seasonal persistence,123804.0,120368.62951660156,3435.3704833984375,3435.3704833984375
8092,2022,Q4,36061,New York County,nyc,XGBoost — change from seasonal persistence,277461.0,262184.42462158203,15276.575378417969,15276.575378417969
8092,2022,Q4,36063,Niagara County,upstate,XGBoost — change from seasonal persistence,12386.0,11661.882873535156,724.1171264648438,724.1171264648438
8092,2022,Q4,36065,Oneida County,upstate,XGBoost — change from seasonal persistence,26656.0,26475.370544433594,180.62945556640625,180.62945556640625
8092,2022,Q4,36067,Onondaga County,upstate,XGBoost — change from seasonal persistence,49830.0,45933.6904296875,3896.3095703125,3896.3095703125
8092,2022,Q4,36069,Ontario County,upstate,XGBoost — change from seasonal persistence,16173.0,16895.373657226562,-722.3736572265625,722.3736572265625
8092,2022,Q4,36071,Orange County,upstate,XGBoost — change from seasonal persistence,39164.0,38128.77967834473,1035.2203216552734,1035.2203216552734
8092,2022,Q4,36075,Oswego County,upstate,XGBoost — change from seasonal persistence,6060.0,6072.378356933594,-12.37835693359375,12.37835693359375
8092,2022,Q4,36077,Otsego County,upstate,XGBoost — change from seasonal persistence,8791.0,8200.880584716797,590.1194152832031,590.1194152832031
8092,2022,Q4,36079,Putnam County,upstate,XGBoost — change from seasonal persistence,5597.0,4942.85368347168,654.1463165283203,654.1463165283203
8092,2022,Q4,36081,Queens County,nyc,XGBoost — change from seasonal persistence,186836.0,180555.55029296875,6280.44970703125,6280.44970703125
8092,2022,Q4,36083,Rensselaer County,upstate,XGBoost — change from seasonal persistence,12470.0,11784.362060546875,685.637939453125,685.637939453125
8092,2022,Q4,36085,Richmond County,nyc,XGBoost — change from seasonal persistence,13941.0,15605.97412109375,-1664.97412109375,1664.97412109375
8092,2022,Q4,36087,Rockland County,downstate_non_nyc,XGBoost — change from seasonal persistence,22990.0,21785.989044189453,1204.0109558105469,1204.0109558105469
8092,2022,Q4,36089,St. Lawrence County,upstate,XGBoost — change from seasonal persistence,17092.0,18781.182373046875,-1689.182373046875,1689.182373046875
8092,2022,Q4,36091,Saratoga County,upstate,XGBoost — change from seasonal persistence,9244.0,8929.036102294922,314.9638977050781,314.9638977050781
8092,2022,Q4,36093,Schenectady County,upstate,XGBoost — change from seasonal persistence,11783.0,11368.147705078125,414.852294921875,414.852294921875
8092,2022,Q4,36095,Schoharie County,upstate,XGBoost — change from seasonal persistence,3191.0,3308.398895263672,-117.39889526367188,117.39889526367188
8092,2022,Q4,36101,Steuben County,upstate,XGBoost — change from seasonal persistence,12033.0,11864.8623046875,168.1376953125,168.1376953125
8092,2022,Q4,36103,Suffolk County,downstate_non_nyc,XGBoost — change from seasonal persistence,137306.0,127734.10546875,9571.89453125,9571.89453125
8092,2022,Q4,36105,Sullivan County,upstate,XGBoost — change from seasonal persistence,7735.0,7589.279479980469,145.72052001953125,145.72052001953125
8092,2022,Q4,36109,Tompkins County,upstate,XGBoost — change from seasonal persistence,8723.0,8480.33642578125,242.66357421875,242.66357421875
8092,2022,Q4,36111,Ulster County,upstate,XGBoost — change from seasonal persistence,6010.0,9619.058959960938,-3609.0589599609375,3609.0589599609375
8092,2022,Q4,36113,Warren County,upstate,XGBoost — change from seasonal persistence,10323.0,10813.39794921875,-490.39794921875,490.39794921875
8092,2022,Q4,36117,Wayne County,upstate,XGBoost — change from seasonal persistence,5611.0,5170.188720703125,440.811279296875,440.811279296875
8092,2022,Q4,36119,Westchester County,downstate_non_nyc,XGBoost — change from seasonal persistence,93641.0,89902.28735351562,3738.712646484375,3738.712646484375
8092,2022,Q4,36121,Wyoming County,upstate,XGBoost — change from seasonal persistence,3678.0,3496.3023681640625,181.6976318359375,181.6976318359375
8092,2022,Q4,36123,Yates County,upstate,XGBoost — change from seasonal persistence,2030.0,2143.0810546875,-113.0810546875,113.0810546875
8093,2023,Q1,36001,Albany County,upstate,Previous-quarter persistence,38431.0,41418.0,-2987.0,2987.0
8093,2023,Q1,36003,Allegany County,upstate,Previous-quarter persistence,5525.0,3511.0,2014.0,2014.0
8093,2023,Q1,36005,Bronx County,nyc,Previous-quarter persistence,185600.0,199815.0,-14215.0,14215.0
8093,2023,Q1,36007,Broome County,upstate,Previous-quarter persistence,23327.0,24170.0,-843.0,843.0
8093,2023,Q1,36009,Cattaraugus County,upstate,Previous-quarter persistence,6185.0,6684.0,-499.0,499.0
8093,2023,Q1,36011,Cayuga County,upstate,Previous-quarter persistence,5445.0,5966.0,-521.0,521.0
8093,2023,Q1,36013,Chautauqua County,upstate,Previous-quarter persistence,13478.0,14501.0,-1023.0,1023.0
8093,2023,Q1,36015,Chemung County,upstate,Previous-quarter persistence,7934.0,8360.0,-426.0,426.0
8093,2023,Q1,36017,Chenango County,upstate,Previous-quarter persistence,3870.0,4435.0,-565.0,565.0
8093,2023,Q1,36019,Clinton County,upstate,Previous-quarter persistence,7593.0,8598.0,-1005.0,1005.0
8093,2023,Q1,36021,Columbia County,upstate,Previous-quarter persistence,4971.0,5304.0,-333.0,333.0
8093,2023,Q1,36023,Cortland County,upstate,Previous-quarter persistence,5949.0,6727.0,-778.0,778.0
8093,2023,Q1,36025,Delaware County,upstate,Previous-quarter persistence,4077.0,4713.0,-636.0,636.0
8093,2023,Q1,36027,Dutchess County,upstate,Previous-quarter persistence,28110.0,30260.0,-2150.0,2150.0
8093,2023,Q1,36029,Erie County,upstate,Previous-quarter persistence,86485.0,88052.0,-1567.0,1567.0
8093,2023,Q1,36031,Essex County,upstate,Previous-quarter persistence,3127.0,4172.0,-1045.0,1045.0
8093,2023,Q1,36033,Franklin County,upstate,Previous-quarter persistence,5666.0,6537.0,-871.0,871.0
8093,2023,Q1,36035,Fulton County,upstate,Previous-quarter persistence,4509.0,5130.0,-621.0,621.0
8093,2023,Q1,36037,Genesee County,upstate,Previous-quarter persistence,5597.0,6205.0,-608.0,608.0
8093,2023,Q1,36045,Jefferson County,upstate,Previous-quarter persistence,12855.0,11610.0,1245.0,1245.0
8093,2023,Q1,36047,Kings County,nyc,Previous-quarter persistence,205125.0,224386.0,-19261.0,19261.0
8093,2023,Q1,36049,Lewis County,upstate,Previous-quarter persistence,2515.0,2739.0,-224.0,224.0
8093,2023,Q1,36051,Livingston County,upstate,Previous-quarter persistence,3313.0,3549.0,-236.0,236.0
8093,2023,Q1,36053,Madison County,upstate,Previous-quarter persistence,7873.0,9324.0,-1451.0,1451.0
8093,2023,Q1,36055,Monroe County,upstate,Previous-quarter persistence,69817.0,73960.0,-4143.0,4143.0
8093,2023,Q1,36057,Montgomery County,upstate,Previous-quarter persistence,10400.0,10456.0,-56.0,56.0
8093,2023,Q1,36059,Nassau County,downstate_non_nyc,Previous-quarter persistence,113891.0,123804.0,-9913.0,9913.0
8093,2023,Q1,36061,New York County,nyc,Previous-quarter persistence,260924.0,277461.0,-16537.0,16537.0
8093,2023,Q1,36063,Niagara County,upstate,Previous-quarter persistence,9186.0,12386.0,-3200.0,3200.0
8093,2023,Q1,36065,Oneida County,upstate,Previous-quarter persistence,24692.0,26656.0,-1964.0,1964.0
8093,2023,Q1,36067,Onondaga County,upstate,Previous-quarter persistence,47159.0,49830.0,-2671.0,2671.0
8093,2023,Q1,36069,Ontario County,upstate,Previous-quarter persistence,14916.0,16173.0,-1257.0,1257.0
8093,2023,Q1,36071,Orange County,upstate,Previous-quarter persistence,35923.0,39164.0,-3241.0,3241.0
8093,2023,Q1,36075,Oswego County,upstate,Previous-quarter persistence,5372.0,6060.0,-688.0,688.0
8093,2023,Q1,36077,Otsego County,upstate,Previous-quarter persistence,7878.0,8791.0,-913.0,913.0
8093,2023,Q1,36079,Putnam County,upstate,Previous-quarter persistence,4932.0,5597.0,-665.0,665.0
8093,2023,Q1,36081,Queens County,nyc,Previous-quarter persistence,152489.0,186836.0,-34347.0,34347.0
8093,2023,Q1,36083,Rensselaer County,upstate,Previous-quarter persistence,11309.0,12470.0,-1161.0,1161.0
8093,2023,Q1,36085,Richmond County,nyc,Previous-quarter persistence,36026.0,13941.0,22085.0,22085.0
8093,2023,Q1,36087,Rockland County,downstate_non_nyc,Previous-quarter persistence,21910.0,22990.0,-1080.0,1080.0
8093,2023,Q1,36089,St. Lawrence County,upstate,Previous-quarter persistence,12108.0,17092.0,-4984.0,4984.0
8093,2023,Q1,36091,Saratoga County,upstate,Previous-quarter persistence,8778.0,9244.0,-466.0,466.0
8093,2023,Q1,36093,Schenectady County,upstate,Previous-quarter persistence,10424.0,11783.0,-1359.0,1359.0
8093,2023,Q1,36095,Schoharie County,upstate,Previous-quarter persistence,2540.0,3191.0,-651.0,651.0
8093,2023,Q1,36097,Schuyler County,upstate,Previous-quarter persistence,1741.0,1989.0,-248.0,248.0
8093,2023,Q1,36101,Steuben County,upstate,Previous-quarter persistence,10563.0,12033.0,-1470.0,1470.0
8093,2023,Q1,36103,Suffolk County,downstate_non_nyc,Previous-quarter persistence,108272.0,137306.0,-29034.0,29034.0
8093,2023,Q1,36105,Sullivan County,upstate,Previous-quarter persistence,6605.0,7735.0,-1130.0,1130.0
8093,2023,Q1,36109,Tompkins County,upstate,Previous-quarter persistence,7790.0,8723.0,-933.0,933.0
8093,2023,Q1,36111,Ulster County,upstate,Previous-quarter persistence,6670.0,6010.0,660.0,660.0
8093,2023,Q1,36113,Warren County,upstate,Previous-quarter persistence,10023.0,10323.0,-300.0,300.0
8093,2023,Q1,36117,Wayne County,upstate,Previous-quarter persistence,5289.0,5611.0,-322.0,322.0
8093,2023,Q1,36119,Westchester County,downstate_non_nyc,Previous-quarter persistence,91281.0,93641.0,-2360.0,2360.0
8093,2023,Q1,36121,Wyoming County,upstate,Previous-quarter persistence,3221.0,3678.0,-457.0,457.0
8093,2023,Q1,36123,Yates County,upstate,Previous-quarter persistence,1726.0,2030.0,-304.0,304.0
8093,2023,Q1,36001,Albany County,upstate,Seasonal persistence,38431.0,36417.0,2014.0,2014.0
8093,2023,Q1,36003,Allegany County,upstate,Seasonal persistence,5525.0,2417.0,3108.0,3108.0
8093,2023,Q1,36005,Bronx County,nyc,Seasonal persistence,185600.0,165112.0,20488.0,20488.0
8093,2023,Q1,36007,Broome County,upstate,Seasonal persistence,23327.0,21154.0,2173.0,2173.0
8093,2023,Q1,36009,Cattaraugus County,upstate,Seasonal persistence,6185.0,5326.0,859.0,859.0
8093,2023,Q1,36011,Cayuga County,upstate,Seasonal persistence,5445.0,5565.0,-120.0,120.0
8093,2023,Q1,36013,Chautauqua County,upstate,Seasonal persistence,13478.0,11759.0,1719.0,1719.0
8093,2023,Q1,36015,Chemung County,upstate,Seasonal persistence,7934.0,7644.0,290.0,290.0
8093,2023,Q1,36017,Chenango County,upstate,Seasonal persistence,3870.0,3435.0,435.0,435.0
8093,2023,Q1,36019,Clinton County,upstate,Seasonal persistence,7593.0,7417.0,176.0,176.0
8093,2023,Q1,36021,Columbia County,upstate,Seasonal persistence,4971.0,4763.0,208.0,208.0
8093,2023,Q1,36023,Cortland County,upstate,Seasonal persistence,5949.0,5475.0,474.0,474.0
8093,2023,Q1,36025,Delaware County,upstate,Seasonal persistence,4077.0,3521.0,556.0,556.0
8093,2023,Q1,36027,Dutchess County,upstate,Seasonal persistence,28110.0,25747.0,2363.0,2363.0
8093,2023,Q1,36029,Erie County,upstate,Seasonal persistence,86485.0,76143.0,10342.0,10342.0
8093,2023,Q1,36031,Essex County,upstate,Seasonal persistence,3127.0,3185.0,-58.0,58.0
8093,2023,Q1,36033,Franklin County,upstate,Seasonal persistence,5666.0,5258.0,408.0,408.0
8093,2023,Q1,36035,Fulton County,upstate,Seasonal persistence,4509.0,4226.0,283.0,283.0
8093,2023,Q1,36037,Genesee County,upstate,Seasonal persistence,5597.0,4688.0,909.0,909.0
8093,2023,Q1,36045,Jefferson County,upstate,Seasonal persistence,12855.0,10907.0,1948.0,1948.0
8093,2023,Q1,36047,Kings County,nyc,Seasonal persistence,205125.0,181604.0,23521.0,23521.0
8093,2023,Q1,36049,Lewis County,upstate,Seasonal persistence,2515.0,2287.0,228.0,228.0
8093,2023,Q1,36051,Livingston County,upstate,Seasonal persistence,3313.0,2888.0,425.0,425.0
8093,2023,Q1,36053,Madison County,upstate,Seasonal persistence,7873.0,7639.0,234.0,234.0
8093,2023,Q1,36055,Monroe County,upstate,Seasonal persistence,69817.0,63655.0,6162.0,6162.0
8093,2023,Q1,36057,Montgomery County,upstate,Seasonal persistence,10400.0,6596.0,3804.0,3804.0
8093,2023,Q1,36059,Nassau County,downstate_non_nyc,Seasonal persistence,113891.0,105783.0,8108.0,8108.0
8093,2023,Q1,36061,New York County,nyc,Seasonal persistence,260924.0,228969.0,31955.0,31955.0
8093,2023,Q1,36063,Niagara County,upstate,Seasonal persistence,9186.0,11171.0,-1985.0,1985.0
8093,2023,Q1,36065,Oneida County,upstate,Seasonal persistence,24692.0,22706.0,1986.0,1986.0
8093,2023,Q1,36067,Onondaga County,upstate,Seasonal persistence,47159.0,43839.0,3320.0,3320.0
8093,2023,Q1,36069,Ontario County,upstate,Seasonal persistence,14916.0,13681.0,1235.0,1235.0
8093,2023,Q1,36071,Orange County,upstate,Seasonal persistence,35923.0,33033.0,2890.0,2890.0
8093,2023,Q1,36075,Oswego County,upstate,Seasonal persistence,5372.0,5476.0,-104.0,104.0
8093,2023,Q1,36077,Otsego County,upstate,Seasonal persistence,7878.0,7212.0,666.0,666.0
8093,2023,Q1,36079,Putnam County,upstate,Seasonal persistence,4932.0,4317.0,615.0,615.0
8093,2023,Q1,36081,Queens County,nyc,Seasonal persistence,152489.0,144956.0,7533.0,7533.0
8093,2023,Q1,36083,Rensselaer County,upstate,Seasonal persistence,11309.0,10921.0,388.0,388.0
8093,2023,Q1,36085,Richmond County,nyc,Seasonal persistence,36026.0,12144.0,23882.0,23882.0
8093,2023,Q1,36087,Rockland County,downstate_non_nyc,Seasonal persistence,21910.0,19307.0,2603.0,2603.0
8093,2023,Q1,36089,St. Lawrence County,upstate,Seasonal persistence,12108.0,14504.0,-2396.0,2396.0
8093,2023,Q1,36091,Saratoga County,upstate,Seasonal persistence,8778.0,8802.0,-24.0,24.0
8093,2023,Q1,36093,Schenectady County,upstate,Seasonal persistence,10424.0,11921.0,-1497.0,1497.0
8093,2023,Q1,36095,Schoharie County,upstate,Seasonal persistence,2540.0,2583.0,-43.0,43.0
8093,2023,Q1,36097,Schuyler County,upstate,Seasonal persistence,1741.0,1567.0,174.0,174.0
8093,2023,Q1,36101,Steuben County,upstate,Seasonal persistence,10563.0,9879.0,684.0,684.0
8093,2023,Q1,36103,Suffolk County,downstate_non_nyc,Seasonal persistence,108272.0,114963.0,-6691.0,6691.0
8093,2023,Q1,36105,Sullivan County,upstate,Seasonal persistence,6605.0,6231.0,374.0,374.0
8093,2023,Q1,36109,Tompkins County,upstate,Seasonal persistence,7790.0,6994.0,796.0,796.0
8093,2023,Q1,36111,Ulster County,upstate,Seasonal persistence,6670.0,6631.0,39.0,39.0
8093,2023,Q1,36113,Warren County,upstate,Seasonal persistence,10023.0,9893.0,130.0,130.0
8093,2023,Q1,36117,Wayne County,upstate,Seasonal persistence,5289.0,4951.0,338.0,338.0
8093,2023,Q1,36119,Westchester County,downstate_non_nyc,Seasonal persistence,91281.0,73689.0,17592.0,17592.0
8093,2023,Q1,36121,Wyoming County,upstate,Seasonal persistence,3221.0,2994.0,227.0,227.0
8093,2023,Q1,36123,Yates County,upstate,Seasonal persistence,1726.0,1463.0,263.0,263.0
8093,2023,Q1,36001,Albany County,upstate,Ridge — level,38431.0,41187.32140448119,-2756.3214044811903,2756.3214044811903
8093,2023,Q1,36003,Allegany County,upstate,Ridge — level,5525.0,4399.024694980239,1125.9753050197614,1125.9753050197614
8093,2023,Q1,36005,Bronx County,nyc,Ridge — level,185600.0,188527.36793026663,-2927.367930266628,2927.367930266628
8093,2023,Q1,36007,Broome County,upstate,Ridge — level,23327.0,24473.762382801837,-1146.7623828018368,1146.7623828018368
8093,2023,Q1,36009,Cattaraugus County,upstate,Ridge — level,6185.0,4749.120924040191,1435.8790759598087,1435.8790759598087
8093,2023,Q1,36011,Cayuga County,upstate,Ridge — level,5445.0,3917.757451749563,1527.2425482504368,1527.2425482504368
8093,2023,Q1,36013,Chautauqua County,upstate,Ridge — level,13478.0,11511.930557563344,1966.0694424366557,1966.0694424366557
8093,2023,Q1,36015,Chemung County,upstate,Ridge — level,7934.0,10474.725155963446,-2540.725155963446,2540.725155963446
8093,2023,Q1,36017,Chenango County,upstate,Ridge — level,3870.0,4049.005725221894,-179.00572522189395,179.00572522189395
8093,2023,Q1,36019,Clinton County,upstate,Ridge — level,7593.0,8596.198495871697,-1003.1984958716967,1003.1984958716967
8093,2023,Q1,36021,Columbia County,upstate,Ridge — level,4971.0,6525.780100973607,-1554.7801009736067,1554.7801009736067
8093,2023,Q1,36023,Cortland County,upstate,Ridge — level,5949.0,5802.87936738992,146.12063261008007,146.12063261008007
8093,2023,Q1,36025,Delaware County,upstate,Ridge — level,4077.0,8191.738553509465,-4114.738553509465,4114.738553509465
8093,2023,Q1,36027,Dutchess County,upstate,Ridge — level,28110.0,31716.498959821372,-3606.4989598213724,3606.4989598213724
8093,2023,Q1,36029,Erie County,upstate,Ridge — level,86485.0,89803.39053435728,-3318.390534357284,3318.390534357284
8093,2023,Q1,36031,Essex County,upstate,Ridge — level,3127.0,5434.461392982968,-2307.4613929829684,2307.4613929829684
8093,2023,Q1,36033,Franklin County,upstate,Ridge — level,5666.0,6799.062278298967,-1133.0622782989667,1133.0622782989667
8093,2023,Q1,36035,Fulton County,upstate,Ridge — level,4509.0,6467.038382338058,-1958.038382338058,1958.038382338058
8093,2023,Q1,36037,Genesee County,upstate,Ridge — level,5597.0,3674.931005723658,1922.068994276342,1922.068994276342
8093,2023,Q1,36045,Jefferson County,upstate,Ridge — level,12855.0,11398.008346637584,1456.9916533624164,1456.9916533624164
8093,2023,Q1,36047,Kings County,nyc,Ridge — level,205125.0,223135.7422310986,-18010.742231098586,18010.742231098586
8093,2023,Q1,36049,Lewis County,upstate,Ridge — level,2515.0,691.176472816107,1823.823527183893,1823.823527183893
8093,2023,Q1,36051,Livingston County,upstate,Ridge — level,3313.0,3522.730683710779,-209.73068371077898,209.73068371077898
8093,2023,Q1,36053,Madison County,upstate,Ridge — level,7873.0,7103.024007417378,769.975992582622,769.975992582622
8093,2023,Q1,36055,Monroe County,upstate,Ridge — level,69817.0,69710.60812080257,106.39187919742835,106.39187919742835
8093,2023,Q1,36057,Montgomery County,upstate,Ridge — level,10400.0,11142.075000264507,-742.0750002645073,742.0750002645073
8093,2023,Q1,36059,Nassau County,downstate_non_nyc,Ridge — level,113891.0,125579.38405402111,-11688.38405402111,11688.38405402111
8093,2023,Q1,36061,New York County,nyc,Ridge — level,260924.0,267008.82487929263,-6084.8248792926315,6084.8248792926315
8093,2023,Q1,36063,Niagara County,upstate,Ridge — level,9186.0,14200.822040245403,-5014.822040245403,5014.822040245403
8093,2023,Q1,36065,Oneida County,upstate,Ridge — level,24692.0,26466.256814655055,-1774.2568146550548,1774.2568146550548
8093,2023,Q1,36067,Onondaga County,upstate,Ridge — level,47159.0,45866.5624810272,1292.4375189728016,1292.4375189728016
8093,2023,Q1,36069,Ontario County,upstate,Ridge — level,14916.0,15184.734726005201,-268.7347260052011,268.7347260052011
8093,2023,Q1,36071,Orange County,upstate,Ridge — level,35923.0,41447.59088364476,-5524.590883644763,5524.590883644763
8093,2023,Q1,36075,Oswego County,upstate,Ridge — level,5372.0,5755.512754082934,-383.5127540829344,383.5127540829344
8093,2023,Q1,36077,Otsego County,upstate,Ridge — level,7878.0,9633.247021500432,-1755.2470215004323,1755.2470215004323
8093,2023,Q1,36079,Putnam County,upstate,Ridge — level,4932.0,7146.44003081381,-2214.44003081381,2214.44003081381
8093,2023,Q1,36081,Queens County,nyc,Ridge — level,152489.0,183414.48144248268,-30925.481442482676,30925.481442482676
8093,2023,Q1,36083,Rensselaer County,upstate,Ridge — level,11309.0,11970.995776924032,-661.9957769240318,661.9957769240318
8093,2023,Q1,36085,Richmond County,nyc,Ridge — level,36026.0,21958.04817779216,14067.95182220784,14067.95182220784
8093,2023,Q1,36087,Rockland County,downstate_non_nyc,Ridge — level,21910.0,22381.894541239773,-471.8945412397734,471.8945412397734
8093,2023,Q1,36089,St. Lawrence County,upstate,Ridge — level,12108.0,19749.377731224493,-7641.377731224493,7641.377731224493
8093,2023,Q1,36091,Saratoga County,upstate,Ridge — level,8778.0,11945.670682006337,-3167.6706820063373,3167.6706820063373
8093,2023,Q1,36093,Schenectady County,upstate,Ridge — level,10424.0,13649.92518046868,-3225.925180468679,3225.925180468679
8093,2023,Q1,36095,Schoharie County,upstate,Ridge — level,2540.0,4653.983865242935,-2113.9838652429353,2113.9838652429353
8093,2023,Q1,36097,Schuyler County,upstate,Ridge — level,1741.0,2679.7575284306367,-938.7575284306367,938.7575284306367
8093,2023,Q1,36101,Steuben County,upstate,Ridge — level,10563.0,14028.086770912949,-3465.086770912949,3465.086770912949
8093,2023,Q1,36103,Suffolk County,downstate_non_nyc,Ridge — level,108272.0,134490.6248735267,-26218.624873526715,26218.624873526715
8093,2023,Q1,36105,Sullivan County,upstate,Ridge — level,6605.0,9933.257797781469,-3328.257797781469,3328.257797781469
8093,2023,Q1,36109,Tompkins County,upstate,Ridge — level,7790.0,8015.952354917448,-225.95235491744825,225.95235491744825
8093,2023,Q1,36111,Ulster County,upstate,Ridge — level,6670.0,11618.82079252441,-4948.82079252441,4948.82079252441
8093,2023,Q1,36113,Warren County,upstate,Ridge — level,10023.0,11487.301914244199,-1464.301914244199,1464.301914244199
8093,2023,Q1,36117,Wayne County,upstate,Ridge — level,5289.0,3072.0965372092796,2216.9034627907204,2216.9034627907204
8093,2023,Q1,36119,Westchester County,downstate_non_nyc,Ridge — level,91281.0,96181.90487766897,-4900.904877668974,4900.904877668974
8093,2023,Q1,36121,Wyoming County,upstate,Ridge — level,3221.0,2236.0756962457235,984.9243037542765,984.9243037542765
8093,2023,Q1,36123,Yates County,upstate,Ridge — level,1726.0,1516.9411174099878,209.05888259001222,209.05888259001222
8093,2023,Q1,36001,Albany County,upstate,Ridge — change from seasonal persistence,38431.0,41369.851012125044,-2938.851012125044,2938.851012125044
8093,2023,Q1,36003,Allegany County,upstate,Ridge — change from seasonal persistence,5525.0,4332.928770716728,1192.0712292832723,1192.0712292832723
8093,2023,Q1,36005,Bronx County,nyc,Ridge — change from seasonal persistence,185600.0,188402.44781320373,-2802.447813203733,2802.447813203733
8093,2023,Q1,36007,Broome County,upstate,Ridge — change from seasonal persistence,23327.0,24779.007448296114,-1452.0074482961136,1452.0074482961136
8093,2023,Q1,36009,Cattaraugus County,upstate,Ridge — change from seasonal persistence,6185.0,4499.574258867002,1685.4257411329982,1685.4257411329982
8093,2023,Q1,36011,Cayuga County,upstate,Ridge — change from seasonal persistence,5445.0,4198.837317987468,1246.162682012532,1246.162682012532
8093,2023,Q1,36013,Chautauqua County,upstate,Ridge — change from seasonal persistence,13478.0,11011.87818235642,2466.1218176435796,2466.1218176435796
8093,2023,Q1,36015,Chemung County,upstate,Ridge — change from seasonal persistence,7934.0,10968.368456667467,-3034.3684566674674,3034.3684566674674
8093,2023,Q1,36017,Chenango County,upstate,Ridge — change from seasonal persistence,3870.0,5308.95938695764,-1438.9593869576402,1438.9593869576402
8093,2023,Q1,36019,Clinton County,upstate,Ridge — change from seasonal persistence,7593.0,9863.528630523451,-2270.5286305234513,2270.5286305234513
8093,2023,Q1,36021,Columbia County,upstate,Ridge — change from seasonal persistence,4971.0,7557.081072785301,-2586.0810727853013,2586.0810727853013
8093,2023,Q1,36023,Cortland County,upstate,Ridge — change from seasonal persistence,5949.0,6061.510016028578,-112.51001602857832,112.51001602857832
8093,2023,Q1,36025,Delaware County,upstate,Ridge — change from seasonal persistence,4077.0,9394.750751789517,-5317.750751789517,5317.750751789517
8093,2023,Q1,36027,Dutchess County,upstate,Ridge — change from seasonal persistence,28110.0,31334.628068920585,-3224.628068920585,3224.628068920585
8093,2023,Q1,36029,Erie County,upstate,Ridge — change from seasonal persistence,86485.0,88075.86098127854,-1590.8609812785435,1590.8609812785435
8093,2023,Q1,36031,Essex County,upstate,Ridge — change from seasonal persistence,3127.0,7216.593328055234,-4089.5933280552345,4089.5933280552345
8093,2023,Q1,36033,Franklin County,upstate,Ridge — change from seasonal persistence,5666.0,7792.0179339275655,-2126.0179339275655,2126.0179339275655
8093,2023,Q1,36035,Fulton County,upstate,Ridge — change from seasonal persistence,4509.0,7971.258647556777,-3462.258647556777,3462.258647556777
8093,2023,Q1,36037,Genesee County,upstate,Ridge — change from seasonal persistence,5597.0,3529.8723576667326,2067.1276423332674,2067.1276423332674
8093,2023,Q1,36045,Jefferson County,upstate,Ridge — change from seasonal persistence,12855.0,12998.308445669536,-143.308445669536,143.308445669536
8093,2023,Q1,36047,Kings County,nyc,Ridge — change from seasonal persistence,205125.0,221231.95487175704,-16106.954871757043,16106.954871757043
8093,2023,Q1,36049,Lewis County,upstate,Ridge — change from seasonal persistence,2515.0,2436.2036923425767,78.79630765742331,78.79630765742331
8093,2023,Q1,36051,Livingston County,upstate,Ridge — change from seasonal persistence,3313.0,2900.2473924937917,412.7526075062083,412.7526075062083
8093,2023,Q1,36053,Madison County,upstate,Ridge — change from seasonal persistence,7873.0,7768.938057151312,104.06194284868798,104.06194284868798
8093,2023,Q1,36055,Monroe County,upstate,Ridge — change from seasonal persistence,69817.0,68435.96138822043,1381.0386117795715,1381.0386117795715
8093,2023,Q1,36057,Montgomery County,upstate,Ridge — change from seasonal persistence,10400.0,12875.849824919067,-2475.849824919067,2475.849824919067
8093,2023,Q1,36059,Nassau County,downstate_non_nyc,Ridge — change from seasonal persistence,113891.0,124495.16692284026,-10604.16692284026,10604.16692284026
8093,2023,Q1,36061,New York County,nyc,Ridge — change from seasonal persistence,260924.0,263627.8272797041,-2703.827279704099,2703.827279704099
8093,2023,Q1,36063,Niagara County,upstate,Ridge — change from seasonal persistence,9186.0,13827.98826110017,-4641.98826110017,4641.98826110017
8093,2023,Q1,36065,Oneida County,upstate,Ridge — change from seasonal persistence,24692.0,27114.610856385756,-2422.610856385756,2422.610856385756
8093,2023,Q1,36067,Onondaga County,upstate,Ridge — change from seasonal persistence,47159.0,45660.73786495712,1498.2621350428817,1498.2621350428817
8093,2023,Q1,36069,Ontario County,upstate,Ridge — change from seasonal persistence,14916.0,14987.706848575284,-71.70684857528431,71.70684857528431
8093,2023,Q1,36071,Orange County,upstate,Ridge — change from seasonal persistence,35923.0,41211.335084796454,-5288.335084796454,5288.335084796454
8093,2023,Q1,36075,Oswego County,upstate,Ridge — change from seasonal persistence,5372.0,5886.616628527599,-514.6166285275986,514.6166285275986
8093,2023,Q1,36077,Otsego County,upstate,Ridge — change from seasonal persistence,7878.0,10345.459333793464,-2467.459333793464,2467.459333793464
8093,2023,Q1,36079,Putnam County,upstate,Ridge — change from seasonal persistence,4932.0,5895.49781350317,-963.4978135031697,963.4978135031697
8093,2023,Q1,36081,Queens County,nyc,Ridge — change from seasonal persistence,152489.0,181442.760617681,-28953.760617680993,28953.760617680993
8093,2023,Q1,36083,Rensselaer County,upstate,Ridge — change from seasonal persistence,11309.0,12519.367939805754,-1210.3679398057538,1210.3679398057538
8093,2023,Q1,36085,Richmond County,nyc,Ridge — change from seasonal persistence,36026.0,22162.432040239666,13863.567959760334,13863.567959760334
8093,2023,Q1,36087,Rockland County,downstate_non_nyc,Ridge — change from seasonal persistence,21910.0,24375.606253366535,-2465.6062533665354,2465.6062533665354
8093,2023,Q1,36089,St. Lawrence County,upstate,Ridge — change from seasonal persistence,12108.0,20794.1599368501,-8686.159936850101,8686.159936850101
8093,2023,Q1,36091,Saratoga County,upstate,Ridge — change from seasonal persistence,8778.0,12093.633452884074,-3315.6334528840744,3315.6334528840744
8093,2023,Q1,36093,Schenectady County,upstate,Ridge — change from seasonal persistence,10424.0,14848.982099803146,-4424.982099803146,4424.982099803146
8093,2023,Q1,36095,Schoharie County,upstate,Ridge — change from seasonal persistence,2540.0,5708.355292975586,-3168.355292975586,3168.355292975586
8093,2023,Q1,36097,Schuyler County,upstate,Ridge — change from seasonal persistence,1741.0,3058.343237956942,-1317.3432379569422,1317.3432379569422
8093,2023,Q1,36101,Steuben County,upstate,Ridge — change from seasonal persistence,10563.0,14474.996369602786,-3911.996369602786,3911.996369602786
8093,2023,Q1,36103,Suffolk County,downstate_non_nyc,Ridge — change from seasonal persistence,108272.0,133748.72328761755,-25476.723287617555,25476.723287617555
8093,2023,Q1,36105,Sullivan County,upstate,Ridge — change from seasonal persistence,6605.0,10984.39950297404,-4379.39950297404,4379.39950297404
8093,2023,Q1,36109,Tompkins County,upstate,Ridge — change from seasonal persistence,7790.0,6753.363091738194,1036.6369082618057,1036.6369082618057
8093,2023,Q1,36111,Ulster County,upstate,Ridge — change from seasonal persistence,6670.0,12022.767774881933,-5352.767774881933,5352.767774881933
8093,2023,Q1,36113,Warren County,upstate,Ridge — change from seasonal persistence,10023.0,13012.075284320836,-2989.0752843208356,2989.0752843208356
8093,2023,Q1,36117,Wayne County,upstate,Ridge — change from seasonal persistence,5289.0,3338.0878533602704,1950.9121466397296,1950.9121466397296
8093,2023,Q1,36119,Westchester County,downstate_non_nyc,Ridge — change from seasonal persistence,91281.0,96374.44559387463,-5093.445593874625,5093.445593874625
8093,2023,Q1,36121,Wyoming County,upstate,Ridge — change from seasonal persistence,3221.0,2108.9175293463895,1112.0824706536105,1112.0824706536105
8093,2023,Q1,36123,Yates County,upstate,Ridge — change from seasonal persistence,1726.0,2491.6245685522645,-765.6245685522645,765.6245685522645
8093,2023,Q1,36001,Albany County,upstate,Random Forest — level,38431.0,38237.972971355455,193.02702864454477,193.02702864454477
8093,2023,Q1,36003,Allegany County,upstate,Random Forest — level,5525.0,3493.24593973911,2031.7540602608901,2031.7540602608901
8093,2023,Q1,36005,Bronx County,nyc,Random Forest — level,185600.0,195999.57167304453,-10399.571673044527,10399.571673044527
8093,2023,Q1,36007,Broome County,upstate,Random Forest — level,23327.0,24036.423268801445,-709.4232688014454,709.4232688014454
8093,2023,Q1,36009,Cattaraugus County,upstate,Random Forest — level,6185.0,6299.1466279300785,-114.14662793007847,114.14662793007847
8093,2023,Q1,36011,Cayuga County,upstate,Random Forest — level,5445.0,5961.0270236522765,-516.0270236522765,516.0270236522765
8093,2023,Q1,36013,Chautauqua County,upstate,Random Forest — level,13478.0,13946.422937808115,-468.4229378081145,468.4229378081145
8093,2023,Q1,36015,Chemung County,upstate,Random Forest — level,7934.0,8558.360590771154,-624.3605907711535,624.3605907711535
8093,2023,Q1,36017,Chenango County,upstate,Random Forest — level,3870.0,4368.051959657444,-498.05195965744406,498.05195965744406
8093,2023,Q1,36019,Clinton County,upstate,Random Forest — level,7593.0,8135.276315296631,-542.2763152966309,542.2763152966309
8093,2023,Q1,36021,Columbia County,upstate,Random Forest — level,4971.0,5146.912172984426,-175.91217298442643,175.91217298442643
8093,2023,Q1,36023,Cortland County,upstate,Random Forest — level,5949.0,6342.538033309284,-393.5380333092844,393.5380333092844
8093,2023,Q1,36025,Delaware County,upstate,Random Forest — level,4077.0,4220.1906273231125,-143.1906273231125,143.1906273231125
8093,2023,Q1,36027,Dutchess County,upstate,Random Forest — level,28110.0,29834.634234237994,-1724.634234237994,1724.634234237994
8093,2023,Q1,36029,Erie County,upstate,Random Forest — level,86485.0,85762.14252392857,722.8574760714255,722.8574760714255
8093,2023,Q1,36031,Essex County,upstate,Random Forest — level,3127.0,4409.84758210308,-1282.8475821030797,1282.8475821030797
8093,2023,Q1,36033,Franklin County,upstate,Random Forest — level,5666.0,6211.625543842872,-545.6255438428716,545.6255438428716
8093,2023,Q1,36035,Fulton County,upstate,Random Forest — level,4509.0,5026.178304760057,-517.1783047600566,517.1783047600566
8093,2023,Q1,36037,Genesee County,upstate,Random Forest — level,5597.0,6009.525259379512,-412.52525937951214,412.52525937951214
8093,2023,Q1,36045,Jefferson County,upstate,Random Forest — level,12855.0,12227.787726422213,627.2122735777866,627.2122735777866
8093,2023,Q1,36047,Kings County,nyc,Random Forest — level,205125.0,224086.6555234257,-18961.655523425696,18961.655523425696
8093,2023,Q1,36049,Lewis County,upstate,Random Forest — level,2515.0,2777.685758385405,-262.6857583854048,262.6857583854048
8093,2023,Q1,36051,Livingston County,upstate,Random Forest — level,3313.0,3327.893454603875,-14.893454603874943,14.893454603874943
8093,2023,Q1,36053,Madison County,upstate,Random Forest — level,7873.0,9008.048079226319,-1135.0480792263188,1135.0480792263188
8093,2023,Q1,36055,Monroe County,upstate,Random Forest — level,69817.0,77363.60838345451,-7546.608383454513,7546.608383454513
8093,2023,Q1,36057,Montgomery County,upstate,Random Forest — level,10400.0,9833.884853083453,566.115146916547,566.115146916547
8093,2023,Q1,36059,Nassau County,downstate_non_nyc,Random Forest — level,113891.0,121706.72280615674,-7815.722806156744,7815.722806156744
8093,2023,Q1,36061,New York County,nyc,Random Forest — level,260924.0,256486.4526115718,4437.547388428211,4437.547388428211
8093,2023,Q1,36063,Niagara County,upstate,Random Forest — level,9186.0,12221.636119667372,-3035.6361196673715,3035.6361196673715
8093,2023,Q1,36065,Oneida County,upstate,Random Forest — level,24692.0,24840.23603070078,-148.23603070078025,148.23603070078025
8093,2023,Q1,36067,Onondaga County,upstate,Random Forest — level,47159.0,45590.07078625949,1568.9292137405064,1568.9292137405064
8093,2023,Q1,36069,Ontario County,upstate,Random Forest — level,14916.0,16054.53591586247,-1138.5359158624706,1138.5359158624706
8093,2023,Q1,36071,Orange County,upstate,Random Forest — level,35923.0,36302.33434900419,-379.33434900418797,379.33434900418797
8093,2023,Q1,36075,Oswego County,upstate,Random Forest — level,5372.0,5847.7295509259275,-475.72955092592747,475.72955092592747
8093,2023,Q1,36077,Otsego County,upstate,Random Forest — level,7878.0,8776.109365168055,-898.1093651680549,898.1093651680549
8093,2023,Q1,36079,Putnam County,upstate,Random Forest — level,4932.0,5314.834567663817,-382.8345676638173,382.8345676638173
8093,2023,Q1,36081,Queens County,nyc,Random Forest — level,152489.0,174508.94708707082,-22019.947087070817,22019.947087070817
8093,2023,Q1,36083,Rensselaer County,upstate,Random Forest — level,11309.0,11862.765087500464,-553.7650875004638,553.7650875004638
8093,2023,Q1,36085,Richmond County,nyc,Random Forest — level,36026.0,14030.151291629665,21995.848708370337,21995.848708370337
8093,2023,Q1,36087,Rockland County,downstate_non_nyc,Random Forest — level,21910.0,22669.31511498686,-759.3151149868609,759.3151149868609
8093,2023,Q1,36089,St. Lawrence County,upstate,Random Forest — level,12108.0,17125.57537788139,-5017.575377881389,5017.575377881389
8093,2023,Q1,36091,Saratoga County,upstate,Random Forest — level,8778.0,9462.052140623273,-684.0521406232729,684.0521406232729
8093,2023,Q1,36093,Schenectady County,upstate,Random Forest — level,10424.0,11716.625092525665,-1292.6250925256645,1292.6250925256645
8093,2023,Q1,36095,Schoharie County,upstate,Random Forest — level,2540.0,3262.8629913789905,-722.8629913789905,722.8629913789905
8093,2023,Q1,36097,Schuyler County,upstate,Random Forest — level,1741.0,2211.2895759681487,-470.2895759681487,470.2895759681487
8093,2023,Q1,36101,Steuben County,upstate,Random Forest — level,10563.0,11533.687463878705,-970.6874638787049,970.6874638787049
8093,2023,Q1,36103,Suffolk County,downstate_non_nyc,Random Forest — level,108272.0,135132.09513065635,-26860.09513065635,26860.09513065635
8093,2023,Q1,36105,Sullivan County,upstate,Random Forest — level,6605.0,7599.240067649673,-994.2400676496727,994.2400676496727
8093,2023,Q1,36109,Tompkins County,upstate,Random Forest — level,7790.0,8247.849825878644,-457.84982587864397,457.84982587864397
8093,2023,Q1,36111,Ulster County,upstate,Random Forest — level,6670.0,6368.194641776255,301.8053582237453,301.8053582237453
8093,2023,Q1,36113,Warren County,upstate,Random Forest — level,10023.0,10046.67631057831,-23.676310578310222,23.676310578310222
8093,2023,Q1,36117,Wayne County,upstate,Random Forest — level,5289.0,5371.514733528184,-82.51473352818357,82.51473352818357
8093,2023,Q1,36119,Westchester County,downstate_non_nyc,Random Forest — level,91281.0,95429.81032293972,-4148.810322939724,4148.810322939724
8093,2023,Q1,36121,Wyoming County,upstate,Random Forest — level,3221.0,3354.5074630815097,-133.50746308150974,133.50746308150974
8093,2023,Q1,36123,Yates County,upstate,Random Forest — level,1726.0,2296.0325905113414,-570.0325905113414,570.0325905113414
8093,2023,Q1,36001,Albany County,upstate,Random Forest — change from seasonal persistence,38431.0,40047.40669690957,-1616.406696909573,1616.406696909573
8093,2023,Q1,36003,Allegany County,upstate,Random Forest — change from seasonal persistence,5525.0,3065.7537273929775,2459.2462726070225,2459.2462726070225
8093,2023,Q1,36005,Bronx County,nyc,Random Forest — change from seasonal persistence,185600.0,181552.15985611148,4047.8401438885194,4047.8401438885194
8093,2023,Q1,36007,Broome County,upstate,Random Forest — change from seasonal persistence,23327.0,23426.762379778174,-99.76237977817436,99.76237977817436
8093,2023,Q1,36009,Cattaraugus County,upstate,Random Forest — change from seasonal persistence,6185.0,6076.660784735961,108.33921526403901,108.33921526403901
8093,2023,Q1,36011,Cayuga County,upstate,Random Forest — change from seasonal persistence,5445.0,6102.788903522403,-657.7889035224034,657.7889035224034
8093,2023,Q1,36013,Chautauqua County,upstate,Random Forest — change from seasonal persistence,13478.0,12614.528872562621,863.4711274373785,863.4711274373785
8093,2023,Q1,36015,Chemung County,upstate,Random Forest — change from seasonal persistence,7934.0,8843.894009782614,-909.8940097826144,909.8940097826144
8093,2023,Q1,36017,Chenango County,upstate,Random Forest — change from seasonal persistence,3870.0,4003.4712427572426,-133.47124275724263,133.47124275724263
8093,2023,Q1,36019,Clinton County,upstate,Random Forest — change from seasonal persistence,7593.0,8490.471061712167,-897.4710617121673,897.4710617121673
8093,2023,Q1,36021,Columbia County,upstate,Random Forest — change from seasonal persistence,4971.0,5101.453568556715,-130.45356855671525,130.45356855671525
8093,2023,Q1,36023,Cortland County,upstate,Random Forest — change from seasonal persistence,5949.0,5848.67054509842,100.32945490158,100.32945490158
8093,2023,Q1,36025,Delaware County,upstate,Random Forest — change from seasonal persistence,4077.0,4242.334981731232,-165.3349817312319,165.3349817312319
8093,2023,Q1,36027,Dutchess County,upstate,Random Forest — change from seasonal persistence,28110.0,27407.121867786896,702.8781322131035,702.8781322131035
8093,2023,Q1,36029,Erie County,upstate,Random Forest — change from seasonal persistence,86485.0,81983.64625798738,4501.353742012623,4501.353742012623
8093,2023,Q1,36031,Essex County,upstate,Random Forest — change from seasonal persistence,3127.0,4027.589164344914,-900.589164344914,900.589164344914
8093,2023,Q1,36033,Franklin County,upstate,Random Forest — change from seasonal persistence,5666.0,6101.612301406926,-435.61230140692624,435.61230140692624
8093,2023,Q1,36035,Fulton County,upstate,Random Forest — change from seasonal persistence,4509.0,4874.99725989751,-365.99725989751005,365.99725989751005
8093,2023,Q1,36037,Genesee County,upstate,Random Forest — change from seasonal persistence,5597.0,5264.912216440966,332.0877835590336,332.0877835590336
8093,2023,Q1,36045,Jefferson County,upstate,Random Forest — change from seasonal persistence,12855.0,11731.34813383403,1123.6518661659702,1123.6518661659702
8093,2023,Q1,36047,Kings County,nyc,Random Forest — change from seasonal persistence,205125.0,208022.11041799674,-2897.110417996737,2897.110417996737
8093,2023,Q1,36049,Lewis County,upstate,Random Forest — change from seasonal persistence,2515.0,2531.156186814275,-16.15618681427486,16.15618681427486
8093,2023,Q1,36051,Livingston County,upstate,Random Forest — change from seasonal persistence,3313.0,3346.7641218672397,-33.76412186723974,33.76412186723974
8093,2023,Q1,36053,Madison County,upstate,Random Forest — change from seasonal persistence,7873.0,9019.56969112369,-1146.56969112369,1146.56969112369
8093,2023,Q1,36055,Monroe County,upstate,Random Forest — change from seasonal persistence,69817.0,64470.64805037555,5346.351949624448,5346.351949624448
8093,2023,Q1,36057,Montgomery County,upstate,Random Forest — change from seasonal persistence,10400.0,8157.256088587338,2242.743911412662,2242.743911412662
8093,2023,Q1,36059,Nassau County,downstate_non_nyc,Random Forest — change from seasonal persistence,113891.0,119330.64397450433,-5439.643974504332,5439.643974504332
8093,2023,Q1,36061,New York County,nyc,Random Forest — change from seasonal persistence,260924.0,245858.81592270502,15065.18407729498,15065.18407729498
8093,2023,Q1,36063,Niagara County,upstate,Random Forest — change from seasonal persistence,9186.0,11816.652051744551,-2630.6520517445515,2630.6520517445515
8093,2023,Q1,36065,Oneida County,upstate,Random Forest — change from seasonal persistence,24692.0,24184.761160238453,507.23883976154684,507.23883976154684
8093,2023,Q1,36067,Onondaga County,upstate,Random Forest — change from seasonal persistence,47159.0,42882.64126272747,4276.358737272531,4276.358737272531
8093,2023,Q1,36069,Ontario County,upstate,Random Forest — change from seasonal persistence,14916.0,15492.95300974951,-576.9530097495099,576.9530097495099
8093,2023,Q1,36071,Orange County,upstate,Random Forest — change from seasonal persistence,35923.0,36556.83005438271,-633.8300543827136,633.8300543827136
8093,2023,Q1,36075,Oswego County,upstate,Random Forest — change from seasonal persistence,5372.0,6021.369720742221,-649.369720742221,649.369720742221
8093,2023,Q1,36077,Otsego County,upstate,Random Forest — change from seasonal persistence,7878.0,8707.965195711695,-829.9651957116948,829.9651957116948
8093,2023,Q1,36079,Putnam County,upstate,Random Forest — change from seasonal persistence,4932.0,4988.0367773337775,-56.036777333777536,56.036777333777536
8093,2023,Q1,36081,Queens County,nyc,Random Forest — change from seasonal persistence,152489.0,167649.68419347727,-15160.684193477267,15160.684193477267
8093,2023,Q1,36083,Rensselaer County,upstate,Random Forest — change from seasonal persistence,11309.0,11708.714358456358,-399.71435845635824,399.71435845635824
8093,2023,Q1,36085,Richmond County,nyc,Random Forest — change from seasonal persistence,36026.0,8349.313339646467,27676.68666035353,27676.68666035353
8093,2023,Q1,36087,Rockland County,downstate_non_nyc,Random Forest — change from seasonal persistence,21910.0,21086.56415888741,823.4358411125904,823.4358411125904
8093,2023,Q1,36089,St. Lawrence County,upstate,Random Forest — change from seasonal persistence,12108.0,16726.31628410478,-4618.3162841047815,4618.3162841047815
8093,2023,Q1,36091,Saratoga County,upstate,Random Forest — change from seasonal persistence,8778.0,9089.008502608503,-311.0085026085035,311.0085026085035
8093,2023,Q1,36093,Schenectady County,upstate,Random Forest — change from seasonal persistence,10424.0,11722.994548205606,-1298.9945482056064,1298.9945482056064
8093,2023,Q1,36095,Schoharie County,upstate,Random Forest — change from seasonal persistence,2540.0,3076.368328724652,-536.3683287246522,536.3683287246522
8093,2023,Q1,36097,Schuyler County,upstate,Random Forest — change from seasonal persistence,1741.0,1812.0981142931143,-71.09811429311435,71.09811429311435
8093,2023,Q1,36101,Steuben County,upstate,Random Forest — change from seasonal persistence,10563.0,11578.0100507918,-1015.0100507917996,1015.0100507917996
8093,2023,Q1,36103,Suffolk County,downstate_non_nyc,Random Forest — change from seasonal persistence,108272.0,140078.233596155,-31806.233596155012,31806.233596155012
8093,2023,Q1,36105,Sullivan County,upstate,Random Forest — change from seasonal persistence,6605.0,7005.486730950966,-400.4867309509664,400.4867309509664
8093,2023,Q1,36109,Tompkins County,upstate,Random Forest — change from seasonal persistence,7790.0,8235.293313145918,-445.29331314591764,445.29331314591764
8093,2023,Q1,36111,Ulster County,upstate,Random Forest — change from seasonal persistence,6670.0,6257.780488368114,412.21951163188623,412.21951163188623
8093,2023,Q1,36113,Warren County,upstate,Random Forest — change from seasonal persistence,10023.0,9930.716042374292,92.28395762570835,92.28395762570835
8093,2023,Q1,36117,Wayne County,upstate,Random Forest — change from seasonal persistence,5289.0,5407.338331779332,-118.3383317793323,118.3383317793323
8093,2023,Q1,36119,Westchester County,downstate_non_nyc,Random Forest — change from seasonal persistence,91281.0,89518.8510825547,1762.1489174453018,1762.1489174453018
8093,2023,Q1,36121,Wyoming County,upstate,Random Forest — change from seasonal persistence,3221.0,3390.4438117791797,-169.44381177917967,169.44381177917967
8093,2023,Q1,36123,Yates County,upstate,Random Forest — change from seasonal persistence,1726.0,1718.0842935166686,7.915706483331405,7.915706483331405
8093,2023,Q1,36001,Albany County,upstate,XGBoost — level,38431.0,42170.29296875,-3739.29296875,3739.29296875
8093,2023,Q1,36003,Allegany County,upstate,XGBoost — level,5525.0,3387.751220703125,2137.248779296875,2137.248779296875
8093,2023,Q1,36005,Bronx County,nyc,XGBoost — level,185600.0,201754.578125,-16154.578125,16154.578125
8093,2023,Q1,36007,Broome County,upstate,XGBoost — level,23327.0,25085.85546875,-1758.85546875,1758.85546875
8093,2023,Q1,36009,Cattaraugus County,upstate,XGBoost — level,6185.0,7010.404296875,-825.404296875,825.404296875
8093,2023,Q1,36011,Cayuga County,upstate,XGBoost — level,5445.0,5858.1923828125,-413.1923828125,413.1923828125
8093,2023,Q1,36013,Chautauqua County,upstate,XGBoost — level,13478.0,14361.83203125,-883.83203125,883.83203125
8093,2023,Q1,36015,Chemung County,upstate,XGBoost — level,7934.0,8624.716796875,-690.716796875,690.716796875
8093,2023,Q1,36017,Chenango County,upstate,XGBoost — level,3870.0,4505.66552734375,-635.66552734375,635.66552734375
8093,2023,Q1,36019,Clinton County,upstate,XGBoost — level,7593.0,8288.11328125,-695.11328125,695.11328125
8093,2023,Q1,36021,Columbia County,upstate,XGBoost — level,4971.0,5466.849609375,-495.849609375,495.849609375
8093,2023,Q1,36023,Cortland County,upstate,XGBoost — level,5949.0,5720.19287109375,228.80712890625,228.80712890625
8093,2023,Q1,36025,Delaware County,upstate,XGBoost — level,4077.0,4689.884765625,-612.884765625,612.884765625
8093,2023,Q1,36027,Dutchess County,upstate,XGBoost — level,28110.0,29399.919921875,-1289.919921875,1289.919921875
8093,2023,Q1,36029,Erie County,upstate,XGBoost — level,86485.0,82478.890625,4006.109375,4006.109375
8093,2023,Q1,36031,Essex County,upstate,XGBoost — level,3127.0,4377.4716796875,-1250.4716796875,1250.4716796875
8093,2023,Q1,36033,Franklin County,upstate,XGBoost — level,5666.0,6377.65576171875,-711.65576171875,711.65576171875
8093,2023,Q1,36035,Fulton County,upstate,XGBoost — level,4509.0,5323.77392578125,-814.77392578125,814.77392578125
8093,2023,Q1,36037,Genesee County,upstate,XGBoost — level,5597.0,5886.0146484375,-289.0146484375,289.0146484375
8093,2023,Q1,36045,Jefferson County,upstate,XGBoost — level,12855.0,11644.2255859375,1210.7744140625,1210.7744140625
8093,2023,Q1,36047,Kings County,nyc,XGBoost — level,205125.0,211387.078125,-6262.078125,6262.078125
8093,2023,Q1,36049,Lewis County,upstate,XGBoost — level,2515.0,2474.175048828125,40.824951171875,40.824951171875
8093,2023,Q1,36051,Livingston County,upstate,XGBoost — level,3313.0,3749.29345703125,-436.29345703125,436.29345703125
8093,2023,Q1,36053,Madison County,upstate,XGBoost — level,7873.0,8987.1689453125,-1114.1689453125,1114.1689453125
8093,2023,Q1,36055,Monroe County,upstate,XGBoost — level,69817.0,76030.0,-6213.0,6213.0
8093,2023,Q1,36057,Montgomery County,upstate,XGBoost — level,10400.0,10251.7060546875,148.2939453125,148.2939453125
8093,2023,Q1,36059,Nassau County,downstate_non_nyc,XGBoost — level,113891.0,124970.6796875,-11079.6796875,11079.6796875
8093,2023,Q1,36061,New York County,nyc,XGBoost — level,260924.0,277099.71875,-16175.71875,16175.71875
8093,2023,Q1,36063,Niagara County,upstate,XGBoost — level,9186.0,11972.4130859375,-2786.4130859375,2786.4130859375
8093,2023,Q1,36065,Oneida County,upstate,XGBoost — level,24692.0,26968.48046875,-2276.48046875,2276.48046875
8093,2023,Q1,36067,Onondaga County,upstate,XGBoost — level,47159.0,45997.13671875,1161.86328125,1161.86328125
8093,2023,Q1,36069,Ontario County,upstate,XGBoost — level,14916.0,16561.72265625,-1645.72265625,1645.72265625
8093,2023,Q1,36071,Orange County,upstate,XGBoost — level,35923.0,39470.25,-3547.25,3547.25
8093,2023,Q1,36075,Oswego County,upstate,XGBoost — level,5372.0,5950.59130859375,-578.59130859375,578.59130859375
8093,2023,Q1,36077,Otsego County,upstate,XGBoost — level,7878.0,8777.2412109375,-899.2412109375,899.2412109375
8093,2023,Q1,36079,Putnam County,upstate,XGBoost — level,4932.0,5779.07177734375,-847.07177734375,847.07177734375
8093,2023,Q1,36081,Queens County,nyc,XGBoost — level,152489.0,163964.5625,-11475.5625,11475.5625
8093,2023,Q1,36083,Rensselaer County,upstate,XGBoost — level,11309.0,11944.9521484375,-635.9521484375,635.9521484375
8093,2023,Q1,36085,Richmond County,nyc,XGBoost — level,36026.0,12736.6708984375,23289.3291015625,23289.3291015625
8093,2023,Q1,36087,Rockland County,downstate_non_nyc,XGBoost — level,21910.0,23064.064453125,-1154.064453125,1154.064453125
8093,2023,Q1,36089,St. Lawrence County,upstate,XGBoost — level,12108.0,17910.89453125,-5802.89453125,5802.89453125
8093,2023,Q1,36091,Saratoga County,upstate,XGBoost — level,8778.0,10103.591796875,-1325.591796875,1325.591796875
8093,2023,Q1,36093,Schenectady County,upstate,XGBoost — level,10424.0,12100.181640625,-1676.181640625,1676.181640625
8093,2023,Q1,36095,Schoharie County,upstate,XGBoost — level,2540.0,3164.880859375,-624.880859375,624.880859375
8093,2023,Q1,36097,Schuyler County,upstate,XGBoost — level,1741.0,2543.987060546875,-802.987060546875,802.987060546875
8093,2023,Q1,36101,Steuben County,upstate,XGBoost — level,10563.0,11811.1123046875,-1248.1123046875,1248.1123046875
8093,2023,Q1,36103,Suffolk County,downstate_non_nyc,XGBoost — level,108272.0,139064.484375,-30792.484375,30792.484375
8093,2023,Q1,36105,Sullivan County,upstate,XGBoost — level,6605.0,8069.54833984375,-1464.54833984375,1464.54833984375
8093,2023,Q1,36109,Tompkins County,upstate,XGBoost — level,7790.0,8550.458984375,-760.458984375,760.458984375
8093,2023,Q1,36111,Ulster County,upstate,XGBoost — level,6670.0,6774.16162109375,-104.16162109375,104.16162109375
8093,2023,Q1,36113,Warren County,upstate,XGBoost — level,10023.0,10665.224609375,-642.224609375,642.224609375
8093,2023,Q1,36117,Wayne County,upstate,XGBoost — level,5289.0,5209.0478515625,79.9521484375,79.9521484375
8093,2023,Q1,36119,Westchester County,downstate_non_nyc,XGBoost — level,91281.0,95550.6953125,-4269.6953125,4269.6953125
8093,2023,Q1,36121,Wyoming County,upstate,XGBoost — level,3221.0,2336.130126953125,884.869873046875,884.869873046875
8093,2023,Q1,36123,Yates County,upstate,XGBoost — level,1726.0,2496.49169921875,-770.49169921875,770.49169921875
8093,2023,Q1,36001,Albany County,upstate,XGBoost — change from seasonal persistence,38431.0,39800.68701171875,-1369.68701171875,1369.68701171875
8093,2023,Q1,36003,Allegany County,upstate,XGBoost — change from seasonal persistence,5525.0,2924.776885986328,2600.223114013672,2600.223114013672
8093,2023,Q1,36005,Bronx County,nyc,XGBoost — change from seasonal persistence,185600.0,189468.365234375,-3868.365234375,3868.365234375
8093,2023,Q1,36007,Broome County,upstate,XGBoost — change from seasonal persistence,23327.0,23694.71044921875,-367.71044921875,367.71044921875
8093,2023,Q1,36009,Cattaraugus County,upstate,XGBoost — change from seasonal persistence,6185.0,5723.351898193359,461.6481018066406,461.6481018066406
8093,2023,Q1,36011,Cayuga County,upstate,XGBoost — change from seasonal persistence,5445.0,6055.239471435547,-610.2394714355469,610.2394714355469
8093,2023,Q1,36013,Chautauqua County,upstate,XGBoost — change from seasonal persistence,13478.0,13068.923583984375,409.076416015625,409.076416015625
8093,2023,Q1,36015,Chemung County,upstate,XGBoost — change from seasonal persistence,7934.0,8243.052490234375,-309.052490234375,309.052490234375
8093,2023,Q1,36017,Chenango County,upstate,XGBoost — change from seasonal persistence,3870.0,3777.429962158203,92.57003784179688,92.57003784179688
8093,2023,Q1,36019,Clinton County,upstate,XGBoost — change from seasonal persistence,7593.0,8066.294006347656,-473.29400634765625,473.29400634765625
8093,2023,Q1,36021,Columbia County,upstate,XGBoost — change from seasonal persistence,4971.0,4912.608139038086,58.39186096191406,58.39186096191406
8093,2023,Q1,36023,Cortland County,upstate,XGBoost — change from seasonal persistence,5949.0,5319.230621337891,629.7693786621094,629.7693786621094
8093,2023,Q1,36025,Delaware County,upstate,XGBoost — change from seasonal persistence,4077.0,4146.979187011719,-69.97918701171875,69.97918701171875
8093,2023,Q1,36027,Dutchess County,upstate,XGBoost — change from seasonal persistence,28110.0,26962.899536132812,1147.1004638671875,1147.1004638671875
8093,2023,Q1,36029,Erie County,upstate,XGBoost — change from seasonal persistence,86485.0,81919.0263671875,4565.9736328125,4565.9736328125
8093,2023,Q1,36031,Essex County,upstate,XGBoost — change from seasonal persistence,3127.0,3756.4280395507812,-629.4280395507812,629.4280395507812
8093,2023,Q1,36033,Franklin County,upstate,XGBoost — change from seasonal persistence,5666.0,6279.005615234375,-613.005615234375,613.005615234375
8093,2023,Q1,36035,Fulton County,upstate,XGBoost — change from seasonal persistence,4509.0,4840.975280761719,-331.97528076171875,331.97528076171875
8093,2023,Q1,36037,Genesee County,upstate,XGBoost — change from seasonal persistence,5597.0,5369.424621582031,227.57537841796875,227.57537841796875
8093,2023,Q1,36045,Jefferson County,upstate,XGBoost — change from seasonal persistence,12855.0,12231.710815429688,623.2891845703125,623.2891845703125
8093,2023,Q1,36047,Kings County,nyc,XGBoost — change from seasonal persistence,205125.0,211494.537109375,-6369.537109375,6369.537109375
8093,2023,Q1,36049,Lewis County,upstate,XGBoost — change from seasonal persistence,2515.0,2564.537109375,-49.537109375,49.537109375
8093,2023,Q1,36051,Livingston County,upstate,XGBoost — change from seasonal persistence,3313.0,3230.7122802734375,82.2877197265625,82.2877197265625
8093,2023,Q1,36053,Madison County,upstate,XGBoost — change from seasonal persistence,7873.0,8455.195556640625,-582.195556640625,582.195556640625
8093,2023,Q1,36055,Monroe County,upstate,XGBoost — change from seasonal persistence,69817.0,75200.451171875,-5383.451171875,5383.451171875
8093,2023,Q1,36057,Montgomery County,upstate,XGBoost — change from seasonal persistence,10400.0,7787.8436279296875,2612.1563720703125,2612.1563720703125
8093,2023,Q1,36059,Nassau County,downstate_non_nyc,XGBoost — change from seasonal persistence,113891.0,124100.68359375,-10209.68359375,10209.68359375
8093,2023,Q1,36061,New York County,nyc,XGBoost — change from seasonal persistence,260924.0,254041.123046875,6882.876953125,6882.876953125
8093,2023,Q1,36063,Niagara County,upstate,XGBoost — change from seasonal persistence,9186.0,10982.208999633789,-1796.208999633789,1796.208999633789
8093,2023,Q1,36065,Oneida County,upstate,XGBoost — change from seasonal persistence,24692.0,24521.889282226562,170.1107177734375,170.1107177734375
8093,2023,Q1,36067,Onondaga County,upstate,XGBoost — change from seasonal persistence,47159.0,44856.19207763672,2302.8079223632812,2302.8079223632812
8093,2023,Q1,36069,Ontario County,upstate,XGBoost — change from seasonal persistence,14916.0,15555.813354492188,-639.8133544921875,639.8133544921875
8093,2023,Q1,36071,Orange County,upstate,XGBoost — change from seasonal persistence,35923.0,35630.480712890625,292.519287109375,292.519287109375
8093,2023,Q1,36075,Oswego County,upstate,XGBoost — change from seasonal persistence,5372.0,6084.267761230469,-712.2677612304688,712.2677612304688
8093,2023,Q1,36077,Otsego County,upstate,XGBoost — change from seasonal persistence,7878.0,8187.3798828125,-309.3798828125,309.3798828125
8093,2023,Q1,36079,Putnam County,upstate,XGBoost — change from seasonal persistence,4932.0,4794.144989013672,137.85501098632812,137.85501098632812
8093,2023,Q1,36081,Queens County,nyc,XGBoost — change from seasonal persistence,152489.0,161307.337890625,-8818.337890625,8818.337890625
8093,2023,Q1,36083,Rensselaer County,upstate,XGBoost — change from seasonal persistence,11309.0,11106.682510375977,202.31748962402344,202.31748962402344
8093,2023,Q1,36085,Richmond County,nyc,XGBoost — change from seasonal persistence,36026.0,8549.081298828125,27476.918701171875,27476.918701171875
8093,2023,Q1,36087,Rockland County,downstate_non_nyc,XGBoost — change from seasonal persistence,21910.0,21041.739624023438,868.2603759765625,868.2603759765625
8093,2023,Q1,36089,St. Lawrence County,upstate,XGBoost — change from seasonal persistence,12108.0,16760.032958984375,-4652.032958984375,4652.032958984375
8093,2023,Q1,36091,Saratoga County,upstate,XGBoost — change from seasonal persistence,8778.0,9219.24673461914,-441.2467346191406,441.2467346191406
8093,2023,Q1,36093,Schenectady County,upstate,XGBoost — change from seasonal persistence,10424.0,11809.692474365234,-1385.6924743652344,1385.6924743652344
8093,2023,Q1,36095,Schoharie County,upstate,XGBoost — change from seasonal persistence,2540.0,2970.168975830078,-430.1689758300781,430.1689758300781
8093,2023,Q1,36097,Schuyler County,upstate,XGBoost — change from seasonal persistence,1741.0,1828.2205200195312,-87.22052001953125,87.22052001953125
8093,2023,Q1,36101,Steuben County,upstate,XGBoost — change from seasonal persistence,10563.0,11277.849853515625,-714.849853515625,714.849853515625
8093,2023,Q1,36103,Suffolk County,downstate_non_nyc,XGBoost — change from seasonal persistence,108272.0,137242.498046875,-28970.498046875,28970.498046875
8093,2023,Q1,36105,Sullivan County,upstate,XGBoost — change from seasonal persistence,6605.0,6680.988128662109,-75.98812866210938,75.98812866210938
8093,2023,Q1,36109,Tompkins County,upstate,XGBoost — change from seasonal persistence,7790.0,7925.9471435546875,-135.9471435546875,135.9471435546875
8093,2023,Q1,36111,Ulster County,upstate,XGBoost — change from seasonal persistence,6670.0,6662.161794662476,7.838205337524414,7.838205337524414
8093,2023,Q1,36113,Warren County,upstate,XGBoost — change from seasonal persistence,10023.0,10168.43246459961,-145.43246459960938,145.43246459960938
8093,2023,Q1,36117,Wayne County,upstate,XGBoost — change from seasonal persistence,5289.0,5247.438140869141,41.561859130859375,41.561859130859375
8093,2023,Q1,36119,Westchester County,downstate_non_nyc,XGBoost — change from seasonal persistence,91281.0,89949.0986328125,1331.9013671875,1331.9013671875
8093,2023,Q1,36121,Wyoming County,upstate,XGBoost — change from seasonal persistence,3221.0,3283.0965576171875,-62.0965576171875,62.0965576171875
8093,2023,Q1,36123,Yates County,upstate,XGBoost — change from seasonal persistence,1726.0,1947.9278564453125,-221.9278564453125,221.9278564453125
8094,2023,Q2,36001,Albany County,upstate,Previous-quarter persistence,41022.0,38431.0,2591.0,2591.0
8094,2023,Q2,36003,Allegany County,upstate,Previous-quarter persistence,5858.0,5525.0,333.0,333.0
8094,2023,Q2,36005,Bronx County,nyc,Previous-quarter persistence,187349.0,185600.0,1749.0,1749.0
8094,2023,Q2,36007,Broome County,upstate,Previous-quarter persistence,24431.0,23327.0,1104.0,1104.0
8094,2023,Q2,36009,Cattaraugus County,upstate,Previous-quarter persistence,6590.0,6185.0,405.0,405.0
8094,2023,Q2,36011,Cayuga County,upstate,Previous-quarter persistence,5772.0,5445.0,327.0,327.0
8094,2023,Q2,36013,Chautauqua County,upstate,Previous-quarter persistence,14119.0,13478.0,641.0,641.0
8094,2023,Q2,36015,Chemung County,upstate,Previous-quarter persistence,8375.0,7934.0,441.0,441.0
8094,2023,Q2,36017,Chenango County,upstate,Previous-quarter persistence,4449.0,3870.0,579.0,579.0
8094,2023,Q2,36019,Clinton County,upstate,Previous-quarter persistence,8601.0,7593.0,1008.0,1008.0
8094,2023,Q2,36021,Columbia County,upstate,Previous-quarter persistence,5592.0,4971.0,621.0,621.0
8094,2023,Q2,36023,Cortland County,upstate,Previous-quarter persistence,6195.0,5949.0,246.0,246.0
8094,2023,Q2,36025,Delaware County,upstate,Previous-quarter persistence,4341.0,4077.0,264.0,264.0
8094,2023,Q2,36027,Dutchess County,upstate,Previous-quarter persistence,29263.0,28110.0,1153.0,1153.0
8094,2023,Q2,36029,Erie County,upstate,Previous-quarter persistence,91629.0,86485.0,5144.0,5144.0
8094,2023,Q2,36031,Essex County,upstate,Previous-quarter persistence,3599.0,3127.0,472.0,472.0
8094,2023,Q2,36033,Franklin County,upstate,Previous-quarter persistence,6386.0,5666.0,720.0,720.0
8094,2023,Q2,36035,Fulton County,upstate,Previous-quarter persistence,5189.0,4509.0,680.0,680.0
8094,2023,Q2,36037,Genesee County,upstate,Previous-quarter persistence,5951.0,5597.0,354.0,354.0
8094,2023,Q2,36045,Jefferson County,upstate,Previous-quarter persistence,14655.0,12855.0,1800.0,1800.0
8094,2023,Q2,36047,Kings County,nyc,Previous-quarter persistence,213330.0,205125.0,8205.0,8205.0
8094,2023,Q2,36049,Lewis County,upstate,Previous-quarter persistence,2747.0,2515.0,232.0,232.0
8094,2023,Q2,36051,Livingston County,upstate,Previous-quarter persistence,3691.0,3313.0,378.0,378.0
8094,2023,Q2,36053,Madison County,upstate,Previous-quarter persistence,8818.0,7873.0,945.0,945.0
8094,2023,Q2,36055,Monroe County,upstate,Previous-quarter persistence,74846.0,69817.0,5029.0,5029.0
8094,2023,Q2,36057,Montgomery County,upstate,Previous-quarter persistence,11871.0,10400.0,1471.0,1471.0
8094,2023,Q2,36059,Nassau County,downstate_non_nyc,Previous-quarter persistence,117720.0,113891.0,3829.0,3829.0
8094,2023,Q2,36061,New York County,nyc,Previous-quarter persistence,266211.0,260924.0,5287.0,5287.0
8094,2023,Q2,36063,Niagara County,upstate,Previous-quarter persistence,9501.0,9186.0,315.0,315.0
8094,2023,Q2,36065,Oneida County,upstate,Previous-quarter persistence,26019.0,24692.0,1327.0,1327.0
8094,2023,Q2,36067,Onondaga County,upstate,Previous-quarter persistence,53731.0,47159.0,6572.0,6572.0
8094,2023,Q2,36069,Ontario County,upstate,Previous-quarter persistence,16252.0,14916.0,1336.0,1336.0
8094,2023,Q2,36071,Orange County,upstate,Previous-quarter persistence,38857.0,35923.0,2934.0,2934.0
8094,2023,Q2,36075,Oswego County,upstate,Previous-quarter persistence,6153.0,5372.0,781.0,781.0
8094,2023,Q2,36077,Otsego County,upstate,Previous-quarter persistence,9427.0,7878.0,1549.0,1549.0
8094,2023,Q2,36079,Putnam County,upstate,Previous-quarter persistence,5316.0,4932.0,384.0,384.0
8094,2023,Q2,36081,Queens County,nyc,Previous-quarter persistence,158405.0,152489.0,5916.0,5916.0
8094,2023,Q2,36083,Rensselaer County,upstate,Previous-quarter persistence,11352.0,11309.0,43.0,43.0
8094,2023,Q2,36085,Richmond County,nyc,Previous-quarter persistence,36101.0,36026.0,75.0,75.0
8094,2023,Q2,36087,Rockland County,downstate_non_nyc,Previous-quarter persistence,22270.0,21910.0,360.0,360.0
8094,2023,Q2,36089,St. Lawrence County,upstate,Previous-quarter persistence,13285.0,12108.0,1177.0,1177.0
8094,2023,Q2,36091,Saratoga County,upstate,Previous-quarter persistence,9730.0,8778.0,952.0,952.0
8094,2023,Q2,36093,Schenectady County,upstate,Previous-quarter persistence,10815.0,10424.0,391.0,391.0
8094,2023,Q2,36095,Schoharie County,upstate,Previous-quarter persistence,2929.0,2540.0,389.0,389.0
8094,2023,Q2,36097,Schuyler County,upstate,Previous-quarter persistence,1914.0,1741.0,173.0,173.0
8094,2023,Q2,36101,Steuben County,upstate,Previous-quarter persistence,11452.0,10563.0,889.0,889.0
8094,2023,Q2,36103,Suffolk County,downstate_non_nyc,Previous-quarter persistence,111726.0,108272.0,3454.0,3454.0
8094,2023,Q2,36105,Sullivan County,upstate,Previous-quarter persistence,7498.0,6605.0,893.0,893.0
8094,2023,Q2,36109,Tompkins County,upstate,Previous-quarter persistence,8284.0,7790.0,494.0,494.0
8094,2023,Q2,36111,Ulster County,upstate,Previous-quarter persistence,7578.0,6670.0,908.0,908.0
8094,2023,Q2,36113,Warren County,upstate,Previous-quarter persistence,10725.0,10023.0,702.0,702.0
8094,2023,Q2,36117,Wayne County,upstate,Previous-quarter persistence,5721.0,5289.0,432.0,432.0
8094,2023,Q2,36119,Westchester County,downstate_non_nyc,Previous-quarter persistence,95263.0,91281.0,3982.0,3982.0
8094,2023,Q2,36121,Wyoming County,upstate,Previous-quarter persistence,3430.0,3221.0,209.0,209.0
8094,2023,Q2,36123,Yates County,upstate,Previous-quarter persistence,1981.0,1726.0,255.0,255.0
8094,2023,Q2,36001,Albany County,upstate,Seasonal persistence,41022.0,40816.0,206.0,206.0
8094,2023,Q2,36003,Allegany County,upstate,Seasonal persistence,5858.0,3011.0,2847.0,2847.0
8094,2023,Q2,36005,Bronx County,nyc,Seasonal persistence,187349.0,185243.0,2106.0,2106.0
8094,2023,Q2,36007,Broome County,upstate,Seasonal persistence,24431.0,24012.0,419.0,419.0
8094,2023,Q2,36009,Cattaraugus County,upstate,Seasonal persistence,6590.0,6639.0,-49.0,49.0
8094,2023,Q2,36011,Cayuga County,upstate,Seasonal persistence,5772.0,6248.0,-476.0,476.0
8094,2023,Q2,36013,Chautauqua County,upstate,Seasonal persistence,14119.0,14024.0,95.0,95.0
8094,2023,Q2,36015,Chemung County,upstate,Seasonal persistence,8375.0,8741.0,-366.0,366.0
8094,2023,Q2,36017,Chenango County,upstate,Seasonal persistence,4449.0,4012.0,437.0,437.0
8094,2023,Q2,36019,Clinton County,upstate,Seasonal persistence,8601.0,7823.0,778.0,778.0
8094,2023,Q2,36021,Columbia County,upstate,Seasonal persistence,5592.0,5369.0,223.0,223.0
8094,2023,Q2,36023,Cortland County,upstate,Seasonal persistence,6195.0,6308.0,-113.0,113.0
8094,2023,Q2,36025,Delaware County,upstate,Seasonal persistence,4341.0,4180.0,161.0,161.0
8094,2023,Q2,36027,Dutchess County,upstate,Seasonal persistence,29263.0,29483.0,-220.0,220.0
8094,2023,Q2,36029,Erie County,upstate,Seasonal persistence,91629.0,87697.0,3932.0,3932.0
8094,2023,Q2,36031,Essex County,upstate,Seasonal persistence,3599.0,3999.0,-400.0,400.0
8094,2023,Q2,36033,Franklin County,upstate,Seasonal persistence,6386.0,6188.0,198.0,198.0
8094,2023,Q2,36035,Fulton County,upstate,Seasonal persistence,5189.0,4922.0,267.0,267.0
8094,2023,Q2,36037,Genesee County,upstate,Seasonal persistence,5951.0,5048.0,903.0,903.0
8094,2023,Q2,36045,Jefferson County,upstate,Seasonal persistence,14655.0,11961.0,2694.0,2694.0
8094,2023,Q2,36047,Kings County,nyc,Seasonal persistence,213330.0,206525.0,6805.0,6805.0
8094,2023,Q2,36049,Lewis County,upstate,Seasonal persistence,2747.0,2661.0,86.0,86.0
8094,2023,Q2,36051,Livingston County,upstate,Seasonal persistence,3691.0,3548.0,143.0,143.0
8094,2023,Q2,36053,Madison County,upstate,Seasonal persistence,8818.0,8829.0,-11.0,11.0
8094,2023,Q2,36055,Monroe County,upstate,Seasonal persistence,74846.0,71463.0,3383.0,3383.0
8094,2023,Q2,36057,Montgomery County,upstate,Seasonal persistence,11871.0,9370.0,2501.0,2501.0
8094,2023,Q2,36059,Nassau County,downstate_non_nyc,Seasonal persistence,117720.0,122037.0,-4317.0,4317.0
8094,2023,Q2,36061,New York County,nyc,Seasonal persistence,266211.0,261128.0,5083.0,5083.0
8094,2023,Q2,36063,Niagara County,upstate,Seasonal persistence,9501.0,12993.0,-3492.0,3492.0
8094,2023,Q2,36065,Oneida County,upstate,Seasonal persistence,26019.0,26647.0,-628.0,628.0
8094,2023,Q2,36067,Onondaga County,upstate,Seasonal persistence,53731.0,46170.0,7561.0,7561.0
8094,2023,Q2,36069,Ontario County,upstate,Seasonal persistence,16252.0,15908.0,344.0,344.0
8094,2023,Q2,36071,Orange County,upstate,Seasonal persistence,38857.0,37972.0,885.0,885.0
8094,2023,Q2,36075,Oswego County,upstate,Seasonal persistence,6153.0,5971.0,182.0,182.0
8094,2023,Q2,36077,Otsego County,upstate,Seasonal persistence,9427.0,8772.0,655.0,655.0
8094,2023,Q2,36079,Putnam County,upstate,Seasonal persistence,5316.0,5106.0,210.0,210.0
8094,2023,Q2,36081,Queens County,nyc,Seasonal persistence,158405.0,172078.0,-13673.0,13673.0
8094,2023,Q2,36083,Rensselaer County,upstate,Seasonal persistence,11352.0,11637.0,-285.0,285.0
8094,2023,Q2,36085,Richmond County,nyc,Seasonal persistence,36101.0,13860.0,22241.0,22241.0
8094,2023,Q2,36087,Rockland County,downstate_non_nyc,Seasonal persistence,22270.0,21981.0,289.0,289.0
8094,2023,Q2,36089,St. Lawrence County,upstate,Seasonal persistence,13285.0,17014.0,-3729.0,3729.0
8094,2023,Q2,36091,Saratoga County,upstate,Seasonal persistence,9730.0,9872.0,-142.0,142.0
8094,2023,Q2,36093,Schenectady County,upstate,Seasonal persistence,10815.0,11769.0,-954.0,954.0
8094,2023,Q2,36095,Schoharie County,upstate,Seasonal persistence,2929.0,2781.0,148.0,148.0
8094,2023,Q2,36097,Schuyler County,upstate,Seasonal persistence,1914.0,2019.0,-105.0,105.0
8094,2023,Q2,36101,Steuben County,upstate,Seasonal persistence,11452.0,11167.0,285.0,285.0
8094,2023,Q2,36103,Suffolk County,downstate_non_nyc,Seasonal persistence,111726.0,135381.0,-23655.0,23655.0
8094,2023,Q2,36105,Sullivan County,upstate,Seasonal persistence,7498.0,7475.0,23.0,23.0
8094,2023,Q2,36109,Tompkins County,upstate,Seasonal persistence,8284.0,8152.0,132.0,132.0
8094,2023,Q2,36111,Ulster County,upstate,Seasonal persistence,7578.0,7608.0,-30.0,30.0
8094,2023,Q2,36113,Warren County,upstate,Seasonal persistence,10725.0,11128.0,-403.0,403.0
8094,2023,Q2,36117,Wayne County,upstate,Seasonal persistence,5721.0,5814.0,-93.0,93.0
8094,2023,Q2,36119,Westchester County,downstate_non_nyc,Seasonal persistence,95263.0,88218.0,7045.0,7045.0
8094,2023,Q2,36121,Wyoming County,upstate,Seasonal persistence,3430.0,3339.0,91.0,91.0
8094,2023,Q2,36123,Yates County,upstate,Seasonal persistence,1981.0,1961.0,20.0,20.0
8094,2023,Q2,36001,Albany County,upstate,Ridge — level,41022.0,40084.33879018532,937.6612098146798,937.6612098146798
8094,2023,Q2,36003,Allegany County,upstate,Ridge — level,5858.0,6186.295958360741,-328.29595836074077,328.29595836074077
8094,2023,Q2,36005,Bronx County,nyc,Ridge — level,187349.0,182574.76835487763,4774.231645122374,4774.231645122374
8094,2023,Q2,36007,Broome County,upstate,Ridge — level,24431.0,24497.245591774015,-66.24559177401534,66.24559177401534
8094,2023,Q2,36009,Cattaraugus County,upstate,Ridge — level,6590.0,6450.1679874518595,139.83201254814048,139.83201254814048
8094,2023,Q2,36011,Cayuga County,upstate,Ridge — level,5772.0,5799.888901240836,-27.888901240836276,27.888901240836276
8094,2023,Q2,36013,Chautauqua County,upstate,Ridge — level,14119.0,15108.775201936423,-989.7752019364234,989.7752019364234
8094,2023,Q2,36015,Chemung County,upstate,Ridge — level,8375.0,9523.398074249162,-1148.3980742491622,1148.3980742491622
8094,2023,Q2,36017,Chenango County,upstate,Ridge — level,4449.0,3178.8289282831647,1270.1710717168353,1270.1710717168353
8094,2023,Q2,36019,Clinton County,upstate,Ridge — level,8601.0,6536.681507755966,2064.318492244034,2064.318492244034
8094,2023,Q2,36021,Columbia County,upstate,Ridge — level,5592.0,5283.744201842463,308.25579815753736,308.25579815753736
8094,2023,Q2,36023,Cortland County,upstate,Ridge — level,6195.0,6260.533273102639,-65.53327310263921,65.53327310263921
8094,2023,Q2,36025,Delaware County,upstate,Ridge — level,4341.0,7594.340809284142,-3253.340809284142,3253.340809284142
8094,2023,Q2,36027,Dutchess County,upstate,Ridge — level,29263.0,28555.754960835846,707.2450391641542,707.2450391641542
8094,2023,Q2,36029,Erie County,upstate,Ridge — level,91629.0,89056.31353927105,2572.6864607289463,2572.6864607289463
8094,2023,Q2,36031,Essex County,upstate,Ridge — level,3599.0,3738.936323929989,-139.93632392998916,139.93632392998916
8094,2023,Q2,36033,Franklin County,upstate,Ridge — level,6386.0,7630.502875256134,-1244.5028752561338,1244.5028752561338
8094,2023,Q2,36035,Fulton County,upstate,Ridge — level,5189.0,3817.8414676093416,1371.1585323906584,1371.1585323906584
8094,2023,Q2,36037,Genesee County,upstate,Ridge — level,5951.0,5188.667438692108,762.3325613078923,762.3325613078923
8094,2023,Q2,36045,Jefferson County,upstate,Ridge — level,14655.0,13761.682705458203,893.3172945417973,893.3172945417973
8094,2023,Q2,36047,Kings County,nyc,Ridge — level,213330.0,211001.21872262322,2328.78127737678,2328.78127737678
8094,2023,Q2,36049,Lewis County,upstate,Ridge — level,2747.0,1233.878865576,1513.121134424,1513.121134424
8094,2023,Q2,36051,Livingston County,upstate,Ridge — level,3691.0,4456.601328143948,-765.6013281439482,765.6013281439482
8094,2023,Q2,36053,Madison County,upstate,Ridge — level,8818.0,6827.602601496044,1990.3973985039556,1990.3973985039556
8094,2023,Q2,36055,Monroe County,upstate,Ridge — level,74846.0,72116.80484802424,2729.1951519757567,2729.1951519757567
8094,2023,Q2,36057,Montgomery County,upstate,Ridge — level,11871.0,11299.259421208571,571.7405787914286,571.7405787914286
8094,2023,Q2,36059,Nassau County,downstate_non_nyc,Ridge — level,117720.0,116060.01430277043,1659.9856972295674,1659.9856972295674
8094,2023,Q2,36061,New York County,nyc,Ridge — level,266211.0,259012.72464153147,7198.275358468527,7198.275358468527
8094,2023,Q2,36063,Niagara County,upstate,Ridge — level,9501.0,16748.861734226186,-7247.861734226186,7247.861734226186
8094,2023,Q2,36065,Oneida County,upstate,Ridge — level,26019.0,26022.18352093832,-3.1835209383207257,3.1835209383207257
8094,2023,Q2,36067,Onondaga County,upstate,Ridge — level,53731.0,47838.64026137443,5892.3597386255715,5892.3597386255715
8094,2023,Q2,36069,Ontario County,upstate,Ridge — level,16252.0,15450.444819517823,801.5551804821771,801.5551804821771
8094,2023,Q2,36071,Orange County,upstate,Ridge — level,38857.0,37425.202543951265,1431.7974560487346,1431.7974560487346
8094,2023,Q2,36075,Oswego County,upstate,Ridge — level,6153.0,7563.116664976373,-1410.1166649763727,1410.1166649763727
8094,2023,Q2,36077,Otsego County,upstate,Ridge — level,9427.0,9610.969854541552,-183.9698545415522,183.9698545415522
8094,2023,Q2,36079,Putnam County,upstate,Ridge — level,5316.0,5192.503787081809,123.4962129181913,123.4962129181913
8094,2023,Q2,36081,Queens County,nyc,Ridge — level,158405.0,163401.51732005284,-4996.517320052837,4996.517320052837
8094,2023,Q2,36083,Rensselaer County,upstate,Ridge — level,11352.0,10721.39295416262,630.6070458373797,630.6070458373797
8094,2023,Q2,36085,Richmond County,nyc,Ridge — level,36101.0,32883.48796766312,3217.512032336883,3217.512032336883
8094,2023,Q2,36087,Rockland County,downstate_non_nyc,Ridge — level,22270.0,21222.93948658347,1047.0605134165307,1047.0605134165307
8094,2023,Q2,36089,St. Lawrence County,upstate,Ridge — level,13285.0,16699.287253819333,-3414.2872538193333,3414.2872538193333
8094,2023,Q2,36091,Saratoga County,upstate,Ridge — level,9730.0,9150.061781585013,579.9382184149872,579.9382184149872
8094,2023,Q2,36093,Schenectady County,upstate,Ridge — level,10815.0,13021.978150534364,-2206.9781505343635,2206.9781505343635
8094,2023,Q2,36095,Schoharie County,upstate,Ridge — level,2929.0,2376.7484790287417,552.2515209712583,552.2515209712583
8094,2023,Q2,36097,Schuyler County,upstate,Ridge — level,1914.0,2097.4840530092733,-183.48405300927334,183.48405300927334
8094,2023,Q2,36101,Steuben County,upstate,Ridge — level,11452.0,12762.027618553093,-1310.027618553093,1310.027618553093
8094,2023,Q2,36103,Suffolk County,downstate_non_nyc,Ridge — level,111726.0,116892.18618819394,-5166.18618819394,5166.18618819394
8094,2023,Q2,36105,Sullivan County,upstate,Ridge — level,7498.0,9237.124580737036,-1739.124580737036,1739.124580737036
8094,2023,Q2,36109,Tompkins County,upstate,Ridge — level,8284.0,11150.171471222813,-2866.171471222813,2866.171471222813
8094,2023,Q2,36111,Ulster County,upstate,Ridge — level,7578.0,9681.401123367217,-2103.401123367217,2103.401123367217
8094,2023,Q2,36113,Warren County,upstate,Ridge — level,10725.0,8993.11097278414,1731.8890272158606,1731.8890272158606
8094,2023,Q2,36117,Wayne County,upstate,Ridge — level,5721.0,5877.1465043363605,-156.14650433636052,156.14650433636052
8094,2023,Q2,36119,Westchester County,downstate_non_nyc,Ridge — level,95263.0,94351.97843557618,911.0215644238197,911.0215644238197
8094,2023,Q2,36121,Wyoming County,upstate,Ridge — level,3430.0,3688.373740021794,-258.3737400217942,258.3737400217942
8094,2023,Q2,36123,Yates County,upstate,Ridge — level,1981.0,1847.974526773447,133.025473226553,133.025473226553
8094,2023,Q2,36001,Albany County,upstate,Ridge — change from seasonal persistence,41022.0,41104.714766242214,-82.71476624221395,82.71476624221395
8094,2023,Q2,36003,Allegany County,upstate,Ridge — change from seasonal persistence,5858.0,6532.051667318996,-674.0516673189959,674.0516673189959
8094,2023,Q2,36005,Bronx County,nyc,Ridge — change from seasonal persistence,187349.0,184310.60713678354,3038.3928632164607,3038.3928632164607
8094,2023,Q2,36007,Broome County,upstate,Ridge — change from seasonal persistence,24431.0,25501.37483525344,-1070.3748352534385,1070.3748352534385
8094,2023,Q2,36009,Cattaraugus County,upstate,Ridge — change from seasonal persistence,6590.0,6602.566362429709,-12.566362429709443,12.566362429709443
8094,2023,Q2,36011,Cayuga County,upstate,Ridge — change from seasonal persistence,5772.0,6560.309341218298,-788.309341218298,788.309341218298
8094,2023,Q2,36013,Chautauqua County,upstate,Ridge — change from seasonal persistence,14119.0,15074.746797501499,-955.7467975014988,955.7467975014988
8094,2023,Q2,36015,Chemung County,upstate,Ridge — change from seasonal persistence,8375.0,10056.29086205909,-1681.2908620590897,1681.2908620590897
8094,2023,Q2,36017,Chenango County,upstate,Ridge — change from seasonal persistence,4449.0,3913.885473259893,535.1145267401071,535.1145267401071
8094,2023,Q2,36019,Clinton County,upstate,Ridge — change from seasonal persistence,8601.0,6682.6257607567095,1918.3742392432905,1918.3742392432905
8094,2023,Q2,36021,Columbia County,upstate,Ridge — change from seasonal persistence,5592.0,8264.027836270992,-2672.0278362709923,2672.0278362709923
8094,2023,Q2,36023,Cortland County,upstate,Ridge — change from seasonal persistence,6195.0,6608.770358489071,-413.77035848907144,413.77035848907144
8094,2023,Q2,36025,Delaware County,upstate,Ridge — change from seasonal persistence,4341.0,9146.568082034471,-4805.568082034471,4805.568082034471
8094,2023,Q2,36027,Dutchess County,upstate,Ridge — change from seasonal persistence,29263.0,31449.25615663259,-2186.2561566325894,2186.2561566325894
8094,2023,Q2,36029,Erie County,upstate,Ridge — change from seasonal persistence,91629.0,87734.83372941834,3894.166270581656,3894.166270581656
8094,2023,Q2,36031,Essex County,upstate,Ridge — change from seasonal persistence,3599.0,4362.590115843522,-763.5901158435217,763.5901158435217
8094,2023,Q2,36033,Franklin County,upstate,Ridge — change from seasonal persistence,6386.0,8057.875599472884,-1671.8755994728836,1671.8755994728836
8094,2023,Q2,36035,Fulton County,upstate,Ridge — change from seasonal persistence,5189.0,4763.809615040177,425.19038495982295,425.19038495982295
8094,2023,Q2,36037,Genesee County,upstate,Ridge — change from seasonal persistence,5951.0,6401.5344343201,-450.53443432010044,450.53443432010044
8094,2023,Q2,36045,Jefferson County,upstate,Ridge — change from seasonal persistence,14655.0,12931.969253522411,1723.0307464775888,1723.0307464775888
8094,2023,Q2,36047,Kings County,nyc,Ridge — change from seasonal persistence,213330.0,211259.94666073725,2070.053339262755,2070.053339262755
8094,2023,Q2,36049,Lewis County,upstate,Ridge — change from seasonal persistence,2747.0,1109.8973662944209,1637.1026337055791,1637.1026337055791
8094,2023,Q2,36051,Livingston County,upstate,Ridge — change from seasonal persistence,3691.0,6133.42083313271,-2442.42083313271,2442.42083313271
8094,2023,Q2,36053,Madison County,upstate,Ridge — change from seasonal persistence,8818.0,7078.1071605952175,1739.8928394047825,1739.8928394047825
8094,2023,Q2,36055,Monroe County,upstate,Ridge — change from seasonal persistence,74846.0,72166.19825143891,2679.801748561091,2679.801748561091
8094,2023,Q2,36057,Montgomery County,upstate,Ridge — change from seasonal persistence,11871.0,12723.539206578542,-852.5392065785418,852.5392065785418
8094,2023,Q2,36059,Nassau County,downstate_non_nyc,Ridge — change from seasonal persistence,117720.0,118346.62665837537,-626.626658375375,626.626658375375
8094,2023,Q2,36061,New York County,nyc,Ridge — change from seasonal persistence,266211.0,258827.86387371158,7383.136126288417,7383.136126288417
8094,2023,Q2,36063,Niagara County,upstate,Ridge — change from seasonal persistence,9501.0,16505.934955276327,-7004.934955276327,7004.934955276327
8094,2023,Q2,36065,Oneida County,upstate,Ridge — change from seasonal persistence,26019.0,26069.945299612576,-50.94529961257649,50.94529961257649
8094,2023,Q2,36067,Onondaga County,upstate,Ridge — change from seasonal persistence,53731.0,47916.026699591246,5814.973300408754,5814.973300408754
8094,2023,Q2,36069,Ontario County,upstate,Ridge — change from seasonal persistence,16252.0,16162.28884253446,89.71115746553915,89.71115746553915
8094,2023,Q2,36071,Orange County,upstate,Ridge — change from seasonal persistence,38857.0,38656.94539331893,200.05460668107116,200.05460668107116
8094,2023,Q2,36075,Oswego County,upstate,Ridge — change from seasonal persistence,6153.0,8139.946728625113,-1986.9467286251129,1986.9467286251129
8094,2023,Q2,36077,Otsego County,upstate,Ridge — change from seasonal persistence,9427.0,10505.373806446014,-1078.373806446014,1078.373806446014
8094,2023,Q2,36079,Putnam County,upstate,Ridge — change from seasonal persistence,5316.0,6014.545879553267,-698.5458795532668,698.5458795532668
8094,2023,Q2,36081,Queens County,nyc,Ridge — change from seasonal persistence,158405.0,164002.67078590978,-5597.6707859097805,5597.6707859097805
8094,2023,Q2,36083,Rensselaer County,upstate,Ridge — change from seasonal persistence,11352.0,11410.834971806911,-58.8349718069112,58.8349718069112
8094,2023,Q2,36085,Richmond County,nyc,Ridge — change from seasonal persistence,36101.0,33817.19290713526,2283.807092864743,2283.807092864743
8094,2023,Q2,36087,Rockland County,downstate_non_nyc,Ridge — change from seasonal persistence,22270.0,23944.256354210054,-1674.2563542100543,1674.2563542100543
8094,2023,Q2,36089,St. Lawrence County,upstate,Ridge — change from seasonal persistence,13285.0,16853.019834820618,-3568.0198348206177,3568.0198348206177
8094,2023,Q2,36091,Saratoga County,upstate,Ridge — change from seasonal persistence,9730.0,10193.394253617733,-463.39425361773283,463.39425361773283
8094,2023,Q2,36093,Schenectady County,upstate,Ridge — change from seasonal persistence,10815.0,13953.884666579137,-3138.884666579137,3138.884666579137
8094,2023,Q2,36095,Schoharie County,upstate,Ridge — change from seasonal persistence,2929.0,3506.2144518950736,-577.2144518950736,577.2144518950736
8094,2023,Q2,36097,Schuyler County,upstate,Ridge — change from seasonal persistence,1914.0,2827.0737920493198,-913.0737920493198,913.0737920493198
8094,2023,Q2,36101,Steuben County,upstate,Ridge — change from seasonal persistence,11452.0,12878.47582450994,-1426.4758245099401,1426.4758245099401
8094,2023,Q2,36103,Suffolk County,downstate_non_nyc,Ridge — change from seasonal persistence,111726.0,118636.55702596968,-6910.557025969683,6910.557025969683
8094,2023,Q2,36105,Sullivan County,upstate,Ridge — change from seasonal persistence,7498.0,10146.236374130905,-2648.2363741309055,2648.2363741309055
8094,2023,Q2,36109,Tompkins County,upstate,Ridge — change from seasonal persistence,8284.0,12375.778358580508,-4091.778358580508,4091.778358580508
8094,2023,Q2,36111,Ulster County,upstate,Ridge — change from seasonal persistence,7578.0,10746.01339662925,-3168.0133966292506,3168.0133966292506
8094,2023,Q2,36113,Warren County,upstate,Ridge — change from seasonal persistence,10725.0,9554.078044610813,1170.9219553891871,1170.9219553891871
8094,2023,Q2,36117,Wayne County,upstate,Ridge — change from seasonal persistence,5721.0,7903.957120667619,-2182.957120667619,2182.957120667619
8094,2023,Q2,36119,Westchester County,downstate_non_nyc,Ridge — change from seasonal persistence,95263.0,95907.98370127098,-644.9837012709759,644.9837012709759
8094,2023,Q2,36121,Wyoming County,upstate,Ridge — change from seasonal persistence,3430.0,3361.50169284402,68.49830715598,68.49830715598
8094,2023,Q2,36123,Yates County,upstate,Ridge — change from seasonal persistence,1981.0,2566.009823354728,-585.0098233547278,585.0098233547278
8094,2023,Q2,36001,Albany County,upstate,Random Forest — level,41022.0,37601.72548319274,3420.274516807258,3420.274516807258
8094,2023,Q2,36003,Allegany County,upstate,Random Forest — level,5858.0,4542.149870072193,1315.8501299278068,1315.8501299278068
8094,2023,Q2,36005,Bronx County,nyc,Random Forest — level,187349.0,184640.313238493,2708.6867615070078,2708.6867615070078
8094,2023,Q2,36007,Broome County,upstate,Random Forest — level,24431.0,23582.427192984826,848.5728070151745,848.5728070151745
8094,2023,Q2,36009,Cattaraugus County,upstate,Random Forest — level,6590.0,6220.051159349909,369.94884065009137,369.94884065009137
8094,2023,Q2,36011,Cayuga County,upstate,Random Forest — level,5772.0,5606.360936984036,165.63906301596398,165.63906301596398
8094,2023,Q2,36013,Chautauqua County,upstate,Random Forest — level,14119.0,12937.662373573796,1181.3376264262042,1181.3376264262042
8094,2023,Q2,36015,Chemung County,upstate,Random Forest — level,8375.0,8015.446176823182,359.5538231768178,359.5538231768178
8094,2023,Q2,36017,Chenango County,upstate,Random Forest — level,4449.0,3818.463483278429,630.5365167215709,630.5365167215709
8094,2023,Q2,36019,Clinton County,upstate,Random Forest — level,8601.0,7929.902229848855,671.0977701511447,671.0977701511447
8094,2023,Q2,36021,Columbia County,upstate,Random Forest — level,5592.0,5054.938250547928,537.061749452072,537.061749452072
8094,2023,Q2,36023,Cortland County,upstate,Random Forest — level,6195.0,5490.356561369729,704.6434386302708,704.6434386302708
8094,2023,Q2,36025,Delaware County,upstate,Random Forest — level,4341.0,4049.7809892052396,291.2190107947604,291.2190107947604
8094,2023,Q2,36027,Dutchess County,upstate,Random Forest — level,29263.0,28209.02496723548,1053.9750327645197,1053.9750327645197
8094,2023,Q2,36029,Erie County,upstate,Random Forest — level,91629.0,85120.19219596147,6508.80780403853,6508.80780403853
8094,2023,Q2,36031,Essex County,upstate,Random Forest — level,3599.0,3324.564599641101,274.4354003588992,274.4354003588992
8094,2023,Q2,36033,Franklin County,upstate,Random Forest — level,6386.0,5443.783526566512,942.2164734334883,942.2164734334883
8094,2023,Q2,36035,Fulton County,upstate,Random Forest — level,5189.0,4694.604561401563,494.39543859843707,494.39543859843707
8094,2023,Q2,36037,Genesee County,upstate,Random Forest — level,5951.0,5343.214248251747,607.7857517482526,607.7857517482526
8094,2023,Q2,36045,Jefferson County,upstate,Random Forest — level,14655.0,12314.105798123188,2340.894201876812,2340.894201876812
8094,2023,Q2,36047,Kings County,nyc,Random Forest — level,213330.0,203701.3723496963,9628.627650303708,9628.627650303708
8094,2023,Q2,36049,Lewis County,upstate,Random Forest — level,2747.0,2678.636844741044,68.36315525895589,68.36315525895589
8094,2023,Q2,36051,Livingston County,upstate,Random Forest — level,3691.0,3278.5632829278547,412.43671707214526,412.43671707214526
8094,2023,Q2,36053,Madison County,upstate,Random Forest — level,8818.0,8315.610632321383,502.3893676786174,502.3893676786174
8094,2023,Q2,36055,Monroe County,upstate,Random Forest — level,74846.0,76422.57174377092,-1576.5717437709245,1576.5717437709245
8094,2023,Q2,36057,Montgomery County,upstate,Random Forest — level,11871.0,10160.17951079939,1710.8204892006106,1710.8204892006106
8094,2023,Q2,36059,Nassau County,downstate_non_nyc,Random Forest — level,117720.0,114794.30688053141,2925.6931194685894,2925.6931194685894
8094,2023,Q2,36061,New York County,nyc,Random Forest — level,266211.0,258217.6109137479,7993.3890862521075,7993.3890862521075
8094,2023,Q2,36063,Niagara County,upstate,Random Forest — level,9501.0,9943.474572367431,-442.4745723674314,442.4745723674314
8094,2023,Q2,36065,Oneida County,upstate,Random Forest — level,26019.0,25307.161339577073,711.8386604229272,711.8386604229272
8094,2023,Q2,36067,Onondaga County,upstate,Random Forest — level,53731.0,47005.07733200135,6725.922667998653,6725.922667998653
8094,2023,Q2,36069,Ontario County,upstate,Random Forest — level,16252.0,14439.852417686348,1812.1475823136516,1812.1475823136516
8094,2023,Q2,36071,Orange County,upstate,Random Forest — level,38857.0,35487.235183487806,3369.7648165121936,3369.7648165121936
8094,2023,Q2,36075,Oswego County,upstate,Random Forest — level,6153.0,5690.851214146962,462.14878585303813,462.14878585303813
8094,2023,Q2,36077,Otsego County,upstate,Random Forest — level,9427.0,8373.797746124239,1053.202253875761,1053.202253875761
8094,2023,Q2,36079,Putnam County,upstate,Random Forest — level,5316.0,4943.980181559185,372.01981844081456,372.01981844081456
8094,2023,Q2,36081,Queens County,nyc,Random Forest — level,158405.0,175420.24434360076,-17015.24434360076,17015.24434360076
8094,2023,Q2,36083,Rensselaer County,upstate,Random Forest — level,11352.0,11362.325577610303,-10.325577610303299,10.325577610303299
8094,2023,Q2,36085,Richmond County,nyc,Random Forest — level,36101.0,32561.974323153674,3539.025676846326,3539.025676846326
8094,2023,Q2,36087,Rockland County,downstate_non_nyc,Random Forest — level,22270.0,22123.35940276118,146.6405972388202,146.6405972388202
8094,2023,Q2,36089,St. Lawrence County,upstate,Random Forest — level,13285.0,13116.185926511867,168.81407348813264,168.81407348813264
8094,2023,Q2,36091,Saratoga County,upstate,Random Forest — level,9730.0,9059.87037999037,670.1296200096294,670.1296200096294
8094,2023,Q2,36093,Schenectady County,upstate,Random Forest — level,10815.0,10822.108872743,-7.108872742999665,7.108872742999665
8094,2023,Q2,36095,Schoharie County,upstate,Random Forest — level,2929.0,2793.279485313705,135.7205146862948,135.7205146862948
8094,2023,Q2,36097,Schuyler County,upstate,Random Forest — level,1914.0,1841.5701007418502,72.42989925814982,72.42989925814982
8094,2023,Q2,36101,Steuben County,upstate,Random Forest — level,11452.0,10732.220753309324,719.7792466906758,719.7792466906758
8094,2023,Q2,36103,Suffolk County,downstate_non_nyc,Random Forest — level,111726.0,121457.40963373192,-9731.40963373192,9731.40963373192
8094,2023,Q2,36105,Sullivan County,upstate,Random Forest — level,7498.0,7486.966958448955,11.033041551045244,11.033041551045244
8094,2023,Q2,36109,Tompkins County,upstate,Random Forest — level,8284.0,7785.767711363528,498.2322886364718,498.2322886364718
8094,2023,Q2,36111,Ulster County,upstate,Random Forest — level,7578.0,7089.575012385763,488.42498761423667,488.42498761423667
8094,2023,Q2,36113,Warren County,upstate,Random Forest — level,10725.0,10230.372208854253,494.6277911457473,494.6277911457473
8094,2023,Q2,36117,Wayne County,upstate,Random Forest — level,5721.0,5332.669177082174,388.33082291782557,388.33082291782557
8094,2023,Q2,36119,Westchester County,downstate_non_nyc,Random Forest — level,95263.0,94057.7727530386,1205.2272469613963,1205.2272469613963
8094,2023,Q2,36121,Wyoming County,upstate,Random Forest — level,3430.0,3204.414742903066,225.58525709693413,225.58525709693413
8094,2023,Q2,36123,Yates County,upstate,Random Forest — level,1981.0,1741.2769662420906,239.72303375790943,239.72303375790943
8094,2023,Q2,36001,Albany County,upstate,Random Forest — change from seasonal persistence,41022.0,38826.89330624468,2195.1066937553187,2195.1066937553187
8094,2023,Q2,36003,Allegany County,upstate,Random Forest — change from seasonal persistence,5858.0,3951.2361045495895,1906.7638954504105,1906.7638954504105
8094,2023,Q2,36005,Bronx County,nyc,Random Forest — change from seasonal persistence,187349.0,191731.286264995,-4382.286264994997,4382.286264994997
8094,2023,Q2,36007,Broome County,upstate,Random Forest — change from seasonal persistence,24431.0,24933.780158532645,-502.78015853264515,502.78015853264515
8094,2023,Q2,36009,Cattaraugus County,upstate,Random Forest — change from seasonal persistence,6590.0,6758.043665463078,-168.04366546307756,168.04366546307756
8094,2023,Q2,36011,Cayuga County,upstate,Random Forest — change from seasonal persistence,5772.0,5766.897975390838,5.102024609162072,5.102024609162072
8094,2023,Q2,36013,Chautauqua County,upstate,Random Forest — change from seasonal persistence,14119.0,14343.673075474635,-224.67307547463497,224.67307547463497
8094,2023,Q2,36015,Chemung County,upstate,Random Forest — change from seasonal persistence,8375.0,8486.86945034595,-111.8694503459501,111.8694503459501
8094,2023,Q2,36017,Chenango County,upstate,Random Forest — change from seasonal persistence,4449.0,3948.234276778777,500.7657232212232,500.7657232212232
8094,2023,Q2,36019,Clinton County,upstate,Random Forest — change from seasonal persistence,8601.0,7726.005863489523,874.9941365104769,874.9941365104769
8094,2023,Q2,36021,Columbia County,upstate,Random Forest — change from seasonal persistence,5592.0,5457.5798444306665,134.42015556933347,134.42015556933347
8094,2023,Q2,36023,Cortland County,upstate,Random Forest — change from seasonal persistence,6195.0,6084.7676969223585,110.23230307764152,110.23230307764152
8094,2023,Q2,36025,Delaware County,upstate,Random Forest — change from seasonal persistence,4341.0,4135.46385477023,205.53614522977023,205.53614522977023
8094,2023,Q2,36027,Dutchess County,upstate,Random Forest — change from seasonal persistence,29263.0,29726.74295855071,-463.74295855070886,463.74295855070886
8094,2023,Q2,36029,Erie County,upstate,Random Forest — change from seasonal persistence,91629.0,88994.65986903837,2634.340130961631,2634.340130961631
8094,2023,Q2,36031,Essex County,upstate,Random Forest — change from seasonal persistence,3599.0,3784.7069804547305,-185.70698045473046,185.70698045473046
8094,2023,Q2,36033,Franklin County,upstate,Random Forest — change from seasonal persistence,6386.0,6022.406128883787,363.59387111621345,363.59387111621345
8094,2023,Q2,36035,Fulton County,upstate,Random Forest — change from seasonal persistence,5189.0,4890.6830150046035,298.3169849953965,298.3169849953965
8094,2023,Q2,36037,Genesee County,upstate,Random Forest — change from seasonal persistence,5951.0,5321.832830453903,629.1671695460973,629.1671695460973
8094,2023,Q2,36045,Jefferson County,upstate,Random Forest — change from seasonal persistence,14655.0,11899.171561651312,2755.828438348688,2755.828438348688
8094,2023,Q2,36047,Kings County,nyc,Random Forest — change from seasonal persistence,213330.0,215831.94290192754,-2501.9429019275412,2501.9429019275412
8094,2023,Q2,36049,Lewis County,upstate,Random Forest — change from seasonal persistence,2747.0,2852.188395185969,-105.18839518596906,105.18839518596906
8094,2023,Q2,36051,Livingston County,upstate,Random Forest — change from seasonal persistence,3691.0,3626.390514455316,64.60948554468405,64.60948554468405
8094,2023,Q2,36053,Madison County,upstate,Random Forest — change from seasonal persistence,8818.0,8715.30988489751,102.69011510249038,102.69011510249038
8094,2023,Q2,36055,Monroe County,upstate,Random Forest — change from seasonal persistence,74846.0,76033.70888345914,-1187.7088834591414,1187.7088834591414
8094,2023,Q2,36057,Montgomery County,upstate,Random Forest — change from seasonal persistence,11871.0,10408.17561032486,1462.8243896751392,1462.8243896751392
8094,2023,Q2,36059,Nassau County,downstate_non_nyc,Random Forest — change from seasonal persistence,117720.0,100926.73670273708,16793.26329726292,16793.26329726292
8094,2023,Q2,36061,New York County,nyc,Random Forest — change from seasonal persistence,266211.0,262498.42150630336,3712.5784936966375,3712.5784936966375
8094,2023,Q2,36063,Niagara County,upstate,Random Forest — change from seasonal persistence,9501.0,11895.514216047843,-2394.5142160478426,2394.5142160478426
8094,2023,Q2,36065,Oneida County,upstate,Random Forest — change from seasonal persistence,26019.0,25970.009661574535,48.99033842546487,48.99033842546487
8094,2023,Q2,36067,Onondaga County,upstate,Random Forest — change from seasonal persistence,53731.0,46135.380481467604,7595.619518532396,7595.619518532396
8094,2023,Q2,36069,Ontario County,upstate,Random Forest — change from seasonal persistence,16252.0,17133.10848305885,-881.1084830588516,881.1084830588516
8094,2023,Q2,36071,Orange County,upstate,Random Forest — change from seasonal persistence,38857.0,38280.21166021479,576.7883397852129,576.7883397852129
8094,2023,Q2,36075,Oswego County,upstate,Random Forest — change from seasonal persistence,6153.0,5657.2769461729795,495.7230538270205,495.7230538270205
8094,2023,Q2,36077,Otsego County,upstate,Random Forest — change from seasonal persistence,9427.0,8235.588457986458,1191.4115420135422,1191.4115420135422
8094,2023,Q2,36079,Putnam County,upstate,Random Forest — change from seasonal persistence,5316.0,5194.410204180079,121.58979581992116,121.58979581992116
8094,2023,Q2,36081,Queens County,nyc,Random Forest — change from seasonal persistence,158405.0,184409.96802730602,-26004.968027306022,26004.968027306022
8094,2023,Q2,36083,Rensselaer County,upstate,Random Forest — change from seasonal persistence,11352.0,11301.407558890183,50.59244110981672,50.59244110981672
8094,2023,Q2,36085,Richmond County,nyc,Random Forest — change from seasonal persistence,36101.0,15937.624154900655,20163.375845099345,20163.375845099345
8094,2023,Q2,36087,Rockland County,downstate_non_nyc,Random Forest — change from seasonal persistence,22270.0,23074.446300638087,-804.4463006380865,804.4463006380865
8094,2023,Q2,36089,St. Lawrence County,upstate,Random Forest — change from seasonal persistence,13285.0,16281.498536366411,-2996.498536366411,2996.498536366411
8094,2023,Q2,36091,Saratoga County,upstate,Random Forest — change from seasonal persistence,9730.0,10504.503471542073,-774.5034715420734,774.5034715420734
8094,2023,Q2,36093,Schenectady County,upstate,Random Forest — change from seasonal persistence,10815.0,10810.308625062302,4.691374937698129,4.691374937698129
8094,2023,Q2,36095,Schoharie County,upstate,Random Forest — change from seasonal persistence,2929.0,2976.1502840748576,-47.15028407485761,47.15028407485761
8094,2023,Q2,36097,Schuyler County,upstate,Random Forest — change from seasonal persistence,1914.0,2180.9192862512873,-266.9192862512873,266.9192862512873
8094,2023,Q2,36101,Steuben County,upstate,Random Forest — change from seasonal persistence,11452.0,10898.61565466478,553.3843453352201,553.3843453352201
8094,2023,Q2,36103,Suffolk County,downstate_non_nyc,Random Forest — change from seasonal persistence,111726.0,120493.22181774706,-8767.221817747064,8767.221817747064
8094,2023,Q2,36105,Sullivan County,upstate,Random Forest — change from seasonal persistence,7498.0,7332.999205109705,165.00079489029486,165.00079489029486
8094,2023,Q2,36109,Tompkins County,upstate,Random Forest — change from seasonal persistence,8284.0,8363.736631683132,-79.73663168313215,79.73663168313215
8094,2023,Q2,36111,Ulster County,upstate,Random Forest — change from seasonal persistence,7578.0,7007.7491641744045,570.2508358255955,570.2508358255955
8094,2023,Q2,36113,Warren County,upstate,Random Forest — change from seasonal persistence,10725.0,10558.446135381504,166.55386461849594,166.55386461849594
8094,2023,Q2,36117,Wayne County,upstate,Random Forest — change from seasonal persistence,5721.0,5783.080593468666,-62.08059346866594,62.08059346866594
8094,2023,Q2,36119,Westchester County,downstate_non_nyc,Random Forest — change from seasonal persistence,95263.0,101329.91823234173,-6066.9182323417335,6066.9182323417335
8094,2023,Q2,36121,Wyoming County,upstate,Random Forest — change from seasonal persistence,3430.0,3473.9670123117626,-43.96701231176257,43.96701231176257
8094,2023,Q2,36123,Yates County,upstate,Random Forest — change from seasonal persistence,1981.0,2121.2591003168513,-140.25910031685135,140.25910031685135
8094,2023,Q2,36001,Albany County,upstate,XGBoost — level,41022.0,38028.15234375,2993.84765625,2993.84765625
8094,2023,Q2,36003,Allegany County,upstate,XGBoost — level,5858.0,4604.248046875,1253.751953125,1253.751953125
8094,2023,Q2,36005,Bronx County,nyc,XGBoost — level,187349.0,194500.96875,-7151.96875,7151.96875
8094,2023,Q2,36007,Broome County,upstate,XGBoost — level,24431.0,24479.0234375,-48.0234375,48.0234375
8094,2023,Q2,36009,Cattaraugus County,upstate,XGBoost — level,6590.0,6206.29541015625,383.70458984375,383.70458984375
8094,2023,Q2,36011,Cayuga County,upstate,XGBoost — level,5772.0,5778.15185546875,-6.15185546875,6.15185546875
8094,2023,Q2,36013,Chautauqua County,upstate,XGBoost — level,14119.0,12928.41015625,1190.58984375,1190.58984375
8094,2023,Q2,36015,Chemung County,upstate,XGBoost — level,8375.0,8402.7099609375,-27.7099609375,27.7099609375
8094,2023,Q2,36017,Chenango County,upstate,XGBoost — level,4449.0,3964.495361328125,484.504638671875,484.504638671875
8094,2023,Q2,36019,Clinton County,upstate,XGBoost — level,8601.0,7526.7958984375,1074.2041015625,1074.2041015625
8094,2023,Q2,36021,Columbia County,upstate,XGBoost — level,5592.0,5181.455078125,410.544921875,410.544921875
8094,2023,Q2,36023,Cortland County,upstate,XGBoost — level,6195.0,5303.00537109375,891.99462890625,891.99462890625
8094,2023,Q2,36025,Delaware County,upstate,XGBoost — level,4341.0,4347.78271484375,-6.78271484375,6.78271484375
8094,2023,Q2,36027,Dutchess County,upstate,XGBoost — level,29263.0,27900.892578125,1362.107421875,1362.107421875
8094,2023,Q2,36029,Erie County,upstate,XGBoost — level,91629.0,89409.015625,2219.984375,2219.984375
8094,2023,Q2,36031,Essex County,upstate,XGBoost — level,3599.0,2716.2001953125,882.7998046875,882.7998046875
8094,2023,Q2,36033,Franklin County,upstate,XGBoost — level,6386.0,5478.20263671875,907.79736328125,907.79736328125
8094,2023,Q2,36035,Fulton County,upstate,XGBoost — level,5189.0,5020.89697265625,168.10302734375,168.10302734375
8094,2023,Q2,36037,Genesee County,upstate,XGBoost — level,5951.0,5533.6865234375,417.3134765625,417.3134765625
8094,2023,Q2,36045,Jefferson County,upstate,XGBoost — level,14655.0,12178.4873046875,2476.5126953125,2476.5126953125
8094,2023,Q2,36047,Kings County,nyc,XGBoost — level,213330.0,205084.6875,8245.3125,8245.3125
8094,2023,Q2,36049,Lewis County,upstate,XGBoost — level,2747.0,2882.05859375,-135.05859375,135.05859375
8094,2023,Q2,36051,Livingston County,upstate,XGBoost — level,3691.0,3533.494873046875,157.505126953125,157.505126953125
8094,2023,Q2,36053,Madison County,upstate,XGBoost — level,8818.0,8290.763671875,527.236328125,527.236328125
8094,2023,Q2,36055,Monroe County,upstate,XGBoost — level,74846.0,78276.8046875,-3430.8046875,3430.8046875
8094,2023,Q2,36057,Montgomery County,upstate,XGBoost — level,11871.0,10618.5224609375,1252.4775390625,1252.4775390625
8094,2023,Q2,36059,Nassau County,downstate_non_nyc,XGBoost — level,117720.0,109413.6484375,8306.3515625,8306.3515625
8094,2023,Q2,36061,New York County,nyc,XGBoost — level,266211.0,266428.75,-217.75,217.75
8094,2023,Q2,36063,Niagara County,upstate,XGBoost — level,9501.0,10367.6181640625,-866.6181640625,866.6181640625
8094,2023,Q2,36065,Oneida County,upstate,XGBoost — level,26019.0,26115.77734375,-96.77734375,96.77734375
8094,2023,Q2,36067,Onondaga County,upstate,XGBoost — level,53731.0,47174.5859375,6556.4140625,6556.4140625
8094,2023,Q2,36069,Ontario County,upstate,XGBoost — level,16252.0,15382.3037109375,869.6962890625,869.6962890625
8094,2023,Q2,36071,Orange County,upstate,XGBoost — level,38857.0,35210.45703125,3646.54296875,3646.54296875
8094,2023,Q2,36075,Oswego County,upstate,XGBoost — level,6153.0,5853.68212890625,299.31787109375,299.31787109375
8094,2023,Q2,36077,Otsego County,upstate,XGBoost — level,9427.0,8324.7041015625,1102.2958984375,1102.2958984375
8094,2023,Q2,36079,Putnam County,upstate,XGBoost — level,5316.0,4639.83447265625,676.16552734375,676.16552734375
8094,2023,Q2,36081,Queens County,nyc,XGBoost — level,158405.0,168844.984375,-10439.984375,10439.984375
8094,2023,Q2,36083,Rensselaer County,upstate,XGBoost — level,11352.0,11589.42578125,-237.42578125,237.42578125
8094,2023,Q2,36085,Richmond County,nyc,XGBoost — level,36101.0,37793.5625,-1692.5625,1692.5625
8094,2023,Q2,36087,Rockland County,downstate_non_nyc,XGBoost — level,22270.0,23827.759765625,-1557.759765625,1557.759765625
8094,2023,Q2,36089,St. Lawrence County,upstate,XGBoost — level,13285.0,12257.767578125,1027.232421875,1027.232421875
8094,2023,Q2,36091,Saratoga County,upstate,XGBoost — level,9730.0,9386.3232421875,343.6767578125,343.6767578125
8094,2023,Q2,36093,Schenectady County,upstate,XGBoost — level,10815.0,11315.2392578125,-500.2392578125,500.2392578125
8094,2023,Q2,36095,Schoharie County,upstate,XGBoost — level,2929.0,2699.79052734375,229.20947265625,229.20947265625
8094,2023,Q2,36097,Schuyler County,upstate,XGBoost — level,1914.0,1958.04931640625,-44.04931640625,44.04931640625
8094,2023,Q2,36101,Steuben County,upstate,XGBoost — level,11452.0,11048.1943359375,403.8056640625,403.8056640625
8094,2023,Q2,36103,Suffolk County,downstate_non_nyc,XGBoost — level,111726.0,112267.21875,-541.21875,541.21875
8094,2023,Q2,36105,Sullivan County,upstate,XGBoost — level,7498.0,6804.6455078125,693.3544921875,693.3544921875
8094,2023,Q2,36109,Tompkins County,upstate,XGBoost — level,8284.0,8175.60400390625,108.39599609375,108.39599609375
8094,2023,Q2,36111,Ulster County,upstate,XGBoost — level,7578.0,7105.3525390625,472.6474609375,472.6474609375
8094,2023,Q2,36113,Warren County,upstate,XGBoost — level,10725.0,10156.2666015625,568.7333984375,568.7333984375
8094,2023,Q2,36117,Wayne County,upstate,XGBoost — level,5721.0,5565.24755859375,155.75244140625,155.75244140625
8094,2023,Q2,36119,Westchester County,downstate_non_nyc,XGBoost — level,95263.0,92649.6796875,2613.3203125,2613.3203125
8094,2023,Q2,36121,Wyoming County,upstate,XGBoost — level,3430.0,3011.350341796875,418.649658203125,418.649658203125
8094,2023,Q2,36123,Yates County,upstate,XGBoost — level,1981.0,1922.66650390625,58.33349609375,58.33349609375
8094,2023,Q2,36001,Albany County,upstate,XGBoost — change from seasonal persistence,41022.0,43779.7744140625,-2757.7744140625,2757.7744140625
8094,2023,Q2,36003,Allegany County,upstate,XGBoost — change from seasonal persistence,5858.0,3830.2752075195312,2027.7247924804688,2027.7247924804688
8094,2023,Q2,36005,Bronx County,nyc,XGBoost — change from seasonal persistence,187349.0,200170.4609375,-12821.4609375,12821.4609375
8094,2023,Q2,36007,Broome County,upstate,XGBoost — change from seasonal persistence,24431.0,25109.433837890625,-678.433837890625,678.433837890625
8094,2023,Q2,36009,Cattaraugus County,upstate,XGBoost — change from seasonal persistence,6590.0,7105.750061035156,-515.7500610351562,515.7500610351562
8094,2023,Q2,36011,Cayuga County,upstate,XGBoost — change from seasonal persistence,5772.0,5909.340606689453,-137.34060668945312,137.34060668945312
8094,2023,Q2,36013,Chautauqua County,upstate,XGBoost — change from seasonal persistence,14119.0,14256.732192993164,-137.73219299316406,137.73219299316406
8094,2023,Q2,36015,Chemung County,upstate,XGBoost — change from seasonal persistence,8375.0,8524.97135925293,-149.9713592529297,149.9713592529297
8094,2023,Q2,36017,Chenango County,upstate,XGBoost — change from seasonal persistence,4449.0,4294.509979248047,154.49002075195312,154.49002075195312
8094,2023,Q2,36019,Clinton County,upstate,XGBoost — change from seasonal persistence,8601.0,7677.523971557617,923.4760284423828,923.4760284423828
8094,2023,Q2,36021,Columbia County,upstate,XGBoost — change from seasonal persistence,5592.0,5603.238540649414,-11.238540649414062,11.238540649414062
8094,2023,Q2,36023,Cortland County,upstate,XGBoost — change from seasonal persistence,6195.0,6175.1885986328125,19.8114013671875,19.8114013671875
8094,2023,Q2,36025,Delaware County,upstate,XGBoost — change from seasonal persistence,4341.0,4014.252212524414,326.74778747558594,326.74778747558594
8094,2023,Q2,36027,Dutchess County,upstate,XGBoost — change from seasonal persistence,29263.0,32034.68701171875,-2771.68701171875,2771.68701171875
8094,2023,Q2,36029,Erie County,upstate,XGBoost — change from seasonal persistence,91629.0,92908.830078125,-1279.830078125,1279.830078125
8094,2023,Q2,36031,Essex County,upstate,XGBoost — change from seasonal persistence,3599.0,3718.9518432617188,-119.95184326171875,119.95184326171875
8094,2023,Q2,36033,Franklin County,upstate,XGBoost — change from seasonal persistence,6386.0,6331.101013183594,54.89898681640625,54.89898681640625
8094,2023,Q2,36035,Fulton County,upstate,XGBoost — change from seasonal persistence,5189.0,4815.743453979492,373.2565460205078,373.2565460205078
8094,2023,Q2,36037,Genesee County,upstate,XGBoost — change from seasonal persistence,5951.0,5332.3760986328125,618.6239013671875,618.6239013671875
8094,2023,Q2,36045,Jefferson County,upstate,XGBoost — change from seasonal persistence,14655.0,12017.286922454834,2637.713077545166,2637.713077545166
8094,2023,Q2,36047,Kings County,nyc,XGBoost — change from seasonal persistence,213330.0,222479.8564453125,-9149.8564453125,9149.8564453125
8094,2023,Q2,36049,Lewis County,upstate,XGBoost — change from seasonal persistence,2747.0,3244.760009765625,-497.760009765625,497.760009765625
8094,2023,Q2,36051,Livingston County,upstate,XGBoost — change from seasonal persistence,3691.0,3812.714630126953,-121.71463012695312,121.71463012695312
8094,2023,Q2,36053,Madison County,upstate,XGBoost — change from seasonal persistence,8818.0,8477.123992919922,340.8760070800781,340.8760070800781
8094,2023,Q2,36055,Monroe County,upstate,XGBoost — change from seasonal persistence,74846.0,81783.845703125,-6937.845703125,6937.845703125
8094,2023,Q2,36057,Montgomery County,upstate,XGBoost — change from seasonal persistence,11871.0,11235.527587890625,635.472412109375,635.472412109375
8094,2023,Q2,36059,Nassau County,downstate_non_nyc,XGBoost — change from seasonal persistence,117720.0,111452.826171875,6267.173828125,6267.173828125
8094,2023,Q2,36061,New York County,nyc,XGBoost — change from seasonal persistence,266211.0,275880.025390625,-9669.025390625,9669.025390625
8094,2023,Q2,36063,Niagara County,upstate,XGBoost — change from seasonal persistence,9501.0,12511.91146850586,-3010.9114685058594,3010.9114685058594
8094,2023,Q2,36065,Oneida County,upstate,XGBoost — change from seasonal persistence,26019.0,26142.69076538086,-123.69076538085938,123.69076538085938
8094,2023,Q2,36067,Onondaga County,upstate,XGBoost — change from seasonal persistence,53731.0,50113.1220703125,3617.8779296875,3617.8779296875
8094,2023,Q2,36069,Ontario County,upstate,XGBoost — change from seasonal persistence,16252.0,17124.609375,-872.609375,872.609375
8094,2023,Q2,36071,Orange County,upstate,XGBoost — change from seasonal persistence,38857.0,37566.19909667969,1290.8009033203125,1290.8009033203125
8094,2023,Q2,36075,Oswego County,upstate,XGBoost — change from seasonal persistence,6153.0,5908.813415527344,244.18658447265625,244.18658447265625
8094,2023,Q2,36077,Otsego County,upstate,XGBoost — change from seasonal persistence,9427.0,7685.7012939453125,1741.2987060546875,1741.2987060546875
8094,2023,Q2,36079,Putnam County,upstate,XGBoost — change from seasonal persistence,5316.0,5782.7564697265625,-466.7564697265625,466.7564697265625
8094,2023,Q2,36081,Queens County,nyc,XGBoost — change from seasonal persistence,158405.0,183665.2080078125,-25260.2080078125,25260.2080078125
8094,2023,Q2,36083,Rensselaer County,upstate,XGBoost — change from seasonal persistence,11352.0,11620.777328491211,-268.77732849121094,268.77732849121094
8094,2023,Q2,36085,Richmond County,nyc,XGBoost — change from seasonal persistence,36101.0,22939.916015625,13161.083984375,13161.083984375
8094,2023,Q2,36087,Rockland County,downstate_non_nyc,XGBoost — change from seasonal persistence,22270.0,24311.369873046875,-2041.369873046875,2041.369873046875
8094,2023,Q2,36089,St. Lawrence County,upstate,XGBoost — change from seasonal persistence,13285.0,15781.688842773438,-2496.6888427734375,2496.6888427734375
8094,2023,Q2,36091,Saratoga County,upstate,XGBoost — change from seasonal persistence,9730.0,11369.947265625,-1639.947265625,1639.947265625
8094,2023,Q2,36093,Schenectady County,upstate,XGBoost — change from seasonal persistence,10815.0,11573.604217529297,-758.6042175292969,758.6042175292969
8094,2023,Q2,36095,Schoharie County,upstate,XGBoost — change from seasonal persistence,2929.0,3088.7893981933594,-159.78939819335938,159.78939819335938
8094,2023,Q2,36097,Schuyler County,upstate,XGBoost — change from seasonal persistence,1914.0,2503.2973022460938,-589.2973022460938,589.2973022460938
8094,2023,Q2,36101,Steuben County,upstate,XGBoost — change from seasonal persistence,11452.0,10445.724670410156,1006.2753295898438,1006.2753295898438
8094,2023,Q2,36103,Suffolk County,downstate_non_nyc,XGBoost — change from seasonal persistence,111726.0,126221.19921875,-14495.19921875,14495.19921875
8094,2023,Q2,36105,Sullivan County,upstate,XGBoost — change from seasonal persistence,7498.0,7546.6209716796875,-48.6209716796875,48.6209716796875
8094,2023,Q2,36109,Tompkins County,upstate,XGBoost — change from seasonal persistence,8284.0,8515.153106689453,-231.15310668945312,231.15310668945312
8094,2023,Q2,36111,Ulster County,upstate,XGBoost — change from seasonal persistence,7578.0,6653.79296875,924.20703125,924.20703125
8094,2023,Q2,36113,Warren County,upstate,XGBoost — change from seasonal persistence,10725.0,10306.817504882812,418.1824951171875,418.1824951171875
8094,2023,Q2,36117,Wayne County,upstate,XGBoost — change from seasonal persistence,5721.0,5943.57160949707,-222.5716094970703,222.5716094970703
8094,2023,Q2,36119,Westchester County,downstate_non_nyc,XGBoost — change from seasonal persistence,95263.0,103324.5615234375,-8061.5615234375,8061.5615234375
8094,2023,Q2,36121,Wyoming County,upstate,XGBoost — change from seasonal persistence,3430.0,3214.338249206543,215.66175079345703,215.66175079345703
8094,2023,Q2,36123,Yates County,upstate,XGBoost — change from seasonal persistence,1981.0,2266.9943237304688,-285.99432373046875,285.99432373046875
8095,2023,Q3,36001,Albany County,upstate,Previous-quarter persistence,40256.0,41022.0,-766.0,766.0
8095,2023,Q3,36003,Allegany County,upstate,Previous-quarter persistence,5809.0,5858.0,-49.0,49.0
8095,2023,Q3,36005,Bronx County,nyc,Previous-quarter persistence,184352.0,187349.0,-2997.0,2997.0
8095,2023,Q3,36007,Broome County,upstate,Previous-quarter persistence,25514.0,24431.0,1083.0,1083.0
8095,2023,Q3,36009,Cattaraugus County,upstate,Previous-quarter persistence,6945.0,6590.0,355.0,355.0
8095,2023,Q3,36011,Cayuga County,upstate,Previous-quarter persistence,6228.0,5772.0,456.0,456.0
8095,2023,Q3,36013,Chautauqua County,upstate,Previous-quarter persistence,14849.0,14119.0,730.0,730.0
8095,2023,Q3,36015,Chemung County,upstate,Previous-quarter persistence,8499.0,8375.0,124.0,124.0
8095,2023,Q3,36017,Chenango County,upstate,Previous-quarter persistence,4490.0,4449.0,41.0,41.0
8095,2023,Q3,36019,Clinton County,upstate,Previous-quarter persistence,9832.0,8601.0,1231.0,1231.0
8095,2023,Q3,36021,Columbia County,upstate,Previous-quarter persistence,5559.0,5592.0,-33.0,33.0
8095,2023,Q3,36023,Cortland County,upstate,Previous-quarter persistence,6491.0,6195.0,296.0,296.0
8095,2023,Q3,36025,Delaware County,upstate,Previous-quarter persistence,4827.0,4341.0,486.0,486.0
8095,2023,Q3,36027,Dutchess County,upstate,Previous-quarter persistence,30286.0,29263.0,1023.0,1023.0
8095,2023,Q3,36029,Erie County,upstate,Previous-quarter persistence,94205.0,91629.0,2576.0,2576.0
8095,2023,Q3,36031,Essex County,upstate,Previous-quarter persistence,4040.0,3599.0,441.0,441.0
8095,2023,Q3,36033,Franklin County,upstate,Previous-quarter persistence,6982.0,6386.0,596.0,596.0
8095,2023,Q3,36035,Fulton County,upstate,Previous-quarter persistence,5483.0,5189.0,294.0,294.0
8095,2023,Q3,36037,Genesee County,upstate,Previous-quarter persistence,6557.0,5951.0,606.0,606.0
8095,2023,Q3,36045,Jefferson County,upstate,Previous-quarter persistence,14682.0,14655.0,27.0,27.0
8095,2023,Q3,36047,Kings County,nyc,Previous-quarter persistence,211770.0,213330.0,-1560.0,1560.0
8095,2023,Q3,36049,Lewis County,upstate,Previous-quarter persistence,2861.0,2747.0,114.0,114.0
8095,2023,Q3,36051,Livingston County,upstate,Previous-quarter persistence,3811.0,3691.0,120.0,120.0
8095,2023,Q3,36053,Madison County,upstate,Previous-quarter persistence,8942.0,8818.0,124.0,124.0
8095,2023,Q3,36055,Monroe County,upstate,Previous-quarter persistence,73982.0,74846.0,-864.0,864.0
8095,2023,Q3,36057,Montgomery County,upstate,Previous-quarter persistence,11351.0,11871.0,-520.0,520.0
8095,2023,Q3,36059,Nassau County,downstate_non_nyc,Previous-quarter persistence,121245.0,117720.0,3525.0,3525.0
8095,2023,Q3,36061,New York County,nyc,Previous-quarter persistence,266747.0,266211.0,536.0,536.0
8095,2023,Q3,36063,Niagara County,upstate,Previous-quarter persistence,10620.0,9501.0,1119.0,1119.0
8095,2023,Q3,36065,Oneida County,upstate,Previous-quarter persistence,27345.0,26019.0,1326.0,1326.0
8095,2023,Q3,36067,Onondaga County,upstate,Previous-quarter persistence,54025.0,53731.0,294.0,294.0
8095,2023,Q3,36069,Ontario County,upstate,Previous-quarter persistence,17119.0,16252.0,867.0,867.0
8095,2023,Q3,36071,Orange County,upstate,Previous-quarter persistence,39085.0,38857.0,228.0,228.0
8095,2023,Q3,36075,Oswego County,upstate,Previous-quarter persistence,6397.0,6153.0,244.0,244.0
8095,2023,Q3,36077,Otsego County,upstate,Previous-quarter persistence,9412.0,9427.0,-15.0,15.0
8095,2023,Q3,36079,Putnam County,upstate,Previous-quarter persistence,5512.0,5316.0,196.0,196.0
8095,2023,Q3,36081,Queens County,nyc,Previous-quarter persistence,158589.0,158405.0,184.0,184.0
8095,2023,Q3,36083,Rensselaer County,upstate,Previous-quarter persistence,11979.0,11352.0,627.0,627.0
8095,2023,Q3,36085,Richmond County,nyc,Previous-quarter persistence,35880.0,36101.0,-221.0,221.0
8095,2023,Q3,36087,Rockland County,downstate_non_nyc,Previous-quarter persistence,22220.0,22270.0,-50.0,50.0
8095,2023,Q3,36089,St. Lawrence County,upstate,Previous-quarter persistence,13385.0,13285.0,100.0,100.0
8095,2023,Q3,36091,Saratoga County,upstate,Previous-quarter persistence,9940.0,9730.0,210.0,210.0
8095,2023,Q3,36093,Schenectady County,upstate,Previous-quarter persistence,11415.0,10815.0,600.0,600.0
8095,2023,Q3,36095,Schoharie County,upstate,Previous-quarter persistence,2952.0,2929.0,23.0,23.0
8095,2023,Q3,36097,Schuyler County,upstate,Previous-quarter persistence,2114.0,1914.0,200.0,200.0
8095,2023,Q3,36101,Steuben County,upstate,Previous-quarter persistence,12058.0,11452.0,606.0,606.0
8095,2023,Q3,36103,Suffolk County,downstate_non_nyc,Previous-quarter persistence,116506.0,111726.0,4780.0,4780.0
8095,2023,Q3,36105,Sullivan County,upstate,Previous-quarter persistence,8583.0,7498.0,1085.0,1085.0
8095,2023,Q3,36109,Tompkins County,upstate,Previous-quarter persistence,8517.0,8284.0,233.0,233.0
8095,2023,Q3,36111,Ulster County,upstate,Previous-quarter persistence,8255.0,7578.0,677.0,677.0
8095,2023,Q3,36113,Warren County,upstate,Previous-quarter persistence,11642.0,10725.0,917.0,917.0
8095,2023,Q3,36117,Wayne County,upstate,Previous-quarter persistence,5753.0,5721.0,32.0,32.0
8095,2023,Q3,36119,Westchester County,downstate_non_nyc,Previous-quarter persistence,96003.0,95263.0,740.0,740.0
8095,2023,Q3,36121,Wyoming County,upstate,Previous-quarter persistence,3694.0,3430.0,264.0,264.0
8095,2023,Q3,36123,Yates County,upstate,Previous-quarter persistence,2198.0,1981.0,217.0,217.0
8095,2023,Q3,36001,Albany County,upstate,Seasonal persistence,40256.0,39556.0,700.0,700.0
8095,2023,Q3,36003,Allegany County,upstate,Seasonal persistence,5809.0,3259.0,2550.0,2550.0
8095,2023,Q3,36005,Bronx County,nyc,Seasonal persistence,184352.0,184732.0,-380.0,380.0
8095,2023,Q3,36007,Broome County,upstate,Seasonal persistence,25514.0,24296.0,1218.0,1218.0
8095,2023,Q3,36009,Cattaraugus County,upstate,Seasonal persistence,6945.0,6541.0,404.0,404.0
8095,2023,Q3,36011,Cayuga County,upstate,Seasonal persistence,6228.0,6505.0,-277.0,277.0
8095,2023,Q3,36013,Chautauqua County,upstate,Seasonal persistence,14849.0,14122.0,727.0,727.0
8095,2023,Q3,36015,Chemung County,upstate,Seasonal persistence,8499.0,8260.0,239.0,239.0
8095,2023,Q3,36017,Chenango County,upstate,Seasonal persistence,4490.0,4342.0,148.0,148.0
8095,2023,Q3,36019,Clinton County,upstate,Seasonal persistence,9832.0,8501.0,1331.0,1331.0
8095,2023,Q3,36021,Columbia County,upstate,Seasonal persistence,5559.0,5414.0,145.0,145.0
8095,2023,Q3,36023,Cortland County,upstate,Seasonal persistence,6491.0,6294.0,197.0,197.0
8095,2023,Q3,36025,Delaware County,upstate,Seasonal persistence,4827.0,4450.0,377.0,377.0
8095,2023,Q3,36027,Dutchess County,upstate,Seasonal persistence,30286.0,30267.0,19.0,19.0
8095,2023,Q3,36029,Erie County,upstate,Seasonal persistence,94205.0,90435.0,3770.0,3770.0
8095,2023,Q3,36031,Essex County,upstate,Seasonal persistence,4040.0,4712.0,-672.0,672.0
8095,2023,Q3,36033,Franklin County,upstate,Seasonal persistence,6982.0,6659.0,323.0,323.0
8095,2023,Q3,36035,Fulton County,upstate,Seasonal persistence,5483.0,5302.0,181.0,181.0
8095,2023,Q3,36037,Genesee County,upstate,Seasonal persistence,6557.0,5615.0,942.0,942.0
8095,2023,Q3,36045,Jefferson County,upstate,Seasonal persistence,14682.0,12103.0,2579.0,2579.0
8095,2023,Q3,36047,Kings County,nyc,Seasonal persistence,211770.0,208195.0,3575.0,3575.0
8095,2023,Q3,36049,Lewis County,upstate,Seasonal persistence,2861.0,2717.0,144.0,144.0
8095,2023,Q3,36051,Livingston County,upstate,Seasonal persistence,3811.0,3711.0,100.0,100.0
8095,2023,Q3,36053,Madison County,upstate,Seasonal persistence,8942.0,8762.0,180.0,180.0
8095,2023,Q3,36055,Monroe County,upstate,Seasonal persistence,73982.0,70916.0,3066.0,3066.0
8095,2023,Q3,36057,Montgomery County,upstate,Seasonal persistence,11351.0,9547.0,1804.0,1804.0
8095,2023,Q3,36059,Nassau County,downstate_non_nyc,Seasonal persistence,121245.0,123337.0,-2092.0,2092.0
8095,2023,Q3,36061,New York County,nyc,Seasonal persistence,266747.0,263431.0,3316.0,3316.0
8095,2023,Q3,36063,Niagara County,upstate,Seasonal persistence,10620.0,13013.0,-2393.0,2393.0
8095,2023,Q3,36065,Oneida County,upstate,Seasonal persistence,27345.0,25890.0,1455.0,1455.0
8095,2023,Q3,36067,Onondaga County,upstate,Seasonal persistence,54025.0,47247.0,6778.0,6778.0
8095,2023,Q3,36069,Ontario County,upstate,Seasonal persistence,17119.0,16558.0,561.0,561.0
8095,2023,Q3,36071,Orange County,upstate,Seasonal persistence,39085.0,38444.0,641.0,641.0
8095,2023,Q3,36075,Oswego County,upstate,Seasonal persistence,6397.0,6405.0,-8.0,8.0
8095,2023,Q3,36077,Otsego County,upstate,Seasonal persistence,9412.0,9161.0,251.0,251.0
8095,2023,Q3,36079,Putnam County,upstate,Seasonal persistence,5512.0,5144.0,368.0,368.0
8095,2023,Q3,36081,Queens County,nyc,Seasonal persistence,158589.0,170065.0,-11476.0,11476.0
8095,2023,Q3,36083,Rensselaer County,upstate,Seasonal persistence,11979.0,11993.0,-14.0,14.0
8095,2023,Q3,36085,Richmond County,nyc,Seasonal persistence,35880.0,13420.0,22460.0,22460.0
8095,2023,Q3,36087,Rockland County,downstate_non_nyc,Seasonal persistence,22220.0,22550.0,-330.0,330.0
8095,2023,Q3,36089,St. Lawrence County,upstate,Seasonal persistence,13385.0,16591.0,-3206.0,3206.0
8095,2023,Q3,36091,Saratoga County,upstate,Seasonal persistence,9940.0,9936.0,4.0,4.0
8095,2023,Q3,36093,Schenectady County,upstate,Seasonal persistence,11415.0,12409.0,-994.0,994.0
8095,2023,Q3,36095,Schoharie County,upstate,Seasonal persistence,2952.0,2947.0,5.0,5.0
8095,2023,Q3,36097,Schuyler County,upstate,Seasonal persistence,2114.0,2131.0,-17.0,17.0
8095,2023,Q3,36101,Steuben County,upstate,Seasonal persistence,12058.0,11441.0,617.0,617.0
8095,2023,Q3,36103,Suffolk County,downstate_non_nyc,Seasonal persistence,116506.0,139049.0,-22543.0,22543.0
8095,2023,Q3,36105,Sullivan County,upstate,Seasonal persistence,8583.0,8513.0,70.0,70.0
8095,2023,Q3,36109,Tompkins County,upstate,Seasonal persistence,8517.0,8685.0,-168.0,168.0
8095,2023,Q3,36111,Ulster County,upstate,Seasonal persistence,8255.0,7741.0,514.0,514.0
8095,2023,Q3,36113,Warren County,upstate,Seasonal persistence,11642.0,11338.0,304.0,304.0
8095,2023,Q3,36117,Wayne County,upstate,Seasonal persistence,5753.0,5754.0,-1.0,1.0
8095,2023,Q3,36119,Westchester County,downstate_non_nyc,Seasonal persistence,96003.0,88461.0,7542.0,7542.0
8095,2023,Q3,36121,Wyoming County,upstate,Seasonal persistence,3694.0,3597.0,97.0,97.0
8095,2023,Q3,36123,Yates County,upstate,Seasonal persistence,2198.0,2205.0,-7.0,7.0
8095,2023,Q3,36001,Albany County,upstate,Ridge — level,40256.0,40554.78818235968,-298.78818235968356,298.78818235968356
8095,2023,Q3,36003,Allegany County,upstate,Ridge — level,5809.0,6067.986026430997,-258.9860264309973,258.9860264309973
8095,2023,Q3,36005,Bronx County,nyc,Ridge — level,184352.0,183701.65297983115,650.3470201688469,650.3470201688469
8095,2023,Q3,36007,Broome County,upstate,Ridge — level,25514.0,24615.35745684316,898.6425431568387,898.6425431568387
8095,2023,Q3,36009,Cattaraugus County,upstate,Ridge — level,6945.0,5317.580603088281,1627.4193969117186,1627.4193969117186
8095,2023,Q3,36011,Cayuga County,upstate,Ridge — level,6228.0,5293.508953212498,934.4910467875015,934.4910467875015
8095,2023,Q3,36013,Chautauqua County,upstate,Ridge — level,14849.0,13761.544884078638,1087.4551159213624,1087.4551159213624
8095,2023,Q3,36015,Chemung County,upstate,Ridge — level,8499.0,9176.976838160226,-677.9768381602262,677.9768381602262
8095,2023,Q3,36017,Chenango County,upstate,Ridge — level,4490.0,3839.3553069298723,650.6446930701277,650.6446930701277
8095,2023,Q3,36019,Clinton County,upstate,Ridge — level,9832.0,8082.601511690227,1749.3984883097728,1749.3984883097728
8095,2023,Q3,36021,Columbia County,upstate,Ridge — level,5559.0,6010.743679858704,-451.7436798587041,451.7436798587041
8095,2023,Q3,36023,Cortland County,upstate,Ridge — level,6491.0,5015.018918384623,1475.9810816153768,1475.9810816153768
8095,2023,Q3,36025,Delaware County,upstate,Ridge — level,4827.0,7303.279597874243,-2476.2795978742433,2476.2795978742433
8095,2023,Q3,36027,Dutchess County,upstate,Ridge — level,30286.0,29702.546148692447,583.4538513075531,583.4538513075531
8095,2023,Q3,36029,Erie County,upstate,Ridge — level,94205.0,91278.32488159079,2926.6751184092136,2926.6751184092136
8095,2023,Q3,36031,Essex County,upstate,Ridge — level,4040.0,3722.902662519711,317.09733748028884,317.09733748028884
8095,2023,Q3,36033,Franklin County,upstate,Ridge — level,6982.0,8298.086780295507,-1316.0867802955072,1316.0867802955072
8095,2023,Q3,36035,Fulton County,upstate,Ridge — level,5483.0,4254.07482505358,1228.9251749464202,1228.9251749464202
8095,2023,Q3,36037,Genesee County,upstate,Ridge — level,6557.0,4317.247110686309,2239.7528893136914,2239.7528893136914
8095,2023,Q3,36045,Jefferson County,upstate,Ridge — level,14682.0,15354.205239012608,-672.2052390126082,672.2052390126082
8095,2023,Q3,36047,Kings County,nyc,Ridge — level,211770.0,213585.28480019484,-1815.2848001948441,1815.2848001948441
8095,2023,Q3,36049,Lewis County,upstate,Ridge — level,2861.0,434.860097403729,2426.139902596271,2426.139902596271
8095,2023,Q3,36051,Livingston County,upstate,Ridge — level,3811.0,3549.0205959896302,261.97940401036976,261.97940401036976
8095,2023,Q3,36053,Madison County,upstate,Ridge — level,8942.0,5854.388171751485,3087.611828248515,3087.611828248515
8095,2023,Q3,36055,Monroe County,upstate,Ridge — level,73982.0,72229.27090118834,1752.7290988116583,1752.7290988116583
8095,2023,Q3,36057,Montgomery County,upstate,Ridge — level,11351.0,11225.90995615612,125.09004384388027,125.09004384388027
8095,2023,Q3,36059,Nassau County,downstate_non_nyc,Ridge — level,121245.0,116685.98933347466,4559.010666525341,4559.010666525341
8095,2023,Q3,36061,New York County,nyc,Ridge — level,266747.0,261752.6921811718,4994.307818828209,4994.307818828209
8095,2023,Q3,36063,Niagara County,upstate,Ridge — level,10620.0,15649.90071473446,-5029.90071473446,5029.90071473446
8095,2023,Q3,36065,Oneida County,upstate,Ridge — level,27345.0,25690.828511271186,1654.1714887288144,1654.1714887288144
8095,2023,Q3,36067,Onondaga County,upstate,Ridge — level,54025.0,50568.12361187248,3456.8763881275227,3456.8763881275227
8095,2023,Q3,36069,Ontario County,upstate,Ridge — level,17119.0,15412.323894676756,1706.676105323244,1706.676105323244
8095,2023,Q3,36071,Orange County,upstate,Ridge — level,39085.0,41375.865372196626,-2290.8653721966257,2290.8653721966257
8095,2023,Q3,36075,Oswego County,upstate,Ridge — level,6397.0,5841.600517840023,555.3994821599772,555.3994821599772
8095,2023,Q3,36077,Otsego County,upstate,Ridge — level,9412.0,10419.306029464995,-1007.3060294649949,1007.3060294649949
8095,2023,Q3,36079,Putnam County,upstate,Ridge — level,5512.0,6125.463051923056,-613.4630519230559,613.4630519230559
8095,2023,Q3,36081,Queens County,nyc,Ridge — level,158589.0,160841.89191905287,-2252.8919190528686,2252.8919190528686
8095,2023,Q3,36083,Rensselaer County,upstate,Ridge — level,11979.0,9816.342160093922,2162.657839906078,2162.657839906078
8095,2023,Q3,36085,Richmond County,nyc,Ridge — level,35880.0,40038.53881576093,-4158.538815760927,4158.538815760927
8095,2023,Q3,36087,Rockland County,downstate_non_nyc,Ridge — level,22220.0,22478.41754385059,-258.41754385059176,258.41754385059176
8095,2023,Q3,36089,St. Lawrence County,upstate,Ridge — level,13385.0,17259.22599678387,-3874.225996783869,3874.225996783869
8095,2023,Q3,36091,Saratoga County,upstate,Ridge — level,9940.0,10037.92285372239,-97.92285372238985,97.92285372238985
8095,2023,Q3,36093,Schenectady County,upstate,Ridge — level,11415.0,12176.864959821989,-761.864959821989,761.864959821989
8095,2023,Q3,36095,Schoharie County,upstate,Ridge — level,2952.0,2919.988711861497,32.011288138503005,32.011288138503005
8095,2023,Q3,36097,Schuyler County,upstate,Ridge — level,2114.0,1840.3553599889929,273.64464001100714,273.64464001100714
8095,2023,Q3,36101,Steuben County,upstate,Ridge — level,12058.0,12476.633970899118,-418.63397089911814,418.63397089911814
8095,2023,Q3,36103,Suffolk County,downstate_non_nyc,Ridge — level,116506.0,112901.15764428835,3604.8423557116475,3604.8423557116475
8095,2023,Q3,36105,Sullivan County,upstate,Ridge — level,8583.0,8912.237888372289,-329.2378883722886,329.2378883722886
8095,2023,Q3,36109,Tompkins County,upstate,Ridge — level,8517.0,9376.875663326617,-859.8756633266166,859.8756633266166
8095,2023,Q3,36111,Ulster County,upstate,Ridge — level,8255.0,10844.80340388286,-2589.803403882859,2589.803403882859
8095,2023,Q3,36113,Warren County,upstate,Ridge — level,11642.0,9736.242083110406,1905.7579168895936,1905.7579168895936
8095,2023,Q3,36117,Wayne County,upstate,Ridge — level,5753.0,4816.507866260425,936.4921337395754,936.4921337395754
8095,2023,Q3,36119,Westchester County,downstate_non_nyc,Ridge — level,96003.0,97635.01649270131,-1632.0164927013102,1632.0164927013102
8095,2023,Q3,36121,Wyoming County,upstate,Ridge — level,3694.0,2920.7224847176476,773.2775152823524,773.2775152823524
8095,2023,Q3,36123,Yates County,upstate,Ridge — level,2198.0,1447.3231590160976,750.6768409839024,750.6768409839024
8095,2023,Q3,36001,Albany County,upstate,Ridge — change from seasonal persistence,40256.0,46055.930500590286,-5799.930500590286,5799.930500590286
8095,2023,Q3,36003,Allegany County,upstate,Ridge — change from seasonal persistence,5809.0,6315.682780345913,-506.68278034591276,506.68278034591276
8095,2023,Q3,36005,Bronx County,nyc,Ridge — change from seasonal persistence,184352.0,195662.78836764212,-11310.788367642119,11310.788367642119
8095,2023,Q3,36007,Broome County,upstate,Ridge — change from seasonal persistence,25514.0,27831.798731923394,-2317.7987319233944,2317.7987319233944
8095,2023,Q3,36009,Cattaraugus County,upstate,Ridge — change from seasonal persistence,6945.0,5336.702625251555,1608.2973747484448,1608.2973747484448
8095,2023,Q3,36011,Cayuga County,upstate,Ridge — change from seasonal persistence,6228.0,10645.821507254352,-4417.821507254352,4417.821507254352
8095,2023,Q3,36013,Chautauqua County,upstate,Ridge — change from seasonal persistence,14849.0,13624.045733869007,1224.9542661309933,1224.9542661309933
8095,2023,Q3,36015,Chemung County,upstate,Ridge — change from seasonal persistence,8499.0,11860.319553432877,-3361.319553432877,3361.319553432877
8095,2023,Q3,36017,Chenango County,upstate,Ridge — change from seasonal persistence,4490.0,5078.687954981871,-588.6879549818714,588.6879549818714
8095,2023,Q3,36019,Clinton County,upstate,Ridge — change from seasonal persistence,9832.0,8256.420789670794,1575.579210329206,1575.579210329206
8095,2023,Q3,36021,Columbia County,upstate,Ridge — change from seasonal persistence,5559.0,14615.251278998414,-9056.251278998414,9056.251278998414
8095,2023,Q3,36023,Cortland County,upstate,Ridge — change from seasonal persistence,6491.0,5326.765064898194,1164.2349351018056,1164.2349351018056
8095,2023,Q3,36025,Delaware County,upstate,Ridge — change from seasonal persistence,4827.0,8756.928247832986,-3929.928247832986,3929.928247832986
8095,2023,Q3,36027,Dutchess County,upstate,Ridge — change from seasonal persistence,30286.0,38860.44084889955,-8574.440848899547,8574.440848899547
8095,2023,Q3,36029,Erie County,upstate,Ridge — change from seasonal persistence,94205.0,89881.39170355989,4323.608296440114,4323.608296440114
8095,2023,Q3,36031,Essex County,upstate,Ridge — change from seasonal persistence,4040.0,4369.754887539317,-329.75488753931677,329.75488753931677
8095,2023,Q3,36033,Franklin County,upstate,Ridge — change from seasonal persistence,6982.0,8733.84194080221,-1751.8419408022091,1751.8419408022091
8095,2023,Q3,36035,Fulton County,upstate,Ridge — change from seasonal persistence,5483.0,5101.182339264233,381.8176607357673,381.8176607357673
8095,2023,Q3,36037,Genesee County,upstate,Ridge — change from seasonal persistence,6557.0,4744.46747502695,1812.5325249730504,1812.5325249730504
8095,2023,Q3,36045,Jefferson County,upstate,Ridge — change from seasonal persistence,14682.0,14389.70074879432,292.2992512056808,292.2992512056808
8095,2023,Q3,36047,Kings County,nyc,Ridge — change from seasonal persistence,211770.0,220023.80188711913,-8253.80188711913,8253.80188711913
8095,2023,Q3,36049,Lewis County,upstate,Ridge — change from seasonal persistence,2861.0,919.2424302233294,1941.7575697766706,1941.7575697766706
8095,2023,Q3,36051,Livingston County,upstate,Ridge — change from seasonal persistence,3811.0,6313.7861546218,-2502.7861546218,2502.7861546218
8095,2023,Q3,36053,Madison County,upstate,Ridge — change from seasonal persistence,8942.0,6137.268544221066,2804.731455778934,2804.731455778934
8095,2023,Q3,36055,Monroe County,upstate,Ridge — change from seasonal persistence,73982.0,73254.09905180083,727.900948199167,727.900948199167
8095,2023,Q3,36057,Montgomery County,upstate,Ridge — change from seasonal persistence,11351.0,16542.943686549614,-5191.943686549614,5191.943686549614
8095,2023,Q3,36059,Nassau County,downstate_non_nyc,Ridge — change from seasonal persistence,121245.0,121385.31054908235,-140.31054908235092,140.31054908235092
8095,2023,Q3,36061,New York County,nyc,Ridge — change from seasonal persistence,266747.0,271349.0877068712,-4602.087706871214,4602.087706871214
8095,2023,Q3,36063,Niagara County,upstate,Ridge — change from seasonal persistence,10620.0,14780.497716608983,-4160.497716608983,4160.497716608983
8095,2023,Q3,36065,Oneida County,upstate,Ridge — change from seasonal persistence,27345.0,26221.22846103728,1123.7715389627192,1123.7715389627192
8095,2023,Q3,36067,Onondaga County,upstate,Ridge — change from seasonal persistence,54025.0,52272.49206576122,1752.5079342387835,1752.5079342387835
8095,2023,Q3,36069,Ontario County,upstate,Ridge — change from seasonal persistence,17119.0,19493.12280764846,-2374.1228076484585,2374.1228076484585
8095,2023,Q3,36071,Orange County,upstate,Ridge — change from seasonal persistence,39085.0,54048.2124812455,-14963.2124812455,14963.2124812455
8095,2023,Q3,36075,Oswego County,upstate,Ridge — change from seasonal persistence,6397.0,7004.593698538348,-607.5936985383478,607.5936985383478
8095,2023,Q3,36077,Otsego County,upstate,Ridge — change from seasonal persistence,9412.0,11778.943313953738,-2366.9433139537377,2366.9433139537377
8095,2023,Q3,36079,Putnam County,upstate,Ridge — change from seasonal persistence,5512.0,12465.254844856325,-6953.254844856325,6953.254844856325
8095,2023,Q3,36081,Queens County,nyc,Ridge — change from seasonal persistence,158589.0,164867.88677687795,-6278.8867768779455,6278.8867768779455
8095,2023,Q3,36083,Rensselaer County,upstate,Ridge — change from seasonal persistence,11979.0,12664.391688432568,-685.3916884325681,685.3916884325681
8095,2023,Q3,36085,Richmond County,nyc,Ridge — change from seasonal persistence,35880.0,45609.0805095353,-9729.080509535299,9729.080509535299
8095,2023,Q3,36087,Rockland County,downstate_non_nyc,Ridge — change from seasonal persistence,22220.0,35610.773747778076,-13390.773747778076,13390.773747778076
8095,2023,Q3,36089,St. Lawrence County,upstate,Ridge — change from seasonal persistence,13385.0,17942.599258158236,-4557.599258158236,4557.599258158236
8095,2023,Q3,36091,Saratoga County,upstate,Ridge — change from seasonal persistence,9940.0,13140.138900723148,-3200.1389007231483,3200.1389007231483
8095,2023,Q3,36093,Schenectady County,upstate,Ridge — change from seasonal persistence,11415.0,18312.781662496796,-6897.781662496796,6897.781662496796
8095,2023,Q3,36095,Schoharie County,upstate,Ridge — change from seasonal persistence,2952.0,4505.726540683761,-1553.7265406837614,1553.7265406837614
8095,2023,Q3,36097,Schuyler County,upstate,Ridge — change from seasonal persistence,2114.0,4681.103930777084,-2567.1039307770843,2567.1039307770843
8095,2023,Q3,36101,Steuben County,upstate,Ridge — change from seasonal persistence,12058.0,13101.2614460318,-1043.2614460318,1043.2614460318
8095,2023,Q3,36103,Suffolk County,downstate_non_nyc,Ridge — change from seasonal persistence,116506.0,120570.66151303894,-4064.66151303894,4064.66151303894
8095,2023,Q3,36105,Sullivan County,upstate,Ridge — change from seasonal persistence,8583.0,11588.29718321587,-3005.297183215869,3005.297183215869
8095,2023,Q3,36109,Tompkins County,upstate,Ridge — change from seasonal persistence,8517.0,13466.30058742189,-4949.300587421891,4949.300587421891
8095,2023,Q3,36111,Ulster County,upstate,Ridge — change from seasonal persistence,8255.0,15275.080454968585,-7020.080454968585,7020.080454968585
8095,2023,Q3,36113,Warren County,upstate,Ridge — change from seasonal persistence,11642.0,14205.890460010536,-2563.890460010536,2563.890460010536
8095,2023,Q3,36117,Wayne County,upstate,Ridge — change from seasonal persistence,5753.0,8449.898836238654,-2696.8988362386535,2696.8988362386535
8095,2023,Q3,36119,Westchester County,downstate_non_nyc,Ridge — change from seasonal persistence,96003.0,107733.07183572167,-11730.071835721668,11730.071835721668
8095,2023,Q3,36121,Wyoming County,upstate,Ridge — change from seasonal persistence,3694.0,2530.933161814897,1163.0668381851028,1163.0668381851028
8095,2023,Q3,36123,Yates County,upstate,Ridge — change from seasonal persistence,2198.0,4334.657293081329,-2136.657293081329,2136.657293081329
8095,2023,Q3,36001,Albany County,upstate,Random Forest — level,40256.0,39093.54165720229,1162.4583427977122,1162.4583427977122
8095,2023,Q3,36003,Allegany County,upstate,Random Forest — level,5809.0,5519.057468092092,289.94253190790823,289.94253190790823
8095,2023,Q3,36005,Bronx County,nyc,Random Forest — level,184352.0,182217.79854027458,2134.2014597254165,2134.2014597254165
8095,2023,Q3,36007,Broome County,upstate,Random Forest — level,25514.0,24242.110383863954,1271.8896161360462,1271.8896161360462
8095,2023,Q3,36009,Cattaraugus County,upstate,Random Forest — level,6945.0,6367.2909537175765,577.7090462824235,577.7090462824235
8095,2023,Q3,36011,Cayuga County,upstate,Random Forest — level,6228.0,5750.994245740374,477.005754259626,477.005754259626
8095,2023,Q3,36013,Chautauqua County,upstate,Random Forest — level,14849.0,13773.604808989956,1075.395191010044,1075.395191010044
8095,2023,Q3,36015,Chemung County,upstate,Random Forest — level,8499.0,8321.164014948008,177.83598505199188,177.83598505199188
8095,2023,Q3,36017,Chenango County,upstate,Random Forest — level,4490.0,4207.59288974914,282.40711025085966,282.40711025085966
8095,2023,Q3,36019,Clinton County,upstate,Random Forest — level,9832.0,8293.412115375364,1538.587884624636,1538.587884624636
8095,2023,Q3,36021,Columbia County,upstate,Random Forest — level,5559.0,5411.87044966145,147.12955033854996,147.12955033854996
8095,2023,Q3,36023,Cortland County,upstate,Random Forest — level,6491.0,6120.3716870471535,370.6283129528465,370.6283129528465
8095,2023,Q3,36025,Delaware County,upstate,Random Forest — level,4827.0,4236.657136631883,590.3428633681169,590.3428633681169
8095,2023,Q3,36027,Dutchess County,upstate,Random Forest — level,30286.0,27962.992496178773,2323.007503821227,2323.007503821227
8095,2023,Q3,36029,Erie County,upstate,Random Forest — level,94205.0,88118.31990910695,6086.680090893045,6086.680090893045
8095,2023,Q3,36031,Essex County,upstate,Random Forest — level,4040.0,3707.00446590229,332.9955340977099,332.9955340977099
8095,2023,Q3,36033,Franklin County,upstate,Random Forest — level,6982.0,6510.178585229583,471.8214147704166,471.8214147704166
8095,2023,Q3,36035,Fulton County,upstate,Random Forest — level,5483.0,4976.818573852075,506.18142614792487,506.18142614792487
8095,2023,Q3,36037,Genesee County,upstate,Random Forest — level,6557.0,5615.372997964994,941.6270020350057,941.6270020350057
8095,2023,Q3,36045,Jefferson County,upstate,Random Forest — level,14682.0,14819.184494357494,-137.18449435749426,137.18449435749426
8095,2023,Q3,36047,Kings County,nyc,Random Forest — level,211770.0,212215.0120624653,-445.01206246530637,445.01206246530637
8095,2023,Q3,36049,Lewis County,upstate,Random Forest — level,2861.0,2707.452878125688,153.54712187431187,153.54712187431187
8095,2023,Q3,36051,Livingston County,upstate,Random Forest — level,3811.0,3565.3028448474183,245.69715515258167,245.69715515258167
8095,2023,Q3,36053,Madison County,upstate,Random Forest — level,8942.0,8516.717204420578,425.2827955794219,425.2827955794219
8095,2023,Q3,36055,Monroe County,upstate,Random Forest — level,73982.0,75662.74858782884,-1680.7485878288426,1680.7485878288426
8095,2023,Q3,36057,Montgomery County,upstate,Random Forest — level,11351.0,10745.818979711328,605.1810202886718,605.1810202886718
8095,2023,Q3,36059,Nassau County,downstate_non_nyc,Random Forest — level,121245.0,114446.09555767523,6798.904442324769,6798.904442324769
8095,2023,Q3,36061,New York County,nyc,Random Forest — level,266747.0,263430.48934641277,3316.510653587233,3316.510653587233
8095,2023,Q3,36063,Niagara County,upstate,Random Forest — level,10620.0,9728.702108770862,891.2978912291383,891.2978912291383
8095,2023,Q3,36065,Oneida County,upstate,Random Forest — level,27345.0,25355.855336725912,1989.144663274088,1989.144663274088
8095,2023,Q3,36067,Onondaga County,upstate,Random Forest — level,54025.0,50513.40546012318,3511.5945398768235,3511.5945398768235
8095,2023,Q3,36069,Ontario County,upstate,Random Forest — level,17119.0,15560.767192556888,1558.2328074431116,1558.2328074431116
8095,2023,Q3,36071,Orange County,upstate,Random Forest — level,39085.0,36447.6171610889,2637.3828389111004,2637.3828389111004
8095,2023,Q3,36075,Oswego County,upstate,Random Forest — level,6397.0,5846.725381660005,550.274618339995,550.274618339995
8095,2023,Q3,36077,Otsego County,upstate,Random Forest — level,9412.0,8899.532624440106,512.4673755598942,512.4673755598942
8095,2023,Q3,36079,Putnam County,upstate,Random Forest — level,5512.0,5279.094311549562,232.905688450438,232.905688450438
8095,2023,Q3,36081,Queens County,nyc,Random Forest — level,158589.0,168737.1135735838,-10148.113573583803,10148.113573583803
8095,2023,Q3,36083,Rensselaer County,upstate,Random Forest — level,11979.0,11387.634001998003,591.3659980019966,591.3659980019966
8095,2023,Q3,36085,Richmond County,nyc,Random Forest — level,35880.0,35330.032497484004,549.9675025159959,549.9675025159959
8095,2023,Q3,36087,Rockland County,downstate_non_nyc,Random Forest — level,22220.0,22384.49384814722,-164.49384814721998,164.49384814721998
8095,2023,Q3,36089,St. Lawrence County,upstate,Random Forest — level,13385.0,12939.856255050505,445.14374494949516,445.14374494949516
8095,2023,Q3,36091,Saratoga County,upstate,Random Forest — level,9940.0,9457.992847426427,482.00715257357297,482.00715257357297
8095,2023,Q3,36093,Schenectady County,upstate,Random Forest — level,11415.0,11236.127243979892,178.87275602010777,178.87275602010777
8095,2023,Q3,36095,Schoharie County,upstate,Random Forest — level,2952.0,3010.0992888084156,-58.09928880841562,58.09928880841562
8095,2023,Q3,36097,Schuyler County,upstate,Random Forest — level,2114.0,1954.564470298221,159.43552970177893,159.43552970177893
8095,2023,Q3,36101,Steuben County,upstate,Random Forest — level,12058.0,11308.643968129092,749.3560318709078,749.3560318709078
8095,2023,Q3,36103,Suffolk County,downstate_non_nyc,Random Forest — level,116506.0,115078.40746039503,1427.5925396049715,1427.5925396049715
8095,2023,Q3,36105,Sullivan County,upstate,Random Forest — level,8583.0,7622.153033591411,960.8469664085887,960.8469664085887
8095,2023,Q3,36109,Tompkins County,upstate,Random Forest — level,8517.0,8465.218007996637,51.781992003363484,51.781992003363484
8095,2023,Q3,36111,Ulster County,upstate,Random Forest — level,8255.0,7735.6325030459275,519.3674969540725,519.3674969540725
8095,2023,Q3,36113,Warren County,upstate,Random Forest — level,11642.0,10674.681995538092,967.3180044619075,967.3180044619075
8095,2023,Q3,36117,Wayne County,upstate,Random Forest — level,5753.0,5574.864582089203,178.1354179107966,178.1354179107966
8095,2023,Q3,36119,Westchester County,downstate_non_nyc,Random Forest — level,96003.0,100243.8151302921,-4240.815130292103,4240.815130292103
8095,2023,Q3,36121,Wyoming County,upstate,Random Forest — level,3694.0,3526.0175627705617,167.98243722943835,167.98243722943835
8095,2023,Q3,36123,Yates County,upstate,Random Forest — level,2198.0,2033.4386776971185,164.56132230288154,164.56132230288154
8095,2023,Q3,36001,Albany County,upstate,Random Forest — change from seasonal persistence,40256.0,40403.76397730048,-147.76397730047756,147.76397730047756
8095,2023,Q3,36003,Allegany County,upstate,Random Forest — change from seasonal persistence,5809.0,4574.292694879196,1234.7073051208044,1234.7073051208044
8095,2023,Q3,36005,Bronx County,nyc,Random Forest — change from seasonal persistence,184352.0,194394.81307241198,-10042.813072411984,10042.813072411984
8095,2023,Q3,36007,Broome County,upstate,Random Forest — change from seasonal persistence,25514.0,25350.347952410335,163.65204758966502,163.65204758966502
8095,2023,Q3,36009,Cattaraugus County,upstate,Random Forest — change from seasonal persistence,6945.0,6372.16709032634,572.8329096736597,572.8329096736597
8095,2023,Q3,36011,Cayuga County,upstate,Random Forest — change from seasonal persistence,6228.0,6122.315698655375,105.68430134462506,105.68430134462506
8095,2023,Q3,36013,Chautauqua County,upstate,Random Forest — change from seasonal persistence,14849.0,14391.149470722905,457.8505292770951,457.8505292770951
8095,2023,Q3,36015,Chemung County,upstate,Random Forest — change from seasonal persistence,8499.0,8757.796397225868,-258.7963972258676,258.7963972258676
8095,2023,Q3,36017,Chenango County,upstate,Random Forest — change from seasonal persistence,4490.0,4659.770637788138,-169.77063778813772,169.77063778813772
8095,2023,Q3,36019,Clinton County,upstate,Random Forest — change from seasonal persistence,9832.0,8435.887726208975,1396.1122737910246,1396.1122737910246
8095,2023,Q3,36021,Columbia County,upstate,Random Forest — change from seasonal persistence,5559.0,5878.90424503465,-319.90424503464965,319.90424503464965
8095,2023,Q3,36023,Cortland County,upstate,Random Forest — change from seasonal persistence,6491.0,6304.694890345765,186.3051096542349,186.3051096542349
8095,2023,Q3,36025,Delaware County,upstate,Random Forest — change from seasonal persistence,4827.0,4607.778324522155,219.22167547784466,219.22167547784466
8095,2023,Q3,36027,Dutchess County,upstate,Random Forest — change from seasonal persistence,30286.0,30794.3382609901,-508.3382609900982,508.3382609900982
8095,2023,Q3,36029,Erie County,upstate,Random Forest — change from seasonal persistence,94205.0,89794.78839822045,4410.211601779549,4410.211601779549
8095,2023,Q3,36031,Essex County,upstate,Random Forest — change from seasonal persistence,4040.0,4718.155212507808,-678.1552125078078,678.1552125078078
8095,2023,Q3,36033,Franklin County,upstate,Random Forest — change from seasonal persistence,6982.0,6910.622482628482,71.37751737151757,71.37751737151757
8095,2023,Q3,36035,Fulton County,upstate,Random Forest — change from seasonal persistence,5483.0,5249.680389228691,233.31961077130927,233.31961077130927
8095,2023,Q3,36037,Genesee County,upstate,Random Forest — change from seasonal persistence,6557.0,5533.516534067784,1023.483465932216,1023.483465932216
8095,2023,Q3,36045,Jefferson County,upstate,Random Forest — change from seasonal persistence,14682.0,14612.399393415408,69.60060658459224,69.60060658459224
8095,2023,Q3,36047,Kings County,nyc,Random Forest — change from seasonal persistence,211770.0,220278.90823341472,-8508.908233414724,8508.908233414724
8095,2023,Q3,36049,Lewis County,upstate,Random Forest — change from seasonal persistence,2861.0,2907.6015108290403,-46.60151082904031,46.60151082904031
8095,2023,Q3,36051,Livingston County,upstate,Random Forest — change from seasonal persistence,3811.0,3859.1510878816175,-48.151087881617514,48.151087881617514
8095,2023,Q3,36053,Madison County,upstate,Random Forest — change from seasonal persistence,8942.0,8886.00898695395,55.991013046050284,55.991013046050284
8095,2023,Q3,36055,Monroe County,upstate,Random Forest — change from seasonal persistence,73982.0,75733.9767728499,-1751.9767728498991,1751.9767728498991
8095,2023,Q3,36057,Montgomery County,upstate,Random Forest — change from seasonal persistence,11351.0,11212.711234760609,138.28876523939107,138.28876523939107
8095,2023,Q3,36059,Nassau County,downstate_non_nyc,Random Forest — change from seasonal persistence,121245.0,105947.45313153404,15297.546868465957,15297.546868465957
8095,2023,Q3,36061,New York County,nyc,Random Forest — change from seasonal persistence,266747.0,267942.46508687607,-1195.4650868760655,1195.4650868760655
8095,2023,Q3,36063,Niagara County,upstate,Random Forest — change from seasonal persistence,10620.0,10881.328245524084,-261.3282455240842,261.3282455240842
8095,2023,Q3,36065,Oneida County,upstate,Random Forest — change from seasonal persistence,27345.0,25482.75252769026,1862.2474723097403,1862.2474723097403
8095,2023,Q3,36067,Onondaga County,upstate,Random Forest — change from seasonal persistence,54025.0,49888.29417633293,4136.705823667071,4136.705823667071
8095,2023,Q3,36069,Ontario County,upstate,Random Forest — change from seasonal persistence,17119.0,16531.27002025072,587.7299797492815,587.7299797492815
8095,2023,Q3,36071,Orange County,upstate,Random Forest — change from seasonal persistence,39085.0,40235.00240589041,-1150.0024058904091,1150.0024058904091
8095,2023,Q3,36075,Oswego County,upstate,Random Forest — change from seasonal persistence,6397.0,6274.036339692715,122.96366030728495,122.96366030728495
8095,2023,Q3,36077,Otsego County,upstate,Random Forest — change from seasonal persistence,9412.0,9591.681931982248,-179.681931982248,179.681931982248
8095,2023,Q3,36079,Putnam County,upstate,Random Forest — change from seasonal persistence,5512.0,5391.571674035387,120.42832596461267,120.42832596461267
8095,2023,Q3,36081,Queens County,nyc,Random Forest — change from seasonal persistence,158589.0,175774.09976201114,-17185.099762011145,17185.099762011145
8095,2023,Q3,36083,Rensselaer County,upstate,Random Forest — change from seasonal persistence,11979.0,11750.366021953809,228.63397804619126,228.63397804619126
8095,2023,Q3,36085,Richmond County,nyc,Random Forest — change from seasonal persistence,35880.0,23314.19455435415,12565.805445645849,12565.805445645849
8095,2023,Q3,36087,Rockland County,downstate_non_nyc,Random Forest — change from seasonal persistence,22220.0,24164.29636578645,-1944.2963657864493,1944.2963657864493
8095,2023,Q3,36089,St. Lawrence County,upstate,Random Forest — change from seasonal persistence,13385.0,14645.148286241536,-1260.148286241536,1260.148286241536
8095,2023,Q3,36091,Saratoga County,upstate,Random Forest — change from seasonal persistence,9940.0,10272.576139059742,-332.57613905974176,332.57613905974176
8095,2023,Q3,36093,Schenectady County,upstate,Random Forest — change from seasonal persistence,11415.0,11181.758140427382,233.2418595726176,233.2418595726176
8095,2023,Q3,36095,Schoharie County,upstate,Random Forest — change from seasonal persistence,2952.0,3130.4553544538253,-178.4553544538253,178.4553544538253
8095,2023,Q3,36097,Schuyler County,upstate,Random Forest — change from seasonal persistence,2114.0,2190.1983007039257,-76.19830070392572,76.19830070392572
8095,2023,Q3,36101,Steuben County,upstate,Random Forest — change from seasonal persistence,12058.0,11247.728009814804,810.271990185196,810.271990185196
8095,2023,Q3,36103,Suffolk County,downstate_non_nyc,Random Forest — change from seasonal persistence,116506.0,119652.65549282091,-3146.655492820908,3146.655492820908
8095,2023,Q3,36105,Sullivan County,upstate,Random Forest — change from seasonal persistence,8583.0,8606.727869727494,-23.72786972749418,23.72786972749418
8095,2023,Q3,36109,Tompkins County,upstate,Random Forest — change from seasonal persistence,8517.0,8557.531667352256,-40.53166735225568,40.53166735225568
8095,2023,Q3,36111,Ulster County,upstate,Random Forest — change from seasonal persistence,8255.0,7876.613719914345,378.386280085655,378.386280085655
8095,2023,Q3,36113,Warren County,upstate,Random Forest — change from seasonal persistence,11642.0,10865.481436178745,776.5185638212552,776.5185638212552
8095,2023,Q3,36117,Wayne County,upstate,Random Forest — change from seasonal persistence,5753.0,5858.782465515966,-105.78246551596567,105.78246551596567
8095,2023,Q3,36119,Westchester County,downstate_non_nyc,Random Forest — change from seasonal persistence,96003.0,102429.7441132318,-6426.744113231805,6426.744113231805
8095,2023,Q3,36121,Wyoming County,upstate,Random Forest — change from seasonal persistence,3694.0,3678.3326376159243,15.667362384075659,15.667362384075659
8095,2023,Q3,36123,Yates County,upstate,Random Forest — change from seasonal persistence,2198.0,2241.6104394679396,-43.610439467939614,43.610439467939614
8095,2023,Q3,36001,Albany County,upstate,XGBoost — level,40256.0,41334.07421875,-1078.07421875,1078.07421875
8095,2023,Q3,36003,Allegany County,upstate,XGBoost — level,5809.0,5218.423828125,590.576171875,590.576171875
8095,2023,Q3,36005,Bronx County,nyc,XGBoost — level,184352.0,174188.046875,10163.953125,10163.953125
8095,2023,Q3,36007,Broome County,upstate,XGBoost — level,25514.0,26038.3203125,-524.3203125,524.3203125
8095,2023,Q3,36009,Cattaraugus County,upstate,XGBoost — level,6945.0,6190.90869140625,754.09130859375,754.09130859375
8095,2023,Q3,36011,Cayuga County,upstate,XGBoost — level,6228.0,5815.1142578125,412.8857421875,412.8857421875
8095,2023,Q3,36013,Chautauqua County,upstate,XGBoost — level,14849.0,14477.7177734375,371.2822265625,371.2822265625
8095,2023,Q3,36015,Chemung County,upstate,XGBoost — level,8499.0,8116.5146484375,382.4853515625,382.4853515625
8095,2023,Q3,36017,Chenango County,upstate,XGBoost — level,4490.0,4342.25048828125,147.74951171875,147.74951171875
8095,2023,Q3,36019,Clinton County,upstate,XGBoost — level,9832.0,8278.564453125,1553.435546875,1553.435546875
8095,2023,Q3,36021,Columbia County,upstate,XGBoost — level,5559.0,5466.51708984375,92.48291015625,92.48291015625
8095,2023,Q3,36023,Cortland County,upstate,XGBoost — level,6491.0,5767.5048828125,723.4951171875,723.4951171875
8095,2023,Q3,36025,Delaware County,upstate,XGBoost — level,4827.0,4329.68603515625,497.31396484375,497.31396484375
8095,2023,Q3,36027,Dutchess County,upstate,XGBoost — level,30286.0,27699.61328125,2586.38671875,2586.38671875
8095,2023,Q3,36029,Erie County,upstate,XGBoost — level,94205.0,89629.734375,4575.265625,4575.265625
8095,2023,Q3,36031,Essex County,upstate,XGBoost — level,4040.0,3248.545654296875,791.454345703125,791.454345703125
8095,2023,Q3,36033,Franklin County,upstate,XGBoost — level,6982.0,6436.11865234375,545.88134765625,545.88134765625
8095,2023,Q3,36035,Fulton County,upstate,XGBoost — level,5483.0,5018.14208984375,464.85791015625,464.85791015625
8095,2023,Q3,36037,Genesee County,upstate,XGBoost — level,6557.0,5425.451171875,1131.548828125,1131.548828125
8095,2023,Q3,36045,Jefferson County,upstate,XGBoost — level,14682.0,15162.7373046875,-480.7373046875,480.7373046875
8095,2023,Q3,36047,Kings County,nyc,XGBoost — level,211770.0,215475.078125,-3705.078125,3705.078125
8095,2023,Q3,36049,Lewis County,upstate,XGBoost — level,2861.0,2637.293701171875,223.706298828125,223.706298828125
8095,2023,Q3,36051,Livingston County,upstate,XGBoost — level,3811.0,3813.65283203125,-2.65283203125,2.65283203125
8095,2023,Q3,36053,Madison County,upstate,XGBoost — level,8942.0,8902.2314453125,39.7685546875,39.7685546875
8095,2023,Q3,36055,Monroe County,upstate,XGBoost — level,73982.0,74144.984375,-162.984375,162.984375
8095,2023,Q3,36057,Montgomery County,upstate,XGBoost — level,11351.0,11272.2685546875,78.7314453125,78.7314453125
8095,2023,Q3,36059,Nassau County,downstate_non_nyc,XGBoost — level,121245.0,114578.3203125,6666.6796875,6666.6796875
8095,2023,Q3,36061,New York County,nyc,XGBoost — level,266747.0,232173.390625,34573.609375,34573.609375
8095,2023,Q3,36063,Niagara County,upstate,XGBoost — level,10620.0,10033.107421875,586.892578125,586.892578125
8095,2023,Q3,36065,Oneida County,upstate,XGBoost — level,27345.0,25951.4140625,1393.5859375,1393.5859375
8095,2023,Q3,36067,Onondaga County,upstate,XGBoost — level,54025.0,48183.59765625,5841.40234375,5841.40234375
8095,2023,Q3,36069,Ontario County,upstate,XGBoost — level,17119.0,16434.912109375,684.087890625,684.087890625
8095,2023,Q3,36071,Orange County,upstate,XGBoost — level,39085.0,35829.4296875,3255.5703125,3255.5703125
8095,2023,Q3,36075,Oswego County,upstate,XGBoost — level,6397.0,5576.06494140625,820.93505859375,820.93505859375
8095,2023,Q3,36077,Otsego County,upstate,XGBoost — level,9412.0,8869.6650390625,542.3349609375,542.3349609375
8095,2023,Q3,36079,Putnam County,upstate,XGBoost — level,5512.0,5343.068359375,168.931640625,168.931640625
8095,2023,Q3,36081,Queens County,nyc,XGBoost — level,158589.0,157552.125,1036.875,1036.875
8095,2023,Q3,36083,Rensselaer County,upstate,XGBoost — level,11979.0,11175.609375,803.390625,803.390625
8095,2023,Q3,36085,Richmond County,nyc,XGBoost — level,35880.0,37167.71484375,-1287.71484375,1287.71484375
8095,2023,Q3,36087,Rockland County,downstate_non_nyc,XGBoost — level,22220.0,23902.8203125,-1682.8203125,1682.8203125
8095,2023,Q3,36089,St. Lawrence County,upstate,XGBoost — level,13385.0,12616.294921875,768.705078125,768.705078125
8095,2023,Q3,36091,Saratoga County,upstate,XGBoost — level,9940.0,9882.0654296875,57.9345703125,57.9345703125
8095,2023,Q3,36093,Schenectady County,upstate,XGBoost — level,11415.0,10989.1728515625,425.8271484375,425.8271484375
8095,2023,Q3,36095,Schoharie County,upstate,XGBoost — level,2952.0,2815.7880859375,136.2119140625,136.2119140625
8095,2023,Q3,36097,Schuyler County,upstate,XGBoost — level,2114.0,2063.646484375,50.353515625,50.353515625
8095,2023,Q3,36101,Steuben County,upstate,XGBoost — level,12058.0,11156.279296875,901.720703125,901.720703125
8095,2023,Q3,36103,Suffolk County,downstate_non_nyc,XGBoost — level,116506.0,110469.3828125,6036.6171875,6036.6171875
8095,2023,Q3,36105,Sullivan County,upstate,XGBoost — level,8583.0,7724.6875,858.3125,858.3125
8095,2023,Q3,36109,Tompkins County,upstate,XGBoost — level,8517.0,8412.3251953125,104.6748046875,104.6748046875
8095,2023,Q3,36111,Ulster County,upstate,XGBoost — level,8255.0,8346.140625,-91.140625,91.140625
8095,2023,Q3,36113,Warren County,upstate,XGBoost — level,11642.0,10736.8583984375,905.1416015625,905.1416015625
8095,2023,Q3,36117,Wayne County,upstate,XGBoost — level,5753.0,5498.21044921875,254.78955078125,254.78955078125
8095,2023,Q3,36119,Westchester County,downstate_non_nyc,XGBoost — level,96003.0,108533.5703125,-12530.5703125,12530.5703125
8095,2023,Q3,36121,Wyoming County,upstate,XGBoost — level,3694.0,3599.3095703125,94.6904296875,94.6904296875
8095,2023,Q3,36123,Yates County,upstate,XGBoost — level,2198.0,2062.31103515625,135.68896484375,135.68896484375
8095,2023,Q3,36001,Albany County,upstate,XGBoost — change from seasonal persistence,40256.0,41774.6640625,-1518.6640625,1518.6640625
8095,2023,Q3,36003,Allegany County,upstate,XGBoost — change from seasonal persistence,5809.0,4402.3023681640625,1406.6976318359375,1406.6976318359375
8095,2023,Q3,36005,Bronx County,nyc,XGBoost — change from seasonal persistence,184352.0,199951.8876953125,-15599.8876953125,15599.8876953125
8095,2023,Q3,36007,Broome County,upstate,XGBoost — change from seasonal persistence,25514.0,26311.13720703125,-797.13720703125,797.13720703125
8095,2023,Q3,36009,Cattaraugus County,upstate,XGBoost — change from seasonal persistence,6945.0,6430.741340637207,514.258659362793,514.258659362793
8095,2023,Q3,36011,Cayuga County,upstate,XGBoost — change from seasonal persistence,6228.0,6509.872561454773,-281.87256145477295,281.87256145477295
8095,2023,Q3,36013,Chautauqua County,upstate,XGBoost — change from seasonal persistence,14849.0,14515.475555419922,333.5244445800781,333.5244445800781
8095,2023,Q3,36015,Chemung County,upstate,XGBoost — change from seasonal persistence,8499.0,8710.384643554688,-211.3846435546875,211.3846435546875
8095,2023,Q3,36017,Chenango County,upstate,XGBoost — change from seasonal persistence,4490.0,4767.289459228516,-277.2894592285156,277.2894592285156
8095,2023,Q3,36019,Clinton County,upstate,XGBoost — change from seasonal persistence,9832.0,8718.315399169922,1113.6846008300781,1113.6846008300781
8095,2023,Q3,36021,Columbia County,upstate,XGBoost — change from seasonal persistence,5559.0,5619.06965637207,-60.06965637207031,60.06965637207031
8095,2023,Q3,36023,Cortland County,upstate,XGBoost — change from seasonal persistence,6491.0,6222.127197265625,268.872802734375,268.872802734375
8095,2023,Q3,36025,Delaware County,upstate,XGBoost — change from seasonal persistence,4827.0,4768.5166015625,58.4833984375,58.4833984375
8095,2023,Q3,36027,Dutchess County,upstate,XGBoost — change from seasonal persistence,30286.0,31288.071838378906,-1002.0718383789062,1002.0718383789062
8095,2023,Q3,36029,Erie County,upstate,XGBoost — change from seasonal persistence,94205.0,91268.02740478516,2936.9725952148438,2936.9725952148438
8095,2023,Q3,36031,Essex County,upstate,XGBoost — change from seasonal persistence,4040.0,4658.260787963867,-618.2607879638672,618.2607879638672
8095,2023,Q3,36033,Franklin County,upstate,XGBoost — change from seasonal persistence,6982.0,6934.942138671875,47.057861328125,47.057861328125
8095,2023,Q3,36035,Fulton County,upstate,XGBoost — change from seasonal persistence,5483.0,5337.447128295898,145.55287170410156,145.55287170410156
8095,2023,Q3,36037,Genesee County,upstate,XGBoost — change from seasonal persistence,6557.0,5646.068483352661,910.9315166473389,910.9315166473389
8095,2023,Q3,36045,Jefferson County,upstate,XGBoost — change from seasonal persistence,14682.0,15259.916015625,-577.916015625,577.916015625
8095,2023,Q3,36047,Kings County,nyc,XGBoost — change from seasonal persistence,211770.0,222862.193359375,-11092.193359375,11092.193359375
8095,2023,Q3,36049,Lewis County,upstate,XGBoost — change from seasonal persistence,2861.0,3405.134521484375,-544.134521484375,544.134521484375
8095,2023,Q3,36051,Livingston County,upstate,XGBoost — change from seasonal persistence,3811.0,3856.6234283447266,-45.62342834472656,45.62342834472656
8095,2023,Q3,36053,Madison County,upstate,XGBoost — change from seasonal persistence,8942.0,9071.816192626953,-129.81619262695312,129.81619262695312
8095,2023,Q3,36055,Monroe County,upstate,XGBoost — change from seasonal persistence,73982.0,76604.42919921875,-2622.42919921875,2622.42919921875
8095,2023,Q3,36057,Montgomery County,upstate,XGBoost — change from seasonal persistence,11351.0,11397.002319335938,-46.0023193359375,46.0023193359375
8095,2023,Q3,36059,Nassau County,downstate_non_nyc,XGBoost — change from seasonal persistence,121245.0,122507.81018066406,-1262.8101806640625,1262.8101806640625
8095,2023,Q3,36061,New York County,nyc,XGBoost — change from seasonal persistence,266747.0,269229.9755859375,-2482.9755859375,2482.9755859375
8095,2023,Q3,36063,Niagara County,upstate,XGBoost — change from seasonal persistence,10620.0,11071.042846679688,-451.0428466796875,451.0428466796875
8095,2023,Q3,36065,Oneida County,upstate,XGBoost — change from seasonal persistence,27345.0,27181.54541015625,163.45458984375,163.45458984375
8095,2023,Q3,36067,Onondaga County,upstate,XGBoost — change from seasonal persistence,54025.0,51410.88037109375,2614.11962890625,2614.11962890625
8095,2023,Q3,36069,Ontario County,upstate,XGBoost — change from seasonal persistence,17119.0,17227.00799560547,-108.00799560546875,108.00799560546875
8095,2023,Q3,36071,Orange County,upstate,XGBoost — change from seasonal persistence,39085.0,39614.90490722656,-529.9049072265625,529.9049072265625
8095,2023,Q3,36075,Oswego County,upstate,XGBoost — change from seasonal persistence,6397.0,6399.074207305908,-2.074207305908203,2.074207305908203
8095,2023,Q3,36077,Otsego County,upstate,XGBoost — change from seasonal persistence,9412.0,9347.508224487305,64.49177551269531,64.49177551269531
8095,2023,Q3,36079,Putnam County,upstate,XGBoost — change from seasonal persistence,5512.0,5584.536682128906,-72.53668212890625,72.53668212890625
8095,2023,Q3,36081,Queens County,nyc,XGBoost — change from seasonal persistence,158589.0,163378.58544921875,-4789.58544921875,4789.58544921875
8095,2023,Q3,36083,Rensselaer County,upstate,XGBoost — change from seasonal persistence,11979.0,12022.520332336426,-43.52033233642578,43.52033233642578
8095,2023,Q3,36085,Richmond County,nyc,XGBoost — change from seasonal persistence,35880.0,34193.078125,1686.921875,1686.921875
8095,2023,Q3,36087,Rockland County,downstate_non_nyc,XGBoost — change from seasonal persistence,22220.0,24310.901977539062,-2090.9019775390625,2090.9019775390625
8095,2023,Q3,36089,St. Lawrence County,upstate,XGBoost — change from seasonal persistence,13385.0,14722.865234375,-1337.865234375,1337.865234375
8095,2023,Q3,36091,Saratoga County,upstate,XGBoost — change from seasonal persistence,9940.0,10301.036804199219,-361.03680419921875,361.03680419921875
8095,2023,Q3,36093,Schenectady County,upstate,XGBoost — change from seasonal persistence,11415.0,11745.139770507812,-330.1397705078125,330.1397705078125
8095,2023,Q3,36095,Schoharie County,upstate,XGBoost — change from seasonal persistence,2952.0,3206.084686279297,-254.08468627929688,254.08468627929688
8095,2023,Q3,36097,Schuyler County,upstate,XGBoost — change from seasonal persistence,2114.0,2437.1255493164062,-323.12554931640625,323.12554931640625
8095,2023,Q3,36101,Steuben County,upstate,XGBoost — change from seasonal persistence,12058.0,11553.888427734375,504.111572265625,504.111572265625
8095,2023,Q3,36103,Suffolk County,downstate_non_nyc,XGBoost — change from seasonal persistence,116506.0,119685.650390625,-3179.650390625,3179.650390625
8095,2023,Q3,36105,Sullivan County,upstate,XGBoost — change from seasonal persistence,8583.0,8474.640048980713,108.35995101928711,108.35995101928711
8095,2023,Q3,36109,Tompkins County,upstate,XGBoost — change from seasonal persistence,8517.0,8803.90397644043,-286.9039764404297,286.9039764404297
8095,2023,Q3,36111,Ulster County,upstate,XGBoost — change from seasonal persistence,8255.0,8720.232177734375,-465.232177734375,465.232177734375
8095,2023,Q3,36113,Warren County,upstate,XGBoost — change from seasonal persistence,11642.0,10971.93521118164,670.0647888183594,670.0647888183594
8095,2023,Q3,36117,Wayne County,upstate,XGBoost — change from seasonal persistence,5753.0,5965.950424194336,-212.95042419433594,212.95042419433594
8095,2023,Q3,36119,Westchester County,downstate_non_nyc,XGBoost — change from seasonal persistence,96003.0,103038.2255859375,-7035.2255859375,7035.2255859375
8095,2023,Q3,36121,Wyoming County,upstate,XGBoost — change from seasonal persistence,3694.0,3554.661750793457,139.33824920654297,139.33824920654297
8095,2023,Q3,36123,Yates County,upstate,XGBoost — change from seasonal persistence,2198.0,2445.1182708740234,-247.11827087402344,247.11827087402344
8096,2023,Q4,36001,Albany County,upstate,Previous-quarter persistence,40267.0,40256.0,11.0,11.0
8096,2023,Q4,36003,Allegany County,upstate,Previous-quarter persistence,6428.0,5809.0,619.0,619.0
8096,2023,Q4,36005,Bronx County,nyc,Previous-quarter persistence,195893.0,184352.0,11541.0,11541.0
8096,2023,Q4,36007,Broome County,upstate,Previous-quarter persistence,25216.0,25514.0,-298.0,298.0
8096,2023,Q4,36009,Cattaraugus County,upstate,Previous-quarter persistence,6817.0,6945.0,-128.0,128.0
8096,2023,Q4,36011,Cayuga County,upstate,Previous-quarter persistence,6100.0,6228.0,-128.0,128.0
8096,2023,Q4,36013,Chautauqua County,upstate,Previous-quarter persistence,14560.0,14849.0,-289.0,289.0
8096,2023,Q4,36015,Chemung County,upstate,Previous-quarter persistence,8445.0,8499.0,-54.0,54.0
8096,2023,Q4,36017,Chenango County,upstate,Previous-quarter persistence,4832.0,4490.0,342.0,342.0
8096,2023,Q4,36019,Clinton County,upstate,Previous-quarter persistence,9302.0,9832.0,-530.0,530.0
8096,2023,Q4,36021,Columbia County,upstate,Previous-quarter persistence,5148.0,5559.0,-411.0,411.0
8096,2023,Q4,36023,Cortland County,upstate,Previous-quarter persistence,6686.0,6491.0,195.0,195.0
8096,2023,Q4,36025,Delaware County,upstate,Previous-quarter persistence,4528.0,4827.0,-299.0,299.0
8096,2023,Q4,36027,Dutchess County,upstate,Previous-quarter persistence,30093.0,30286.0,-193.0,193.0
8096,2023,Q4,36029,Erie County,upstate,Previous-quarter persistence,92982.0,94205.0,-1223.0,1223.0
8096,2023,Q4,36031,Essex County,upstate,Previous-quarter persistence,3704.0,4040.0,-336.0,336.0
8096,2023,Q4,36033,Franklin County,upstate,Previous-quarter persistence,6161.0,6982.0,-821.0,821.0
8096,2023,Q4,36035,Fulton County,upstate,Previous-quarter persistence,5392.0,5483.0,-91.0,91.0
8096,2023,Q4,36037,Genesee County,upstate,Previous-quarter persistence,5911.0,6557.0,-646.0,646.0
8096,2023,Q4,36045,Jefferson County,upstate,Previous-quarter persistence,14266.0,14682.0,-416.0,416.0
8096,2023,Q4,36047,Kings County,nyc,Previous-quarter persistence,225963.0,211770.0,14193.0,14193.0
8096,2023,Q4,36049,Lewis County,upstate,Previous-quarter persistence,2737.0,2861.0,-124.0,124.0
8096,2023,Q4,36051,Livingston County,upstate,Previous-quarter persistence,3865.0,3811.0,54.0,54.0
8096,2023,Q4,36053,Madison County,upstate,Previous-quarter persistence,8925.0,8942.0,-17.0,17.0
8096,2023,Q4,36055,Monroe County,upstate,Previous-quarter persistence,75787.0,73982.0,1805.0,1805.0
8096,2023,Q4,36057,Montgomery County,upstate,Previous-quarter persistence,11091.0,11351.0,-260.0,260.0
8096,2023,Q4,36059,Nassau County,downstate_non_nyc,Previous-quarter persistence,123061.0,121245.0,1816.0,1816.0
8096,2023,Q4,36061,New York County,nyc,Previous-quarter persistence,284241.0,266747.0,17494.0,17494.0
8096,2023,Q4,36063,Niagara County,upstate,Previous-quarter persistence,9994.0,10620.0,-626.0,626.0
8096,2023,Q4,36065,Oneida County,upstate,Previous-quarter persistence,13722.0,27345.0,-13623.0,13623.0
8096,2023,Q4,36067,Onondaga County,upstate,Previous-quarter persistence,55443.0,54025.0,1418.0,1418.0
8096,2023,Q4,36069,Ontario County,upstate,Previous-quarter persistence,16521.0,17119.0,-598.0,598.0
8096,2023,Q4,36071,Orange County,upstate,Previous-quarter persistence,38846.0,39085.0,-239.0,239.0
8096,2023,Q4,36075,Oswego County,upstate,Previous-quarter persistence,5986.0,6397.0,-411.0,411.0
8096,2023,Q4,36077,Otsego County,upstate,Previous-quarter persistence,9055.0,9412.0,-357.0,357.0
8096,2023,Q4,36079,Putnam County,upstate,Previous-quarter persistence,5298.0,5512.0,-214.0,214.0
8096,2023,Q4,36081,Queens County,nyc,Previous-quarter persistence,168828.0,158589.0,10239.0,10239.0
8096,2023,Q4,36083,Rensselaer County,upstate,Previous-quarter persistence,11004.0,11979.0,-975.0,975.0
8096,2023,Q4,36085,Richmond County,nyc,Previous-quarter persistence,38183.0,35880.0,2303.0,2303.0
8096,2023,Q4,36087,Rockland County,downstate_non_nyc,Previous-quarter persistence,22865.0,22220.0,645.0,645.0
8096,2023,Q4,36089,St. Lawrence County,upstate,Previous-quarter persistence,13551.0,13385.0,166.0,166.0
8096,2023,Q4,36091,Saratoga County,upstate,Previous-quarter persistence,9559.0,9940.0,-381.0,381.0
8096,2023,Q4,36093,Schenectady County,upstate,Previous-quarter persistence,11692.0,11415.0,277.0,277.0
8096,2023,Q4,36095,Schoharie County,upstate,Previous-quarter persistence,2906.0,2952.0,-46.0,46.0
8096,2023,Q4,36097,Schuyler County,upstate,Previous-quarter persistence,2008.0,2114.0,-106.0,106.0
8096,2023,Q4,36101,Steuben County,upstate,Previous-quarter persistence,12000.0,12058.0,-58.0,58.0
8096,2023,Q4,36103,Suffolk County,downstate_non_nyc,Previous-quarter persistence,115562.0,116506.0,-944.0,944.0
8096,2023,Q4,36105,Sullivan County,upstate,Previous-quarter persistence,7561.0,8583.0,-1022.0,1022.0
8096,2023,Q4,36109,Tompkins County,upstate,Previous-quarter persistence,7830.0,8517.0,-687.0,687.0
8096,2023,Q4,36111,Ulster County,upstate,Previous-quarter persistence,7748.0,8255.0,-507.0,507.0
8096,2023,Q4,36113,Warren County,upstate,Previous-quarter persistence,10520.0,11642.0,-1122.0,1122.0
8096,2023,Q4,36117,Wayne County,upstate,Previous-quarter persistence,5655.0,5753.0,-98.0,98.0
8096,2023,Q4,36119,Westchester County,downstate_non_nyc,Previous-quarter persistence,102031.0,96003.0,6028.0,6028.0
8096,2023,Q4,36121,Wyoming County,upstate,Previous-quarter persistence,3557.0,3694.0,-137.0,137.0
8096,2023,Q4,36123,Yates County,upstate,Previous-quarter persistence,2048.0,2198.0,-150.0,150.0
8096,2023,Q4,36001,Albany County,upstate,Seasonal persistence,40267.0,41418.0,-1151.0,1151.0
8096,2023,Q4,36003,Allegany County,upstate,Seasonal persistence,6428.0,3511.0,2917.0,2917.0
8096,2023,Q4,36005,Bronx County,nyc,Seasonal persistence,195893.0,199815.0,-3922.0,3922.0
8096,2023,Q4,36007,Broome County,upstate,Seasonal persistence,25216.0,24170.0,1046.0,1046.0
8096,2023,Q4,36009,Cattaraugus County,upstate,Seasonal persistence,6817.0,6684.0,133.0,133.0
8096,2023,Q4,36011,Cayuga County,upstate,Seasonal persistence,6100.0,5966.0,134.0,134.0
8096,2023,Q4,36013,Chautauqua County,upstate,Seasonal persistence,14560.0,14501.0,59.0,59.0
8096,2023,Q4,36015,Chemung County,upstate,Seasonal persistence,8445.0,8360.0,85.0,85.0
8096,2023,Q4,36017,Chenango County,upstate,Seasonal persistence,4832.0,4435.0,397.0,397.0
8096,2023,Q4,36019,Clinton County,upstate,Seasonal persistence,9302.0,8598.0,704.0,704.0
8096,2023,Q4,36021,Columbia County,upstate,Seasonal persistence,5148.0,5304.0,-156.0,156.0
8096,2023,Q4,36023,Cortland County,upstate,Seasonal persistence,6686.0,6727.0,-41.0,41.0
8096,2023,Q4,36025,Delaware County,upstate,Seasonal persistence,4528.0,4713.0,-185.0,185.0
8096,2023,Q4,36027,Dutchess County,upstate,Seasonal persistence,30093.0,30260.0,-167.0,167.0
8096,2023,Q4,36029,Erie County,upstate,Seasonal persistence,92982.0,88052.0,4930.0,4930.0
8096,2023,Q4,36031,Essex County,upstate,Seasonal persistence,3704.0,4172.0,-468.0,468.0
8096,2023,Q4,36033,Franklin County,upstate,Seasonal persistence,6161.0,6537.0,-376.0,376.0
8096,2023,Q4,36035,Fulton County,upstate,Seasonal persistence,5392.0,5130.0,262.0,262.0
8096,2023,Q4,36037,Genesee County,upstate,Seasonal persistence,5911.0,6205.0,-294.0,294.0
8096,2023,Q4,36045,Jefferson County,upstate,Seasonal persistence,14266.0,11610.0,2656.0,2656.0
8096,2023,Q4,36047,Kings County,nyc,Seasonal persistence,225963.0,224386.0,1577.0,1577.0
8096,2023,Q4,36049,Lewis County,upstate,Seasonal persistence,2737.0,2739.0,-2.0,2.0
8096,2023,Q4,36051,Livingston County,upstate,Seasonal persistence,3865.0,3549.0,316.0,316.0
8096,2023,Q4,36053,Madison County,upstate,Seasonal persistence,8925.0,9324.0,-399.0,399.0
8096,2023,Q4,36055,Monroe County,upstate,Seasonal persistence,75787.0,73960.0,1827.0,1827.0
8096,2023,Q4,36057,Montgomery County,upstate,Seasonal persistence,11091.0,10456.0,635.0,635.0
8096,2023,Q4,36059,Nassau County,downstate_non_nyc,Seasonal persistence,123061.0,123804.0,-743.0,743.0
8096,2023,Q4,36061,New York County,nyc,Seasonal persistence,284241.0,277461.0,6780.0,6780.0
8096,2023,Q4,36063,Niagara County,upstate,Seasonal persistence,9994.0,12386.0,-2392.0,2392.0
8096,2023,Q4,36065,Oneida County,upstate,Seasonal persistence,13722.0,26656.0,-12934.0,12934.0
8096,2023,Q4,36067,Onondaga County,upstate,Seasonal persistence,55443.0,49830.0,5613.0,5613.0
8096,2023,Q4,36069,Ontario County,upstate,Seasonal persistence,16521.0,16173.0,348.0,348.0
8096,2023,Q4,36071,Orange County,upstate,Seasonal persistence,38846.0,39164.0,-318.0,318.0
8096,2023,Q4,36075,Oswego County,upstate,Seasonal persistence,5986.0,6060.0,-74.0,74.0
8096,2023,Q4,36077,Otsego County,upstate,Seasonal persistence,9055.0,8791.0,264.0,264.0
8096,2023,Q4,36079,Putnam County,upstate,Seasonal persistence,5298.0,5597.0,-299.0,299.0
8096,2023,Q4,36081,Queens County,nyc,Seasonal persistence,168828.0,186836.0,-18008.0,18008.0
8096,2023,Q4,36083,Rensselaer County,upstate,Seasonal persistence,11004.0,12470.0,-1466.0,1466.0
8096,2023,Q4,36085,Richmond County,nyc,Seasonal persistence,38183.0,13941.0,24242.0,24242.0
8096,2023,Q4,36087,Rockland County,downstate_non_nyc,Seasonal persistence,22865.0,22990.0,-125.0,125.0
8096,2023,Q4,36089,St. Lawrence County,upstate,Seasonal persistence,13551.0,17092.0,-3541.0,3541.0
8096,2023,Q4,36091,Saratoga County,upstate,Seasonal persistence,9559.0,9244.0,315.0,315.0
8096,2023,Q4,36093,Schenectady County,upstate,Seasonal persistence,11692.0,11783.0,-91.0,91.0
8096,2023,Q4,36095,Schoharie County,upstate,Seasonal persistence,2906.0,3191.0,-285.0,285.0
8096,2023,Q4,36097,Schuyler County,upstate,Seasonal persistence,2008.0,1989.0,19.0,19.0
8096,2023,Q4,36101,Steuben County,upstate,Seasonal persistence,12000.0,12033.0,-33.0,33.0
8096,2023,Q4,36103,Suffolk County,downstate_non_nyc,Seasonal persistence,115562.0,137306.0,-21744.0,21744.0
8096,2023,Q4,36105,Sullivan County,upstate,Seasonal persistence,7561.0,7735.0,-174.0,174.0
8096,2023,Q4,36109,Tompkins County,upstate,Seasonal persistence,7830.0,8723.0,-893.0,893.0
8096,2023,Q4,36111,Ulster County,upstate,Seasonal persistence,7748.0,6010.0,1738.0,1738.0
8096,2023,Q4,36113,Warren County,upstate,Seasonal persistence,10520.0,10323.0,197.0,197.0
8096,2023,Q4,36117,Wayne County,upstate,Seasonal persistence,5655.0,5611.0,44.0,44.0
8096,2023,Q4,36119,Westchester County,downstate_non_nyc,Seasonal persistence,102031.0,93641.0,8390.0,8390.0
8096,2023,Q4,36121,Wyoming County,upstate,Seasonal persistence,3557.0,3678.0,-121.0,121.0
8096,2023,Q4,36123,Yates County,upstate,Seasonal persistence,2048.0,2030.0,18.0,18.0
8096,2023,Q4,36001,Albany County,upstate,Ridge — level,40267.0,43378.08167240534,-3111.0816724053366,3111.0816724053366
8096,2023,Q4,36003,Allegany County,upstate,Ridge — level,6428.0,8924.08162561346,-2496.0816256134603,2496.0816256134603
8096,2023,Q4,36005,Bronx County,nyc,Ridge — level,195893.0,180443.16912145523,15449.830878544773,15449.830878544773
8096,2023,Q4,36007,Broome County,upstate,Ridge — level,25216.0,27554.88437501878,-2338.8843750187807,2338.8843750187807
8096,2023,Q4,36009,Cattaraugus County,upstate,Ridge — level,6817.0,9473.835399184314,-2656.835399184314,2656.835399184314
8096,2023,Q4,36011,Cayuga County,upstate,Ridge — level,6100.0,7795.686575610998,-1695.6865756109983,1695.6865756109983
8096,2023,Q4,36013,Chautauqua County,upstate,Ridge — level,14560.0,17161.49914266274,-2601.4991426627384,2601.4991426627384
8096,2023,Q4,36015,Chemung County,upstate,Ridge — level,8445.0,11709.836490071819,-3264.836490071819,3264.836490071819
8096,2023,Q4,36017,Chenango County,upstate,Ridge — level,4832.0,5161.951395049444,-329.9513950494438,329.9513950494438
8096,2023,Q4,36019,Clinton County,upstate,Ridge — level,9302.0,9904.491575333635,-602.4915753336354,602.4915753336354
8096,2023,Q4,36021,Columbia County,upstate,Ridge — level,5148.0,7612.628624936951,-2464.6286249369514,2464.6286249369514
8096,2023,Q4,36023,Cortland County,upstate,Ridge — level,6686.0,7335.998937503624,-649.9989375036239,649.9989375036239
8096,2023,Q4,36025,Delaware County,upstate,Ridge — level,4528.0,9210.566053236103,-4682.5660532361035,4682.5660532361035
8096,2023,Q4,36027,Dutchess County,upstate,Ridge — level,30093.0,32073.174901118327,-1980.1749011183274,1980.1749011183274
8096,2023,Q4,36029,Erie County,upstate,Ridge — level,92982.0,95050.47162259319,-2068.4716225931916,2068.4716225931916
8096,2023,Q4,36031,Essex County,upstate,Ridge — level,3704.0,5008.675214737406,-1304.6752147374063,1304.6752147374063
8096,2023,Q4,36033,Franklin County,upstate,Ridge — level,6161.0,10625.570282246012,-4464.570282246012,4464.570282246012
8096,2023,Q4,36035,Fulton County,upstate,Ridge — level,5392.0,7417.241063074845,-2025.2410630748454,2025.2410630748454
8096,2023,Q4,36037,Genesee County,upstate,Ridge — level,5911.0,6453.921434744956,-542.9214347449561,542.9214347449561
8096,2023,Q4,36045,Jefferson County,upstate,Ridge — level,14266.0,14907.177922985884,-641.1779229858839,641.1779229858839
8096,2023,Q4,36047,Kings County,nyc,Ridge — level,225963.0,213531.25787339758,12431.742126602418,12431.742126602418
8096,2023,Q4,36049,Lewis County,upstate,Ridge — level,2737.0,2303.894688408269,433.10531159173115,433.10531159173115
8096,2023,Q4,36051,Livingston County,upstate,Ridge — level,3865.0,6367.134984645549,-2502.1349846455487,2502.1349846455487
8096,2023,Q4,36053,Madison County,upstate,Ridge — level,8925.0,9424.381785778907,-499.3817857789072,499.3817857789072
8096,2023,Q4,36055,Monroe County,upstate,Ridge — level,75787.0,74843.37237306536,943.6276269346417,943.6276269346417
8096,2023,Q4,36057,Montgomery County,upstate,Ridge — level,11091.0,14138.267546686555,-3047.267546686555,3047.267546686555
8096,2023,Q4,36059,Nassau County,downstate_non_nyc,Ridge — level,123061.0,120590.45129508196,2470.5487049180374,2470.5487049180374
8096,2023,Q4,36061,New York County,nyc,Ridge — level,284241.0,261293.33926011014,22947.660739889863,22947.660739889863
8096,2023,Q4,36063,Niagara County,upstate,Ridge — level,9994.0,18701.84059181279,-8707.84059181279,8707.84059181279
8096,2023,Q4,36065,Oneida County,upstate,Ridge — level,13722.0,28521.764946925116,-14799.764946925116,14799.764946925116
8096,2023,Q4,36067,Onondaga County,upstate,Ridge — level,55443.0,54205.0510617471,1237.948938252899,1237.948938252899
8096,2023,Q4,36069,Ontario County,upstate,Ridge — level,16521.0,19074.532956208823,-2553.5329562088227,2553.5329562088227
8096,2023,Q4,36071,Orange County,upstate,Ridge — level,38846.0,40676.51198741705,-1830.5119874170487,1830.5119874170487
8096,2023,Q4,36075,Oswego County,upstate,Ridge — level,5986.0,8056.966765333604,-2070.9667653336037,2070.9667653336037
8096,2023,Q4,36077,Otsego County,upstate,Ridge — level,9055.0,11642.002981100311,-2587.0029811003114,2587.0029811003114
8096,2023,Q4,36079,Putnam County,upstate,Ridge — level,5298.0,8280.734646926332,-2982.734646926332,2982.734646926332
8096,2023,Q4,36081,Queens County,nyc,Ridge — level,168828.0,160746.42145494497,8081.578545055032,8081.578545055032
8096,2023,Q4,36083,Rensselaer County,upstate,Ridge — level,11004.0,13006.413194088695,-2002.4131940886946,2002.4131940886946
8096,2023,Q4,36085,Richmond County,nyc,Ridge — level,38183.0,41412.50620316147,-3229.5062031614725,3229.5062031614725
8096,2023,Q4,36087,Rockland County,downstate_non_nyc,Ridge — level,22865.0,23018.09968579932,-153.09968579931956,153.09968579931956
8096,2023,Q4,36089,St. Lawrence County,upstate,Ridge — level,13551.0,18591.39586443163,-5040.39586443163,5040.39586443163
8096,2023,Q4,36091,Saratoga County,upstate,Ridge — level,9559.0,13070.703075545225,-3511.703075545225,3511.703075545225
8096,2023,Q4,36093,Schenectady County,upstate,Ridge — level,11692.0,14891.23988832649,-3199.2398883264905,3199.2398883264905
8096,2023,Q4,36095,Schoharie County,upstate,Ridge — level,2906.0,4443.556627521295,-1537.556627521295,1537.556627521295
8096,2023,Q4,36097,Schuyler County,upstate,Ridge — level,2008.0,5624.854524267255,-3616.8545242672553,3616.8545242672553
8096,2023,Q4,36101,Steuben County,upstate,Ridge — level,12000.0,15776.356315166657,-3776.3563151666567,3776.3563151666567
8096,2023,Q4,36103,Suffolk County,downstate_non_nyc,Ridge — level,115562.0,115152.97782492955,409.02217507045134,409.02217507045134
8096,2023,Q4,36105,Sullivan County,upstate,Ridge — level,7561.0,11026.305102844297,-3465.305102844297,3465.305102844297
8096,2023,Q4,36109,Tompkins County,upstate,Ridge — level,7830.0,11901.954674011577,-4071.9546740115766,4071.9546740115766
8096,2023,Q4,36111,Ulster County,upstate,Ridge — level,7748.0,12647.836649891793,-4899.836649891793,4899.836649891793
8096,2023,Q4,36113,Warren County,upstate,Ridge — level,10520.0,12403.77257973058,-1883.7725797305793,1883.7725797305793
8096,2023,Q4,36117,Wayne County,upstate,Ridge — level,5655.0,6674.445864335139,-1019.445864335139,1019.445864335139
8096,2023,Q4,36119,Westchester County,downstate_non_nyc,Ridge — level,102031.0,98720.97103611735,3310.0289638826507,3310.0289638826507
8096,2023,Q4,36121,Wyoming County,upstate,Ridge — level,3557.0,4070.9688175330994,-513.9688175330994,513.9688175330994
8096,2023,Q4,36123,Yates County,upstate,Ridge — level,2048.0,4792.4568689716,-2744.4568689715998,2744.4568689715998
8096,2023,Q4,36001,Albany County,upstate,Ridge — change from seasonal persistence,40267.0,43486.33141358371,-3219.3314135837136,3219.3314135837136
8096,2023,Q4,36003,Allegany County,upstate,Ridge — change from seasonal persistence,6428.0,8759.725249371058,-2331.7252493710585,2331.7252493710585
8096,2023,Q4,36005,Bronx County,nyc,Ridge — change from seasonal persistence,195893.0,181654.0081252501,14238.991874749889,14238.991874749889
8096,2023,Q4,36007,Broome County,upstate,Ridge — change from seasonal persistence,25216.0,28089.847477139585,-2873.847477139585,2873.847477139585
8096,2023,Q4,36009,Cattaraugus County,upstate,Ridge — change from seasonal persistence,6817.0,9102.65581607011,-2285.6558160701097,2285.6558160701097
8096,2023,Q4,36011,Cayuga County,upstate,Ridge — change from seasonal persistence,6100.0,7635.104031632439,-1535.1040316324388,1535.1040316324388
8096,2023,Q4,36013,Chautauqua County,upstate,Ridge — change from seasonal persistence,14560.0,16704.700357736278,-2144.7003577362775,2144.7003577362775
8096,2023,Q4,36015,Chemung County,upstate,Ridge — change from seasonal persistence,8445.0,11795.134196219191,-3350.134196219191,3350.134196219191
8096,2023,Q4,36017,Chenango County,upstate,Ridge — change from seasonal persistence,4832.0,5617.410615231607,-785.4106152316072,785.4106152316072
8096,2023,Q4,36019,Clinton County,upstate,Ridge — change from seasonal persistence,9302.0,9816.449635195793,-514.4496351957932,514.4496351957932
8096,2023,Q4,36021,Columbia County,upstate,Ridge — change from seasonal persistence,5148.0,8216.670901542955,-3068.670901542955,3068.670901542955
8096,2023,Q4,36023,Cortland County,upstate,Ridge — change from seasonal persistence,6686.0,7486.386836508409,-800.386836508409,800.386836508409
8096,2023,Q4,36025,Delaware County,upstate,Ridge — change from seasonal persistence,4528.0,10397.0429784576,-5869.042978457601,5869.042978457601
8096,2023,Q4,36027,Dutchess County,upstate,Ridge — change from seasonal persistence,30093.0,32225.974880844537,-2132.9748808445365,2132.9748808445365
8096,2023,Q4,36029,Erie County,upstate,Ridge — change from seasonal persistence,92982.0,93305.06534854238,-323.0653485423827,323.0653485423827
8096,2023,Q4,36031,Essex County,upstate,Ridge — change from seasonal persistence,3704.0,5336.703329103223,-1632.703329103223,1632.703329103223
8096,2023,Q4,36033,Franklin County,upstate,Ridge — change from seasonal persistence,6161.0,10759.51857422669,-4598.518574226689,4598.518574226689
8096,2023,Q4,36035,Fulton County,upstate,Ridge — change from seasonal persistence,5392.0,7943.2926436117,-2551.2926436117004,2551.2926436117004
8096,2023,Q4,36037,Genesee County,upstate,Ridge — change from seasonal persistence,5911.0,5614.725654645353,296.27434535464727,296.27434535464727
8096,2023,Q4,36045,Jefferson County,upstate,Ridge — change from seasonal persistence,14266.0,13970.115672385431,295.884327614569,295.884327614569
8096,2023,Q4,36047,Kings County,nyc,Ridge — change from seasonal persistence,225963.0,213359.82544923268,12603.174550767319,12603.174550767319
8096,2023,Q4,36049,Lewis County,upstate,Ridge — change from seasonal persistence,2737.0,1927.5002219196074,809.4997780803926,809.4997780803926
8096,2023,Q4,36051,Livingston County,upstate,Ridge — change from seasonal persistence,3865.0,5871.8557514905115,-2006.8557514905115,2006.8557514905115
8096,2023,Q4,36053,Madison County,upstate,Ridge — change from seasonal persistence,8925.0,9510.248292448614,-585.2482924486139,585.2482924486139
8096,2023,Q4,36055,Monroe County,upstate,Ridge — change from seasonal persistence,75787.0,73460.4904156566,2326.5095843433955,2326.5095843433955
8096,2023,Q4,36057,Montgomery County,upstate,Ridge — change from seasonal persistence,11091.0,14557.58778691031,-3466.5877869103097,3466.5877869103097
8096,2023,Q4,36059,Nassau County,downstate_non_nyc,Ridge — change from seasonal persistence,123061.0,121037.25074603525,2023.74925396475,2023.74925396475
8096,2023,Q4,36061,New York County,nyc,Ridge — change from seasonal persistence,284241.0,260642.0008403083,23598.99915969171,23598.99915969171
8096,2023,Q4,36063,Niagara County,upstate,Ridge — change from seasonal persistence,9994.0,17630.86236089935,-7636.862360899351,7636.862360899351
8096,2023,Q4,36065,Oneida County,upstate,Ridge — change from seasonal persistence,13722.0,28346.531476489046,-14624.531476489046,14624.531476489046
8096,2023,Q4,36067,Onondaga County,upstate,Ridge — change from seasonal persistence,55443.0,53532.41725756218,1910.5827424378222,1910.5827424378222
8096,2023,Q4,36069,Ontario County,upstate,Ridge — change from seasonal persistence,16521.0,18236.587452650594,-1715.587452650594,1715.587452650594
8096,2023,Q4,36071,Orange County,upstate,Ridge — change from seasonal persistence,38846.0,40594.694287782666,-1748.694287782666,1748.694287782666
8096,2023,Q4,36075,Oswego County,upstate,Ridge — change from seasonal persistence,5986.0,7822.356508840408,-1836.3565088404084,1836.3565088404084
8096,2023,Q4,36077,Otsego County,upstate,Ridge — change from seasonal persistence,9055.0,12269.80984599171,-3214.809845991709,3214.809845991709
8096,2023,Q4,36079,Putnam County,upstate,Ridge — change from seasonal persistence,5298.0,7914.24340867626,-2616.2434086762596,2616.2434086762596
8096,2023,Q4,36081,Queens County,nyc,Ridge — change from seasonal persistence,168828.0,161509.59294493977,7318.407055060234,7318.407055060234
8096,2023,Q4,36083,Rensselaer County,upstate,Ridge — change from seasonal persistence,11004.0,13278.433556965034,-2274.433556965034,2274.433556965034
8096,2023,Q4,36085,Richmond County,nyc,Ridge — change from seasonal persistence,38183.0,40418.29165470673,-2235.291654706729,2235.291654706729
8096,2023,Q4,36087,Rockland County,downstate_non_nyc,Ridge — change from seasonal persistence,22865.0,24265.340681760896,-1400.3406817608957,1400.3406817608957
8096,2023,Q4,36089,St. Lawrence County,upstate,Ridge — change from seasonal persistence,13551.0,18626.658048523746,-5075.658048523746,5075.658048523746
8096,2023,Q4,36091,Saratoga County,upstate,Ridge — change from seasonal persistence,9559.0,12362.81697952911,-2803.8169795291105,2803.8169795291105
8096,2023,Q4,36093,Schenectady County,upstate,Ridge — change from seasonal persistence,11692.0,14946.959969885113,-3254.9599698851125,3254.9599698851125
8096,2023,Q4,36095,Schoharie County,upstate,Ridge — change from seasonal persistence,2906.0,5105.730749549325,-2199.730749549325,2199.730749549325
8096,2023,Q4,36097,Schuyler County,upstate,Ridge — change from seasonal persistence,2008.0,5715.533054279042,-3707.5330542790416,3707.5330542790416
8096,2023,Q4,36101,Steuben County,upstate,Ridge — change from seasonal persistence,12000.0,15549.727558170369,-3549.727558170369,3549.727558170369
8096,2023,Q4,36103,Suffolk County,downstate_non_nyc,Ridge — change from seasonal persistence,115562.0,117281.3142313127,-1719.3142313127028,1719.3142313127028
8096,2023,Q4,36105,Sullivan County,upstate,Ridge — change from seasonal persistence,7561.0,11718.015425892081,-4157.015425892081,4157.015425892081
8096,2023,Q4,36109,Tompkins County,upstate,Ridge — change from seasonal persistence,7830.0,12256.408937004278,-4426.408937004278,4426.408937004278
8096,2023,Q4,36111,Ulster County,upstate,Ridge — change from seasonal persistence,7748.0,13135.974465865831,-5387.974465865831,5387.974465865831
8096,2023,Q4,36113,Warren County,upstate,Ridge — change from seasonal persistence,10520.0,12313.823346180847,-1793.8233461808468,1793.8233461808468
8096,2023,Q4,36117,Wayne County,upstate,Ridge — change from seasonal persistence,5655.0,6014.8261914159175,-359.8261914159175,359.8261914159175
8096,2023,Q4,36119,Westchester County,downstate_non_nyc,Ridge — change from seasonal persistence,102031.0,99605.73702086943,2425.2629791305662,2425.2629791305662
8096,2023,Q4,36121,Wyoming County,upstate,Ridge — change from seasonal persistence,3557.0,3561.744759851106,-4.74475985110621,4.74475985110621
8096,2023,Q4,36123,Yates County,upstate,Ridge — change from seasonal persistence,2048.0,4440.519026774529,-2392.5190267745293,2392.5190267745293
8096,2023,Q4,36001,Albany County,upstate,Random Forest — level,40267.0,38665.752048692084,1601.247951307916,1601.247951307916
8096,2023,Q4,36003,Allegany County,upstate,Random Forest — level,6428.0,5752.5364625048405,675.4635374951595,675.4635374951595
8096,2023,Q4,36005,Bronx County,nyc,Random Forest — level,195893.0,179429.51509026164,16463.484909738356,16463.484909738356
8096,2023,Q4,36007,Broome County,upstate,Random Forest — level,25216.0,24905.64333537295,310.3566646270483,310.3566646270483
8096,2023,Q4,36009,Cattaraugus County,upstate,Random Forest — level,6817.0,6611.752020238772,205.24797976122773,205.24797976122773
8096,2023,Q4,36011,Cayuga County,upstate,Random Forest — level,6100.0,6326.967997735108,-226.96799773510793,226.96799773510793
8096,2023,Q4,36013,Chautauqua County,upstate,Random Forest — level,14560.0,14857.524355512402,-297.5243555124016,297.5243555124016
8096,2023,Q4,36015,Chemung County,upstate,Random Forest — level,8445.0,8258.128307077182,186.8716929228176,186.8716929228176
8096,2023,Q4,36017,Chenango County,upstate,Random Forest — level,4832.0,4320.357952380952,511.64204761904784,511.64204761904784
8096,2023,Q4,36019,Clinton County,upstate,Random Forest — level,9302.0,9371.47393762719,-69.47393762719003,69.47393762719003
8096,2023,Q4,36021,Columbia County,upstate,Random Forest — level,5148.0,5337.717844636845,-189.71784463684526,189.71784463684526
8096,2023,Q4,36023,Cortland County,upstate,Random Forest — level,6686.0,6508.319286520397,177.68071347960267,177.68071347960267
8096,2023,Q4,36025,Delaware County,upstate,Random Forest — level,4528.0,4347.898424459801,180.1015755401986,180.1015755401986
8096,2023,Q4,36027,Dutchess County,upstate,Random Forest — level,30093.0,29609.084998094255,483.91500190574516,483.91500190574516
8096,2023,Q4,36029,Erie County,upstate,Random Forest — level,92982.0,92441.65969237656,540.340307623439,540.340307623439
8096,2023,Q4,36031,Essex County,upstate,Random Forest — level,3704.0,4390.254879101288,-686.2548791012878,686.2548791012878
8096,2023,Q4,36033,Franklin County,upstate,Random Forest — level,6161.0,6495.232575897682,-334.2325758976822,334.2325758976822
8096,2023,Q4,36035,Fulton County,upstate,Random Forest — level,5392.0,5333.876390424391,58.12360957560941,58.12360957560941
8096,2023,Q4,36037,Genesee County,upstate,Random Forest — level,5911.0,6268.578144693541,-357.5781446935407,357.5781446935407
8096,2023,Q4,36045,Jefferson County,upstate,Random Forest — level,14266.0,14595.44005831205,-329.4400583120496,329.4400583120496
8096,2023,Q4,36047,Kings County,nyc,Random Forest — level,225963.0,212732.83106281684,13230.16893718316,13230.16893718316
8096,2023,Q4,36049,Lewis County,upstate,Random Forest — level,2737.0,2772.7909455266963,-35.790945526696305,35.790945526696305
8096,2023,Q4,36051,Livingston County,upstate,Random Forest — level,3865.0,3581.8592007464204,283.14079925357964,283.14079925357964
8096,2023,Q4,36053,Madison County,upstate,Random Forest — level,8925.0,8948.310674871427,-23.31067487142718,23.31067487142718
8096,2023,Q4,36055,Monroe County,upstate,Random Forest — level,75787.0,75625.30793265937,161.69206734062755,161.69206734062755
8096,2023,Q4,36057,Montgomery County,upstate,Random Forest — level,11091.0,10466.754339674208,624.2456603257924,624.2456603257924
8096,2023,Q4,36059,Nassau County,downstate_non_nyc,Random Forest — level,123061.0,120838.82039445743,2222.1796055425657,2222.1796055425657
8096,2023,Q4,36061,New York County,nyc,Random Forest — level,284241.0,263529.8900584723,20711.109941527713,20711.109941527713
8096,2023,Q4,36063,Niagara County,upstate,Random Forest — level,9994.0,11867.045977957234,-1873.0459779572338,1873.0459779572338
8096,2023,Q4,36065,Oneida County,upstate,Random Forest — level,13722.0,26119.58998119935,-12397.589981199351,12397.589981199351
8096,2023,Q4,36067,Onondaga County,upstate,Random Forest — level,55443.0,51864.92304023755,3578.076959762453,3578.076959762453
8096,2023,Q4,36069,Ontario County,upstate,Random Forest — level,16521.0,16422.27874310928,98.72125689071981,98.72125689071981
8096,2023,Q4,36071,Orange County,upstate,Random Forest — level,38846.0,36839.73476071154,2006.265239288463,2006.265239288463
8096,2023,Q4,36075,Oswego County,upstate,Random Forest — level,5986.0,6292.653541553763,-306.6535415537628,306.6535415537628
8096,2023,Q4,36077,Otsego County,upstate,Random Forest — level,9055.0,9105.630356199359,-50.630356199359085,50.630356199359085
8096,2023,Q4,36079,Putnam County,upstate,Random Forest — level,5298.0,5382.113228154471,-84.11322815447056,84.11322815447056
8096,2023,Q4,36081,Queens County,nyc,Random Forest — level,168828.0,161730.58092310454,7097.419076895458,7097.419076895458
8096,2023,Q4,36083,Rensselaer County,upstate,Random Forest — level,11004.0,11558.57278530048,-554.5727853004792,554.5727853004792
8096,2023,Q4,36085,Richmond County,nyc,Random Forest — level,38183.0,35467.11903872514,2715.880961274859,2715.880961274859
8096,2023,Q4,36087,Rockland County,downstate_non_nyc,Random Forest — level,22865.0,21935.924510378503,929.0754896214967,929.0754896214967
8096,2023,Q4,36089,St. Lawrence County,upstate,Random Forest — level,13551.0,13238.795748732746,312.2042512672542,312.2042512672542
8096,2023,Q4,36091,Saratoga County,upstate,Random Forest — level,9559.0,9799.586570119696,-240.58657011969626,240.58657011969626
8096,2023,Q4,36093,Schenectady County,upstate,Random Forest — level,11692.0,11364.88103351986,327.11896648014044,327.11896648014044
8096,2023,Q4,36095,Schoharie County,upstate,Random Forest — level,2906.0,2961.369092846968,-55.369092846968215,55.369092846968215
8096,2023,Q4,36097,Schuyler County,upstate,Random Forest — level,2008.0,2062.921116240242,-54.9211162402421,54.9211162402421
8096,2023,Q4,36101,Steuben County,upstate,Random Forest — level,12000.0,11284.557481203434,715.4425187965662,715.4425187965662
8096,2023,Q4,36103,Suffolk County,downstate_non_nyc,Random Forest — level,115562.0,115613.24689212174,-51.24689212173689,51.24689212173689
8096,2023,Q4,36105,Sullivan County,upstate,Random Forest — level,7561.0,8066.388050717805,-505.3880507178046,505.3880507178046
8096,2023,Q4,36109,Tompkins County,upstate,Random Forest — level,7830.0,8306.529450137825,-476.5294501378248,476.5294501378248
8096,2023,Q4,36111,Ulster County,upstate,Random Forest — level,7748.0,8123.471981333485,-375.471981333485,375.471981333485
8096,2023,Q4,36113,Warren County,upstate,Random Forest — level,10520.0,10688.071121457246,-168.07112145724568,168.07112145724568
8096,2023,Q4,36117,Wayne County,upstate,Random Forest — level,5655.0,5658.613342361587,-3.6133423615865468,3.6133423615865468
8096,2023,Q4,36119,Westchester County,downstate_non_nyc,Random Forest — level,102031.0,100059.74426908279,1971.2557309172116,1971.2557309172116
8096,2023,Q4,36121,Wyoming County,upstate,Random Forest — level,3557.0,3644.2360049574613,-87.23600495746132,87.23600495746132
8096,2023,Q4,36123,Yates County,upstate,Random Forest — level,2048.0,2156.996042369668,-108.99604236966798,108.99604236966798
8096,2023,Q4,36001,Albany County,upstate,Random Forest — change from seasonal persistence,40267.0,41781.775066915114,-1514.7750669151137,1514.7750669151137
8096,2023,Q4,36003,Allegany County,upstate,Random Forest — change from seasonal persistence,6428.0,4769.5659051985585,1658.4340948014415,1658.4340948014415
8096,2023,Q4,36005,Bronx County,nyc,Random Forest — change from seasonal persistence,195893.0,184402.49420367595,11490.505796324054,11490.505796324054
8096,2023,Q4,36007,Broome County,upstate,Random Forest — change from seasonal persistence,25216.0,25354.737160839162,-138.73716083916224,138.73716083916224
8096,2023,Q4,36009,Cattaraugus County,upstate,Random Forest — change from seasonal persistence,6817.0,6938.413448130573,-121.41344813057276,121.41344813057276
8096,2023,Q4,36011,Cayuga County,upstate,Random Forest — change from seasonal persistence,6100.0,6162.034737831613,-62.0347378316128,62.0347378316128
8096,2023,Q4,36013,Chautauqua County,upstate,Random Forest — change from seasonal persistence,14560.0,15757.59132610445,-1197.5913261044498,1197.5913261044498
8096,2023,Q4,36015,Chemung County,upstate,Random Forest — change from seasonal persistence,8445.0,8425.892303233803,19.107696766197478,19.107696766197478
8096,2023,Q4,36017,Chenango County,upstate,Random Forest — change from seasonal persistence,4832.0,4774.870662865729,57.12933713427083,57.12933713427083
8096,2023,Q4,36019,Clinton County,upstate,Random Forest — change from seasonal persistence,9302.0,8891.640082943744,410.35991705625565,410.35991705625565
8096,2023,Q4,36021,Columbia County,upstate,Random Forest — change from seasonal persistence,5148.0,5465.738626609502,-317.7386266095018,317.7386266095018
8096,2023,Q4,36023,Cortland County,upstate,Random Forest — change from seasonal persistence,6686.0,6762.499527777778,-76.49952777777798,76.49952777777798
8096,2023,Q4,36025,Delaware County,upstate,Random Forest — change from seasonal persistence,4528.0,4832.5497030793285,-304.54970307932854,304.54970307932854
8096,2023,Q4,36027,Dutchess County,upstate,Random Forest — change from seasonal persistence,30093.0,31245.855074161947,-1152.8550741619474,1152.8550741619474
8096,2023,Q4,36029,Erie County,upstate,Random Forest — change from seasonal persistence,92982.0,93472.94938904152,-490.94938904151786,490.94938904151786
8096,2023,Q4,36031,Essex County,upstate,Random Forest — change from seasonal persistence,3704.0,4304.4279891959895,-600.4279891959895,600.4279891959895
8096,2023,Q4,36033,Franklin County,upstate,Random Forest — change from seasonal persistence,6161.0,6964.354899429274,-803.3548994292742,803.3548994292742
8096,2023,Q4,36035,Fulton County,upstate,Random Forest — change from seasonal persistence,5392.0,5393.626849560971,-1.6268495609710953,1.6268495609710953
8096,2023,Q4,36037,Genesee County,upstate,Random Forest — change from seasonal persistence,5911.0,6542.823890976126,-631.8238909761258,631.8238909761258
8096,2023,Q4,36045,Jefferson County,upstate,Random Forest — change from seasonal persistence,14266.0,13662.116075644944,603.8839243550556,603.8839243550556
8096,2023,Q4,36047,Kings County,nyc,Random Forest — change from seasonal persistence,225963.0,232933.33079456873,-6970.330794568727,6970.330794568727
8096,2023,Q4,36049,Lewis County,upstate,Random Forest — change from seasonal persistence,2737.0,2924.5696009692924,-187.56960096929242,187.56960096929242
8096,2023,Q4,36051,Livingston County,upstate,Random Forest — change from seasonal persistence,3865.0,3776.2294152239374,88.7705847760626,88.7705847760626
8096,2023,Q4,36053,Madison County,upstate,Random Forest — change from seasonal persistence,8925.0,9474.34734305618,-549.3473430561808,549.3473430561808
8096,2023,Q4,36055,Monroe County,upstate,Random Forest — change from seasonal persistence,75787.0,77906.96081655218,-2119.9608165521786,2119.9608165521786
8096,2023,Q4,36057,Montgomery County,upstate,Random Forest — change from seasonal persistence,11091.0,12098.213474508608,-1007.2134745086078,1007.2134745086078
8096,2023,Q4,36059,Nassau County,downstate_non_nyc,Random Forest — change from seasonal persistence,123061.0,111410.62029113289,11650.379708867113,11650.379708867113
8096,2023,Q4,36061,New York County,nyc,Random Forest — change from seasonal persistence,284241.0,270294.1934983785,13946.806501621497,13946.806501621497
8096,2023,Q4,36063,Niagara County,upstate,Random Forest — change from seasonal persistence,9994.0,11156.797126965628,-1162.7971269656282,1162.7971269656282
8096,2023,Q4,36065,Oneida County,upstate,Random Forest — change from seasonal persistence,13722.0,27018.891705794205,-13296.891705794205,13296.891705794205
8096,2023,Q4,36067,Onondaga County,upstate,Random Forest — change from seasonal persistence,55443.0,53512.189324971325,1930.8106750286752,1930.8106750286752
8096,2023,Q4,36069,Ontario County,upstate,Random Forest — change from seasonal persistence,16521.0,17857.773191783977,-1336.7731917839774,1336.7731917839774
8096,2023,Q4,36071,Orange County,upstate,Random Forest — change from seasonal persistence,38846.0,39499.54348929828,-653.5434892982812,653.5434892982812
8096,2023,Q4,36075,Oswego County,upstate,Random Forest — change from seasonal persistence,5986.0,6393.134130722491,-407.13413072249114,407.13413072249114
8096,2023,Q4,36077,Otsego County,upstate,Random Forest — change from seasonal persistence,9055.0,8986.100863025318,68.89913697468182,68.89913697468182
8096,2023,Q4,36079,Putnam County,upstate,Random Forest — change from seasonal persistence,5298.0,5600.690388088763,-302.69038808876303,302.69038808876303
8096,2023,Q4,36081,Queens County,nyc,Random Forest — change from seasonal persistence,168828.0,171284.14184467384,-2456.141844673839,2456.141844673839
8096,2023,Q4,36083,Rensselaer County,upstate,Random Forest — change from seasonal persistence,11004.0,11965.753292018167,-961.7532920181675,961.7532920181675
8096,2023,Q4,36085,Richmond County,nyc,Random Forest — change from seasonal persistence,38183.0,25422.005986767857,12760.994013232143,12760.994013232143
8096,2023,Q4,36087,Rockland County,downstate_non_nyc,Random Forest — change from seasonal persistence,22865.0,23731.41662947036,-866.4166294703609,866.4166294703609
8096,2023,Q4,36089,St. Lawrence County,upstate,Random Forest — change from seasonal persistence,13551.0,14502.219437206311,-951.2194372063113,951.2194372063113
8096,2023,Q4,36091,Saratoga County,upstate,Random Forest — change from seasonal persistence,9559.0,9602.803798076107,-43.80379807610734,43.80379807610734
8096,2023,Q4,36093,Schenectady County,upstate,Random Forest — change from seasonal persistence,11692.0,11299.704370189995,392.29562981000527,392.29562981000527
8096,2023,Q4,36095,Schoharie County,upstate,Random Forest — change from seasonal persistence,2906.0,3338.935837627242,-432.9358376272421,432.9358376272421
8096,2023,Q4,36097,Schuyler County,upstate,Random Forest — change from seasonal persistence,2008.0,2122.4061154175347,-114.40611541753469,114.40611541753469
8096,2023,Q4,36101,Steuben County,upstate,Random Forest — change from seasonal persistence,12000.0,12145.77121028971,-145.77121028970942,145.77121028970942
8096,2023,Q4,36103,Suffolk County,downstate_non_nyc,Random Forest — change from seasonal persistence,115562.0,119701.72288055273,-4139.722880552727,4139.722880552727
8096,2023,Q4,36105,Sullivan County,upstate,Random Forest — change from seasonal persistence,7561.0,8196.111031023987,-635.1110310239874,635.1110310239874
8096,2023,Q4,36109,Tompkins County,upstate,Random Forest — change from seasonal persistence,7830.0,8760.926885575753,-930.9268855757527,930.9268855757527
8096,2023,Q4,36111,Ulster County,upstate,Random Forest — change from seasonal persistence,7748.0,6050.555524753025,1697.4444752469753,1697.4444752469753
8096,2023,Q4,36113,Warren County,upstate,Random Forest — change from seasonal persistence,10520.0,10909.294728112302,-389.2947281123015,389.2947281123015
8096,2023,Q4,36117,Wayne County,upstate,Random Forest — change from seasonal persistence,5655.0,5836.449132233507,-181.44913223350704,181.44913223350704
8096,2023,Q4,36119,Westchester County,downstate_non_nyc,Random Forest — change from seasonal persistence,102031.0,104724.0424460632,-2693.0424460632057,2693.0424460632057
8096,2023,Q4,36121,Wyoming County,upstate,Random Forest — change from seasonal persistence,3557.0,3819.7497270787208,-262.74972707872075,262.74972707872075
8096,2023,Q4,36123,Yates County,upstate,Random Forest — change from seasonal persistence,2048.0,2207.290149988227,-159.29014998822686,159.29014998822686
8096,2023,Q4,36001,Albany County,upstate,XGBoost — level,40267.0,36443.3515625,3823.6484375,3823.6484375
8096,2023,Q4,36003,Allegany County,upstate,XGBoost — level,6428.0,5620.92138671875,807.07861328125,807.07861328125
8096,2023,Q4,36005,Bronx County,nyc,XGBoost — level,195893.0,190444.15625,5448.84375,5448.84375
8096,2023,Q4,36007,Broome County,upstate,XGBoost — level,25216.0,26149.8203125,-933.8203125,933.8203125
8096,2023,Q4,36009,Cattaraugus County,upstate,XGBoost — level,6817.0,6822.97021484375,-5.97021484375,5.97021484375
8096,2023,Q4,36011,Cayuga County,upstate,XGBoost — level,6100.0,6557.919921875,-457.919921875,457.919921875
8096,2023,Q4,36013,Chautauqua County,upstate,XGBoost — level,14560.0,15390.5078125,-830.5078125,830.5078125
8096,2023,Q4,36015,Chemung County,upstate,XGBoost — level,8445.0,8570.3359375,-125.3359375,125.3359375
8096,2023,Q4,36017,Chenango County,upstate,XGBoost — level,4832.0,4585.2890625,246.7109375,246.7109375
8096,2023,Q4,36019,Clinton County,upstate,XGBoost — level,9302.0,9297.2646484375,4.7353515625,4.7353515625
8096,2023,Q4,36021,Columbia County,upstate,XGBoost — level,5148.0,4934.5556640625,213.4443359375,213.4443359375
8096,2023,Q4,36023,Cortland County,upstate,XGBoost — level,6686.0,6239.4443359375,446.5556640625,446.5556640625
8096,2023,Q4,36025,Delaware County,upstate,XGBoost — level,4528.0,4835.58935546875,-307.58935546875,307.58935546875
8096,2023,Q4,36027,Dutchess County,upstate,XGBoost — level,30093.0,29290.0859375,802.9140625,802.9140625
8096,2023,Q4,36029,Erie County,upstate,XGBoost — level,92982.0,93388.3125,-406.3125,406.3125
8096,2023,Q4,36031,Essex County,upstate,XGBoost — level,3704.0,4043.697998046875,-339.697998046875,339.697998046875
8096,2023,Q4,36033,Franklin County,upstate,XGBoost — level,6161.0,6818.65771484375,-657.65771484375,657.65771484375
8096,2023,Q4,36035,Fulton County,upstate,XGBoost — level,5392.0,5466.70361328125,-74.70361328125,74.70361328125
8096,2023,Q4,36037,Genesee County,upstate,XGBoost — level,5911.0,6605.3955078125,-694.3955078125,694.3955078125
8096,2023,Q4,36045,Jefferson County,upstate,XGBoost — level,14266.0,15361.91015625,-1095.91015625,1095.91015625
8096,2023,Q4,36047,Kings County,nyc,XGBoost — level,225963.0,216797.796875,9165.203125,9165.203125
8096,2023,Q4,36049,Lewis County,upstate,XGBoost — level,2737.0,2974.452392578125,-237.452392578125,237.452392578125
8096,2023,Q4,36051,Livingston County,upstate,XGBoost — level,3865.0,4225.85888671875,-360.85888671875,360.85888671875
8096,2023,Q4,36053,Madison County,upstate,XGBoost — level,8925.0,9117.5869140625,-192.5869140625,192.5869140625
8096,2023,Q4,36055,Monroe County,upstate,XGBoost — level,75787.0,75330.921875,456.078125,456.078125
8096,2023,Q4,36057,Montgomery County,upstate,XGBoost — level,11091.0,11585.96484375,-494.96484375,494.96484375
8096,2023,Q4,36059,Nassau County,downstate_non_nyc,XGBoost — level,123061.0,114607.1015625,8453.8984375,8453.8984375
8096,2023,Q4,36061,New York County,nyc,XGBoost — level,284241.0,271012.9375,13228.0625,13228.0625
8096,2023,Q4,36063,Niagara County,upstate,XGBoost — level,9994.0,11652.4013671875,-1658.4013671875,1658.4013671875
8096,2023,Q4,36065,Oneida County,upstate,XGBoost — level,13722.0,26399.115234375,-12677.115234375,12677.115234375
8096,2023,Q4,36067,Onondaga County,upstate,XGBoost — level,55443.0,52356.6015625,3086.3984375,3086.3984375
8096,2023,Q4,36069,Ontario County,upstate,XGBoost — level,16521.0,16712.748046875,-191.748046875,191.748046875
8096,2023,Q4,36071,Orange County,upstate,XGBoost — level,38846.0,37044.23828125,1801.76171875,1801.76171875
8096,2023,Q4,36075,Oswego County,upstate,XGBoost — level,5986.0,6671.009765625,-685.009765625,685.009765625
8096,2023,Q4,36077,Otsego County,upstate,XGBoost — level,9055.0,9162.1611328125,-107.1611328125,107.1611328125
8096,2023,Q4,36079,Putnam County,upstate,XGBoost — level,5298.0,4320.89697265625,977.10302734375,977.10302734375
8096,2023,Q4,36081,Queens County,nyc,XGBoost — level,168828.0,154617.359375,14210.640625,14210.640625
8096,2023,Q4,36083,Rensselaer County,upstate,XGBoost — level,11004.0,11650.1689453125,-646.1689453125,646.1689453125
8096,2023,Q4,36085,Richmond County,nyc,XGBoost — level,38183.0,37189.9609375,993.0390625,993.0390625
8096,2023,Q4,36087,Rockland County,downstate_non_nyc,XGBoost — level,22865.0,21039.939453125,1825.060546875,1825.060546875
8096,2023,Q4,36089,St. Lawrence County,upstate,XGBoost — level,13551.0,13548.4599609375,2.5400390625,2.5400390625
8096,2023,Q4,36091,Saratoga County,upstate,XGBoost — level,9559.0,9005.3955078125,553.6044921875,553.6044921875
8096,2023,Q4,36093,Schenectady County,upstate,XGBoost — level,11692.0,9707.6572265625,1984.3427734375,1984.3427734375
8096,2023,Q4,36095,Schoharie County,upstate,XGBoost — level,2906.0,3109.586181640625,-203.586181640625,203.586181640625
8096,2023,Q4,36097,Schuyler County,upstate,XGBoost — level,2008.0,2659.080078125,-651.080078125,651.080078125
8096,2023,Q4,36101,Steuben County,upstate,XGBoost — level,12000.0,11897.298828125,102.701171875,102.701171875
8096,2023,Q4,36103,Suffolk County,downstate_non_nyc,XGBoost — level,115562.0,114702.6875,859.3125,859.3125
8096,2023,Q4,36105,Sullivan County,upstate,XGBoost — level,7561.0,7726.89013671875,-165.89013671875,165.89013671875
8096,2023,Q4,36109,Tompkins County,upstate,XGBoost — level,7830.0,8555.0859375,-725.0859375,725.0859375
8096,2023,Q4,36111,Ulster County,upstate,XGBoost — level,7748.0,6538.05908203125,1209.94091796875,1209.94091796875
8096,2023,Q4,36113,Warren County,upstate,XGBoost — level,10520.0,10698.5380859375,-178.5380859375,178.5380859375
8096,2023,Q4,36117,Wayne County,upstate,XGBoost — level,5655.0,5705.97314453125,-50.97314453125,50.97314453125
8096,2023,Q4,36119,Westchester County,downstate_non_nyc,XGBoost — level,102031.0,96016.5078125,6014.4921875,6014.4921875
8096,2023,Q4,36121,Wyoming County,upstate,XGBoost — level,3557.0,3776.145751953125,-219.145751953125,219.145751953125
8096,2023,Q4,36123,Yates County,upstate,XGBoost — level,2048.0,2795.8291015625,-747.8291015625,747.8291015625
8096,2023,Q4,36001,Albany County,upstate,XGBoost — change from seasonal persistence,40267.0,37989.364013671875,2277.635986328125,2277.635986328125
8096,2023,Q4,36003,Allegany County,upstate,XGBoost — change from seasonal persistence,6428.0,4503.186828613281,1924.8131713867188,1924.8131713867188
8096,2023,Q4,36005,Bronx County,nyc,XGBoost — change from seasonal persistence,195893.0,196724.28100585938,-831.281005859375,831.281005859375
8096,2023,Q4,36007,Broome County,upstate,XGBoost — change from seasonal persistence,25216.0,24945.658935546875,270.341064453125,270.341064453125
8096,2023,Q4,36009,Cattaraugus County,upstate,XGBoost — change from seasonal persistence,6817.0,7002.732025146484,-185.73202514648438,185.73202514648438
8096,2023,Q4,36011,Cayuga County,upstate,XGBoost — change from seasonal persistence,6100.0,5982.563472747803,117.43652725219727,117.43652725219727
8096,2023,Q4,36013,Chautauqua County,upstate,XGBoost — change from seasonal persistence,14560.0,15369.374084472656,-809.3740844726562,809.3740844726562
8096,2023,Q4,36015,Chemung County,upstate,XGBoost — change from seasonal persistence,8445.0,8987.127624511719,-542.1276245117188,542.1276245117188
8096,2023,Q4,36017,Chenango County,upstate,XGBoost — change from seasonal persistence,4832.0,4712.996643066406,119.00335693359375,119.00335693359375
8096,2023,Q4,36019,Clinton County,upstate,XGBoost — change from seasonal persistence,9302.0,8823.296936035156,478.70306396484375,478.70306396484375
8096,2023,Q4,36021,Columbia County,upstate,XGBoost — change from seasonal persistence,5148.0,5651.969299316406,-503.96929931640625,503.96929931640625
8096,2023,Q4,36023,Cortland County,upstate,XGBoost — change from seasonal persistence,6686.0,6150.3638916015625,535.6361083984375,535.6361083984375
8096,2023,Q4,36025,Delaware County,upstate,XGBoost — change from seasonal persistence,4528.0,4772.982391357422,-244.98239135742188,244.98239135742188
8096,2023,Q4,36027,Dutchess County,upstate,XGBoost — change from seasonal persistence,30093.0,30643.095916748047,-550.0959167480469,550.0959167480469
8096,2023,Q4,36029,Erie County,upstate,XGBoost — change from seasonal persistence,92982.0,91656.98950195312,1325.010498046875,1325.010498046875
8096,2023,Q4,36031,Essex County,upstate,XGBoost — change from seasonal persistence,3704.0,4455.396301269531,-751.3963012695312,751.3963012695312
8096,2023,Q4,36033,Franklin County,upstate,XGBoost — change from seasonal persistence,6161.0,6944.685607910156,-783.6856079101562,783.6856079101562
8096,2023,Q4,36035,Fulton County,upstate,XGBoost — change from seasonal persistence,5392.0,5687.3392333984375,-295.3392333984375,295.3392333984375
8096,2023,Q4,36037,Genesee County,upstate,XGBoost — change from seasonal persistence,5911.0,6451.8265380859375,-540.8265380859375,540.8265380859375
8096,2023,Q4,36045,Jefferson County,upstate,XGBoost — change from seasonal persistence,14266.0,13780.3955078125,485.6044921875,485.6044921875
8096,2023,Q4,36047,Kings County,nyc,XGBoost — change from seasonal persistence,225963.0,235791.126953125,-9828.126953125,9828.126953125
8096,2023,Q4,36049,Lewis County,upstate,XGBoost — change from seasonal persistence,2737.0,3229.5353088378906,-492.5353088378906,492.5353088378906
8096,2023,Q4,36051,Livingston County,upstate,XGBoost — change from seasonal persistence,3865.0,3778.42431640625,86.57568359375,86.57568359375
8096,2023,Q4,36053,Madison County,upstate,XGBoost — change from seasonal persistence,8925.0,9555.542236328125,-630.542236328125,630.542236328125
8096,2023,Q4,36055,Monroe County,upstate,XGBoost — change from seasonal persistence,75787.0,74222.99737548828,1564.0026245117188,1564.0026245117188
8096,2023,Q4,36057,Montgomery County,upstate,XGBoost — change from seasonal persistence,11091.0,12799.800537109375,-1708.800537109375,1708.800537109375
8096,2023,Q4,36059,Nassau County,downstate_non_nyc,XGBoost — change from seasonal persistence,123061.0,120118.85766601562,2942.142333984375,2942.142333984375
8096,2023,Q4,36061,New York County,nyc,XGBoost — change from seasonal persistence,284241.0,274059.9680175781,10181.031982421875,10181.031982421875
8096,2023,Q4,36063,Niagara County,upstate,XGBoost — change from seasonal persistence,9994.0,11504.163208007812,-1510.1632080078125,1510.1632080078125
8096,2023,Q4,36065,Oneida County,upstate,XGBoost — change from seasonal persistence,13722.0,26704.53660583496,-12982.536605834961,12982.536605834961
8096,2023,Q4,36067,Onondaga County,upstate,XGBoost — change from seasonal persistence,55443.0,53223.863037109375,2219.136962890625,2219.136962890625
8096,2023,Q4,36069,Ontario County,upstate,XGBoost — change from seasonal persistence,16521.0,17219.767456054688,-698.7674560546875,698.7674560546875
8096,2023,Q4,36071,Orange County,upstate,XGBoost — change from seasonal persistence,38846.0,40092.70001220703,-1246.7000122070312,1246.7000122070312
8096,2023,Q4,36075,Oswego County,upstate,XGBoost — change from seasonal persistence,5986.0,6209.808853149414,-223.80885314941406,223.80885314941406
8096,2023,Q4,36077,Otsego County,upstate,XGBoost — change from seasonal persistence,9055.0,8966.121536254883,88.87846374511719,88.87846374511719
8096,2023,Q4,36079,Putnam County,upstate,XGBoost — change from seasonal persistence,5298.0,4768.2127685546875,529.7872314453125,529.7872314453125
8096,2023,Q4,36081,Queens County,nyc,XGBoost — change from seasonal persistence,168828.0,174494.3017578125,-5666.3017578125,5666.3017578125
8096,2023,Q4,36083,Rensselaer County,upstate,XGBoost — change from seasonal persistence,11004.0,12110.248779296875,-1106.248779296875,1106.248779296875
8096,2023,Q4,36085,Richmond County,nyc,XGBoost — change from seasonal persistence,38183.0,31990.466796875,6192.533203125,6192.533203125
8096,2023,Q4,36087,Rockland County,downstate_non_nyc,XGBoost — change from seasonal persistence,22865.0,22662.009796142578,202.99020385742188,202.99020385742188
8096,2023,Q4,36089,St. Lawrence County,upstate,XGBoost — change from seasonal persistence,13551.0,14184.3671875,-633.3671875,633.3671875
8096,2023,Q4,36091,Saratoga County,upstate,XGBoost — change from seasonal persistence,9559.0,9384.235473632812,174.7645263671875,174.7645263671875
8096,2023,Q4,36093,Schenectady County,upstate,XGBoost — change from seasonal persistence,11692.0,10813.3779296875,878.6220703125,878.6220703125
8096,2023,Q4,36095,Schoharie County,upstate,XGBoost — change from seasonal persistence,2906.0,3332.8958435058594,-426.8958435058594,426.8958435058594
8096,2023,Q4,36097,Schuyler County,upstate,XGBoost — change from seasonal persistence,2008.0,2629.3446044921875,-621.3446044921875,621.3446044921875
8096,2023,Q4,36101,Steuben County,upstate,XGBoost — change from seasonal persistence,12000.0,12420.452117919922,-420.4521179199219,420.4521179199219
8096,2023,Q4,36103,Suffolk County,downstate_non_nyc,XGBoost — change from seasonal persistence,115562.0,122507.873046875,-6945.873046875,6945.873046875
8096,2023,Q4,36105,Sullivan County,upstate,XGBoost — change from seasonal persistence,7561.0,8843.536865234375,-1282.536865234375,1282.536865234375
8096,2023,Q4,36109,Tompkins County,upstate,XGBoost — change from seasonal persistence,7830.0,8605.573745727539,-775.5737457275391,775.5737457275391
8096,2023,Q4,36111,Ulster County,upstate,XGBoost — change from seasonal persistence,7748.0,5515.053863525391,2232.9461364746094,2232.9461364746094
8096,2023,Q4,36113,Warren County,upstate,XGBoost — change from seasonal persistence,10520.0,11082.41259765625,-562.41259765625,562.41259765625
8096,2023,Q4,36117,Wayne County,upstate,XGBoost — change from seasonal persistence,5655.0,5781.766845703125,-126.766845703125,126.766845703125
8096,2023,Q4,36119,Westchester County,downstate_non_nyc,XGBoost — change from seasonal persistence,102031.0,103329.5791015625,-1298.5791015625,1298.5791015625
8096,2023,Q4,36121,Wyoming County,upstate,XGBoost — change from seasonal persistence,3557.0,3800.993583679199,-243.99358367919922,243.99358367919922
8096,2023,Q4,36123,Yates County,upstate,XGBoost — change from seasonal persistence,2048.0,2495.851348876953,-447.8513488769531,447.8513488769531
